mixed 1
# scaled by 41/40 from lc_m8B_r4.txt
8 1
1000
100000000
23744
550 3750 44558
550 4250 44558
3750 550 44558
3750 7450 44558
4250 550 44558
4250 7450 44558
7450 3750 44558
7450 4250 44558
600 3800 2
600 4200 2
3800 600 2
3800 7400 2
4200 600 2
4200 7400 2
7400 3800 2
7400 4200 2
650 3150 58179
650 4850 58179
3150 650 58179
3150 7350 58179
4850 650 58179
4850 7350 58179
7350 3150 58179
7350 4850 58179
650 3700 47568
650 4300 47568
3700 650 47568
3700 7350 47568
4300 650 47568
4300 7350 47568
7350 3700 47568
7350 4300 47568
650 3750 18226
650 4250 18226
3750 650 18226
3750 7350 18226
4250 650 18226
4250 7350 18226
7350 3750 18226
7350 4250 18226
700 2350 2
700 5650 2
2350 700 2
2350 7300 2
5650 700 2
5650 7300 2
7300 2350 2
7300 5650 2
700 2700 16071
700 5300 16071
2700 700 16071
2700 7300 16071
5300 700 16071
5300 7300 16071
7300 2700 16071
7300 5300 16071
700 2750 16646
700 5250 16646
2750 700 16646
2750 7300 16646
5250 700 16646
5250 7300 16646
7300 2750 16646
7300 5250 16646
700 3250 157629
700 4750 157629
3250 700 157629
3250 7300 157629
4750 700 157629
4750 7300 157629
7300 3250 157629
7300 4750 157629
700 3700 163442
700 4300 163442
3700 700 163442
3700 7300 163442
4300 700 163442
4300 7300 163442
7300 3700 163442
7300 4300 163442
700 3750 2
700 4250 2
3750 700 2
3750 7300 2
4250 700 2
4250 7300 2
7300 3750 2
7300 4250 2
700 3900 21135
700 4100 21135
3900 700 21135
3900 7300 21135
4100 700 21135
4100 7300 21135
7300 3900 21135
7300 4100 21135
750 2300 216229
750 5700 216229
2300 750 216229
2300 7250 216229
5700 750 216229
5700 7250 216229
7250 2300 216229
7250 5700 216229
750 2650 23424
750 5350 23424
2650 750 23424
2650 7250 23424
5350 750 23424
5350 7250 23424
7250 2650 23424
7250 5350 23424
750 3200 8099
750 4800 8099
3200 750 8099
3200 7250 8099
4800 750 8099
4800 7250 8099
7250 3200 8099
7250 4800 8099
750 3300 141025
750 4700 141025
3300 750 141025
3300 7250 141025
4700 750 141025
4700 7250 141025
7250 3300 141025
7250 4700 141025
750 3350 3996
750 4650 3996
3350 750 3996
3350 7250 3996
4650 750 3996
4650 7250 3996
7250 3350 3996
7250 4650 3996
750 3650 129681
750 4350 129681
3650 750 129681
3650 7250 129681
4350 750 129681
4350 7250 129681
7250 3650 129681
7250 4350 129681
800 1600 14929
800 6400 14929
1600 800 14929
1600 7200 14929
6400 800 14929
6400 7200 14929
7200 1600 14929
7200 6400 14929
800 1650 2
800 6350 2
1650 800 2
1650 7200 2
6350 800 2
6350 7200 2
7200 1650 2
7200 6350 2
800 2300 62070
800 5700 62070
2300 800 62070
2300 7200 62070
5700 800 62070
5700 7200 62070
7200 2300 62070
7200 5700 62070
800 2350 43807
800 5650 43807
2350 800 43807
2350 7200 43807
5650 800 43807
5650 7200 43807
7200 2350 43807
7200 5650 43807
800 2400 195001
800 5600 195001
2400 800 195001
2400 7200 195001
5600 800 195001
5600 7200 195001
7200 2400 195001
7200 5600 195001
800 2450 42370
800 5550 42370
2450 800 42370
2450 7200 42370
5550 800 42370
5550 7200 42370
7200 2450 42370
7200 5550 42370
800 2550 2315
800 5450 2315
2550 800 2315
2550 7200 2315
5450 800 2315
5450 7200 2315
7200 2550 2315
7200 5450 2315
800 2600 235637
800 5400 235637
2600 800 235637
2600 7200 235637
5400 800 235637
5400 7200 235637
7200 2600 235637
7200 5400 235637
800 2650 2
800 5350 2
2650 800 2
2650 7200 2
5350 800 2
5350 7200 2
7200 2650 2
7200 5350 2
800 3200 154358
800 4800 154358
3200 800 154358
3200 7200 154358
4800 800 154358
4800 7200 154358
7200 3200 154358
7200 4800 154358
800 3300 143944
800 4700 143944
3300 800 143944
3300 7200 143944
4700 800 143944
4700 7200 143944
7200 3300 143944
7200 4700 143944
800 3350 39896
800 4650 39896
3350 800 39896
3350 7200 39896
4650 800 39896
4650 7200 39896
7200 3350 39896
7200 4650 39896
800 3400 2
800 4600 2
3400 800 2
3400 7200 2
4600 800 2
4600 7200 2
7200 3400 2
7200 4600 2
800 3550 58727
800 4450 58727
3550 800 58727
3550 7200 58727
4450 800 58727
4450 7200 58727
7200 3550 58727
7200 4450 58727
800 3600 44441
800 4400 44441
3600 800 44441
3600 7200 44441
4400 800 44441
4400 7200 44441
7200 3600 44441
7200 4400 44441
800 3650 140401
800 4350 140401
3650 800 140401
3650 7200 140401
4350 800 140401
4350 7200 140401
7200 3650 140401
7200 4350 140401
800 3700 63681
800 4300 63681
3700 800 63681
3700 7200 63681
4300 800 63681
4300 7200 63681
7200 3700 63681
7200 4300 63681
850 1550 96268
850 6450 96268
1550 850 96268
1550 7150 96268
6450 850 96268
6450 7150 96268
7150 1550 96268
7150 6450 96268
850 1600 15332
850 6400 15332
1600 850 15332
1600 7150 15332
6400 850 15332
6400 7150 15332
7150 1600 15332
7150 6400 15332
850 1650 2
850 6350 2
1650 850 2
1650 7150 2
6350 850 2
6350 7150 2
7150 1650 2
7150 6350 2
850 2250 197569
850 5750 197569
2250 850 197569
2250 7150 197569
5750 850 197569
5750 7150 197569
7150 2250 197569
7150 5750 197569
850 2300 12768
850 5700 12768
2300 850 12768
2300 7150 12768
5700 850 12768
5700 7150 12768
7150 2300 12768
7150 5700 12768
850 2350 2
850 5650 2
2350 850 2
2350 7150 2
5650 850 2
5650 7150 2
7150 2350 2
7150 5650 2
850 2400 24604
850 5600 24604
2400 850 24604
2400 7150 24604
5600 850 24604
5600 7150 24604
7150 2400 24604
7150 5600 24604
850 2450 2
850 5550 2
2450 850 2
2450 7150 2
5550 850 2
5550 7150 2
7150 2450 2
7150 5550 2
850 2500 2
850 5500 2
2500 850 2
2500 7150 2
5500 850 2
5500 7150 2
7150 2500 2
7150 5500 2
850 2600 18580
850 5400 18580
2600 850 18580
2600 7150 18580
5400 850 18580
5400 7150 18580
7150 2600 18580
7150 5400 18580
850 2650 2
850 5350 2
2650 850 2
2650 7150 2
5350 850 2
5350 7150 2
7150 2650 2
7150 5350 2
850 2700 2
850 5300 2
2700 850 2
2700 7150 2
5300 850 2
5300 7150 2
7150 2700 2
7150 5300 2
850 2750 166571
850 5250 166571
2750 850 166571
2750 7150 166571
5250 850 166571
5250 7150 166571
7150 2750 166571
7150 5250 166571
850 3300 73866
850 4700 73866
3300 850 73866
3300 7150 73866
4700 850 73866
4700 7150 73866
7150 3300 73866
7150 4700 73866
850 3350 6890
850 4650 6890
3350 850 6890
3350 7150 6890
4650 850 6890
4650 7150 6890
7150 3350 6890
7150 4650 6890
850 3450 79710
850 4550 79710
3450 850 79710
3450 7150 79710
4550 850 79710
4550 7150 79710
7150 3450 79710
7150 4550 79710
850 3500 5055
850 4500 5055
3500 850 5055
3500 7150 5055
4500 850 5055
4500 7150 5055
7150 3500 5055
7150 4500 5055
850 3550 22835
850 4450 22835
3550 850 22835
3550 7150 22835
4450 850 22835
4450 7150 22835
7150 3550 22835
7150 4450 22835
850 3600 238556
850 4400 238556
3600 850 238556
3600 7150 238556
4400 850 238556
4400 7150 238556
7150 3600 238556
7150 4400 238556
850 3650 96984
850 4350 96984
3650 850 96984
3650 7150 96984
4350 850 96984
4350 7150 96984
7150 3650 96984
7150 4350 96984
850 3700 2
850 4300 2
3700 850 2
3700 7150 2
4300 850 2
4300 7150 2
7150 3700 2
7150 4300 2
850 3750 2
850 4250 2
3750 850 2
3750 7150 2
4250 850 2
4250 7150 2
7150 3750 2
7150 4250 2
900 1400 178027
900 6600 178027
1400 900 178027
1400 7100 178027
6600 900 178027
6600 7100 178027
7100 1400 178027
7100 6600 178027
900 1450 75751
900 6550 75751
1450 900 75751
1450 7100 75751
6550 900 75751
6550 7100 75751
7100 1450 75751
7100 6550 75751
900 1600 47154
900 6400 47154
1600 900 47154
1600 7100 47154
6400 900 47154
6400 7100 47154
7100 1600 47154
7100 6400 47154
900 1650 219662
900 6350 219662
1650 900 219662
1650 7100 219662
6350 900 219662
6350 7100 219662
7100 1650 219662
7100 6350 219662
900 1700 201479
900 6300 201479
1700 900 201479
1700 7100 201479
6300 900 201479
6300 7100 201479
7100 1700 201479
7100 6300 201479
900 1750 2
900 6250 2
1750 900 2
1750 7100 2
6250 900 2
6250 7100 2
7100 1750 2
7100 6250 2
900 2500 6061
900 5500 6061
2500 900 6061
2500 7100 6061
5500 900 6061
5500 7100 6061
7100 2500 6061
7100 5500 6061
900 2550 106236
900 5450 106236
2550 900 106236
2550 7100 106236
5450 900 106236
5450 7100 106236
7100 2550 106236
7100 5450 106236
900 2600 139318
900 5400 139318
2600 900 139318
2600 7100 139318
5400 900 139318
5400 7100 139318
7100 2600 139318
7100 5400 139318
900 2650 5834
900 5350 5834
2650 900 5834
2650 7100 5834
5350 900 5834
5350 7100 5834
7100 2650 5834
7100 5350 5834
900 2700 122731
900 5300 122731
2700 900 122731
2700 7100 122731
5300 900 122731
5300 7100 122731
7100 2700 122731
7100 5300 122731
900 2750 121880
900 5250 121880
2750 900 121880
2750 7100 121880
5250 900 121880
5250 7100 121880
7100 2750 121880
7100 5250 121880
900 3250 49340
900 4750 49340
3250 900 49340
3250 7100 49340
4750 900 49340
4750 7100 49340
7100 3250 49340
7100 4750 49340
900 3300 78066
900 4700 78066
3300 900 78066
3300 7100 78066
4700 900 78066
4700 7100 78066
7100 3300 78066
7100 4700 78066
900 3350 78668
900 4650 78668
3350 900 78668
3350 7100 78668
4650 900 78668
4650 7100 78668
7100 3350 78668
7100 4650 78668
900 3400 22532
900 4600 22532
3400 900 22532
3400 7100 22532
4600 900 22532
4600 7100 22532
7100 3400 22532
7100 4600 22532
900 3450 206499
900 4550 206499
3450 900 206499
3450 7100 206499
4550 900 206499
4550 7100 206499
7100 3450 206499
7100 4550 206499
900 3500 122860
900 4500 122860
3500 900 122860
3500 7100 122860
4500 900 122860
4500 7100 122860
7100 3500 122860
7100 4500 122860
900 3550 189906
900 4450 189906
3550 900 189906
3550 7100 189906
4450 900 189906
4450 7100 189906
7100 3550 189906
7100 4450 189906
900 3650 59867
900 4350 59867
3650 900 59867
3650 7100 59867
4350 900 59867
4350 7100 59867
7100 3650 59867
7100 4350 59867
900 3750 24423
900 4250 24423
3750 900 24423
3750 7100 24423
4250 900 24423
4250 7100 24423
7100 3750 24423
7100 4250 24423
900 3800 29336
900 4200 29336
3800 900 29336
3800 7100 29336
4200 900 29336
4200 7100 29336
7100 3800 29336
7100 4200 29336
950 1350 10976
950 6650 10976
1350 950 10976
1350 7050 10976
6650 950 10976
6650 7050 10976
7050 1350 10976
7050 6650 10976
950 1400 2
950 6600 2
1400 950 2
1400 7050 2
6600 950 2
6600 7050 2
7050 1400 2
7050 6600 2
950 1450 2
950 6550 2
1450 950 2
1450 7050 2
6550 950 2
6550 7050 2
7050 1450 2
7050 6550 2
950 1550 7308
950 6450 7308
1550 950 7308
1550 7050 7308
6450 950 7308
6450 7050 7308
7050 1550 7308
7050 6450 7308
950 1600 138199
950 6400 138199
1600 950 138199
1600 7050 138199
6400 950 138199
6400 7050 138199
7050 1600 138199
7050 6400 138199
950 1650 2
950 6350 2
1650 950 2
1650 7050 2
6350 950 2
6350 7050 2
7050 1650 2
7050 6350 2
950 1700 139070
950 6300 139070
1700 950 139070
1700 7050 139070
6300 950 139070
6300 7050 139070
7050 1700 139070
7050 6300 139070
950 1750 141081
950 6250 141081
1750 950 141081
1750 7050 141081
6250 950 141081
6250 7050 141081
7050 1750 141081
7050 6250 141081
950 1850 44310
950 6150 44310
1850 950 44310
1850 7050 44310
6150 950 44310
6150 7050 44310
7050 1850 44310
7050 6150 44310
950 2150 55566
950 5850 55566
2150 950 55566
2150 7050 55566
5850 950 55566
5850 7050 55566
7050 2150 55566
7050 5850 55566
950 2200 26088
950 5800 26088
2200 950 26088
2200 7050 26088
5800 950 26088
5800 7050 26088
7050 2200 26088
7050 5800 26088
950 2250 94069
950 5750 94069
2250 950 94069
2250 7050 94069
5750 950 94069
5750 7050 94069
7050 2250 94069
7050 5750 94069
950 2350 2
950 5650 2
2350 950 2
2350 7050 2
5650 950 2
5650 7050 2
7050 2350 2
7050 5650 2
950 2400 163327
950 5600 163327
2400 950 163327
2400 7050 163327
5600 950 163327
5600 7050 163327
7050 2400 163327
7050 5600 163327
950 2450 230283
950 5550 230283
2450 950 230283
2450 7050 230283
5550 950 230283
5550 7050 230283
7050 2450 230283
7050 5550 230283
950 2500 167669
950 5500 167669
2500 950 167669
2500 7050 167669
5500 950 167669
5500 7050 167669
7050 2500 167669
7050 5500 167669
950 2550 69162
950 5450 69162
2550 950 69162
2550 7050 69162
5450 950 69162
5450 7050 69162
7050 2550 69162
7050 5450 69162
950 2600 30051
950 5400 30051
2600 950 30051
2600 7050 30051
5400 950 30051
5400 7050 30051
7050 2600 30051
7050 5400 30051
950 2650 119651
950 5350 119651
2650 950 119651
2650 7050 119651
5350 950 119651
5350 7050 119651
7050 2650 119651
7050 5350 119651
950 2700 62046
950 5300 62046
2700 950 62046
2700 7050 62046
5300 950 62046
5300 7050 62046
7050 2700 62046
7050 5300 62046
950 2850 539
950 5150 539
2850 950 539
2850 7050 539
5150 950 539
5150 7050 539
7050 2850 539
7050 5150 539
950 3150 86683
950 4850 86683
3150 950 86683
3150 7050 86683
4850 950 86683
4850 7050 86683
7050 3150 86683
7050 4850 86683
950 3200 15580
950 4800 15580
3200 950 15580
3200 7050 15580
4800 950 15580
4800 7050 15580
7050 3200 15580
7050 4800 15580
950 3250 69809
950 4750 69809
3250 950 69809
3250 7050 69809
4750 950 69809
4750 7050 69809
7050 3250 69809
7050 4750 69809
950 3300 2
950 4700 2
3300 950 2
3300 7050 2
4700 950 2
4700 7050 2
7050 3300 2
7050 4700 2
950 3350 186887
950 4650 186887
3350 950 186887
3350 7050 186887
4650 950 186887
4650 7050 186887
7050 3350 186887
7050 4650 186887
950 3500 2
950 4500 2
3500 950 2
3500 7050 2
4500 950 2
4500 7050 2
7050 3500 2
7050 4500 2
950 3550 12868
950 4450 12868
3550 950 12868
3550 7050 12868
4450 950 12868
4450 7050 12868
7050 3550 12868
7050 4450 12868
950 3600 41893
950 4400 41893
3600 950 41893
3600 7050 41893
4400 950 41893
4400 7050 41893
7050 3600 41893
7050 4400 41893
950 3650 32783
950 4350 32783
3650 950 32783
3650 7050 32783
4350 950 32783
4350 7050 32783
7050 3650 32783
7050 4350 32783
950 3700 154631
950 4300 154631
3700 950 154631
3700 7050 154631
4300 950 154631
4300 7050 154631
7050 3700 154631
7050 4300 154631
950 3750 109535
950 4250 109535
3750 950 109535
3750 7050 109535
4250 950 109535
4250 7050 109535
7050 3750 109535
7050 4250 109535
950 3800 81437
950 4200 81437
3800 950 81437
3800 7050 81437
4200 950 81437
4200 7050 81437
7050 3800 81437
7050 4200 81437
950 3950 18394
950 4050 18394
3950 950 18394
3950 7050 18394
4050 950 18394
4050 7050 18394
7050 3950 18394
7050 4050 18394
1100 2450 44239
1100 5550 44239
2450 1100 44239
2450 6900 44239
5550 1100 44239
5550 6900 44239
6900 2450 44239
6900 5550 44239
1100 3450 100955
1100 4550 100955
3450 1100 100955
3450 6900 100955
4550 1100 100955
4550 6900 100955
6900 3450 100955
6900 4550 100955
1100 3500 5024
1100 4500 5024
3500 1100 5024
3500 6900 5024
4500 1100 5024
4500 6900 5024
6900 3500 5024
6900 4500 5024
1200 1600 96930
1200 6400 96930
1600 1200 96930
1600 6800 96930
6400 1200 96930
6400 6800 96930
6800 1600 96930
6800 6400 96930
1250 1650 6912
1250 6350 6912
1650 1250 6912
1650 6750 6912
6350 1250 6912
6350 6750 6912
6750 1650 6912
6750 6350 6912
1300 1700 52502
1300 6300 52502
1700 1300 52502
1700 6700 52502
6300 1300 52502
6300 6700 52502
6700 1700 52502
6700 6300 52502
1300 3300 58375
1300 4700 58375
3300 1300 58375
3300 6700 58375
4700 1300 58375
4700 6700 58375
6700 3300 58375
6700 4700 58375
1350 1700 113872
1350 6300 113872
1700 1350 113872
1700 6650 113872
6300 1350 113872
6300 6650 113872
6650 1700 113872
6650 6300 113872
1350 1750 2
1350 6250 2
1750 1350 2
1750 6650 2
6250 1350 2
6250 6650 2
6650 1750 2
6650 6250 2
1400 1800 2
1400 6200 2
1800 1400 2
1800 6600 2
6200 1400 2
6200 6600 2
6600 1800 2
6600 6200 2
1400 3050 184533
1400 4950 184533
3050 1400 184533
3050 6600 184533
4950 1400 184533
4950 6600 184533
6600 3050 184533
6600 4950 184533
1400 3950 219380
1400 4050 219380
3950 1400 219380
3950 6600 219380
4050 1400 219380
4050 6600 219380
6600 3950 219380
6600 4050 219380
1450 1800 8257
1450 6200 8257
1800 1450 8257
1800 6550 8257
6200 1450 8257
6200 6550 8257
6550 1800 8257
6550 6200 8257
1450 1850 26313
1450 6150 26313
1850 1450 26313
1850 6550 26313
6150 1450 26313
6150 6550 26313
6550 1850 26313
6550 6150 26313
1450 1900 30093
1450 6100 30093
1900 1450 30093
1900 6550 30093
6100 1450 30093
6100 6550 30093
6550 1900 30093
6550 6100 30093
1450 1950 13848
1450 6050 13848
1950 1450 13848
1950 6550 13848
6050 1450 13848
6050 6550 13848
6550 1950 13848
6550 6050 13848
1450 2800 2
1450 5200 2
2800 1450 2
2800 6550 2
5200 1450 2
5200 6550 2
6550 2800 2
6550 5200 2
1450 3500 2
1450 4500 2
3500 1450 2
3500 6550 2
4500 1450 2
4500 6550 2
6550 3500 2
6550 4500 2
1450 3550 74622
1450 4450 74622
3550 1450 74622
3550 6550 74622
4450 1450 74622
4450 6550 74622
6550 3550 74622
6550 4450 74622
1450 3900 108623
1450 4100 108623
3900 1450 108623
3900 6550 108623
4100 1450 108623
4100 6550 108623
6550 3900 108623
6550 4100 108623
1500 1550 2
1500 6450 2
1550 1500 2
1550 6500 2
6450 1500 2
6450 6500 2
6500 1550 2
6500 6450 2
1500 1600 2
1500 6400 2
1600 1500 2
1600 6500 2
6400 1500 2
6400 6500 2
6500 1600 2
6500 6400 2
1500 1850 63975
1500 6150 63975
1850 1500 63975
1850 6500 63975
6150 1500 63975
6150 6500 63975
6500 1850 63975
6500 6150 63975
1500 1950 121971
1500 6050 121971
1950 1500 121971
1950 6500 121971
6050 1500 121971
6050 6500 121971
6500 1950 121971
6500 6050 121971
1500 2150 2
1500 5850 2
2150 1500 2
2150 6500 2
5850 1500 2
5850 6500 2
6500 2150 2
6500 5850 2
1500 2900 38776
1500 5100 38776
2900 1500 38776
2900 6500 38776
5100 1500 38776
5100 6500 38776
6500 2900 38776
6500 5100 38776
1500 3100 207105
1500 4900 207105
3100 1500 207105
3100 6500 207105
4900 1500 207105
4900 6500 207105
6500 3100 207105
6500 4900 207105
1500 3150 40616
1500 4850 40616
3150 1500 40616
3150 6500 40616
4850 1500 40616
4850 6500 40616
6500 3150 40616
6500 4850 40616
1500 3250 202205
1500 4750 202205
3250 1500 202205
3250 6500 202205
4750 1500 202205
4750 6500 202205
6500 3250 202205
6500 4750 202205
1500 3450 2
1500 4550 2
3450 1500 2
3450 6500 2
4550 1500 2
4550 6500 2
6500 3450 2
6500 4550 2
1500 3500 2
1500 4500 2
3500 1500 2
3500 6500 2
4500 1500 2
4500 6500 2
6500 3500 2
6500 4500 2
1500 3550 193300
1500 4450 193300
3550 1500 193300
3550 6500 193300
4450 1500 193300
4450 6500 193300
6500 3550 193300
6500 4450 193300
1550 1600 2
1550 6400 2
1600 1550 2
1600 6450 2
6400 1550 2
6400 6450 2
6450 1600 2
6450 6400 2
1550 1650 4055
1550 6350 4055
1650 1550 4055
1650 6450 4055
6350 1550 4055
6350 6450 4055
6450 1650 4055
6450 6350 4055
1550 1700 8793
1550 6300 8793
1700 1550 8793
1700 6450 8793
6300 1550 8793
6300 6450 8793
6450 1700 8793
6450 6300 8793
1550 1800 2
1550 6200 2
1800 1550 2
1800 6450 2
6200 1550 2
6200 6450 2
6450 1800 2
6450 6200 2
1550 1950 2
1550 6050 2
1950 1550 2
1950 6450 2
6050 1550 2
6050 6450 2
6450 1950 2
6450 6050 2
1550 2150 211681
1550 5850 211681
2150 1550 211681
2150 6450 211681
5850 1550 211681
5850 6450 211681
6450 2150 211681
6450 5850 211681
1550 2550 15837
1550 5450 15837
2550 1550 15837
2550 6450 15837
5450 1550 15837
5450 6450 15837
6450 2550 15837
6450 5450 15837
1550 2700 102372
1550 5300 102372
2700 1550 102372
2700 6450 102372
5300 1550 102372
5300 6450 102372
6450 2700 102372
6450 5300 102372
1550 2850 5171
1550 5150 5171
2850 1550 5171
2850 6450 5171
5150 1550 5171
5150 6450 5171
6450 2850 5171
6450 5150 5171
1550 3200 7128
1550 4800 7128
3200 1550 7128
3200 6450 7128
4800 1550 7128
4800 6450 7128
6450 3200 7128
6450 4800 7128
1550 3250 2
1550 4750 2
3250 1550 2
3250 6450 2
4750 1550 2
4750 6450 2
6450 3250 2
6450 4750 2
1550 3500 118531
1550 4500 118531
3500 1550 118531
3500 6450 118531
4500 1550 118531
4500 6450 118531
6450 3500 118531
6450 4500 118531
1550 3550 356703
1550 4450 356703
3550 1550 356703
3550 6450 356703
4450 1550 356703
4450 6450 356703
6450 3550 356703
6450 4450 356703
1550 3650 288964
1550 4350 288964
3650 1550 288964
3650 6450 288964
4350 1550 288964
4350 6450 288964
6450 3650 288964
6450 4350 288964
1600 1600 2
1600 6400 2
6400 1600 2
6400 6400 2
1600 1650 9287
1600 6350 9287
1650 1600 9287
1650 6400 9287
6350 1600 9287
6350 6400 9287
6400 1650 9287
6400 6350 9287
1600 1700 8528
1600 6300 8528
1700 1600 8528
1700 6400 8528
6300 1600 8528
6300 6400 8528
6400 1700 8528
6400 6300 8528
1600 1750 19436
1600 6250 19436
1750 1600 19436
1750 6400 19436
6250 1600 19436
6250 6400 19436
6400 1750 19436
6400 6250 19436
1600 1800 375082
1600 6200 375082
1800 1600 375082
1800 6400 375082
6200 1600 375082
6200 6400 375082
6400 1800 375082
6400 6200 375082
1600 2200 2
1600 5800 2
2200 1600 2
2200 6400 2
5800 1600 2
5800 6400 2
6400 2200 2
6400 5800 2
1600 2550 46694
1600 5450 46694
2550 1600 46694
2550 6400 46694
5450 1600 46694
5450 6400 46694
6400 2550 46694
6400 5450 46694
1600 2650 128959
1600 5350 128959
2650 1600 128959
2650 6400 128959
5350 1600 128959
5350 6400 128959
6400 2650 128959
6400 5350 128959
1600 2750 2
1600 5250 2
2750 1600 2
2750 6400 2
5250 1600 2
5250 6400 2
6400 2750 2
6400 5250 2
1600 2800 2
1600 5200 2
2800 1600 2
2800 6400 2
5200 1600 2
5200 6400 2
6400 2800 2
6400 5200 2
1600 3200 184888
1600 4800 184888
3200 1600 184888
3200 6400 184888
4800 1600 184888
4800 6400 184888
6400 3200 184888
6400 4800 184888
1600 3500 2
1600 4500 2
3500 1600 2
3500 6400 2
4500 1600 2
4500 6400 2
6400 3500 2
6400 4500 2
1600 3550 2
1600 4450 2
3550 1600 2
3550 6400 2
4450 1600 2
4450 6400 2
6400 3550 2
6400 4450 2
1600 3600 2
1600 4400 2
3600 1600 2
3600 6400 2
4400 1600 2
4400 6400 2
6400 3600 2
6400 4400 2
1600 3650 54259
1600 4350 54259
3650 1600 54259
3650 6400 54259
4350 1600 54259
4350 6400 54259
6400 3650 54259
6400 4350 54259
1600 3800 79590
1600 4200 79590
3800 1600 79590
3800 6400 79590
4200 1600 79590
4200 6400 79590
6400 3800 79590
6400 4200 79590
1650 1650 146640
1650 6350 146640
6350 1650 146640
6350 6350 146640
1650 1700 8561
1650 6300 8561
1700 1650 8561
1700 6350 8561
6300 1650 8561
6300 6350 8561
6350 1700 8561
6350 6300 8561
1650 1750 42216
1650 6250 42216
1750 1650 42216
1750 6350 42216
6250 1650 42216
6250 6350 42216
6350 1750 42216
6350 6250 42216
1650 2250 112975
1650 5750 112975
2250 1650 112975
2250 6350 112975
5750 1650 112975
5750 6350 112975
6350 2250 112975
6350 5750 112975
1650 2300 2
1650 5700 2
2300 1650 2
2300 6350 2
5700 1650 2
5700 6350 2
6350 2300 2
6350 5700 2
1650 2600 316246
1650 5400 316246
2600 1650 316246
2600 6350 316246
5400 1650 316246
5400 6350 316246
6350 2600 316246
6350 5400 316246
1650 2650 320429
1650 5350 320429
2650 1650 320429
2650 6350 320429
5350 1650 320429
5350 6350 320429
6350 2650 320429
6350 5350 320429
1650 2700 126672
1650 5300 126672
2700 1650 126672
2700 6350 126672
5300 1650 126672
5300 6350 126672
6350 2700 126672
6350 5300 126672
1650 2750 419527
1650 5250 419527
2750 1650 419527
2750 6350 419527
5250 1650 419527
5250 6350 419527
6350 2750 419527
6350 5250 419527
1650 3250 329059
1650 4750 329059
3250 1650 329059
3250 6350 329059
4750 1650 329059
4750 6350 329059
6350 3250 329059
6350 4750 329059
1650 3300 158099
1650 4700 158099
3300 1650 158099
3300 6350 158099
4700 1650 158099
4700 6350 158099
6350 3300 158099
6350 4700 158099
1650 3500 97711
1650 4500 97711
3500 1650 97711
3500 6350 97711
4500 1650 97711
4500 6350 97711
6350 3500 97711
6350 4500 97711
1650 3600 33813
1650 4400 33813
3600 1650 33813
3600 6350 33813
4400 1650 33813
4400 6350 33813
6350 3600 33813
6350 4400 33813
1650 3650 2
1650 4350 2
3650 1650 2
3650 6350 2
4350 1650 2
4350 6350 2
6350 3650 2
6350 4350 2
1650 3750 50777
1650 4250 50777
3750 1650 50777
3750 6350 50777
4250 1650 50777
4250 6350 50777
6350 3750 50777
6350 4250 50777
1700 1700 2
1700 6300 2
6300 1700 2
6300 6300 2
1700 2300 2
1700 5700 2
2300 1700 2
2300 6300 2
5700 1700 2
5700 6300 2
6300 2300 2
6300 5700 2
1700 2350 72473
1700 5650 72473
2350 1700 72473
2350 6300 72473
5650 1700 72473
5650 6300 72473
6300 2350 72473
6300 5650 72473
1700 2500 2
1700 5500 2
2500 1700 2
2500 6300 2
5500 1700 2
5500 6300 2
6300 2500 2
6300 5500 2
1700 2600 16036
1700 5400 16036
2600 1700 16036
2600 6300 16036
5400 1700 16036
5400 6300 16036
6300 2600 16036
6300 5400 16036
1700 2650 322636
1700 5350 322636
2650 1700 322636
2650 6300 322636
5350 1700 322636
5350 6300 322636
6300 2650 322636
6300 5350 322636
1700 2700 9675
1700 5300 9675
2700 1700 9675
2700 6300 9675
5300 1700 9675
5300 6300 9675
6300 2700 9675
6300 5300 9675
1700 3100 112999
1700 4900 112999
3100 1700 112999
3100 6300 112999
4900 1700 112999
4900 6300 112999
6300 3100 112999
6300 4900 112999
1700 3300 73467
1700 4700 73467
3300 1700 73467
3300 6300 73467
4700 1700 73467
4700 6300 73467
6300 3300 73467
6300 4700 73467
1700 3350 55415
1700 4650 55415
3350 1700 55415
3350 6300 55415
4650 1700 55415
4650 6300 55415
6300 3350 55415
6300 4650 55415
1700 3500 225806
1700 4500 225806
3500 1700 225806
3500 6300 225806
4500 1700 225806
4500 6300 225806
6300 3500 225806
6300 4500 225806
1700 3550 2
1700 4450 2
3550 1700 2
3550 6300 2
4450 1700 2
4450 6300 2
6300 3550 2
6300 4450 2
1700 3650 25649
1700 4350 25649
3650 1700 25649
3650 6300 25649
4350 1700 25649
4350 6300 25649
6300 3650 25649
6300 4350 25649
1700 3700 279420
1700 4300 279420
3700 1700 279420
3700 6300 279420
4300 1700 279420
4300 6300 279420
6300 3700 279420
6300 4300 279420
1750 2150 42606
1750 5850 42606
2150 1750 42606
2150 6250 42606
5850 1750 42606
5850 6250 42606
6250 2150 42606
6250 5850 42606
1750 2350 6439
1750 5650 6439
2350 1750 6439
2350 6250 6439
5650 1750 6439
5650 6250 6439
6250 2350 6439
6250 5650 6439
1750 2400 28753
1750 5600 28753
2400 1750 28753
2400 6250 28753
5600 1750 28753
5600 6250 28753
6250 2400 28753
6250 5600 28753
1750 2450 2
1750 5550 2
2450 1750 2
2450 6250 2
5550 1750 2
5550 6250 2
6250 2450 2
6250 5550 2
1750 2500 2
1750 5500 2
2500 1750 2
2500 6250 2
5500 1750 2
5500 6250 2
6250 2500 2
6250 5500 2
1750 2550 28572
1750 5450 28572
2550 1750 28572
2550 6250 28572
5450 1750 28572
5450 6250 28572
6250 2550 28572
6250 5450 28572
1750 2650 2
1750 5350 2
2650 1750 2
2650 6250 2
5350 1750 2
5350 6250 2
6250 2650 2
6250 5350 2
1750 3100 46053
1750 4900 46053
3100 1750 46053
3100 6250 46053
4900 1750 46053
4900 6250 46053
6250 3100 46053
6250 4900 46053
1750 3300 159729
1750 4700 159729
3300 1750 159729
3300 6250 159729
4700 1750 159729
4700 6250 159729
6250 3300 159729
6250 4700 159729
1750 3350 78962
1750 4650 78962
3350 1750 78962
3350 6250 78962
4650 1750 78962
4650 6250 78962
6250 3350 78962
6250 4650 78962
1750 3400 45115
1750 4600 45115
3400 1750 45115
3400 6250 45115
4600 1750 45115
4600 6250 45115
6250 3400 45115
6250 4600 45115
1750 3450 34333
1750 4550 34333
3450 1750 34333
3450 6250 34333
4550 1750 34333
4550 6250 34333
6250 3450 34333
6250 4550 34333
1750 3550 167144
1750 4450 167144
3550 1750 167144
3550 6250 167144
4450 1750 167144
4450 6250 167144
6250 3550 167144
6250 4450 167144
1750 3600 2
1750 4400 2
3600 1750 2
3600 6250 2
4400 1750 2
4400 6250 2
6250 3600 2
6250 4400 2
1750 3650 77685
1750 4350 77685
3650 1750 77685
3650 6250 77685
4350 1750 77685
4350 6250 77685
6250 3650 77685
6250 4350 77685
1750 3800 115445
1750 4200 115445
3800 1750 115445
3800 6250 115445
4200 1750 115445
4200 6250 115445
6250 3800 115445
6250 4200 115445
1750 3850 68415
1750 4150 68415
3850 1750 68415
3850 6250 68415
4150 1750 68415
4150 6250 68415
6250 3850 68415
6250 4150 68415
1800 2150 2
1800 5850 2
2150 1800 2
2150 6200 2
5850 1800 2
5850 6200 2
6200 2150 2
6200 5850 2
1800 2400 350493
1800 5600 350493
2400 1800 350493
2400 6200 350493
5600 1800 350493
5600 6200 350493
6200 2400 350493
6200 5600 350493
1800 2450 252269
1800 5550 252269
2450 1800 252269
2450 6200 252269
5550 1800 252269
5550 6200 252269
6200 2450 252269
6200 5550 252269
1800 2550 2
1800 5450 2
2550 1800 2
2550 6200 2
5450 1800 2
5450 6200 2
6200 2550 2
6200 5450 2
1800 2600 204925
1800 5400 204925
2600 1800 204925
2600 6200 204925
5400 1800 204925
5400 6200 204925
6200 2600 204925
6200 5400 204925
1800 3400 2
1800 4600 2
3400 1800 2
3400 6200 2
4600 1800 2
4600 6200 2
6200 3400 2
6200 4600 2
1800 3500 76223
1800 4500 76223
3500 1800 76223
3500 6200 76223
4500 1800 76223
4500 6200 76223
6200 3500 76223
6200 4500 76223
1800 3550 31960
1800 4450 31960
3550 1800 31960
3550 6200 31960
4450 1800 31960
4450 6200 31960
6200 3550 31960
6200 4450 31960
1800 3600 2
1800 4400 2
3600 1800 2
3600 6200 2
4400 1800 2
4400 6200 2
6200 3600 2
6200 4400 2
1800 3800 66181
1800 4200 66181
3800 1800 66181
3800 6200 66181
4200 1800 66181
4200 6200 66181
6200 3800 66181
6200 4200 66181
1800 3850 45448
1800 4150 45448
3850 1800 45448
3850 6200 45448
4150 1800 45448
4150 6200 45448
6200 3850 45448
6200 4150 45448
1850 2050 46921
1850 5950 46921
2050 1850 46921
2050 6150 46921
5950 1850 46921
5950 6150 46921
6150 2050 46921
6150 5950 46921
1850 2150 61713
1850 5850 61713
2150 1850 61713
2150 6150 61713
5850 1850 61713
5850 6150 61713
6150 2150 61713
6150 5850 61713
1850 2200 74936
1850 5800 74936
2200 1850 74936
2200 6150 74936
5800 1850 74936
5800 6150 74936
6150 2200 74936
6150 5800 74936
1850 2500 2
1850 5500 2
2500 1850 2
2500 6150 2
5500 1850 2
5500 6150 2
6150 2500 2
6150 5500 2
1850 2800 103387
1850 5200 103387
2800 1850 103387
2800 6150 103387
5200 1850 103387
5200 6150 103387
6150 2800 103387
6150 5200 103387
1850 3200 112531
1850 4800 112531
3200 1850 112531
3200 6150 112531
4800 1850 112531
4800 6150 112531
6150 3200 112531
6150 4800 112531
1850 3250 2
1850 4750 2
3250 1850 2
3250 6150 2
4750 1850 2
4750 6150 2
6150 3250 2
6150 4750 2
1850 3400 2
1850 4600 2
3400 1850 2
3400 6150 2
4600 1850 2
4600 6150 2
6150 3400 2
6150 4600 2
1850 3450 2082
1850 4550 2082
3450 1850 2082
3450 6150 2082
4550 1850 2082
4550 6150 2082
6150 3450 2082
6150 4550 2082
1850 3500 23633
1850 4500 23633
3500 1850 23633
3500 6150 23633
4500 1850 23633
4500 6150 23633
6150 3500 23633
6150 4500 23633
1850 3750 90777
1850 4250 90777
3750 1850 90777
3750 6150 90777
4250 1850 90777
4250 6150 90777
6150 3750 90777
6150 4250 90777
1850 3800 251649
1850 4200 251649
3800 1850 251649
3800 6150 251649
4200 1850 251649
4200 6150 251649
6150 3800 251649
6150 4200 251649
1900 1950 45942
1900 6050 45942
1950 1900 45942
1950 6100 45942
6050 1900 45942
6050 6100 45942
6100 1950 45942
6100 6050 45942
1900 2200 5369
1900 5800 5369
2200 1900 5369
2200 6100 5369
5800 1900 5369
5800 6100 5369
6100 2200 5369
6100 5800 5369
1900 2450 2147
1900 5550 2147
2450 1900 2147
2450 6100 2147
5550 1900 2147
5550 6100 2147
6100 2450 2147
6100 5550 2147
1900 2800 46847
1900 5200 46847
2800 1900 46847
2800 6100 46847
5200 1900 46847
5200 6100 46847
6100 2800 46847
6100 5200 46847
1900 2850 36852
1900 5150 36852
2850 1900 36852
2850 6100 36852
5150 1900 36852
5150 6100 36852
6100 2850 36852
6100 5150 36852
1900 3150 35597
1900 4850 35597
3150 1900 35597
3150 6100 35597
4850 1900 35597
4850 6100 35597
6100 3150 35597
6100 4850 35597
1900 3300 2381
1900 4700 2381
3300 1900 2381
3300 6100 2381
4700 1900 2381
4700 6100 2381
6100 3300 2381
6100 4700 2381
1900 3400 23180
1900 4600 23180
3400 1900 23180
3400 6100 23180
4600 1900 23180
4600 6100 23180
6100 3400 23180
6100 4600 23180
1900 3500 91588
1900 4500 91588
3500 1900 91588
3500 6100 91588
4500 1900 91588
4500 6100 91588
6100 3500 91588
6100 4500 91588
1900 3550 124724
1900 4450 124724
3550 1900 124724
3550 6100 124724
4450 1900 124724
4450 6100 124724
6100 3550 124724
6100 4450 124724
1900 3750 48005
1900 4250 48005
3750 1900 48005
3750 6100 48005
4250 1900 48005
4250 6100 48005
6100 3750 48005
6100 4250 48005
1900 3800 65977
1900 4200 65977
3800 1900 65977
3800 6100 65977
4200 1900 65977
4200 6100 65977
6100 3800 65977
6100 4200 65977
1900 3850 2
1900 4150 2
3850 1900 2
3850 6100 2
4150 1900 2
4150 6100 2
6100 3850 2
6100 4150 2
1900 3950 599
1900 4050 599
3950 1900 599
3950 6100 599
4050 1900 599
4050 6100 599
6100 3950 599
6100 4050 599
1950 2300 69615
1950 5700 69615
2300 1950 69615
2300 6050 69615
5700 1950 69615
5700 6050 69615
6050 2300 69615
6050 5700 69615
1950 2400 112016
1950 5600 112016
2400 1950 112016
2400 6050 112016
5600 1950 112016
5600 6050 112016
6050 2400 112016
6050 5600 112016
1950 2450 3639
1950 5550 3639
2450 1950 3639
2450 6050 3639
5550 1950 3639
5550 6050 3639
6050 2450 3639
6050 5550 3639
1950 2700 166352
1950 5300 166352
2700 1950 166352
2700 6050 166352
5300 1950 166352
5300 6050 166352
6050 2700 166352
6050 5300 166352
1950 2750 171887
1950 5250 171887
2750 1950 171887
2750 6050 171887
5250 1950 171887
5250 6050 171887
6050 2750 171887
6050 5250 171887
1950 3100 34102
1950 4900 34102
3100 1950 34102
3100 6050 34102
4900 1950 34102
4900 6050 34102
6050 3100 34102
6050 4900 34102
1950 3250 198409
1950 4750 198409
3250 1950 198409
3250 6050 198409
4750 1950 198409
4750 6050 198409
6050 3250 198409
6050 4750 198409
1950 3300 269270
1950 4700 269270
3300 1950 269270
3300 6050 269270
4700 1950 269270
4700 6050 269270
6050 3300 269270
6050 4700 269270
1950 3350 2
1950 4650 2
3350 1950 2
3350 6050 2
4650 1950 2
4650 6050 2
6050 3350 2
6050 4650 2
1950 3500 13992
1950 4500 13992
3500 1950 13992
3500 6050 13992
4500 1950 13992
4500 6050 13992
6050 3500 13992
6050 4500 13992
1950 3550 45328
1950 4450 45328
3550 1950 45328
3550 6050 45328
4450 1950 45328
4450 6050 45328
6050 3550 45328
6050 4450 45328
1950 3650 31342
1950 4350 31342
3650 1950 31342
3650 6050 31342
4350 1950 31342
4350 6050 31342
6050 3650 31342
6050 4350 31342
1950 3700 105823
1950 4300 105823
3700 1950 105823
3700 6050 105823
4300 1950 105823
4300 6050 105823
6050 3700 105823
6050 4300 105823
1950 3800 124561
1950 4200 124561
3800 1950 124561
3800 6050 124561
4200 1950 124561
4200 6050 124561
6050 3800 124561
6050 4200 124561
1950 3850 136479
1950 4150 136479
3850 1950 136479
3850 6050 136479
4150 1950 136479
4150 6050 136479
6050 3850 136479
6050 4150 136479
2050 2450 94194
2050 5550 94194
2450 2050 94194
2450 5950 94194
5550 2050 94194
5550 5950 94194
5950 2450 94194
5950 5550 94194
2050 2500 3040
2050 5500 3040
2500 2050 3040
2500 5950 3040
5500 2050 3040
5500 5950 3040
5950 2500 3040
5950 5500 3040
2050 3600 38969
2050 4400 38969
3600 2050 38969
3600 5950 38969
4400 2050 38969
4400 5950 38969
5950 3600 38969
5950 4400 38969
2050 3650 29296
2050 4350 29296
3650 2050 29296
3650 5950 29296
4350 2050 29296
4350 5950 29296
5950 3650 29296
5950 4350 29296
2100 2550 117508
2100 5450 117508
2550 2100 117508
2550 5900 117508
5450 2100 117508
5450 5900 117508
5900 2550 117508
5900 5450 117508
2100 2600 46215
2100 5400 46215
2600 2100 46215
2600 5900 46215
5400 2100 46215
5400 5900 46215
5900 2600 46215
5900 5400 46215
2100 3500 93875
2100 4500 93875
3500 2100 93875
3500 5900 93875
4500 2100 93875
4500 5900 93875
5900 3500 93875
5900 4500 93875
2150 3350 3597
2150 4650 3597
3350 2150 3597
3350 5850 3597
4650 2150 3597
4650 5850 3597
5850 3350 3597
5850 4650 3597
2150 3600 18430
2150 4400 18430
3600 2150 18430
3600 5850 18430
4400 2150 18430
4400 5850 18430
5850 3600 18430
5850 4400 18430
2150 3650 31951
2150 4350 31951
3650 2150 31951
3650 5850 31951
4350 2150 31951
4350 5850 31951
5850 3650 31951
5850 4350 31951
2200 2600 128925
2200 5400 128925
2600 2200 128925
2600 5800 128925
5400 2200 128925
5400 5800 128925
5800 2600 128925
5800 5400 128925
2200 3400 136647
2200 4600 136647
3400 2200 136647
3400 5800 136647
4600 2200 136647
4600 5800 136647
5800 3400 136647
5800 4600 136647
2200 3600 18117
2200 4400 18117
3600 2200 18117
3600 5800 18117
4400 2200 18117
4400 5800 18117
5800 3600 18117
5800 4400 18117
2200 3750 34554
2200 4250 34554
3750 2200 34554
3750 5800 34554
4250 2200 34554
4250 5800 34554
5800 3750 34554
5800 4250 34554
2250 2550 2
2250 5450 2
2550 2250 2
2550 5750 2
5450 2250 2
5450 5750 2
5750 2550 2
5750 5450 2
2250 2700 68271
2250 5300 68271
2700 2250 68271
2700 5750 68271
5300 2250 68271
5300 5750 68271
5750 2700 68271
5750 5300 68271
2250 2800 2
2250 5200 2
2800 2250 2
2800 5750 2
5200 2250 2
5200 5750 2
5750 2800 2
5750 5200 2
2250 2850 20701
2250 5150 20701
2850 2250 20701
2850 5750 20701
5150 2250 20701
5150 5750 20701
5750 2850 20701
5750 5150 20701
2250 3450 2
2250 4550 2
3450 2250 2
3450 5750 2
4550 2250 2
4550 5750 2
5750 3450 2
5750 4550 2
2250 3500 95921
2250 4500 95921
3500 2250 95921
3500 5750 95921
4500 2250 95921
4500 5750 95921
5750 3500 95921
5750 4500 95921
2250 3550 74835
2250 4450 74835
3550 2250 74835
3550 5750 74835
4450 2250 74835
4450 5750 74835
5750 3550 74835
5750 4450 74835
2250 3700 125851
2250 4300 125851
3700 2250 125851
3700 5750 125851
4300 2250 125851
4300 5750 125851
5750 3700 125851
5750 4300 125851
2300 2450 2
2300 5550 2
2450 2300 2
2450 5700 2
5550 2300 2
5550 5700 2
5700 2450 2
5700 5550 2
2300 2500 57902
2300 5500 57902
2500 2300 57902
2500 5700 57902
5500 2300 57902
5500 5700 57902
5700 2500 57902
5700 5500 57902
2300 2650 195574
2300 5350 195574
2650 2300 195574
2650 5700 195574
5350 2300 195574
5350 5700 195574
5700 2650 195574
5700 5350 195574
2300 2750 240451
2300 5250 240451
2750 2300 240451
2750 5700 240451
5250 2300 240451
5250 5700 240451
5700 2750 240451
5700 5250 240451
2300 2950 111146
2300 5050 111146
2950 2300 111146
2950 5700 111146
5050 2300 111146
5050 5700 111146
5700 2950 111146
5700 5050 111146
2300 3450 2
2300 4550 2
3450 2300 2
3450 5700 2
4550 2300 2
4550 5700 2
5700 3450 2
5700 4550 2
2300 3650 118626
2300 4350 118626
3650 2300 118626
3650 5700 118626
4350 2300 118626
4350 5700 118626
5700 3650 118626
5700 4350 118626
2300 3850 28131
2300 4150 28131
3850 2300 28131
3850 5700 28131
4150 2300 28131
4150 5700 28131
5700 3850 28131
5700 4150 28131
2300 3950 89306
2300 4050 89306
3950 2300 89306
3950 5700 89306
4050 2300 89306
4050 5700 89306
5700 3950 89306
5700 4050 89306
2350 2400 190029
2350 5600 190029
2400 2350 190029
2400 5650 190029
5600 2350 190029
5600 5650 190029
5650 2400 190029
5650 5600 190029
2350 2450 56282
2350 5550 56282
2450 2350 56282
2450 5650 56282
5550 2350 56282
5550 5650 56282
5650 2450 56282
5650 5550 56282
2350 2550 2
2350 5450 2
2550 2350 2
2550 5650 2
5450 2350 2
5450 5650 2
5650 2550 2
5650 5450 2
2350 2650 2
2350 5350 2
2650 2350 2
2650 5650 2
5350 2350 2
5350 5650 2
5650 2650 2
5650 5350 2
2350 2750 10467
2350 5250 10467
2750 2350 10467
2750 5650 10467
5250 2350 10467
5250 5650 10467
5650 2750 10467
5650 5250 10467
2350 3050 5548
2350 4950 5548
3050 2350 5548
3050 5650 5548
4950 2350 5548
4950 5650 5548
5650 3050 5548
5650 4950 5548
2350 3400 6799
2350 4600 6799
3400 2350 6799
3400 5650 6799
4600 2350 6799
4600 5650 6799
5650 3400 6799
5650 4600 6799
2350 3500 88510
2350 4500 88510
3500 2350 88510
3500 5650 88510
4500 2350 88510
4500 5650 88510
5650 3500 88510
5650 4500 88510
2350 3550 5893
2350 4450 5893
3550 2350 5893
3550 5650 5893
4450 2350 5893
4450 5650 5893
5650 3550 5893
5650 4450 5893
2350 3600 2
2350 4400 2
3600 2350 2
3600 5650 2
4400 2350 2
4400 5650 2
5650 3600 2
5650 4400 2
2350 3850 69656
2350 4150 69656
3850 2350 69656
3850 5650 69656
4150 2350 69656
4150 5650 69656
5650 3850 69656
5650 4150 69656
2400 2400 35628
2400 5600 35628
5600 2400 35628
5600 5600 35628
2400 2650 47239
2400 5350 47239
2650 2400 47239
2650 5600 47239
5350 2400 47239
5350 5600 47239
5600 2650 47239
5600 5350 47239
2400 2700 153929
2400 5300 153929
2700 2400 153929
2700 5600 153929
5300 2400 153929
5300 5600 153929
5600 2700 153929
5600 5300 153929
2400 2800 142641
2400 5200 142641
2800 2400 142641
2800 5600 142641
5200 2400 142641
5200 5600 142641
5600 2800 142641
5600 5200 142641
2400 2950 79016
2400 5050 79016
2950 2400 79016
2950 5600 79016
5050 2400 79016
5050 5600 79016
5600 2950 79016
5600 5050 79016
2400 3050 37167
2400 4950 37167
3050 2400 37167
3050 5600 37167
4950 2400 37167
4950 5600 37167
5600 3050 37167
5600 4950 37167
2400 3350 138072
2400 4650 138072
3350 2400 138072
3350 5600 138072
4650 2400 138072
4650 5600 138072
5600 3350 138072
5600 4650 138072
2400 3400 185493
2400 4600 185493
3400 2400 185493
3400 5600 185493
4600 2400 185493
4600 5600 185493
5600 3400 185493
5600 4600 185493
2400 3550 2
2400 4450 2
3550 2400 2
3550 5600 2
4450 2400 2
4450 5600 2
5600 3550 2
5600 4450 2
2400 3650 100117
2400 4350 100117
3650 2400 100117
3650 5600 100117
4350 2400 100117
4350 5600 100117
5600 3650 100117
5600 4350 100117
2400 3700 63131
2400 4300 63131
3700 2400 63131
3700 5600 63131
4300 2400 63131
4300 5600 63131
5600 3700 63131
5600 4300 63131
2400 3750 45488
2400 4250 45488
3750 2400 45488
3750 5600 45488
4250 2400 45488
4250 5600 45488
5600 3750 45488
5600 4250 45488
2400 3800 73070
2400 4200 73070
3800 2400 73070
3800 5600 73070
4200 2400 73070
4200 5600 73070
5600 3800 73070
5600 4200 73070
2400 3900 2
2400 4100 2
3900 2400 2
3900 5600 2
4100 2400 2
4100 5600 2
5600 3900 2
5600 4100 2
2400 3950 48016
2400 4050 48016
3950 2400 48016
3950 5600 48016
4050 2400 48016
4050 5600 48016
5600 3950 48016
5600 4050 48016
2450 2550 2
2450 5450 2
2550 2450 2
2550 5550 2
5450 2450 2
5450 5550 2
5550 2550 2
5550 5450 2
2450 2650 159911
2450 5350 159911
2650 2450 159911
2650 5550 159911
5350 2450 159911
5350 5550 159911
5550 2650 159911
5550 5350 159911
2450 2700 302469
2450 5300 302469
2700 2450 302469
2700 5550 302469
5300 2450 302469
5300 5550 302469
5550 2700 302469
5550 5300 302469
2450 2750 141540
2450 5250 141540
2750 2450 141540
2750 5550 141540
5250 2450 141540
5250 5550 141540
5550 2750 141540
5550 5250 141540
2450 2800 100241
2450 5200 100241
2800 2450 100241
2800 5550 100241
5200 2450 100241
5200 5550 100241
5550 2800 100241
5550 5200 100241
2450 2850 2
2450 5150 2
2850 2450 2
2850 5550 2
5150 2450 2
5150 5550 2
5550 2850 2
5550 5150 2
2450 2950 37546
2450 5050 37546
2950 2450 37546
2950 5550 37546
5050 2450 37546
5050 5550 37546
5550 2950 37546
5550 5050 37546
2450 3050 2
2450 4950 2
3050 2450 2
3050 5550 2
4950 2450 2
4950 5550 2
5550 3050 2
5550 4950 2
2450 3100 3152
2450 4900 3152
3100 2450 3152
3100 5550 3152
4900 2450 3152
4900 5550 3152
5550 3100 3152
5550 4900 3152
2450 3300 33255
2450 4700 33255
3300 2450 33255
3300 5550 33255
4700 2450 33255
4700 5550 33255
5550 3300 33255
5550 4700 33255
2450 3350 254303
2450 4650 254303
3350 2450 254303
3350 5550 254303
4650 2450 254303
4650 5550 254303
5550 3350 254303
5550 4650 254303
2450 3450 2
2450 4550 2
3450 2450 2
3450 5550 2
4550 2450 2
4550 5550 2
5550 3450 2
5550 4550 2
2450 3500 45847
2450 4500 45847
3500 2450 45847
3500 5550 45847
4500 2450 45847
4500 5550 45847
5550 3500 45847
5550 4500 45847
2450 3600 30001
2450 4400 30001
3600 2450 30001
3600 5550 30001
4400 2450 30001
4400 5550 30001
5550 3600 30001
5550 4400 30001
2450 3650 88236
2450 4350 88236
3650 2450 88236
3650 5550 88236
4350 2450 88236
4350 5550 88236
5550 3650 88236
5550 4350 88236
2450 3700 2
2450 4300 2
3700 2450 2
3700 5550 2
4300 2450 2
4300 5550 2
5550 3700 2
5550 4300 2
2500 2550 2
2500 5450 2
2550 2500 2
2550 5500 2
5450 2500 2
5450 5500 2
5500 2550 2
5500 5450 2
2500 2600 2
2500 5400 2
2600 2500 2
2600 5500 2
5400 2500 2
5400 5500 2
5500 2600 2
5500 5400 2
2500 2650 64890
2500 5350 64890
2650 2500 64890
2650 5500 64890
5350 2500 64890
5350 5500 64890
5500 2650 64890
5500 5350 64890
2500 2700 220038
2500 5300 220038
2700 2500 220038
2700 5500 220038
5300 2500 220038
5300 5500 220038
5500 2700 220038
5500 5300 220038
2500 2750 123244
2500 5250 123244
2750 2500 123244
2750 5500 123244
5250 2500 123244
5250 5500 123244
5500 2750 123244
5500 5250 123244
2500 2900 57157
2500 5100 57157
2900 2500 57157
2900 5500 57157
5100 2500 57157
5100 5500 57157
5500 2900 57157
5500 5100 57157
2500 3050 13693
2500 4950 13693
3050 2500 13693
3050 5500 13693
4950 2500 13693
4950 5500 13693
5500 3050 13693
5500 4950 13693
2500 3150 46340
2500 4850 46340
3150 2500 46340
3150 5500 46340
4850 2500 46340
4850 5500 46340
5500 3150 46340
5500 4850 46340
2500 3300 42825
2500 4700 42825
3300 2500 42825
3300 5500 42825
4700 2500 42825
4700 5500 42825
5500 3300 42825
5500 4700 42825
2500 3350 19575
2500 4650 19575
3350 2500 19575
3350 5500 19575
4650 2500 19575
4650 5500 19575
5500 3350 19575
5500 4650 19575
2500 3450 6612
2500 4550 6612
3450 2500 6612
3450 5500 6612
4550 2500 6612
4550 5500 6612
5500 3450 6612
5500 4550 6612
2500 3500 74494
2500 4500 74494
3500 2500 74494
3500 5500 74494
4500 2500 74494
4500 5500 74494
5500 3500 74494
5500 4500 74494
2500 3550 2
2500 4450 2
3550 2500 2
3550 5500 2
4450 2500 2
4450 5500 2
5500 3550 2
5500 4450 2
2500 3600 83431
2500 4400 83431
3600 2500 83431
3600 5500 83431
4400 2500 83431
4400 5500 83431
5500 3600 83431
5500 4400 83431
2500 3700 32605
2500 4300 32605
3700 2500 32605
3700 5500 32605
4300 2500 32605
4300 5500 32605
5500 3700 32605
5500 4300 32605
2500 3750 2
2500 4250 2
3750 2500 2
3750 5500 2
4250 2500 2
4250 5500 2
5500 3750 2
5500 4250 2
2500 3800 12851
2500 4200 12851
3800 2500 12851
3800 5500 12851
4200 2500 12851
4200 5500 12851
5500 3800 12851
5500 4200 12851
2500 3850 5
2500 4150 5
3850 2500 5
3850 5500 5
4150 2500 5
4150 5500 5
5500 3850 5
5500 4150 5
2500 3900 4354
2500 4100 4354
3900 2500 4354
3900 5500 4354
4100 2500 4354
4100 5500 4354
5500 3900 4354
5500 4100 4354
2550 2600 50094
2550 5400 50094
2600 2550 50094
2600 5450 50094
5400 2550 50094
5400 5450 50094
5450 2600 50094
5450 5400 50094
2550 2750 11157
2550 5250 11157
2750 2550 11157
2750 5450 11157
5250 2550 11157
5250 5450 11157
5450 2750 11157
5450 5250 11157
2550 2800 2
2550 5200 2
2800 2550 2
2800 5450 2
5200 2550 2
5200 5450 2
5450 2800 2
5450 5200 2
2550 2850 2326
2550 5150 2326
2850 2550 2326
2850 5450 2326
5150 2550 2326
5150 5450 2326
5450 2850 2326
5450 5150 2326
2550 3100 71937
2550 4900 71937
3100 2550 71937
3100 5450 71937
4900 2550 71937
4900 5450 71937
5450 3100 71937
5450 4900 71937
2550 3350 2
2550 4650 2
3350 2550 2
3350 5450 2
4650 2550 2
4650 5450 2
5450 3350 2
5450 4650 2
2550 3400 117728
2550 4600 117728
3400 2550 117728
3400 5450 117728
4600 2550 117728
4600 5450 117728
5450 3400 117728
5450 4600 117728
2550 3450 2
2550 4550 2
3450 2550 2
3450 5450 2
4550 2550 2
4550 5450 2
5450 3450 2
5450 4550 2
2550 3550 339279
2550 4450 339279
3550 2550 339279
3550 5450 339279
4450 2550 339279
4450 5450 339279
5450 3550 339279
5450 4450 339279
2550 3800 204756
2550 4200 204756
3800 2550 204756
3800 5450 204756
4200 2550 204756
4200 5450 204756
5450 3800 204756
5450 4200 204756
2550 3900 68273
2550 4100 68273
3900 2550 68273
3900 5450 68273
4100 2550 68273
4100 5450 68273
5450 3900 68273
5450 4100 68273
2600 2600 35251
2600 5400 35251
5400 2600 35251
5400 5400 35251
2600 2650 57425
2600 5350 57425
2650 2600 57425
2650 5400 57425
5350 2600 57425
5350 5400 57425
5400 2650 57425
5400 5350 57425
2600 2700 145696
2600 5300 145696
2700 2600 145696
2700 5400 145696
5300 2600 145696
5300 5400 145696
5400 2700 145696
5400 5300 145696
2600 2750 2
2600 5250 2
2750 2600 2
2750 5400 2
5250 2600 2
5250 5400 2
5400 2750 2
5400 5250 2
2600 2800 138239
2600 5200 138239
2800 2600 138239
2800 5400 138239
5200 2600 138239
5200 5400 138239
5400 2800 138239
5400 5200 138239
2600 2950 63
2600 5050 63
2950 2600 63
2950 5400 63
5050 2600 63
5050 5400 63
5400 2950 63
5400 5050 63
2600 3100 26176
2600 4900 26176
3100 2600 26176
3100 5400 26176
4900 2600 26176
4900 5400 26176
5400 3100 26176
5400 4900 26176
2600 3400 2
2600 4600 2
3400 2600 2
3400 5400 2
4600 2600 2
4600 5400 2
5400 3400 2
5400 4600 2
2600 3450 148318
2600 4550 148318
3450 2600 148318
3450 5400 148318
4550 2600 148318
4550 5400 148318
5400 3450 148318
5400 4550 148318
2600 3550 2
2600 4450 2
3550 2600 2
3550 5400 2
4450 2600 2
4450 5400 2
5400 3550 2
5400 4450 2
2600 3800 210371
2600 4200 210371
3800 2600 210371
3800 5400 210371
4200 2600 210371
4200 5400 210371
5400 3800 210371
5400 4200 210371
2650 2650 49903
2650 5350 49903
5350 2650 49903
5350 5350 49903
2650 2750 185538
2650 5250 185538
2750 2650 185538
2750 5350 185538
5250 2650 185538
5250 5350 185538
5350 2750 185538
5350 5250 185538
2650 2950 2
2650 5050 2
2950 2650 2
2950 5350 2
5050 2650 2
5050 5350 2
5350 2950 2
5350 5050 2
2650 3250 101036
2650 4750 101036
3250 2650 101036
3250 5350 101036
4750 2650 101036
4750 5350 101036
5350 3250 101036
5350 4750 101036
2650 3300 121497
2650 4700 121497
3300 2650 121497
3300 5350 121497
4700 2650 121497
4700 5350 121497
5350 3300 121497
5350 4700 121497
2650 3450 455020
2650 4550 455020
3450 2650 455020
3450 5350 455020
4550 2650 455020
4550 5350 455020
5350 3450 455020
5350 4550 455020
2650 3500 49685
2650 4500 49685
3500 2650 49685
3500 5350 49685
4500 2650 49685
4500 5350 49685
5350 3500 49685
5350 4500 49685
2650 3550 2
2650 4450 2
3550 2650 2
3550 5350 2
4450 2650 2
4450 5350 2
5350 3550 2
5350 4450 2
2650 3650 2
2650 4350 2
3650 2650 2
3650 5350 2
4350 2650 2
4350 5350 2
5350 3650 2
5350 4350 2
2650 3700 66570
2650 4300 66570
3700 2650 66570
3700 5350 66570
4300 2650 66570
4300 5350 66570
5350 3700 66570
5350 4300 66570
2650 3750 2
2650 4250 2
3750 2650 2
3750 5350 2
4250 2650 2
4250 5350 2
5350 3750 2
5350 4250 2
2650 3850 63901
2650 4150 63901
3850 2650 63901
3850 5350 63901
4150 2650 63901
4150 5350 63901
5350 3850 63901
5350 4150 63901
2650 3900 44761
2650 4100 44761
3900 2650 44761
3900 5350 44761
4100 2650 44761
4100 5350 44761
5350 3900 44761
5350 4100 44761
2650 3950 11760
2650 4050 11760
3950 2650 11760
3950 5350 11760
4050 2650 11760
4050 5350 11760
5350 3950 11760
5350 4050 11760
2700 2850 2
2700 5150 2
2850 2700 2
2850 5300 2
5150 2700 2
5150 5300 2
5300 2850 2
5300 5150 2
2700 3050 17506
2700 4950 17506
3050 2700 17506
3050 5300 17506
4950 2700 17506
4950 5300 17506
5300 3050 17506
5300 4950 17506
2700 3150 17173
2700 4850 17173
3150 2700 17173
3150 5300 17173
4850 2700 17173
4850 5300 17173
5300 3150 17173
5300 4850 17173
2700 3300 124136
2700 4700 124136
3300 2700 124136
3300 5300 124136
4700 2700 124136
4700 5300 124136
5300 3300 124136
5300 4700 124136
2700 3350 136375
2700 4650 136375
3350 2700 136375
3350 5300 136375
4650 2700 136375
4650 5300 136375
5300 3350 136375
5300 4650 136375
2700 3400 113707
2700 4600 113707
3400 2700 113707
3400 5300 113707
4600 2700 113707
4600 5300 113707
5300 3400 113707
5300 4600 113707
2700 3450 198923
2700 4550 198923
3450 2700 198923
3450 5300 198923
4550 2700 198923
4550 5300 198923
5300 3450 198923
5300 4550 198923
2700 3500 64205
2700 4500 64205
3500 2700 64205
3500 5300 64205
4500 2700 64205
4500 5300 64205
5300 3500 64205
5300 4500 64205
2700 3600 2
2700 4400 2
3600 2700 2
3600 5300 2
4400 2700 2
4400 5300 2
5300 3600 2
5300 4400 2
2700 3650 2
2700 4350 2
3650 2700 2
3650 5300 2
4350 2700 2
4350 5300 2
5300 3650 2
5300 4350 2
2700 3700 61813
2700 4300 61813
3700 2700 61813
3700 5300 61813
4300 2700 61813
4300 5300 61813
5300 3700 61813
5300 4300 61813
2700 3850 93187
2700 4150 93187
3850 2700 93187
3850 5300 93187
4150 2700 93187
4150 5300 93187
5300 3850 93187
5300 4150 93187
2700 3950 246020
2700 4050 246020
3950 2700 246020
3950 5300 246020
4050 2700 246020
4050 5300 246020
5300 3950 246020
5300 4050 246020
2750 2900 81541
2750 5100 81541
2900 2750 81541
2900 5250 81541
5100 2750 81541
5100 5250 81541
5250 2900 81541
5250 5100 81541
2750 2950 89250
2750 5050 89250
2950 2750 89250
2950 5250 89250
5050 2750 89250
5050 5250 89250
5250 2950 89250
5250 5050 89250
2750 3200 92694
2750 4800 92694
3200 2750 92694
3200 5250 92694
4800 2750 92694
4800 5250 92694
5250 3200 92694
5250 4800 92694
2750 3400 95453
2750 4600 95453
3400 2750 95453
3400 5250 95453
4600 2750 95453
4600 5250 95453
5250 3400 95453
5250 4600 95453
2750 3450 134616
2750 4550 134616
3450 2750 134616
3450 5250 134616
4550 2750 134616
4550 5250 134616
5250 3450 134616
5250 4550 134616
2750 3550 103833
2750 4450 103833
3550 2750 103833
3550 5250 103833
4450 2750 103833
4450 5250 103833
5250 3550 103833
5250 4450 103833
2750 3600 59305
2750 4400 59305
3600 2750 59305
3600 5250 59305
4400 2750 59305
4400 5250 59305
5250 3600 59305
5250 4400 59305
2750 3650 146820
2750 4350 146820
3650 2750 146820
3650 5250 146820
4350 2750 146820
4350 5250 146820
5250 3650 146820
5250 4350 146820
2750 3750 77237
2750 4250 77237
3750 2750 77237
3750 5250 77237
4250 2750 77237
4250 5250 77237
5250 3750 77237
5250 4250 77237
2750 3850 149139
2750 4150 149139
3850 2750 149139
3850 5250 149139
4150 2750 149139
4150 5250 149139
5250 3850 149139
5250 4150 149139
2750 3950 49382
2750 4050 49382
3950 2750 49382
3950 5250 49382
4050 2750 49382
4050 5250 49382
5250 3950 49382
5250 4050 49382
2800 2800 2
2800 5200 2
5200 2800 2
5200 5200 2
2800 3300 24956
2800 4700 24956
3300 2800 24956
3300 5200 24956
4700 2800 24956
4700 5200 24956
5200 3300 24956
5200 4700 24956
2800 3350 143695
2800 4650 143695
3350 2800 143695
3350 5200 143695
4650 2800 143695
4650 5200 143695
5200 3350 143695
5200 4650 143695
2800 3400 133211
2800 4600 133211
3400 2800 133211
3400 5200 133211
4600 2800 133211
4600 5200 133211
5200 3400 133211
5200 4600 133211
2800 3500 60810
2800 4500 60810
3500 2800 60810
3500 5200 60810
4500 2800 60810
4500 5200 60810
5200 3500 60810
5200 4500 60810
2800 3600 2
2800 4400 2
3600 2800 2
3600 5200 2
4400 2800 2
4400 5200 2
5200 3600 2
5200 4400 2
2800 3750 42309
2800 4250 42309
3750 2800 42309
3750 5200 42309
4250 2800 42309
4250 5200 42309
5200 3750 42309
5200 4250 42309
2800 3800 27724
2800 4200 27724
3800 2800 27724
3800 5200 27724
4200 2800 27724
4200 5200 27724
5200 3800 27724
5200 4200 27724
2850 3300 92223
2850 4700 92223
3300 2850 92223
3300 5150 92223
4700 2850 92223
4700 5150 92223
5150 3300 92223
5150 4700 92223
2850 3350 16224
2850 4650 16224
3350 2850 16224
3350 5150 16224
4650 2850 16224
4650 5150 16224
5150 3350 16224
5150 4650 16224
2850 3450 41966
2850 4550 41966
3450 2850 41966
3450 5150 41966
4550 2850 41966
4550 5150 41966
5150 3450 41966
5150 4550 41966
2850 3500 2
2850 4500 2
3500 2850 2
3500 5150 2
4500 2850 2
4500 5150 2
5150 3500 2
5150 4500 2
2850 3550 2
2850 4450 2
3550 2850 2
3550 5150 2
4450 2850 2
4450 5150 2
5150 3550 2
5150 4450 2
2850 3700 162703
2850 4300 162703
3700 2850 162703
3700 5150 162703
4300 2850 162703
4300 5150 162703
5150 3700 162703
5150 4300 162703
2850 3750 133359
2850 4250 133359
3750 2850 133359
3750 5150 133359
4250 2850 133359
4250 5150 133359
5150 3750 133359
5150 4250 133359
2900 3250 56006
2900 4750 56006
3250 2900 56006
3250 5100 56006
4750 2900 56006
4750 5100 56006
5100 3250 56006
5100 4750 56006
2900 3300 22501
2900 4700 22501
3300 2900 22501
3300 5100 22501
4700 2900 22501
4700 5100 22501
5100 3300 22501
5100 4700 22501
2900 3400 62378
2900 4600 62378
3400 2900 62378
3400 5100 62378
4600 2900 62378
4600 5100 62378
5100 3400 62378
5100 4600 62378
2900 3600 30222
2900 4400 30222
3600 2900 30222
3600 5100 30222
4400 2900 30222
4400 5100 30222
5100 3600 30222
5100 4400 30222
2900 3650 110444
2900 4350 110444
3650 2900 110444
3650 5100 110444
4350 2900 110444
4350 5100 110444
5100 3650 110444
5100 4350 110444
2950 2950 59684
2950 5050 59684
5050 2950 59684
5050 5050 59684
2950 3300 2
2950 4700 2
3300 2950 2
3300 5050 2
4700 2950 2
4700 5050 2
5050 3300 2
5050 4700 2
2950 3350 4062
2950 4650 4062
3350 2950 4062
3350 5050 4062
4650 2950 4062
4650 5050 4062
5050 3350 4062
5050 4650 4062
2950 3500 15532
2950 4500 15532
3500 2950 15532
3500 5050 15532
4500 2950 15532
4500 5050 15532
5050 3500 15532
5050 4500 15532
2950 3700 6991
2950 4300 6991
3700 2950 6991
3700 5050 6991
4300 2950 6991
4300 5050 6991
5050 3700 6991
5050 4300 6991
2950 3750 12130
2950 4250 12130
3750 2950 12130
3750 5050 12130
4250 2950 12130
4250 5050 12130
5050 3750 12130
5050 4250 12130
2950 3850 2
2950 4150 2
3850 2950 2
3850 5050 2
4150 2950 2
4150 5050 2
5050 3850 2
5050 4150 2
3050 3400 24758
3050 4600 24758
3400 3050 24758
3400 4950 24758
4600 3050 24758
4600 4950 24758
4950 3400 24758
4950 4600 24758
3050 3450 2
3050 4550 2
3450 3050 2
3450 4950 2
4550 3050 2
4550 4950 2
4950 3450 2
4950 4550 2
3050 3600 2
3050 4400 2
3600 3050 2
3600 4950 2
4400 3050 2
4400 4950 2
4950 3600 2
4950 4400 2
3050 3650 44073
3050 4350 44073
3650 3050 44073
3650 4950 44073
4350 3050 44073
4350 4950 44073
4950 3650 44073
4950 4350 44073
3100 3550 17685
3100 4450 17685
3550 3100 17685
3550 4900 17685
4450 3100 17685
4450 4900 17685
4900 3550 17685
4900 4450 17685
3100 3700 11834
3100 4300 11834
3700 3100 11834
3700 4900 11834
4300 3100 11834
4300 4900 11834
4900 3700 11834
4900 4300 11834
3100 3750 20931
3100 4250 20931
3750 3100 20931
3750 4900 20931
4250 3100 20931
4250 4900 20931
4900 3750 20931
4900 4250 20931
3150 3450 65245
3150 4550 65245
3450 3150 65245
3450 4850 65245
4550 3150 65245
4550 4850 65245
4850 3450 65245
4850 4550 65245
3150 3500 162832
3150 4500 162832
3500 3150 162832
3500 4850 162832
4500 3150 162832
4500 4850 162832
4850 3500 162832
4850 4500 162832
3150 3550 36402
3150 4450 36402
3550 3150 36402
3550 4850 36402
4450 3150 36402
4450 4850 36402
4850 3550 36402
4850 4450 36402
3150 3650 28525
3150 4350 28525
3650 3150 28525
3650 4850 28525
4350 3150 28525
4350 4850 28525
4850 3650 28525
4850 4350 28525
3150 3750 12501
3150 4250 12501
3750 3150 12501
3750 4850 12501
4250 3150 12501
4250 4850 12501
4850 3750 12501
4850 4250 12501
3200 3350 2
3200 4650 2
3350 3200 2
3350 4800 2
4650 3200 2
4650 4800 2
4800 3350 2
4800 4650 2
3200 3450 40836
3200 4550 40836
3450 3200 40836
3450 4800 40836
4550 3200 40836
4550 4800 40836
4800 3450 40836
4800 4550 40836
3200 3550 2
3200 4450 2
3550 3200 2
3550 4800 2
4450 3200 2
4450 4800 2
4800 3550 2
4800 4450 2
3200 3700 82601
3200 4300 82601
3700 3200 82601
3700 4800 82601
4300 3200 82601
4300 4800 82601
4800 3700 82601
4800 4300 82601
3200 3750 142513
3200 4250 142513
3750 3200 142513
3750 4800 142513
4250 3200 142513
4250 4800 142513
4800 3750 142513
4800 4250 142513
3250 3400 2
3250 4600 2
3400 3250 2
3400 4750 2
4600 3250 2
4600 4750 2
4750 3400 2
4750 4600 2
3250 3450 2
3250 4550 2
3450 3250 2
3450 4750 2
4550 3250 2
4550 4750 2
4750 3450 2
4750 4550 2
3250 3500 2
3250 4500 2
3500 3250 2
3500 4750 2
4500 3250 2
4500 4750 2
4750 3500 2
4750 4500 2
3250 3650 118879
3250 4350 118879
3650 3250 118879
3650 4750 118879
4350 3250 118879
4350 4750 118879
4750 3650 118879
4750 4350 118879
3250 3700 209607
3250 4300 209607
3700 3250 209607
3700 4750 209607
4300 3250 209607
4300 4750 209607
4750 3700 209607
4750 4300 209607
3300 3350 34422
3300 4650 34422
3350 3300 34422
3350 4700 34422
4650 3300 34422
4650 4700 34422
4700 3350 34422
4700 4650 34422
3300 3450 38443
3300 4550 38443
3450 3300 38443
3450 4700 38443
4550 3300 38443
4550 4700 38443
4700 3450 38443
4700 4550 38443
3300 3500 134963
3300 4500 134963
3500 3300 134963
3500 4700 134963
4500 3300 134963
4500 4700 134963
4700 3500 134963
4700 4500 134963
3300 3550 2
3300 4450 2
3550 3300 2
3550 4700 2
4450 3300 2
4450 4700 2
4700 3550 2
4700 4450 2
3300 3600 40872
3300 4400 40872
3600 3300 40872
3600 4700 40872
4400 3300 40872
4400 4700 40872
4700 3600 40872
4700 4400 40872
3300 3700 31968
3300 4300 31968
3700 3300 31968
3700 4700 31968
4300 3300 31968
4300 4700 31968
4700 3700 31968
4700 4300 31968
3300 3750 282229
3300 4250 282229
3750 3300 282229
3750 4700 282229
4250 3300 282229
4250 4700 282229
4700 3750 282229
4700 4250 282229
3300 3850 89600
3300 4150 89600
3850 3300 89600
3850 4700 89600
4150 3300 89600
4150 4700 89600
4700 3850 89600
4700 4150 89600
3300 3950 92612
3300 4050 92612
3950 3300 92612
3950 4700 92612
4050 3300 92612
4050 4700 92612
4700 3950 92612
4700 4050 92612
3350 3350 5769
3350 4650 5769
4650 3350 5769
4650 4650 5769
3350 3400 89092
3350 4600 89092
3400 3350 89092
3400 4650 89092
4600 3350 89092
4600 4650 89092
4650 3400 89092
4650 4600 89092
3350 3450 108254
3350 4550 108254
3450 3350 108254
3450 4650 108254
4550 3350 108254
4550 4650 108254
4650 3450 108254
4650 4550 108254
3350 3500 60172
3350 4500 60172
3500 3350 60172
3500 4650 60172
4500 3350 60172
4500 4650 60172
4650 3500 60172
4650 4500 60172
3350 3550 105570
3350 4450 105570
3550 3350 105570
3550 4650 105570
4450 3350 105570
4450 4650 105570
4650 3550 105570
4650 4450 105570
3350 3700 184427
3350 4300 184427
3700 3350 184427
3700 4650 184427
4300 3350 184427
4300 4650 184427
4650 3700 184427
4650 4300 184427
3350 3750 111220
3350 4250 111220
3750 3350 111220
3750 4650 111220
4250 3350 111220
4250 4650 111220
4650 3750 111220
4650 4250 111220
3350 3800 133024
3350 4200 133024
3800 3350 133024
3800 4650 133024
4200 3350 133024
4200 4650 133024
4650 3800 133024
4650 4200 133024
3350 3950 47480
3350 4050 47480
3950 3350 47480
3950 4650 47480
4050 3350 47480
4050 4650 47480
4650 3950 47480
4650 4050 47480
3400 3400 2
3400 4600 2
4600 3400 2
4600 4600 2
3400 3500 8277
3400 4500 8277
3500 3400 8277
3500 4600 8277
4500 3400 8277
4500 4600 8277
4600 3500 8277
4600 4500 8277
3400 3600 2
3400 4400 2
3600 3400 2
3600 4600 2
4400 3400 2
4400 4600 2
4600 3600 2
4600 4400 2
3400 3650 3218
3400 4350 3218
3650 3400 3218
3650 4600 3218
4350 3400 3218
4350 4600 3218
4600 3650 3218
4600 4350 3218
3400 3700 123733
3400 4300 123733
3700 3400 123733
3700 4600 123733
4300 3400 123733
4300 4600 123733
4600 3700 123733
4600 4300 123733
3400 3750 34027
3400 4250 34027
3750 3400 34027
3750 4600 34027
4250 3400 34027
4250 4600 34027
4600 3750 34027
4600 4250 34027
3400 3800 119444
3400 4200 119444
3800 3400 119444
3800 4600 119444
4200 3400 119444
4200 4600 119444
4600 3800 119444
4600 4200 119444
3400 3850 22390
3400 4150 22390
3850 3400 22390
3850 4600 22390
4150 3400 22390
4150 4600 22390
4600 3850 22390
4600 4150 22390
3450 3450 165644
3450 4550 165644
4550 3450 165644
4550 4550 165644
3450 3500 168500
3450 4500 168500
3500 3450 168500
3500 4550 168500
4500 3450 168500
4500 4550 168500
4550 3500 168500
4550 4500 168500
3450 3550 232740
3450 4450 232740
3550 3450 232740
3550 4550 232740
4450 3450 232740
4450 4550 232740
4550 3550 232740
4550 4450 232740
3450 3700 123895
3450 4300 123895
3700 3450 123895
3700 4550 123895
4300 3450 123895
4300 4550 123895
4550 3700 123895
4550 4300 123895
3450 3750 2
3450 4250 2
3750 3450 2
3750 4550 2
4250 3450 2
4250 4550 2
4550 3750 2
4550 4250 2
3450 3850 103698
3450 4150 103698
3850 3450 103698
3850 4550 103698
4150 3450 103698
4150 4550 103698
4550 3850 103698
4550 4150 103698
3500 3500 178112
3500 4500 178112
4500 3500 178112
4500 4500 178112
3500 3550 98069
3500 4450 98069
3550 3500 98069
3550 4500 98069
4450 3500 98069
4450 4500 98069
4500 3550 98069
4500 4450 98069
3500 3600 694
3500 4400 694
3600 3500 694
3600 4500 694
4400 3500 694
4400 4500 694
4500 3600 694
4500 4400 694
3500 3650 49705
3500 4350 49705
3650 3500 49705
3650 4500 49705
4350 3500 49705
4350 4500 49705
4500 3650 49705
4500 4350 49705
3500 3700 183920
3500 4300 183920
3700 3500 183920
3700 4500 183920
4300 3500 183920
4300 4500 183920
4500 3700 183920
4500 4300 183920
3500 3850 243469
3500 4150 243469
3850 3500 243469
3850 4500 243469
4150 3500 243469
4150 4500 243469
4500 3850 243469
4500 4150 243469
3550 3550 81330
3550 4450 81330
4450 3550 81330
4450 4450 81330
3550 3600 10247
3550 4400 10247
3600 3550 10247
3600 4450 10247
4400 3550 10247
4400 4450 10247
4450 3600 10247
4450 4400 10247
3550 3800 78790
3550 4200 78790
3800 3550 78790
3800 4450 78790
4200 3550 78790
4200 4450 78790
4450 3800 78790
4450 4200 78790
3550 3850 175283
3550 4150 175283
3850 3550 175283
3850 4450 175283
4150 3550 175283
4150 4450 175283
4450 3850 175283
4450 4150 175283
3550 3900 30957
3550 4100 30957
3900 3550 30957
3900 4450 30957
4100 3550 30957
4100 4450 30957
4450 3900 30957
4450 4100 30957
3550 3950 35938
3550 4050 35938
3950 3550 35938
3950 4450 35938
4050 3550 35938
4050 4450 35938
4450 3950 35938
4450 4050 35938
3600 3600 2
3600 4400 2
4400 3600 2
4400 4400 2
3600 3650 2
3600 4350 2
3650 3600 2
3650 4400 2
4350 3600 2
4350 4400 2
4400 3650 2
4400 4350 2
3600 3750 94177
3600 4250 94177
3750 3600 94177
3750 4400 94177
4250 3600 94177
4250 4400 94177
4400 3750 94177
4400 4250 94177
3600 3800 2
3600 4200 2
3800 3600 2
3800 4400 2
4200 3600 2
4200 4400 2
4400 3800 2
4400 4200 2
3600 3950 96468
3600 4050 96468
3950 3600 96468
3950 4400 96468
4050 3600 96468
4050 4400 96468
4400 3950 96468
4400 4050 96468
3650 3650 76136
3650 4350 76136
4350 3650 76136
4350 4350 76136
3650 3700 97287
3650 4300 97287
3700 3650 97287
3700 4350 97287
4300 3650 97287
4300 4350 97287
4350 3700 97287
4350 4300 97287
3650 3750 102196
3650 4250 102196
3750 3650 102196
3750 4350 102196
4250 3650 102196
4250 4350 102196
4350 3750 102196
4350 4250 102196
3700 3700 125038
3700 4300 125038
4300 3700 125038
4300 4300 125038
3700 3750 49977
3700 4250 49977
3750 3700 49977
3750 4300 49977
4250 3700 49977
4250 4300 49977
4300 3750 49977
4300 4250 49977
3700 3800 2
3700 4200 2
3800 3700 2
3800 4300 2
4200 3700 2
4200 4300 2
4300 3800 2
4300 4200 2
3700 3850 83432
3700 4150 83432
3850 3700 83432
3850 4300 83432
4150 3700 83432
4150 4300 83432
4300 3850 83432
4300 4150 83432
3700 3900 17814
3700 4100 17814
3900 3700 17814
3900 4300 17814
4100 3700 17814
4100 4300 17814
4300 3900 17814
4300 4100 17814
3700 3950 11675
3700 4050 11675
3950 3700 11675
3950 4300 11675
4050 3700 11675
4050 4300 11675
4300 3950 11675
4300 4050 11675
3750 3800 53997
3750 4200 53997
3800 3750 53997
3800 4250 53997
4200 3750 53997
4200 4250 53997
4250 3800 53997
4250 4200 53997
3750 3850 70532
3750 4150 70532
3850 3750 70532
3850 4250 70532
4150 3750 70532
4150 4250 70532
4250 3850 70532
4250 4150 70532
3750 3900 111251
3750 4100 111251
3900 3750 111251
3900 4250 111251
4100 3750 111251
4100 4250 111251
4250 3900 111251
4250 4100 111251
3800 3800 64086
3800 4200 64086
4200 3800 64086
4200 4200 64086
354 1996 2
354 6004 2
1996 354 2
1996 7646 2
6004 354 2
6004 7646 2
7646 1996 2
7646 6004 2
378 1996 2
378 6004 2
1996 378 2
1996 7622 2
6004 378 2
6004 7622 2
7622 1996 2
7622 6004 2
428 1997 8682
428 6003 8682
1997 428 8682
1997 7572 8682
6003 428 8682
6003 7572 8682
7572 1997 8682
7572 6003 8682
510 1997 211637
510 6003 211637
1997 510 211637
1997 7490 211637
6003 510 211637
6003 7490 211637
7490 1997 211637
7490 6003 211637
550 1992 196677
550 6008 196677
1992 550 196677
1992 7450 196677
6008 550 196677
6008 7450 196677
7450 1992 196677
7450 6008 196677
630 2855 369950
630 5145 369950
2855 630 369950
2855 7370 369950
5145 630 369950
5145 7370 369950
7370 2855 369950
7370 5145 369950
640 2858 2
640 5142 2
2858 640 2
2858 7360 2
5142 640 2
5142 7360 2
7360 2858 2
7360 5142 2
649 2871 141297
649 5129 141297
2871 649 141297
2871 7351 141297
5129 649 141297
5129 7351 141297
7351 2871 141297
7351 5129 141297
681 2754 2
681 5246 2
2754 681 2
2754 7319 2
5246 681 2
5246 7319 2
7319 2754 2
7319 5246 2
696 2730 63956
696 5270 63956
2730 696 63956
2730 7304 63956
5270 696 63956
5270 7304 63956
7304 2730 63956
7304 5270 63956
703 3322 2
703 4678 2
3322 703 2
3322 7297 2
4678 703 2
4678 7297 2
7297 3322 2
7297 4678 2
722 3331 78685
722 4669 78685
3331 722 78685
3331 7278 78685
4669 722 78685
4669 7278 78685
7278 3331 78685
7278 4669 78685
744 2317 38577
744 5683 38577
2317 744 38577
2317 7256 38577
5683 744 38577
5683 7256 38577
7256 2317 38577
7256 5683 38577
747 3240 93356
747 4760 93356
3240 747 93356
3240 7253 93356
4760 747 93356
4760 7253 93356
7253 3240 93356
7253 4760 93356
747 3760 6061
747 4240 6061
3760 747 6061
3760 7253 6061
4240 747 6061
4240 7253 6061
7253 3760 6061
7253 4240 6061
756 2647 55197
756 5353 55197
2647 756 55197
2647 7244 55197
5353 756 55197
5353 7244 55197
7244 2647 55197
7244 5353 55197
761 2588 128150
761 5412 128150
2588 761 128150
2588 7239 128150
5412 761 128150
5412 7239 128150
7239 2588 128150
7239 5412 128150
766 3314 63565
766 4686 63565
3314 766 63565
3314 7234 63565
4686 766 63565
4686 7234 63565
7234 3314 63565
7234 4686 63565
766 3686 116667
766 4314 116667
3686 766 116667
3686 7234 116667
4314 766 116667
4314 7234 116667
7234 3686 116667
7234 4314 116667
770 2570 185195
770 5430 185195
2570 770 185195
2570 7230 185195
5430 770 185195
5430 7230 185195
7230 2570 185195
7230 5430 185195
770 3390 24320
770 4610 24320
3390 770 24320
3390 7230 24320
4610 770 24320
4610 7230 24320
7230 3390 24320
7230 4610 24320
770 3610 2
770 4390 2
3610 770 2
3610 7230 2
4390 770 2
4390 7230 2
7230 3610 2
7230 4390 2
776 2675 115342
776 5325 115342
2675 776 115342
2675 7224 115342
5325 776 115342
5325 7224 115342
7224 2675 115342
7224 5325 115342
778 3641 2
778 4359 2
3641 778 2
3641 7222 2
4359 778 2
4359 7222 2
7222 3641 2
7222 4359 2
779 3640 112426
779 4360 112426
3640 779 112426
3640 7221 112426
4360 779 112426
4360 7221 112426
7221 3640 112426
7221 4360 112426
786 2606 2
786 5394 2
2606 786 2
2606 7214 2
5394 786 2
5394 7214 2
7214 2606 2
7214 5394 2
786 2644 8625
786 5356 8625
2644 786 8625
2644 7214 8625
5356 786 8625
5356 7214 8625
7214 2644 8625
7214 5356 8625
787 2345 2
787 5655 2
2345 787 2
2345 7213 2
5655 787 2
5655 7213 2
7213 2345 2
7213 5655 2
790 2570 2
790 5430 2
2570 790 2
2570 7210 2
5430 790 2
5430 7210 2
7210 2570 2
7210 5430 2
790 3336 122330
790 4664 122330
3336 790 122330
3336 7210 122330
4664 790 122330
4664 7210 122330
7210 3336 122330
7210 4664 122330
790 3664 47902
790 4336 47902
3664 790 47902
3664 7210 47902
4336 790 47902
4336 7210 47902
7210 3664 47902
7210 4336 47902
792 2318 2
792 5682 2
2318 792 2
2318 7208 2
5682 792 2
5682 7208 2
7208 2318 2
7208 5682 2
795 3334 28721
795 4666 28721
3334 795 28721
3334 7205 28721
4666 795 28721
4666 7205 28721
7205 3334 28721
7205 4666 28721
795 3345 37064
795 4655 37064
3345 795 37064
3345 7205 37064
4655 795 37064
4655 7205 37064
7205 3345 37064
7205 4655 37064
795 3655 2
795 4345 2
3655 795 2
3655 7205 2
4345 795 2
4345 7205 2
7205 3655 2
7205 4345 2
795 3666 33285
795 4334 33285
3666 795 33285
3666 7205 33285
4334 795 33285
4334 7205 33285
7205 3666 33285
7205 4334 33285
797 2369 25935
797 5631 25935
2369 797 25935
2369 7203 25935
5631 797 25935
5631 7203 25935
7203 2369 25935
7203 5631 25935
797 2421 68157
797 5579 68157
2421 797 68157
2421 7203 68157
5579 797 68157
5579 7203 68157
7203 2421 68157
7203 5579 68157
798 2507 42613
798 5493 42613
2507 798 42613
2507 7202 42613
5493 798 42613
5493 7202 42613
7202 2507 42613
7202 5493 42613
800 2614 34752
800 5386 34752
2614 800 34752
2614 7200 34752
5386 800 34752
5386 7200 34752
7200 2614 34752
7200 5386 34752
800 2668 2
800 5332 2
2668 800 2
2668 7200 2
5332 800 2
5332 7200 2
7200 2668 2
7200 5332 2
800 2672 2
800 5328 2
2672 800 2
2672 7200 2
5328 800 2
5328 7200 2
7200 2672 2
7200 5328 2
801 3563 30016
801 4437 30016
3563 801 30016
3563 7199 30016
4437 801 30016
4437 7199 30016
7199 3563 30016
7199 4437 30016
802 2306 23434
802 5694 23434
2306 802 23434
2306 7198 23434
5694 802 23434
5694 7198 23434
7198 2306 23434
7198 5694 23434
802 2646 2
802 5354 2
2646 802 2
2646 7198 2
5354 802 2
5354 7198 2
7198 2646 2
7198 5354 2
802 3369 10744
802 4631 10744
3369 802 10744
3369 7198 10744
4631 802 10744
4631 7198 10744
7198 3369 10744
7198 4631 10744
803 2675 200811
803 5325 200811
2675 803 200811
2675 7197 200811
5325 803 200811
5325 7197 200811
7197 2675 200811
7197 5325 200811
804 3352 179949
804 4648 179949
3352 804 179949
3352 7196 179949
4648 804 179949
4648 7196 179949
7196 3352 179949
7196 4648 179949
804 3601 24751
804 4399 24751
3601 804 24751
3601 7196 24751
4399 804 24751
4399 7196 24751
7196 3601 24751
7196 4399 24751
804 3648 8662
804 4352 8662
3648 804 8662
3648 7196 8662
4352 804 8662
4352 7196 8662
7196 3648 8662
7196 4352 8662
808 2534 117539
808 5466 117539
2534 808 117539
2534 7192 117539
5466 808 117539
5466 7192 117539
7192 2534 117539
7192 5466 117539
810 3301 71116
810 4699 71116
3301 810 71116
3301 7190 71116
4699 810 71116
4699 7190 71116
7190 3301 71116
7190 4699 71116
810 3309 2
810 4691 2
3309 810 2
3309 7190 2
4691 810 2
4691 7190 2
7190 3309 2
7190 4691 2
810 3691 132960
810 4309 132960
3691 810 132960
3691 7190 132960
4309 810 132960
4309 7190 132960
7190 3691 132960
7190 4309 132960
810 3699 2
810 4301 2
3699 810 2
3699 7190 2
4301 810 2
4301 7190 2
7190 3699 2
7190 4301 2
811 2686 86817
811 5314 86817
2686 811 86817
2686 7189 86817
5314 811 86817
5314 7189 86817
7189 2686 86817
7189 5314 86817
812 2359 244313
812 5641 244313
2359 812 244313
2359 7188 244313
5641 812 244313
5641 7188 244313
7188 2359 244313
7188 5641 244313
812 3283 98795
812 4717 98795
3283 812 98795
3283 7188 98795
4717 812 98795
4717 7188 98795
7188 3283 98795
7188 4717 98795
812 3304 48977
812 4696 48977
3304 812 48977
3304 7188 48977
4696 812 48977
4696 7188 48977
7188 3304 48977
7188 4696 48977
812 3573 4384
812 4427 4384
3573 812 4384
3573 7188 4384
4427 812 4384
4427 7188 4384
7188 3573 4384
7188 4427 4384
812 3696 210904
812 4304 210904
3696 812 210904
3696 7188 210904
4304 812 210904
4304 7188 210904
7188 3696 210904
7188 4304 210904
815 2299 182766
815 5701 182766
2299 815 182766
2299 7185 182766
5701 815 182766
5701 7185 182766
7185 2299 182766
7185 5701 182766
815 2644 210322
815 5356 210322
2644 815 210322
2644 7185 210322
5356 815 210322
5356 7185 210322
7185 2644 210322
7185 5356 210322
815 2690 84572
815 5310 84572
2690 815 84572
2690 7185 84572
5310 815 84572
5310 7185 84572
7185 2690 84572
7185 5310 84572
817 3266 2
817 4734 2
3266 817 2
3266 7183 2
4734 817 2
4734 7183 2
7183 3266 2
7183 4734 2
817 3495 151283
817 4505 151283
3495 817 151283
3495 7183 151283
4505 817 151283
4505 7183 151283
7183 3495 151283
7183 4505 151283
817 3505 114705
817 4495 114705
3505 817 114705
3505 7183 114705
4495 817 114705
4495 7183 114705
7183 3505 114705
7183 4495 114705
817 3734 192051
817 4266 192051
3734 817 192051
3734 7183 192051
4266 817 192051
4266 7183 192051
7183 3734 192051
7183 4266 192051
819 2265 5098
819 5735 5098
2265 819 5098
2265 7181 5098
5735 819 5098
5735 7181 5098
7181 2265 5098
7181 5735 5098
819 2337 1591
819 5663 1591
2337 819 1591
2337 7181 1591
5663 819 1591
5663 7181 1591
7181 2337 1591
7181 5663 1591
819 2539 2
819 5461 2
2539 819 2
2539 7181 2
5461 819 2
5461 7181 2
7181 2539 2
7181 5461 2
819 2708 83935
819 5292 83935
2708 819 83935
2708 7181 83935
5292 819 83935
5292 7181 83935
7181 2708 83935
7181 5292 83935
820 2266 5270
820 5734 5270
2266 820 5270
2266 7180 5270
5734 820 5270
5734 7180 5270
7180 2266 5270
7180 5734 5270
820 2280 227679
820 5720 227679
2280 820 227679
2280 7180 227679
5720 820 227679
5720 7180 227679
7180 2280 227679
7180 5720 227679
825 2761 2
825 5239 2
2761 825 2
2761 7175 2
5239 825 2
5239 7175 2
7175 2761 2
7175 5239 2
827 2433 68534
827 5567 68534
2433 827 68534
2433 7173 68534
5567 827 68534
5567 7173 68534
7173 2433 68534
7173 5567 68534
828 2523 2
828 5477 2
2523 828 2
2523 7172 2
5477 828 2
5477 7172 2
7172 2523 2
7172 5477 2
828 2671 17152
828 5329 17152
2671 828 17152
2671 7172 17152
5329 828 17152
5329 7172 17152
7172 2671 17152
7172 5329 17152
829 1640 48279
829 6360 48279
1640 829 48279
1640 7171 48279
6360 829 48279
6360 7171 48279
7171 1640 48279
7171 6360 48279
829 2309 124601
829 5691 124601
2309 829 124601
2309 7171 124601
5691 829 124601
5691 7171 124601
7171 2309 124601
7171 5691 124601
830 2522 75940
830 5478 75940
2522 830 75940
2522 7170 75940
5478 830 75940
5478 7170 75940
7170 2522 75940
7170 5478 75940
830 3470 2
830 4530 2
3470 830 2
3470 7170 2
4530 830 2
4530 7170 2
7170 3470 2
7170 4530 2
830 3530 2
830 4470 2
3530 830 2
3530 7170 2
4470 830 2
4470 7170 2
7170 3530 2
7170 4470 2
831 2392 137592
831 5608 137592
2392 831 137592
2392 7169 137592
5608 831 137592
5608 7169 137592
7169 2392 137592
7169 5608 137592
831 2735 51119
831 5265 51119
2735 831 51119
2735 7169 51119
5265 831 51119
5265 7169 51119
7169 2735 51119
7169 5265 51119
832 1643 70892
832 6357 70892
1643 832 70892
1643 7168 70892
6357 832 70892
6357 7168 70892
7168 1643 70892
7168 6357 70892
832 2789 2
832 5211 2
2789 832 2
2789 7168 2
5211 832 2
5211 7168 2
7168 2789 2
7168 5211 2
833 2479 32048
833 5521 32048
2479 833 32048
2479 7167 32048
5521 833 32048
5521 7167 32048
7167 2479 32048
7167 5521 32048
834 2491 107060
834 5509 107060
2491 834 107060
2491 7166 107060
5509 834 107060
5509 7166 107060
7166 2491 107060
7166 5509 107060
834 3451 52106
834 4549 52106
3451 834 52106
3451 7166 52106
4549 834 52106
4549 7166 52106
7166 3451 52106
7166 4549 52106
834 3549 35362
834 4451 35362
3549 834 35362
3549 7166 35362
4451 834 35362
4451 7166 35362
7166 3549 35362
7166 4451 35362
836 2381 175026
836 5619 175026
2381 836 175026
2381 7164 175026
5619 836 175026
5619 7164 175026
7164 2381 175026
7164 5619 175026
837 2718 37096
837 5282 37096
2718 837 37096
2718 7163 37096
5282 837 37096
5282 7163 37096
7163 2718 37096
7163 5282 37096
838 3335 75992
838 4665 75992
3335 838 75992
3335 7162 75992
4665 838 75992
4665 7162 75992
7162 3335 75992
7162 4665 75992
838 3665 102816
838 4335 102816
3665 838 102816
3665 7162 102816
4335 838 102816
4335 7162 102816
7162 3665 102816
7162 4335 102816
839 2309 163502
839 5691 163502
2309 839 163502
2309 7161 163502
5691 839 163502
5691 7161 163502
7161 2309 163502
7161 5691 163502
839 2687 229216
839 5313 229216
2687 839 229216
2687 7161 229216
5313 839 229216
5313 7161 229216
7161 2687 229216
7161 5313 229216
840 2436 228332
840 5564 228332
2436 840 228332
2436 7160 228332
5564 840 228332
5564 7160 228332
7160 2436 228332
7160 5564 228332
841 2723 96442
841 5277 96442
2723 841 96442
2723 7159 96442
5277 841 96442
5277 7159 96442
7159 2723 96442
7159 5277 96442
842 3500 75107
842 4500 75107
3500 842 75107
3500 7158 75107
4500 842 75107
4500 7158 75107
7158 3500 75107
7158 4500 75107
842 3607 23185
842 4393 23185
3607 842 23185
3607 7158 23185
4393 842 23185
4393 7158 23185
7158 3607 23185
7158 4393 23185
843 2510 175562
843 5490 175562
2510 843 175562
2510 7157 175562
5490 843 175562
5490 7157 175562
7157 2510 175562
7157 5490 175562
845 2360 145252
845 5640 145252
2360 845 145252
2360 7155 145252
5640 845 145252
5640 7155 145252
7155 2360 145252
7155 5640 145252
845 2464 171298
845 5536 171298
2464 845 171298
2464 7155 171298
5536 845 171298
5536 7155 171298
7155 2464 171298
7155 5536 171298
845 2556 23664
845 5444 23664
2556 845 23664
2556 7155 23664
5444 845 23664
5444 7155 23664
7155 2556 23664
7155 5444 23664
845 2580 2
845 5420 2
2580 845 2
2580 7155 2
5420 845 2
5420 7155 2
7155 2580 2
7155 5420 2
846 1653 41638
846 6347 41638
1653 846 41638
1653 7154 41638
6347 846 41638
6347 7154 41638
7154 1653 41638
7154 6347 41638
847 1667 2
847 6333 2
1667 847 2
1667 7153 2
6333 847 2
6333 7153 2
7153 1667 2
7153 6333 2
847 2621 248328
847 5379 248328
2621 847 248328
2621 7153 248328
5379 847 248328
5379 7153 248328
7153 2621 248328
7153 5379 248328
848 3312 10781
848 4688 10781
3312 848 10781
3312 7152 10781
4688 848 10781
4688 7152 10781
7152 3312 10781
7152 4688 10781
848 3688 49543
848 4312 49543
3688 848 49543
3688 7152 49543
4312 848 49543
4312 7152 49543
7152 3688 49543
7152 4312 49543
849 2686 127876
849 5314 127876
2686 849 127876
2686 7151 127876
5314 849 127876
5314 7151 127876
7151 2686 127876
7151 5314 127876
850 2404 9319
850 5596 9319
2404 850 9319
2404 7150 9319
5596 850 9319
5596 7150 9319
7150 2404 9319
7150 5596 9319
850 2491 196864
850 5509 196864
2491 850 196864
2491 7150 196864
5509 850 196864
5509 7150 196864
7150 2491 196864
7150 5509 196864
850 2709 209629
850 5291 209629
2709 850 209629
2709 7150 209629
5291 850 209629
5291 7150 209629
7150 2709 209629
7150 5291 209629
850 3491 67773
850 4509 67773
3491 850 67773
3491 7150 67773
4509 850 67773
4509 7150 67773
7150 3491 67773
7150 4509 67773
850 3509 2
850 4491 2
3509 850 2
3509 7150 2
4491 850 2
4491 7150 2
7150 3509 2
7150 4491 2
851 1605 216048
851 6395 216048
1605 851 216048
1605 7149 216048
6395 851 216048
6395 7149 216048
7149 1605 216048
7149 6395 216048
851 2462 2
851 5538 2
2462 851 2
2462 7149 2
5538 851 2
5538 7149 2
7149 2462 2
7149 5538 2
851 2472 91678
851 5528 91678
2472 851 91678
2472 7149 91678
5528 851 91678
5528 7149 91678
7149 2472 91678
7149 5528 91678
852 2447 2
852 5553 2
2447 852 2
2447 7148 2
5553 852 2
5553 7148 2
7148 2447 2
7148 5553 2
853 3306 246014
853 4694 246014
3306 853 246014
3306 7147 246014
4694 853 246014
4694 7147 246014
7147 3306 246014
7147 4694 246014
853 3694 794
853 4306 794
3694 853 794
3694 7147 794
4306 853 794
4306 7147 794
7147 3694 794
7147 4306 794
854 1676 39366
854 6324 39366
1676 854 39366
1676 7146 39366
6324 854 39366
6324 7146 39366
7146 1676 39366
7146 6324 39366
854 2335 2
854 5665 2
2335 854 2
2335 7146 2
5665 854 2
5665 7146 2
7146 2335 2
7146 5665 2
854 2598 2
854 5402 2
2598 854 2
2598 7146 2
5402 854 2
5402 7146 2
7146 2598 2
7146 5402 2
854 3446 242390
854 4554 242390
3446 854 242390
3446 7146 242390
4554 854 242390
4554 7146 242390
7146 3446 242390
7146 4554 242390
854 3469 113620
854 4531 113620
3469 854 113620
3469 7146 113620
4531 854 113620
4531 7146 113620
7146 3469 113620
7146 4531 113620
854 3531 100118
854 4469 100118
3531 854 100118
3531 7146 100118
4469 854 100118
4469 7146 100118
7146 3531 100118
7146 4469 100118
854 3554 127434
854 4446 127434
3554 854 127434
3554 7146 127434
4446 854 127434
4446 7146 127434
7146 3554 127434
7146 4446 127434
854 3665 48874
854 4335 48874
3665 854 48874
3665 7146 48874
4335 854 48874
4335 7146 48874
7146 3665 48874
7146 4335 48874
856 2771 174446
856 5229 174446
2771 856 174446
2771 7144 174446
5229 856 174446
5229 7144 174446
7144 2771 174446
7144 5229 174446
857 2390 2
857 5610 2
2390 857 2
2390 7143 2
5610 857 2
5610 7143 2
7143 2390 2
7143 5610 2
859 3410 65913
859 4590 65913
3410 859 65913
3410 7141 65913
4590 859 65913
4590 7141 65913
7141 3410 65913
7141 4590 65913
859 3590 64880
859 4410 64880
3590 859 64880
3590 7141 64880
4410 859 64880
4410 7141 64880
7141 3590 64880
7141 4410 64880
860 2689 265280
860 5311 265280
2689 860 265280
2689 7140 265280
5311 860 265280
5311 7140 265280
7140 2689 265280
7140 5311 265280
861 2331 2
861 5669 2
2331 861 2
2331 7139 2
5669 861 2
5669 7139 2
7139 2331 2
7139 5669 2
861 2337 2
861 5663 2
2337 861 2
2337 7139 2
5663 861 2
5663 7139 2
7139 2337 2
7139 5663 2
862 2379 109809
862 5621 109809
2379 862 109809
2379 7138 109809
5621 862 109809
5621 7138 109809
7138 2379 109809
7138 5621 109809
862 3637 43515
862 4363 43515
3637 862 43515
3637 7138 43515
4363 862 43515
4363 7138 43515
7138 3637 43515
7138 4363 43515
863 1524 261469
863 6476 261469
1524 863 261469
1524 7137 261469
6476 863 261469
6476 7137 261469
7137 1524 261469
7137 6476 261469
863 1584 58693
863 6416 58693
1584 863 58693
1584 7137 58693
6416 863 58693
6416 7137 58693
7137 1584 58693
7137 6416 58693
863 2371 2
863 5629 2
2371 863 2
2371 7137 2
5629 863 2
5629 7137 2
7137 2371 2
7137 5629 2
864 2438 7392
864 5562 7392
2438 864 7392
2438 7136 7392
5562 864 7392
5562 7136 7392
7136 2438 7392
7136 5562 7392
865 1476 127243
865 6524 127243
1476 865 127243
1476 7135 127243
6524 865 127243
6524 7135 127243
7135 1476 127243
7135 6524 127243
865 1538 2
865 6462 2
1538 865 2
1538 7135 2
6462 865 2
6462 7135 2
7135 1538 2
7135 6462 2
866 3617 333511
866 4383 333511
3617 866 333511
3617 7134 333511
4383 866 333511
4383 7134 333511
7134 3617 333511
7134 4383 333511
868 2314 59506
868 5686 59506
2314 868 59506
2314 7132 59506
5686 868 59506
5686 7132 59506
7132 2314 59506
7132 5686 59506
868 3249 15378
868 4751 15378
3249 868 15378
3249 7132 15378
4751 868 15378
4751 7132 15378
7132 3249 15378
7132 4751 15378
868 3413 42255
868 4587 42255
3413 868 42255
3413 7132 42255
4587 868 42255
4587 7132 42255
7132 3413 42255
7132 4587 42255
868 3751 2
868 4249 2
3751 868 2
3751 7132 2
4249 868 2
4249 7132 2
7132 3751 2
7132 4249 2
869 2527 76703
869 5473 76703
2527 869 76703
2527 7131 76703
5473 869 76703
5473 7131 76703
7131 2527 76703
7131 5473 76703
869 2560 2
869 5440 2
2560 869 2
2560 7131 2
5440 869 2
5440 7131 2
7131 2560 2
7131 5440 2
869 3649 29003
869 4351 29003
3649 869 29003
3649 7131 29003
4351 869 29003
4351 7131 29003
7131 3649 29003
7131 4351 29003
870 2489 74590
870 5511 74590
2489 870 74590
2489 7130 74590
5511 870 74590
5511 7130 74590
7130 2489 74590
7130 5511 74590
870 2727 2
870 5273 2
2727 870 2
2727 7130 2
5273 870 2
5273 7130 2
7130 2727 2
7130 5273 2
870 3269 156427
870 4731 156427
3269 870 156427
3269 7130 156427
4731 870 156427
4731 7130 156427
7130 3269 156427
7130 4731 156427
870 3452 12475
870 4548 12475
3452 870 12475
3452 7130 12475
4548 870 12475
4548 7130 12475
7130 3452 12475
7130 4548 12475
870 3731 94526
870 4269 94526
3731 870 94526
3731 7130 94526
4269 870 94526
4269 7130 94526
7130 3731 94526
7130 4269 94526
871 1517 2
871 6483 2
1517 871 2
1517 7129 2
6483 871 2
6483 7129 2
7129 1517 2
7129 6483 2
871 2728 2
871 5272 2
2728 871 2
2728 7129 2
5272 871 2
5272 7129 2
7129 2728 2
7129 5272 2
872 1674 56027
872 6326 56027
1674 872 56027
1674 7128 56027
6326 872 56027
6326 7128 56027
7128 1674 56027
7128 6326 56027
872 2302 2
872 5698 2
2302 872 2
2302 7128 2
5698 872 2
5698 7128 2
7128 2302 2
7128 5698 2
872 3321 141197
872 4679 141197
3321 872 141197
3321 7128 141197
4679 872 141197
4679 7128 141197
7128 3321 141197
7128 4679 141197
872 3679 9776
872 4321 9776
3679 872 9776
3679 7128 9776
4321 872 9776
4321 7128 9776
7128 3679 9776
7128 4321 9776
873 2586 25035
873 5414 25035
2586 873 25035
2586 7127 25035
5414 873 25035
5414 7127 25035
7127 2586 25035
7127 5414 25035
877 1654 2
877 6346 2
1654 877 2
1654 7123 2
6346 877 2
6346 7123 2
7123 1654 2
7123 6346 2
877 2239 74403
877 5761 74403
2239 877 74403
2239 7123 74403
5761 877 74403
5761 7123 74403
7123 2239 74403
7123 5761 74403
877 2240 68256
877 5760 68256
2240 877 68256
2240 7123 68256
5760 877 68256
5760 7123 68256
7123 2240 68256
7123 5760 68256
878 1602 10846
878 6398 10846
1602 878 10846
1602 7122 10846
6398 878 10846
6398 7122 10846
7122 1602 10846
7122 6398 10846
878 3306 33349
878 4694 33349
3306 878 33349
3306 7122 33349
4694 878 33349
4694 7122 33349
7122 3306 33349
7122 4694 33349
878 3500 104565
878 4500 104565
3500 878 104565
3500 7122 104565
4500 878 104565
4500 7122 104565
7122 3500 104565
7122 4500 104565
878 3694 18449
878 4306 18449
3694 878 18449
3694 7122 18449
4306 878 18449
4306 7122 18449
7122 3694 18449
7122 4306 18449
879 2219 50772
879 5781 50772
2219 879 50772
2219 7121 50772
5781 879 50772
5781 7121 50772
7121 2219 50772
7121 5781 50772
879 2639 116336
879 5361 116336
2639 879 116336
2639 7121 116336
5361 879 116336
5361 7121 116336
7121 2639 116336
7121 5361 116336
880 2229 11897
880 5771 11897
2229 880 11897
2229 7120 11897
5771 880 11897
5771 7120 11897
7120 2229 11897
7120 5771 11897
881 3600 255777
881 4400 255777
3600 881 255777
3600 7119 255777
4400 881 255777
4400 7119 255777
7119 3600 255777
7119 4400 255777
881 3711 38915
881 4289 38915
3711 881 38915
3711 7119 38915
4289 881 38915
4289 7119 38915
7119 3711 38915
7119 4289 38915
883 1458 2
883 6542 2
1458 883 2
1458 7117 2
6542 883 2
6542 7117 2
7117 1458 2
7117 6542 2
884 2300 2
884 5700 2
2300 884 2
2300 7116 2
5700 884 2
5700 7116 2
7116 2300 2
7116 5700 2
885 2609 10624
885 5391 10624
2609 885 10624
2609 7115 10624
5391 885 10624
5391 7115 10624
7115 2609 10624
7115 5391 10624
889 1602 83442
889 6398 83442
1602 889 83442
1602 7111 83442
6398 889 83442
6398 7111 83442
7111 1602 83442
7111 6398 83442
889 2261 52027
889 5739 52027
2261 889 52027
2261 7111 52027
5739 889 52027
5739 7111 52027
7111 2261 52027
7111 5739 52027
889 2340 34327
889 5660 34327
2340 889 34327
2340 7111 34327
5660 889 34327
5660 7111 34327
7111 2340 34327
7111 5660 34327
890 1479 114668
890 6521 114668
1479 890 114668
1479 7110 114668
6521 890 114668
6521 7110 114668
7110 1479 114668
7110 6521 114668
890 1506 31177
890 6494 31177
1506 890 31177
1506 7110 31177
6494 890 31177
6494 7110 31177
7110 1506 31177
7110 6494 31177
890 2340 43813
890 5660 43813
2340 890 43813
2340 7110 43813
5660 890 43813
5660 7110 43813
7110 2340 43813
7110 5660 43813
890 2697 20439
890 5303 20439
2697 890 20439
2697 7110 20439
5303 890 20439
5303 7110 20439
7110 2697 20439
7110 5303 20439
890 3246 2
890 4754 2
3246 890 2
3246 7110 2
4754 890 2
4754 7110 2
7110 3246 2
7110 4754 2
891 1603 503445
891 6397 503445
1603 891 503445
1603 7109 503445
6397 891 503445
6397 7109 503445
7109 1603 503445
7109 6397 503445
891 3419 56424
891 4581 56424
3419 891 56424
3419 7109 56424
4581 891 56424
4581 7109 56424
7109 3419 56424
7109 4581 56424
892 1480 117991
892 6520 117991
1480 892 117991
1480 7108 117991
6520 892 117991
6520 7108 117991
7108 1480 117991
7108 6520 117991
893 3373 115162
893 4627 115162
3373 893 115162
3373 7107 115162
4627 893 115162
4627 7107 115162
7107 3373 115162
7107 4627 115162
894 1441 28345
894 6559 28345
1441 894 28345
1441 7106 28345
6559 894 28345
6559 7106 28345
7106 1441 28345
7106 6559 28345
895 2609 10418
895 5391 10418
2609 895 10418
2609 7105 10418
5391 895 10418
5391 7105 10418
7105 2609 10418
7105 5391 10418
895 3391 56352
895 4609 56352
3391 895 56352
3391 7105 56352
4609 895 56352
4609 7105 56352
7105 3391 56352
7105 4609 56352
895 3500 19175
895 4500 19175
3500 895 19175
3500 7105 19175
4500 895 19175
4500 7105 19175
7105 3500 19175
7105 4500 19175
895 3609 131549
895 4391 131549
3609 895 131549
3609 7105 131549
4391 895 131549
4391 7105 131549
7105 3609 131549
7105 4391 131549
896 1485 170672
896 6515 170672
1485 896 170672
1485 7104 170672
6515 896 170672
6515 7104 170672
7104 1485 170672
7104 6515 170672
896 1511 93143
896 6489 93143
1511 896 93143
1511 7104 93143
6489 896 93143
6489 7104 93143
7104 1511 93143
7104 6489 93143
896 1520 205531
896 6480 205531
1520 896 205531
1520 7104 205531
6480 896 205531
6480 7104 205531
7104 1520 205531
7104 6480 205531
896 1590 10161
896 6410 10161
1590 896 10161
1590 7104 10161
6410 896 10161
6410 7104 10161
7104 1590 10161
7104 6410 10161
898 2502 69133
898 5498 69133
2502 898 69133
2502 7102 69133
5498 898 69133
5498 7102 69133
7102 2502 69133
7102 5498 69133
899 1626 23039
899 6374 23039
1626 899 23039
1626 7101 23039
6374 899 23039
6374 7101 23039
7101 1626 23039
7101 6374 23039
899 2524 75699
899 5476 75699
2524 899 75699
2524 7101 75699
5476 899 75699
5476 7101 75699
7101 2524 75699
7101 5476 75699
899 2747 8583
899 5253 8583
2747 899 8583
2747 7101 8583
5253 899 8583
5253 7101 8583
7101 2747 8583
7101 5253 8583
900 2393 2
900 5607 2
2393 900 2
2393 7100 2
5607 900 2
5607 7100 2
7100 2393 2
7100 5607 2
900 2437 159188
900 5563 159188
2437 900 159188
2437 7100 159188
5563 900 159188
5563 7100 159188
7100 2437 159188
7100 5563 159188
900 2607 74804
900 5393 74804
2607 900 74804
2607 7100 74804
5393 900 74804
5393 7100 74804
7100 2607 74804
7100 5393 74804
900 3340 193328
900 4660 193328
3340 900 193328
3340 7100 193328
4660 900 193328
4660 7100 193328
7100 3340 193328
7100 4660 193328
900 3465 26280
900 4535 26280
3465 900 26280
3465 7100 26280
4535 900 26280
4535 7100 26280
7100 3465 26280
7100 4535 26280
900 3498 40202
900 4502 40202
3498 900 40202
3498 7100 40202
4502 900 40202
4502 7100 40202
7100 3498 40202
7100 4502 40202
900 3502 43608
900 4498 43608
3502 900 43608
3502 7100 43608
4498 900 43608
4498 7100 43608
7100 3502 43608
7100 4498 43608
900 3535 126123
900 4465 126123
3535 900 126123
3535 7100 126123
4465 900 126123
4465 7100 126123
7100 3535 126123
7100 4465 126123
900 3660 152279
900 4340 152279
3660 900 152279
3660 7100 152279
4340 900 152279
4340 7100 152279
7100 3660 152279
7100 4340 152279
900 3786 52644
900 4214 52644
3786 900 52644
3786 7100 52644
4214 900 52644
4214 7100 52644
7100 3786 52644
7100 4214 52644
901 1425 107198
901 6575 107198
1425 901 107198
1425 7099 107198
6575 901 107198
6575 7099 107198
7099 1425 107198
7099 6575 107198
901 1561 40630
901 6439 40630
1561 901 40630
1561 7099 40630
6439 901 40630
6439 7099 40630
7099 1561 40630
7099 6439 40630
901 1588 85108
901 6412 85108
1588 901 85108
1588 7099 85108
6412 901 85108
6412 7099 85108
7099 1588 85108
7099 6412 85108
901 1629 45667
901 6371 45667
1629 901 45667
1629 7099 45667
6371 901 45667
6371 7099 45667
7099 1629 45667
7099 6371 45667
901 2661 43965
901 5339 43965
2661 901 43965
2661 7099 43965
5339 901 43965
5339 7099 43965
7099 2661 43965
7099 5339 43965
901 2714 80498
901 5286 80498
2714 901 80498
2714 7099 80498
5286 901 80498
5286 7099 80498
7099 2714 80498
7099 5286 80498
901 3791 207257
901 4209 207257
3791 901 207257
3791 7099 207257
4209 901 207257
4209 7099 207257
7099 3791 207257
7099 4209 207257
902 2471 135370
902 5529 135370
2471 902 135370
2471 7098 135370
5529 902 135370
5529 7098 135370
7098 2471 135370
7098 5529 135370
903 2219 2
903 5781 2
2219 903 2
2219 7097 2
5781 903 2
5781 7097 2
7097 2219 2
7097 5781 2
903 2579 130957
903 5421 130957
2579 903 130957
2579 7097 130957
5421 903 130957
5421 7097 130957
7097 2579 130957
7097 5421 130957
904 1633 219404
904 6367 219404
1633 904 219404
1633 7096 219404
6367 904 219404
6367 7096 219404
7096 1633 219404
7096 6367 219404
904 2517 105775
904 5483 105775
2517 904 105775
2517 7096 105775
5483 904 105775
5483 7096 105775
7096 2517 105775
7096 5483 105775
905 1614 67314
905 6386 67314
1614 905 67314
1614 7095 67314
6386 905 67314
6386 7095 67314
7095 1614 67314
7095 6386 67314
906 1444 52948
906 6556 52948
1444 906 52948
1444 7094 52948
6556 906 52948
6556 7094 52948
7094 1444 52948
7094 6556 52948
906 1468 49674
906 6532 49674
1468 906 49674
1468 7094 49674
6532 906 49674
6532 7094 49674
7094 1468 49674
7094 6532 49674
906 1480 26612
906 6520 26612
1480 906 26612
1480 7094 26612
6520 906 26612
6520 7094 26612
7094 1480 26612
7094 6520 26612
907 1674 408078
907 6326 408078
1674 907 408078
1674 7093 408078
6326 907 408078
6326 7093 408078
7093 1674 408078
7093 6326 408078
907 2234 57176
907 5766 57176
2234 907 57176
2234 7093 57176
5766 907 57176
5766 7093 57176
7093 2234 57176
7093 5766 57176
907 2447 72176
907 5553 72176
2447 907 72176
2447 7093 72176
5553 907 72176
5553 7093 72176
7093 2447 72176
7093 5553 72176
907 2627 71729
907 5373 71729
2627 907 71729
2627 7093 71729
5373 907 71729
5373 7093 71729
7093 2627 71729
7093 5373 71729
907 3263 215243
907 4737 215243
3263 907 215243
3263 7093 215243
4737 907 215243
4737 7093 215243
7093 3263 215243
7093 4737 215243
907 3416 21503
907 4584 21503
3416 907 21503
3416 7093 21503
4584 907 21503
4584 7093 21503
7093 3416 21503
7093 4584 21503
907 3447 2
907 4553 2
3447 907 2
3447 7093 2
4553 907 2
4553 7093 2
7093 3447 2
7093 4553 2
907 3553 39103
907 4447 39103
3553 907 39103
3553 7093 39103
4447 907 39103
4447 7093 39103
7093 3553 39103
7093 4447 39103
907 3584 212872
907 4416 212872
3584 907 212872
3584 7093 212872
4416 907 212872
4416 7093 212872
7093 3584 212872
7093 4416 212872
907 3737 80220
907 4263 80220
3737 907 80220
3737 7093 80220
4263 907 80220
4263 7093 80220
7093 3737 80220
7093 4263 80220
908 2556 167840
908 5444 167840
2556 908 167840
2556 7092 167840
5444 908 167840
5444 7092 167840
7092 2556 167840
7092 5444 167840
908 3777 59430
908 4223 59430
3777 908 59430
3777 7092 59430
4223 908 59430
4223 7092 59430
7092 3777 59430
7092 4223 59430
909 1569 247686
909 6431 247686
1569 909 247686
1569 7091 247686
6431 909 247686
6431 7091 247686
7091 1569 247686
7091 6431 247686
909 1582 12954
909 6418 12954
1582 909 12954
1582 7091 12954
6418 909 12954
6418 7091 12954
7091 1582 12954
7091 6418 12954
909 2984 195143
909 5016 195143
2984 909 195143
2984 7091 195143
5016 909 195143
5016 7091 195143
7091 2984 195143
7091 5016 195143
909 3460 34956
909 4540 34956
3460 909 34956
3460 7091 34956
4540 909 34956
4540 7091 34956
7091 3460 34956
7091 4540 34956
910 1538 324171
910 6462 324171
1538 910 324171
1538 7090 324171
6462 910 324171
6462 7090 324171
7090 1538 324171
7090 6462 324171
910 2217 95868
910 5783 95868
2217 910 95868
2217 7090 95868
5783 910 95868
5783 7090 95868
7090 2217 95868
7090 5783 95868
910 2320 303300
910 5680 303300
2320 910 303300
2320 7090 303300
5680 910 303300
5680 7090 303300
7090 2320 303300
7090 5680 303300
910 2592 2
910 5408 2
2592 910 2
2592 7090 2
5408 910 2
5408 7090 2
7090 2592 2
7090 5408 2
910 2699 112919
910 5301 112919
2699 910 112919
2699 7090 112919
5301 910 112919
5301 7090 112919
7090 2699 112919
7090 5301 112919
911 1524 181259
911 6476 181259
1524 911 181259
1524 7089 181259
6476 911 181259
6476 7089 181259
7089 1524 181259
7089 6476 181259
911 2701 21689
911 5299 21689
2701 911 21689
2701 7089 21689
5299 911 21689
5299 7089 21689
7089 2701 21689
7089 5299 21689
911 3475 80640
911 4525 80640
3475 911 80640
3475 7089 80640
4525 911 80640
4525 7089 80640
7089 3475 80640
7089 4525 80640
911 3525 60983
911 4475 60983
3525 911 60983
3525 7089 60983
4475 911 60983
4475 7089 60983
7089 3525 60983
7089 4475 60983
913 2244 2
913 5756 2
2244 913 2
2244 7087 2
5756 913 2
5756 7087 2
7087 2244 2
7087 5756 2
913 2257 2
913 5743 2
2257 913 2
2257 7087 2
5743 913 2
5743 7087 2
7087 2257 2
7087 5743 2
913 3203 1124
913 4797 1124
3203 913 1124
3203 7087 1124
4797 913 1124
4797 7087 1124
7087 3203 1124
7087 4797 1124
913 3297 113579
913 4703 113579
3297 913 113579
3297 7087 113579
4703 913 113579
4703 7087 113579
7087 3297 113579
7087 4703 113579
913 3703 195779
913 4297 195779
3703 913 195779
3703 7087 195779
4297 913 195779
4297 7087 195779
7087 3703 195779
7087 4297 195779
914 1594 290369
914 6406 290369
1594 914 290369
1594 7086 290369
6406 914 290369
6406 7086 290369
7086 1594 290369
7086 6406 290369
914 3236 44424
914 4764 44424
3236 914 44424
3236 7086 44424
4764 914 44424
4764 7086 44424
7086 3236 44424
7086 4764 44424
914 3764 122613
914 4236 122613
3764 914 122613
3764 7086 122613
4236 914 122613
4236 7086 122613
7086 3764 122613
7086 4236 122613
915 3715 114323
915 4285 114323
3715 915 114323
3715 7085 114323
4285 915 114323
4285 7085 114323
7085 3715 114323
7085 4285 114323
916 3246 10167
916 4754 10167
3246 916 10167
3246 7084 10167
4754 916 10167
4754 7084 10167
7084 3246 10167
7084 4754 10167
916 3754 172043
916 4246 172043
3754 916 172043
3754 7084 172043
4246 916 172043
4246 7084 172043
7084 3754 172043
7084 4246 172043
917 2625 176270
917 5375 176270
2625 917 176270
2625 7083 176270
5375 917 176270
5375 7083 176270
7083 2625 176270
7083 5375 176270
917 2732 121338
917 5268 121338
2732 917 121338
2732 7083 121338
5268 917 121338
5268 7083 121338
7083 2732 121338
7083 5268 121338
918 1991 17213
918 6009 17213
1991 918 17213
1991 7082 17213
6009 918 17213
6009 7082 17213
7082 1991 17213
7082 6009 17213
918 2657 2
918 5343 2
2657 918 2
2657 7082 2
5343 918 2
5343 7082 2
7082 2657 2
7082 5343 2
918 2709 148814
918 5291 148814
2709 918 148814
2709 7082 148814
5291 918 148814
5291 7082 148814
7082 2709 148814
7082 5291 148814
918 3366 57922
918 4634 57922
3366 918 57922
3366 7082 57922
4634 918 57922
4634 7082 57922
7082 3366 57922
7082 4634 57922
918 3634 14451
918 4366 14451
3634 918 14451
3634 7082 14451
4366 918 14451
4366 7082 14451
7082 3634 14451
7082 4366 14451
918 3734 89737
918 4266 89737
3734 918 89737
3734 7082 89737
4266 918 89737
4266 7082 89737
7082 3734 89737
7082 4266 89737
919 2476 22434
919 5524 22434
2476 919 22434
2476 7081 22434
5524 919 22434
5524 7081 22434
7081 2476 22434
7081 5524 22434
919 2549 2
919 5451 2
2549 919 2
2549 7081 2
5451 919 2
5451 7081 2
7081 2549 2
7081 5451 2
919 3680 2
919 4320 2
3680 919 2
3680 7081 2
4320 919 2
4320 7081 2
7081 3680 2
7081 4320 2
920 2470 2
920 5530 2
2470 920 2
2470 7080 2
5530 920 2
5530 7080 2
7080 2470 2
7080 5530 2
920 2492 45990
920 5508 45990
2492 920 45990
2492 7080 45990
5508 920 45990
5508 7080 45990
7080 2492 45990
7080 5508 45990
920 2595 2
920 5405 2
2595 920 2
2595 7080 2
5405 920 2
5405 7080 2
7080 2595 2
7080 5405 2
920 2740 2
920 5260 2
2740 920 2
2740 7080 2
5260 920 2
5260 7080 2
7080 2740 2
7080 5260 2
920 3282 23315
920 4718 23315
3282 920 23315
3282 7080 23315
4718 920 23315
4718 7080 23315
7080 3282 23315
7080 4718 23315
920 3789 18788
920 4211 18788
3789 920 18788
3789 7080 18788
4211 920 18788
4211 7080 18788
7080 3789 18788
7080 4211 18788
921 2297 28478
921 5703 28478
2297 921 28478
2297 7079 28478
5703 921 28478
5703 7079 28478
7079 2297 28478
7079 5703 28478
921 3479 2
921 4521 2
3479 921 2
3479 7079 2
4521 921 2
4521 7079 2
7079 3479 2
7079 4521 2
921 3480 2
921 4520 2
3480 921 2
3480 7079 2
4520 921 2
4520 7079 2
7079 3480 2
7079 4520 2
922 3244 147664
922 4756 147664
3244 922 147664
3244 7078 147664
4756 922 147664
4756 7078 147664
7078 3244 147664
7078 4756 147664
922 3756 111415
922 4244 111415
3756 922 111415
3756 7078 111415
4244 922 111415
4244 7078 111415
7078 3756 111415
7078 4244 111415
922 3795 2
922 4205 2
3795 922 2
3795 7078 2
4205 922 2
4205 7078 2
7078 3795 2
7078 4205 2
923 1483 157254
923 6517 157254
1483 923 157254
1483 7077 157254
6517 923 157254
6517 7077 157254
7077 1483 157254
7077 6517 157254
923 3460 3017
923 4540 3017
3460 923 3017
3460 7077 3017
4540 923 3017
4540 7077 3017
7077 3460 3017
7077 4540 3017
923 3540 54991
923 4460 54991
3540 923 54991
3540 7077 54991
4460 923 54991
4460 7077 54991
7077 3540 54991
7077 4460 54991
924 2692 2
924 5308 2
2692 924 2
2692 7076 2
5308 924 2
5308 7076 2
7076 2692 2
7076 5308 2
927 1589 32939
927 6411 32939
1589 927 32939
1589 7073 32939
6411 927 32939
6411 7073 32939
7073 1589 32939
7073 6411 32939
927 2571 2
927 5429 2
2571 927 2
2571 7073 2
5429 927 2
5429 7073 2
7073 2571 2
7073 5429 2
927 3261 4932
927 4739 4932
3261 927 4932
3261 7073 4932
4739 927 4932
4739 7073 4932
7073 3261 4932
7073 4739 4932
928 1553 2
928 6447 2
1553 928 2
1553 7072 2
6447 928 2
6447 7072 2
7072 1553 2
7072 6447 2
928 1993 151289
928 6007 151289
1993 928 151289
1993 7072 151289
6007 928 151289
6007 7072 151289
7072 1993 151289
7072 6007 151289
928 2408 70610
928 5592 70610
2408 928 70610
2408 7072 70610
5592 928 70610
5592 7072 70610
7072 2408 70610
7072 5592 70610
928 2674 182467
928 5326 182467
2674 928 182467
2674 7072 182467
5326 928 182467
5326 7072 182467
7072 2674 182467
7072 5326 182467
928 3416 2
928 4584 2
3416 928 2
3416 7072 2
4584 928 2
4584 7072 2
7072 3416 2
7072 4584 2
929 2370 91409
929 5630 91409
2370 929 91409
2370 7071 91409
5630 929 91409
5630 7071 91409
7071 2370 91409
7071 5630 91409
929 2530 83473
929 5470 83473
2530 929 83473
2530 7071 83473
5470 929 83473
5470 7071 83473
7071 2530 83473
7071 5470 83473
929 2704 71221
929 5296 71221
2704 929 71221
2704 7071 71221
5296 929 71221
5296 7071 71221
7071 2704 71221
7071 5296 71221
929 3450 141299
929 4550 141299
3450 929 141299
3450 7071 141299
4550 929 141299
4550 7071 141299
7071 3450 141299
7071 4550 141299
929 3550 123665
929 4450 123665
3550 929 123665
3550 7071 123665
4450 929 123665
4450 7071 123665
7071 3550 123665
7071 4450 123665
929 3590 100868
929 4410 100868
3590 929 100868
3590 7071 100868
4410 929 100868
4410 7071 100868
7071 3590 100868
7071 4410 100868
930 1420 202967
930 6580 202967
1420 930 202967
1420 7070 202967
6580 930 202967
6580 7070 202967
7070 1420 202967
7070 6580 202967
930 1444 40187
930 6556 40187
1444 930 40187
1444 7070 40187
6556 930 40187
6556 7070 40187
7070 1444 40187
7070 6556 40187
930 1992 18522
930 6008 18522
1992 930 18522
1992 7070 18522
6008 930 18522
6008 7070 18522
7070 1992 18522
7070 6008 18522
930 2379 15881
930 5621 15881
2379 930 15881
2379 7070 15881
5621 930 15881
5621 7070 15881
7070 2379 15881
7070 5621 15881
930 2738 52751
930 5262 52751
2738 930 52751
2738 7070 52751
5262 930 52751
5262 7070 52751
7070 2738 52751
7070 5262 52751
930 3240 134519
930 4760 134519
3240 930 134519
3240 7070 134519
4760 930 134519
4760 7070 134519
7070 3240 134519
7070 4760 134519
930 3284 89073
930 4716 89073
3284 930 89073
3284 7070 89073
4716 930 89073
4716 7070 89073
7070 3284 89073
7070 4716 89073
930 3372 2
930 4628 2
3372 930 2
3372 7070 2
4628 930 2
4628 7070 2
7070 3372 2
7070 4628 2
930 3441 2
930 4559 2
3441 930 2
3441 7070 2
4559 930 2
4559 7070 2
7070 3441 2
7070 4559 2
930 3634 62599
930 4366 62599
3634 930 62599
3634 7070 62599
4366 930 62599
4366 7070 62599
7070 3634 62599
7070 4366 62599
930 3716 122843
930 4284 122843
3716 930 122843
3716 7070 122843
4284 930 122843
4284 7070 122843
7070 3716 122843
7070 4284 122843
930 3760 2
930 4240 2
3760 930 2
3760 7070 2
4240 930 2
4240 7070 2
7070 3760 2
7070 4240 2
931 2559 2
931 5441 2
2559 931 2
2559 7069 2
5441 931 2
5441 7069 2
7069 2559 2
7069 5441 2
931 2721 128036
931 5279 128036
2721 931 128036
2721 7069 128036
5279 931 128036
5279 7069 128036
7069 2721 128036
7069 5279 128036
931 3224 38855
931 4776 38855
3224 931 38855
3224 7069 38855
4776 931 38855
4776 7069 38855
7069 3224 38855
7069 4776 38855
931 3776 3355
931 4224 3355
3776 931 3355
3776 7069 3355
4224 931 3355
4224 7069 3355
7069 3776 3355
7069 4224 3355
933 1445 22038
933 6555 22038
1445 933 22038
1445 7067 22038
6555 933 22038
6555 7067 22038
7067 1445 22038
7067 6555 22038
934 2693 2
934 5307 2
2693 934 2
2693 7066 2
5307 934 2
5307 7066 2
7066 2693 2
7066 5307 2
934 3248 9729
934 4752 9729
3248 934 9729
3248 7066 9729
4752 934 9729
4752 7066 9729
7066 3248 9729
7066 4752 9729
934 3258 38725
934 4742 38725
3258 934 38725
3258 7066 38725
4742 934 38725
4742 7066 38725
7066 3258 38725
7066 4742 38725
935 2606 60819
935 5394 60819
2606 935 60819
2606 7065 60819
5394 935 60819
5394 7065 60819
7065 2606 60819
7065 5394 60819
936 3471 2
936 4529 2
3471 936 2
3471 7064 2
4529 936 2
4529 7064 2
7064 3471 2
7064 4529 2
936 3529 28108
936 4471 28108
3529 936 28108
3529 7064 28108
4471 936 28108
4471 7064 28108
7064 3529 28108
7064 4471 28108
937 2451 37290
937 5549 37290
2451 937 37290
2451 7063 37290
5549 937 37290
5549 7063 37290
7063 2451 37290
7063 5549 37290
937 3672 51987
937 4328 51987
3672 937 51987
3672 7063 51987
4328 937 51987
4328 7063 51987
7063 3672 51987
7063 4328 51987
938 1726 134278
938 6274 134278
1726 938 134278
1726 7062 134278
6274 938 134278
6274 7062 134278
7062 1726 134278
7062 6274 134278
939 3500 155386
939 4500 155386
3500 939 155386
3500 7061 155386
4500 939 155386
4500 7061 155386
7061 3500 155386
7061 4500 155386
940 1403 2
940 6597 2
1403 940 2
1403 7060 2
6597 940 2
6597 7060 2
7060 1403 2
7060 6597 2
940 2419 61777
940 5581 61777
2419 940 61777
2419 7060 61777
5581 940 61777
5581 7060 61777
7060 2419 61777
7060 5581 61777
940 2710 63080
940 5290 63080
2710 940 63080
2710 7060 63080
5290 940 63080
5290 7060 63080
7060 2710 63080
7060 5290 63080
941 1541 2
941 6459 2
1541 941 2
1541 7059 2
6459 941 2
6459 7059 2
7059 1541 2
7059 6459 2
941 3458 85754
941 4542 85754
3458 941 85754
3458 7059 85754
4542 941 85754
4542 7059 85754
7059 3458 85754
7059 4542 85754
941 3542 35590
941 4458 35590
3542 941 35590
3542 7059 35590
4458 941 35590
4458 7059 35590
7059 3542 35590
7059 4458 35590
942 1462 228522
942 6538 228522
1462 942 228522
1462 7058 228522
6538 942 228522
6538 7058 228522
7058 1462 228522
7058 6538 228522
943 1482 188282
943 6518 188282
1482 943 188282
1482 7057 188282
6518 943 188282
6518 7057 188282
7057 1482 188282
7057 6518 188282
944 1400 2
944 6600 2
1400 944 2
1400 7056 2
6600 944 2
6600 7056 2
7056 1400 2
7056 6600 2
944 2561 89204
944 5439 89204
2561 944 89204
2561 7056 89204
5439 944 89204
5439 7056 89204
7056 2561 89204
7056 5439 89204
944 3239 156014
944 4761 156014
3239 944 156014
3239 7056 156014
4761 944 156014
4761 7056 156014
7056 3239 156014
7056 4761 156014
944 3761 246816
944 4239 246816
3761 944 246816
3761 7056 246816
4239 944 246816
4239 7056 246816
7056 3761 246816
7056 4239 246816
945 1455 8016
945 6545 8016
1455 945 8016
1455 7055 8016
6545 945 8016
6545 7055 8016
7055 1455 8016
7055 6545 8016
945 2469 89773
945 5531 89773
2469 945 89773
2469 7055 89773
5531 945 89773
5531 7055 89773
7055 2469 89773
7055 5531 89773
945 2603 2
945 5397 2
2603 945 2
2603 7055 2
5397 945 2
5397 7055 2
7055 2603 2
7055 5397 2
945 2646 2
945 5354 2
2646 945 2
2646 7055 2
5354 945 2
5354 7055 2
7055 2646 2
7055 5354 2
945 2737 127258
945 5263 127258
2737 945 127258
2737 7055 127258
5263 945 127258
5263 7055 127258
7055 2737 127258
7055 5263 127258
946 1356 68217
946 6644 68217
1356 946 68217
1356 7054 68217
6644 946 68217
6644 7054 68217
7054 1356 68217
7054 6644 68217
946 1810 131179
946 6190 131179
1810 946 131179
1810 7054 131179
6190 946 131179
6190 7054 131179
7054 1810 131179
7054 6190 131179
946 2689 12917
946 5311 12917
2689 946 12917
2689 7054 12917
5311 946 12917
5311 7054 12917
7054 2689 12917
7054 5311 12917
947 1416 170925
947 6584 170925
1416 947 170925
1416 7053 170925
6584 947 170925
6584 7053 170925
7053 1416 170925
7053 6584 170925
947 2585 56105
947 5415 56105
2585 947 56105
2585 7053 56105
5415 947 56105
5415 7053 56105
7053 2585 56105
7053 5415 56105
948 3652 29937
948 4348 29937
3652 948 29937
3652 7052 29937
4348 948 29937
4348 7052 29937
7052 3652 29937
7052 4348 29937
948 3706 2
948 4294 2
3706 948 2
3706 7052 2
4294 948 2
4294 7052 2
7052 3706 2
7052 4294 2
949 1515 36145
949 6485 36145
1515 949 36145
1515 7051 36145
6485 949 36145
6485 7051 36145
7051 1515 36145
7051 6485 36145
949 2319 2
949 5681 2
2319 949 2
2319 7051 2
5681 949 2
5681 7051 2
7051 2319 2
7051 5681 2
949 2443 9265
949 5557 9265
2443 949 9265
2443 7051 9265
5557 949 9265
5557 7051 9265
7051 2443 9265
7051 5557 9265
949 3240 44166
949 4760 44166
3240 949 44166
3240 7051 44166
4760 949 44166
4760 7051 44166
7051 3240 44166
7051 4760 44166
950 1422 127012
950 6578 127012
1422 950 127012
1422 7050 127012
6578 950 127012
6578 7050 127012
7050 1422 127012
7050 6578 127012
950 1727 7296
950 6273 7296
1727 950 7296
1727 7050 7296
6273 950 7296
6273 7050 7296
7050 1727 7296
7050 6273 7296
950 2497 2
950 5503 2
2497 950 2
2497 7050 2
5503 950 2
5503 7050 2
7050 2497 2
7050 5503 2
951 1411 2
951 6589 2
1411 951 2
1411 7049 2
6589 951 2
6589 7049 2
7049 1411 2
7049 6589 2
951 1516 134708
951 6484 134708
1516 951 134708
1516 7049 134708
6484 951 134708
6484 7049 134708
7049 1516 134708
7049 6484 134708
951 2639 20623
951 5361 20623
2639 951 20623
2639 7049 20623
5361 951 20623
5361 7049 20623
7049 2639 20623
7049 5361 20623
952 1449 2
952 6551 2
1449 952 2
1449 7048 2
6551 952 2
6551 7048 2
7048 1449 2
7048 6551 2
952 1692 2
952 6308 2
1692 952 2
1692 7048 2
6308 952 2
6308 7048 2
7048 1692 2
7048 6308 2
952 2282 2
952 5718 2
2282 952 2
2282 7048 2
5718 952 2
5718 7048 2
7048 2282 2
7048 5718 2
952 2560 103380
952 5440 103380
2560 952 103380
2560 7048 103380
5440 952 103380
5440 7048 103380
7048 2560 103380
7048 5440 103380
952 2563 2
952 5437 2
2563 952 2
2563 7048 2
5437 952 2
5437 7048 2
7048 2563 2
7048 5437 2
952 2743 2
952 5257 2
2743 952 2
2743 7048 2
5257 952 2
5257 7048 2
7048 2743 2
7048 5257 2
953 1444 100968
953 6556 100968
1444 953 100968
1444 7047 100968
6556 953 100968
6556 7047 100968
7047 1444 100968
7047 6556 100968
953 3258 39908
953 4742 39908
3258 953 39908
3258 7047 39908
4742 953 39908
4742 7047 39908
7047 3258 39908
7047 4742 39908
953 3742 2
953 4258 2
3742 953 2
3742 7047 2
4258 953 2
4258 7047 2
7047 3742 2
7047 4258 2
954 2725 22829
954 5275 22829
2725 954 22829
2725 7046 22829
5275 954 22829
5275 7046 22829
7046 2725 22829
7046 5275 22829
955 1606 2
955 6394 2
1606 955 2
1606 7045 2
6394 955 2
6394 7045 2
7045 1606 2
7045 6394 2
955 1678 151419
955 6322 151419
1678 955 151419
1678 7045 151419
6322 955 151419
6322 7045 151419
7045 1678 151419
7045 6322 151419
955 2238 69554
955 5762 69554
2238 955 69554
2238 7045 69554
5762 955 69554
5762 7045 69554
7045 2238 69554
7045 5762 69554
955 3094 71547
955 4906 71547
3094 955 71547
3094 7045 71547
4906 955 71547
4906 7045 71547
7045 3094 71547
7045 4906 71547
955 3298 59220
955 4702 59220
3298 955 59220
3298 7045 59220
4702 955 59220
4702 7045 59220
7045 3298 59220
7045 4702 59220
955 3702 58786
955 4298 58786
3702 955 58786
3702 7045 58786
4298 955 58786
4298 7045 58786
7045 3702 58786
7045 4298 58786
956 2261 2
956 5739 2
2261 956 2
2261 7044 2
5739 956 2
5739 7044 2
7044 2261 2
7044 5739 2
957 1691 2
957 6309 2
1691 957 2
1691 7043 2
6309 957 2
6309 7043 2
7043 1691 2
7043 6309 2
957 2268 56784
957 5732 56784
2268 957 56784
2268 7043 56784
5732 957 56784
5732 7043 56784
7043 2268 56784
7043 5732 56784
957 3490 97094
957 4510 97094
3490 957 97094
3490 7043 97094
4510 957 97094
4510 7043 97094
7043 3490 97094
7043 4510 97094
958 1339 72964
958 6661 72964
1339 958 72964
1339 7042 72964
6661 958 72964
6661 7042 72964
7042 1339 72964
7042 6661 72964
958 3296 64178
958 4704 64178
3296 958 64178
3296 7042 64178
4704 958 64178
4704 7042 64178
7042 3296 64178
7042 4704 64178
958 3704 69920
958 4296 69920
3704 958 69920
3704 7042 69920
4296 958 69920
4296 7042 69920
7042 3704 69920
7042 4296 69920
959 2345 2
959 5655 2
2345 959 2
2345 7041 2
5655 959 2
5655 7041 2
7041 2345 2
7041 5655 2
959 2434 18715
959 5566 18715
2434 959 18715
2434 7041 18715
5566 959 18715
5566 7041 18715
7041 2434 18715
7041 5566 18715
959 3310 144825
959 4690 144825
3310 959 144825
3310 7041 144825
4690 959 144825
4690 7041 144825
7041 3310 144825
7041 4690 144825
959 3479 2
959 4521 2
3479 959 2
3479 7041 2
4521 959 2
4521 7041 2
7041 3479 2
7041 4521 2
959 3521 36143
959 4479 36143
3521 959 36143
3521 7041 36143
4479 959 36143
4479 7041 36143
7041 3521 36143
7041 4479 36143
959 3690 148779
959 4310 148779
3690 959 148779
3690 7041 148779
4310 959 148779
4310 7041 148779
7041 3690 148779
7041 4310 148779
960 3491 43280
960 4509 43280
3491 960 43280
3491 7040 43280
4509 960 43280
4509 7040 43280
7040 3491 43280
7040 4509 43280
960 3509 80764
960 4491 80764
3509 960 80764
3509 7040 80764
4491 960 80764
4491 7040 80764
7040 3509 80764
7040 4491 80764
961 2621 85532
961 5379 85532
2621 961 85532
2621 7039 85532
5379 961 85532
5379 7039 85532
7039 2621 85532
7039 5379 85532
961 3108 40813
961 4892 40813
3108 961 40813
3108 7039 40813
4892 961 40813
4892 7039 40813
7039 3108 40813
7039 4892 40813
961 3892 23767
961 4108 23767
3892 961 23767
3892 7039 23767
4108 961 23767
4108 7039 23767
7039 3892 23767
7039 4108 23767
962 2670 219660
962 5330 219660
2670 962 219660
2670 7038 219660
5330 962 219660
5330 7038 219660
7038 2670 219660
7038 5330 219660
962 2940 66589
962 5060 66589
2940 962 66589
2940 7038 66589
5060 962 66589
5060 7038 66589
7038 2940 66589
7038 5060 66589
962 3272 13684
962 4728 13684
3272 962 13684
3272 7038 13684
4728 962 13684
4728 7038 13684
7038 3272 13684
7038 4728 13684
962 3728 6136
962 4272 6136
3728 962 6136
3728 7038 6136
4272 962 6136
4272 7038 6136
7038 3728 6136
7038 4272 6136
963 2273 144602
963 5727 144602
2273 963 144602
2273 7037 144602
5727 963 144602
5727 7037 144602
7037 2273 144602
7037 5727 144602
963 2705 2
963 5295 2
2705 963 2
2705 7037 2
5295 963 2
5295 7037 2
7037 2705 2
7037 5295 2
963 3336 2
963 4664 2
3336 963 2
3336 7037 2
4664 963 2
4664 7037 2
7037 3336 2
7037 4664 2
963 3664 2
963 4336 2
3664 963 2
3664 7037 2
4336 963 2
4336 7037 2
7037 3664 2
7037 4336 2
964 1589 2
964 6411 2
1589 964 2
1589 7036 2
6411 964 2
6411 7036 2
7036 1589 2
7036 6411 2
964 2314 112155
964 5686 112155
2314 964 112155
2314 7036 112155
5686 964 112155
5686 7036 112155
7036 2314 112155
7036 5686 112155
965 2464 72660
965 5536 72660
2464 965 72660
2464 7035 72660
5536 965 72660
5536 7035 72660
7035 2464 72660
7035 5536 72660
965 2499 76456
965 5501 76456
2499 965 76456
2499 7035 76456
5501 965 76456
5501 7035 76456
7035 2499 76456
7035 5501 76456
966 2647 78850
966 5353 78850
2647 966 78850
2647 7034 78850
5353 966 78850
5353 7034 78850
7034 2647 78850
7034 5353 78850
966 3495 97496
966 4505 97496
3495 966 97496
3495 7034 97496
4505 966 97496
4505 7034 97496
7034 3495 97496
7034 4505 97496
966 3505 14961
966 4495 14961
3505 966 14961
3505 7034 14961
4495 966 14961
4495 7034 14961
7034 3505 14961
7034 4495 14961
967 1789 2
967 6211 2
1789 967 2
1789 7033 2
6211 967 2
6211 7033 2
7033 1789 2
7033 6211 2
967 2483 8232
967 5517 8232
2483 967 8232
2483 7033 8232
5517 967 8232
5517 7033 8232
7033 2483 8232
7033 5517 8232
967 2868 133950
967 5132 133950
2868 967 133950
2868 7033 133950
5132 967 133950
5132 7033 133950
7033 2868 133950
7033 5132 133950
968 1639 2
968 6361 2
1639 968 2
1639 7032 2
6361 968 2
6361 7032 2
7032 1639 2
7032 6361 2
968 1738 8122
968 6262 8122
1738 968 8122
1738 7032 8122
6262 968 8122
6262 7032 8122
7032 1738 8122
7032 6262 8122
969 1657 2
969 6343 2
1657 969 2
1657 7031 2
6343 969 2
6343 7031 2
7031 1657 2
7031 6343 2
969 3127 51157
969 4873 51157
3127 969 51157
3127 7031 51157
4873 969 51157
4873 7031 51157
7031 3127 51157
7031 4873 51157
969 3340 215410
969 4660 215410
3340 969 215410
3340 7031 215410
4660 969 215410
4660 7031 215410
7031 3340 215410
7031 4660 215410
969 3465 90085
969 4535 90085
3465 969 90085
3465 7031 90085
4535 969 90085
4535 7031 90085
7031 3465 90085
7031 4535 90085
969 3535 2
969 4465 2
3535 969 2
3535 7031 2
4465 969 2
4465 7031 2
7031 3535 2
7031 4465 2
969 3642 400137
969 4358 400137
3642 969 400137
3642 7031 400137
4358 969 400137
4358 7031 400137
7031 3642 400137
7031 4358 400137
969 3873 102353
969 4127 102353
3873 969 102353
3873 7031 102353
4127 969 102353
4127 7031 102353
7031 3873 102353
7031 4127 102353
970 1424 41791
970 6576 41791
1424 970 41791
1424 7030 41791
6576 970 41791
6576 7030 41791
7030 1424 41791
7030 6576 41791
972 1472 6427
972 6528 6427
1472 972 6427
1472 7028 6427
6528 972 6427
6528 7028 6427
7028 1472 6427
7028 6528 6427
972 1633 109001
972 6367 109001
1633 972 109001
1633 7028 109001
6367 972 109001
6367 7028 109001
7028 1633 109001
7028 6367 109001
972 1745 148013
972 6255 148013
1745 972 148013
1745 7028 148013
6255 972 148013
6255 7028 148013
7028 1745 148013
7028 6255 148013
973 2908 2
973 5092 2
2908 973 2
2908 7027 2
5092 973 2
5092 7027 2
7027 2908 2
7027 5092 2
973 3284 79545
973 4716 79545
3284 973 79545
3284 7027 79545
4716 973 79545
4716 7027 79545
7027 3284 79545
7027 4716 79545
973 3332 164998
973 4668 164998
3332 973 164998
3332 7027 164998
4668 973 164998
4668 7027 164998
7027 3332 164998
7027 4668 164998
973 3425 90297
973 4575 90297
3425 973 90297
3425 7027 90297
4575 973 90297
4575 7027 90297
7027 3425 90297
7027 4575 90297
973 3575 18878
973 4425 18878
3575 973 18878
3575 7027 18878
4425 973 18878
4425 7027 18878
7027 3575 18878
7027 4425 18878
973 3696 126481
973 4304 126481
3696 973 126481
3696 7027 126481
4304 973 126481
4304 7027 126481
7027 3696 126481
7027 4304 126481
973 3716 63586
973 4284 63586
3716 973 63586
3716 7027 63586
4284 973 63586
4284 7027 63586
7027 3716 63586
7027 4284 63586
974 3115 38737
974 4885 38737
3115 974 38737
3115 7026 38737
4885 974 38737
4885 7026 38737
7026 3115 38737
7026 4885 38737
975 1670 2
975 6330 2
1670 975 2
1670 7025 2
6330 975 2
6330 7025 2
7025 1670 2
7025 6330 2
975 2122 82006
975 5878 82006
2122 975 82006
2122 7025 82006
5878 975 82006
5878 7025 82006
7025 2122 82006
7025 5878 82006
975 3585 110032
975 4415 110032
3585 975 110032
3585 7025 110032
4415 975 110032
4415 7025 110032
7025 3585 110032
7025 4415 110032
976 1660 127950
976 6340 127950
1660 976 127950
1660 7024 127950
6340 976 127950
6340 7024 127950
7024 1660 127950
7024 6340 127950
976 1674 23941
976 6326 23941
1674 976 23941
1674 7024 23941
6326 976 23941
6326 7024 23941
7024 1674 23941
7024 6326 23941
976 1693 226273
976 6307 226273
1693 976 226273
1693 7024 226273
6307 976 226273
6307 7024 226273
7024 1693 226273
7024 6307 226273
976 2481 175170
976 5519 175170
2481 976 175170
2481 7024 175170
5519 976 175170
5519 7024 175170
7024 2481 175170
7024 5519 175170
976 2923 158899
976 5077 158899
2923 976 158899
2923 7024 158899
5077 976 158899
5077 7024 158899
7024 2923 158899
7024 5077 158899
976 3106 36319
976 4894 36319
3106 976 36319
3106 7024 36319
4894 976 36319
4894 7024 36319
7024 3106 36319
7024 4894 36319
977 1486 53525
977 6514 53525
1486 977 53525
1486 7023 53525
6514 977 53525
6514 7023 53525
7023 1486 53525
7023 6514 53525
977 1686 113800
977 6314 113800
1686 977 113800
1686 7023 113800
6314 977 113800
6314 7023 113800
7023 1686 113800
7023 6314 113800
977 2968 171535
977 5032 171535
2968 977 171535
2968 7023 171535
5032 977 171535
5032 7023 171535
7023 2968 171535
7023 5032 171535
977 3082 56855
977 4918 56855
3082 977 56855
3082 7023 56855
4918 977 56855
4918 7023 56855
7023 3082 56855
7023 4918 56855
977 3918 217760
977 4082 217760
3918 977 217760
3918 7023 217760
4082 977 217760
4082 7023 217760
7023 3918 217760
7023 4082 217760
978 2306 22548
978 5694 22548
2306 978 22548
2306 7022 22548
5694 978 22548
5694 7022 22548
7022 2306 22548
7022 5694 22548
978 2609 211984
978 5391 211984
2609 978 211984
2609 7022 211984
5391 978 211984
5391 7022 211984
7022 2609 211984
7022 5391 211984
978 2671 133205
978 5329 133205
2671 978 133205
2671 7022 133205
5329 978 133205
5329 7022 133205
7022 2671 133205
7022 5329 133205
978 2676 228628
978 5324 228628
2676 978 228628
2676 7022 228628
5324 978 228628
5324 7022 228628
7022 2676 228628
7022 5324 228628
978 2680 11377
978 5320 11377
2680 978 11377
2680 7022 11377
5320 978 11377
5320 7022 11377
7022 2680 11377
7022 5320 11377
978 2844 42810
978 5156 42810
2844 978 42810
2844 7022 42810
5156 978 42810
5156 7022 42810
7022 2844 42810
7022 5156 42810
978 2870 220448
978 5130 220448
2870 978 220448
2870 7022 220448
5130 978 220448
5130 7022 220448
7022 2870 220448
7022 5130 220448
978 3357 415001
978 4643 415001
3357 978 415001
3357 7022 415001
4643 978 415001
4643 7022 415001
7022 3357 415001
7022 4643 415001
978 3373 28440
978 4627 28440
3373 978 28440
3373 7022 28440
4627 978 28440
4627 7022 28440
7022 3373 28440
7022 4627 28440
978 3612 62346
978 4388 62346
3612 978 62346
3612 7022 62346
4388 978 62346
4388 7022 62346
7022 3612 62346
7022 4388 62346
979 2344 40663
979 5656 40663
2344 979 40663
2344 7021 40663
5656 979 40663
5656 7021 40663
7021 2344 40663
7021 5656 40663
979 2653 436128
979 5347 436128
2653 979 436128
2653 7021 436128
5347 979 436128
5347 7021 436128
7021 2653 436128
7021 5347 436128
979 3059 90450
979 4941 90450
3059 979 90450
3059 7021 90450
4941 979 90450
4941 7021 90450
7021 3059 90450
7021 4941 90450
979 3075 47612
979 4925 47612
3075 979 47612
3075 7021 47612
4925 979 47612
4925 7021 47612
7021 3075 47612
7021 4925 47612
979 3925 64101
979 4075 64101
3925 979 64101
3925 7021 64101
4075 979 64101
4075 7021 64101
7021 3925 64101
7021 4075 64101
979 3941 301378
979 4059 301378
3941 979 301378
3941 7021 301378
4059 979 301378
4059 7021 301378
7021 3941 301378
7021 4059 301378
980 1660 60742
980 6340 60742
1660 980 60742
1660 7020 60742
6340 980 60742
6340 7020 60742
7020 1660 60742
7020 6340 60742
980 1678 38851
980 6322 38851
1678 980 38851
1678 7020 38851
6322 980 38851
6322 7020 38851
7020 1678 38851
7020 6322 38851
980 2579 100906
980 5421 100906
2579 980 100906
2579 7020 100906
5421 980 100906
5421 7020 100906
7020 2579 100906
7020 5421 100906
981 2546 151763
981 5454 151763
2546 981 151763
2546 7019 151763
5454 981 151763
5454 7019 151763
7019 2546 151763
7019 5454 151763
981 2654 21165
981 5346 21165
2654 981 21165
2654 7019 21165
5346 981 21165
5346 7019 21165
7019 2654 21165
7019 5346 21165
981 2906 76094
981 5094 76094
2906 981 76094
2906 7019 76094
5094 981 76094
5094 7019 76094
7019 2906 76094
7019 5094 76094
982 1719 2
982 6281 2
1719 982 2
1719 7018 2
6281 982 2
6281 7018 2
7018 1719 2
7018 6281 2
982 3322 2
982 4678 2
3322 982 2
3322 7018 2
4678 982 2
4678 7018 2
7018 3322 2
7018 4678 2
982 3656 203455
982 4344 203455
3656 982 203455
3656 7018 203455
4344 982 203455
4344 7018 203455
7018 3656 203455
7018 4344 203455
982 3678 111801
982 4322 111801
3678 982 111801
3678 7018 111801
4322 982 111801
4322 7018 111801
7018 3678 111801
7018 4322 111801
983 1806 2
983 6194 2
1806 983 2
1806 7017 2
6194 983 2
6194 7017 2
7017 1806 2
7017 6194 2
984 2952 309467
984 5048 309467
2952 984 309467
2952 7016 309467
5048 984 309467
5048 7016 309467
7016 2952 309467
7016 5048 309467
984 3055 17759
984 4945 17759
3055 984 17759
3055 7016 17759
4945 984 17759
4945 7016 17759
7016 3055 17759
7016 4945 17759
984 3091 8234
984 4909 8234
3091 984 8234
3091 7016 8234
4909 984 8234
4909 7016 8234
7016 3091 8234
7016 4909 8234
984 3909 259711
984 4091 259711
3909 984 259711
3909 7016 259711
4091 984 259711
4091 7016 259711
7016 3909 259711
7016 4091 259711
985 1647 19902
985 6353 19902
1647 985 19902
1647 7015 19902
6353 985 19902
6353 7015 19902
7015 1647 19902
7015 6353 19902
985 1961 308146
985 6039 308146
1961 985 308146
1961 7015 308146
6039 985 308146
6039 7015 308146
7015 1961 308146
7015 6039 308146
985 2153 122990
985 5847 122990
2153 985 122990
2153 7015 122990
5847 985 122990
5847 7015 122990
7015 2153 122990
7015 5847 122990
985 3490 78057
985 4510 78057
3490 985 78057
3490 7015 78057
4510 985 78057
4510 7015 78057
7015 3490 78057
7015 4510 78057
985 3510 127077
985 4490 127077
3510 985 127077
3510 7015 127077
4490 985 127077
4490 7015 127077
7015 3510 127077
7015 4490 127077
986 1649 268464
986 6351 268464
1649 986 268464
1649 7014 268464
6351 986 268464
6351 7014 268464
7014 1649 268464
7014 6351 268464
986 1668 2
986 6332 2
1668 986 2
1668 7014 2
6332 986 2
6332 7014 2
7014 1668 2
7014 6332 2
986 2977 142805
986 5023 142805
2977 986 142805
2977 7014 142805
5023 986 142805
5023 7014 142805
7014 2977 142805
7014 5023 142805
987 1546 2
987 6454 2
1546 987 2
1546 7013 2
6454 987 2
6454 7013 2
7013 1546 2
7013 6454 2
987 1604 169997
987 6396 169997
1604 987 169997
1604 7013 169997
6396 987 169997
6396 7013 169997
7013 1604 169997
7013 6396 169997
987 1641 104817
987 6359 104817
1641 987 104817
1641 7013 104817
6359 987 104817
6359 7013 104817
7013 1641 104817
7013 6359 104817
987 1935 240841
987 6065 240841
1935 987 240841
1935 7013 240841
6065 987 240841
6065 7013 240841
7013 1935 240841
7013 6065 240841
987 2061 164348
987 5939 164348
2061 987 164348
2061 7013 164348
5939 987 164348
5939 7013 164348
7013 2061 164348
7013 5939 164348
987 2888 2
987 5112 2
2888 987 2
2888 7013 2
5112 987 2
5112 7013 2
7013 2888 2
7013 5112 2
987 3079 8564
987 4921 8564
3079 987 8564
3079 7013 8564
4921 987 8564
4921 7013 8564
7013 3079 8564
7013 4921 8564
987 3081 42058
987 4919 42058
3081 987 42058
3081 7013 42058
4919 987 42058
4919 7013 42058
7013 3081 42058
7013 4919 42058
987 3919 197476
987 4081 197476
3919 987 197476
3919 7013 197476
4081 987 197476
4081 7013 197476
7013 3919 197476
7013 4081 197476
987 3921 42304
987 4079 42304
3921 987 42304
3921 7013 42304
4079 987 42304
4079 7013 42304
7013 3921 42304
7013 4079 42304
988 2970 33441
988 5030 33441
2970 988 33441
2970 7012 33441
5030 988 33441
5030 7012 33441
7012 2970 33441
7012 5030 33441
988 3279 80572
988 4721 80572
3279 988 80572
3279 7012 80572
4721 988 80572
4721 7012 80572
7012 3279 80572
7012 4721 80572
988 3721 22580
988 4279 22580
3721 988 22580
3721 7012 22580
4279 988 22580
4279 7012 22580
7012 3721 22580
7012 4279 22580
989 1458 75917
989 6542 75917
1458 989 75917
1458 7011 75917
6542 989 75917
6542 7011 75917
7011 1458 75917
7011 6542 75917
989 2320 33795
989 5680 33795
2320 989 33795
2320 7011 33795
5680 989 33795
5680 7011 33795
7011 2320 33795
7011 5680 33795
989 2913 373166
989 5087 373166
2913 989 373166
2913 7011 373166
5087 989 373166
5087 7011 373166
7011 2913 373166
7011 5087 373166
989 3046 69379
989 4954 69379
3046 989 69379
3046 7011 69379
4954 989 69379
4954 7011 69379
7011 3046 69379
7011 4954 69379
989 3342 77430
989 4658 77430
3342 989 77430
3342 7011 77430
4658 989 77430
4658 7011 77430
7011 3342 77430
7011 4658 77430
989 3461 4539
989 4539 4539
3461 989 4539
3461 7011 4539
4539 989 4539
4539 7011 4539
7011 3461 4539
7011 4539 4539
989 3539 31160
989 4461 31160
3539 989 31160
3539 7011 31160
4461 989 31160
4461 7011 31160
7011 3539 31160
7011 4461 31160
989 3658 111430
989 4342 111430
3658 989 111430
3658 7011 111430
4342 989 111430
4342 7011 111430
7011 3658 111430
7011 4342 111430
989 3954 14569
989 4046 14569
3954 989 14569
3954 7011 14569
4046 989 14569
4046 7011 14569
7011 3954 14569
7011 4046 14569
990 1682 416100
990 6318 416100
1682 990 416100
1682 7010 416100
6318 990 416100
6318 7010 416100
7010 1682 416100
7010 6318 416100
990 1956 161651
990 6044 161651
1956 990 161651
1956 7010 161651
6044 990 161651
6044 7010 161651
7010 1956 161651
7010 6044 161651
990 2090 399290
990 5910 399290
2090 990 399290
2090 7010 399290
5910 990 399290
5910 7010 399290
7010 2090 399290
7010 5910 399290
990 2947 219009
990 5053 219009
2947 990 219009
2947 7010 219009
5053 990 219009
5053 7010 219009
7010 2947 219009
7010 5053 219009
990 3035 190006
990 4965 190006
3035 990 190006
3035 7010 190006
4965 990 190006
4965 7010 190006
7010 3035 190006
7010 4965 190006
990 3896 21577
990 4104 21577
3896 990 21577
3896 7010 21577
4104 990 21577
4104 7010 21577
7010 3896 21577
7010 4104 21577
990 3965 28807
990 4035 28807
3965 990 28807
3965 7010 28807
4035 990 28807
4035 7010 28807
7010 3965 28807
7010 4035 28807
991 1635 2
991 6365 2
1635 991 2
1635 7009 2
6365 991 2
6365 7009 2
7009 1635 2
7009 6365 2
991 2050 103287
991 5950 103287
2050 991 103287
2050 7009 103287
5950 991 103287
5950 7009 103287
7009 2050 103287
7009 5950 103287
991 2115 2
991 5885 2
2115 991 2
2115 7009 2
5885 991 2
5885 7009 2
7009 2115 2
7009 5885 2
991 2202 53146
991 5798 53146
2202 991 53146
2202 7009 53146
5798 991 53146
5798 7009 53146
7009 2202 53146
7009 5798 53146
991 3079 174414
991 4921 174414
3079 991 174414
3079 7009 174414
4921 991 174414
4921 7009 174414
7009 3079 174414
7009 4921 174414
991 3094 126701
991 4906 126701
3094 991 126701
3094 7009 126701
4906 991 126701
4906 7009 126701
7009 3094 126701
7009 4906 126701
991 3906 55545
991 4094 55545
3906 991 55545
3906 7009 55545
4094 991 55545
4094 7009 55545
7009 3906 55545
7009 4094 55545
991 3921 25660
991 4079 25660
3921 991 25660
3921 7009 25660
4079 991 25660
4079 7009 25660
7009 3921 25660
7009 4079 25660
992 3056 2
992 4944 2
3056 992 2
3056 7008 2
4944 992 2
4944 7008 2
7008 3056 2
7008 4944 2
992 3066 138219
992 4934 138219
3066 992 138219
3066 7008 138219
4934 992 138219
4934 7008 138219
7008 3066 138219
7008 4934 138219
992 3934 167441
992 4066 167441
3934 992 167441
3934 7008 167441
4066 992 167441
4066 7008 167441
7008 3934 167441
7008 4066 167441
992 3944 137164
992 4056 137164
3944 992 137164
3944 7008 137164
4056 992 137164
4056 7008 137164
7008 3944 137164
7008 4056 137164
994 2058 19460
994 5942 19460
2058 994 19460
2058 7006 19460
5942 994 19460
5942 7006 19460
7006 2058 19460
7006 5942 19460
994 2077 30061
994 5923 30061
2077 994 30061
2077 7006 30061
5923 994 30061
5923 7006 30061
7006 2077 30061
7006 5923 30061
994 3047 43323
994 4953 43323
3047 994 43323
3047 7006 43323
4953 994 43323
4953 7006 43323
7006 3047 43323
7006 4953 43323
994 3953 173878
994 4047 173878
3953 994 173878
3953 7006 173878
4047 994 173878
4047 7006 173878
7006 3953 173878
7006 4047 173878
995 1270 21044
995 6730 21044
1270 995 21044
1270 7005 21044
6730 995 21044
6730 7005 21044
7005 1270 21044
7005 6730 21044
995 1822 216492
995 6178 216492
1822 995 216492
1822 7005 216492
6178 995 216492
6178 7005 216492
7005 1822 216492
7005 6178 216492
995 2114 194493
995 5886 194493
2114 995 194493
2114 7005 194493
5886 995 194493
5886 7005 194493
7005 2114 194493
7005 5886 194493
995 2265 2
995 5735 2
2265 995 2
2265 7005 2
5735 995 2
5735 7005 2
7005 2265 2
7005 5735 2
995 3029 48028
995 4971 48028
3029 995 48028
3029 7005 48028
4971 995 48028
4971 7005 48028
7005 3029 48028
7005 4971 48028
995 3072 2
995 4928 2
3072 995 2
3072 7005 2
4928 995 2
4928 7005 2
7005 3072 2
7005 4928 2
995 3420 43295
995 4580 43295
3420 995 43295
3420 7005 43295
4580 995 43295
4580 7005 43295
7005 3420 43295
7005 4580 43295
995 3468 69950
995 4532 69950
3468 995 69950
3468 7005 69950
4532 995 69950
4532 7005 69950
7005 3468 69950
7005 4532 69950
995 3532 17633
995 4468 17633
3532 995 17633
3532 7005 17633
4468 995 17633
4468 7005 17633
7005 3532 17633
7005 4468 17633
995 3971 82470
995 4029 82470
3971 995 82470
3971 7005 82470
4029 995 82470
4029 7005 82470
7005 3971 82470
7005 4029 82470
995 3984 136571
995 4016 136571
3984 995 136571
3984 7005 136571
4016 995 136571
4016 7005 136571
7005 3984 136571
7005 4016 136571
996 1982 223692
996 6018 223692
1982 996 223692
1982 7004 223692
6018 996 223692
6018 7004 223692
7004 1982 223692
7004 6018 223692
996 2030 45559
996 5970 45559
2030 996 45559
2030 7004 45559
5970 996 45559
5970 7004 45559
7004 2030 45559
7004 5970 45559
996 2980 23673
996 5020 23673
2980 996 23673
2980 7004 23673
5020 996 23673
5020 7004 23673
7004 2980 23673
7004 5020 23673
996 3035 2197
996 4965 2197
3035 996 2197
3035 7004 2197
4965 996 2197
4965 7004 2197
7004 3035 2197
7004 4965 2197
996 3965 98271
996 4035 98271
3965 996 98271
3965 7004 98271
4035 996 98271
4035 7004 98271
7004 3965 98271
7004 4035 98271
997 1632 170197
997 6368 170197
1632 997 170197
1632 7003 170197
6368 997 170197
6368 7003 170197
7003 1632 170197
7003 6368 170197
997 2026 11075
997 5974 11075
2026 997 11075
2026 7003 11075
5974 997 11075
5974 7003 11075
7003 2026 11075
7003 5974 11075
997 2095 21235
997 5905 21235
2095 997 21235
2095 7003 21235
5905 997 21235
5905 7003 21235
7003 2095 21235
7003 5905 21235
997 2950 55139
997 5050 55139
2950 997 55139
2950 7003 55139
5050 997 55139
5050 7003 55139
7003 2950 55139
7003 5050 55139
997 3018 88265
997 4982 88265
3018 997 88265
3018 7003 88265
4982 997 88265
4982 7003 88265
7003 3018 88265
7003 4982 88265
997 3974 62274
997 4026 62274
3974 997 62274
3974 7003 62274
4026 997 62274
4026 7003 62274
7003 3974 62274
7003 4026 62274
997 3982 46308
997 4018 46308
3982 997 46308
3982 7003 46308
4018 997 46308
4018 7003 46308
7003 3982 46308
7003 4018 46308
998 2943 45492
998 5057 45492
2943 998 45492
2943 7002 45492
5057 998 45492
5057 7002 45492
7002 2943 45492
7002 5057 45492
999 1539 2
999 6461 2
1539 999 2
1539 7001 2
6461 999 2
6461 7001 2
7001 1539 2
7001 6461 2
999 1859 2
999 6141 2
1859 999 2
1859 7001 2
6141 999 2
6141 7001 2
7001 1859 2
7001 6141 2
999 1999 147220
999 6001 147220
1999 999 147220
1999 7001 147220
6001 999 147220
6001 7001 147220
7001 1999 147220
7001 6001 147220
999 2020 3881
999 5980 3881
2020 999 3881
2020 7001 3881
5980 999 3881
5980 7001 3881
7001 2020 3881
7001 5980 3881
999 3077 62698
999 4923 62698
3077 999 62698
3077 7001 62698
4923 999 62698
4923 7001 62698
7001 3077 62698
7001 4923 62698
1010 3203 8
1010 4797 8
3203 1010 8
3203 6990 8
4797 1010 8
4797 6990 8
6990 3203 8
6990 4797 8
1022 2999 28768
1022 5001 28768
2999 1022 28768
2999 6978 28768
5001 1022 28768
5001 6978 28768
6978 2999 28768
6978 5001 28768
1023 3005 82218
1023 4995 82218
3005 1023 82218
3005 6977 82218
4995 1023 82218
4995 6977 82218
6977 3005 82218
6977 4995 82218
1041 3019 14070
1041 4981 14070
3019 1041 14070
3019 6959 14070
4981 1041 14070
4981 6959 14070
6959 3019 14070
6959 4981 14070
1053 1999 77469
1053 6001 77469
1999 1053 77469
1999 6947 77469
6001 1053 77469
6001 6947 77469
6947 1999 77469
6947 6001 77469
1059 2439 15310
1059 5561 15310
2439 1059 15310
2439 6941 15310
5561 1059 15310
5561 6941 15310
6941 2439 15310
6941 5561 15310
1060 3479 90027
1060 4521 90027
3479 1060 90027
3479 6940 90027
4521 1060 90027
4521 6940 90027
6940 3479 90027
6940 4521 90027
1060 3499 49673
1060 4501 49673
3499 1060 49673
3499 6940 49673
4501 1060 49673
4501 6940 49673
6940 3499 49673
6940 4501 49673
1060 3501 9790
1060 4499 9790
3501 1060 9790
3501 6940 9790
4499 1060 9790
4499 6940 9790
6940 3501 9790
6940 4499 9790
1060 3521 2
1060 4479 2
3521 1060 2
3521 6940 2
4479 1060 2
4479 6940 2
6940 3521 2
6940 4479 2
1064 2474 39848
1064 5526 39848
2474 1064 39848
2474 6936 39848
5526 1064 39848
5526 6936 39848
6936 2474 39848
6936 5526 39848
1064 3020 16643
1064 4980 16643
3020 1064 16643
3020 6936 16643
4980 1064 16643
4980 6936 16643
6936 3020 16643
6936 4980 16643
1064 3980 31786
1064 4020 31786
3980 1064 31786
3980 6936 31786
4020 1064 31786
4020 6936 31786
6936 3980 31786
6936 4020 31786
1068 3497 10439
1068 4503 10439
3497 1068 10439
3497 6932 10439
4503 1068 10439
4503 6932 10439
6932 3497 10439
6932 4503 10439
1068 3503 45756
1068 4497 45756
3503 1068 45756
3503 6932 45756
4497 1068 45756
4497 6932 45756
6932 3503 45756
6932 4497 45756
1069 3485 32114
1069 4515 32114
3485 1069 32114
3485 6931 32114
4515 1069 32114
4515 6931 32114
6931 3485 32114
6931 4515 32114
1069 3515 16068
1069 4485 16068
3515 1069 16068
3515 6931 16068
4485 1069 16068
4485 6931 16068
6931 3515 16068
6931 4485 16068
1071 2449 2
1071 5551 2
2449 1071 2
2449 6929 2
5551 1071 2
5551 6929 2
6929 2449 2
6929 5551 2
1074 2481 2
1074 5519 2
2481 1074 2
2481 6926 2
5519 1074 2
5519 6926 2
6926 2481 2
6926 5519 2
1075 3475 50096
1075 4525 50096
3475 1075 50096
3475 6925 50096
4525 1075 50096
4525 6925 50096
6925 3475 50096
6925 4525 50096
1075 3525 112579
1075 4475 112579
3525 1075 112579
3525 6925 112579
4475 1075 112579
4475 6925 112579
6925 3525 112579
6925 4475 112579
1078 2484 85192
1078 5516 85192
2484 1078 85192
2484 6922 85192
5516 1078 85192
5516 6922 85192
6922 2484 85192
6922 5516 85192
1080 2507 15621
1080 5493 15621
2507 1080 15621
2507 6920 15621
5493 1080 15621
5493 6920 15621
6920 2507 15621
6920 5493 15621
1080 3460 51262
1080 4540 51262
3460 1080 51262
3460 6920 51262
4540 1080 51262
4540 6920 51262
6920 3460 51262
6920 4540 51262
1080 3540 14099
1080 4460 14099
3540 1080 14099
3540 6920 14099
4460 1080 14099
4460 6920 14099
6920 3540 14099
6920 4460 14099
1081 2516 33442
1081 5484 33442
2516 1081 33442
2516 6919 33442
5484 1081 33442
5484 6919 33442
6919 2516 33442
6919 5484 33442
1089 3477 2
1089 4523 2
3477 1089 2
3477 6911 2
4523 1089 2
4523 6911 2
6911 3477 2
6911 4523 2
1089 3523 75789
1089 4477 75789
3523 1089 75789
3523 6911 75789
4477 1089 75789
4477 6911 75789
6911 3523 75789
6911 4477 75789
1089 3553 100521
1089 4447 100521
3553 1089 100521
3553 6911 100521
4447 1089 100521
4447 6911 100521
6911 3553 100521
6911 4447 100521
1089 3989 29317
1089 4011 29317
3989 1089 29317
3989 6911 29317
4011 1089 29317
4011 6911 29317
6911 3989 29317
6911 4011 29317
1091 2467 109213
1091 5533 109213
2467 1091 109213
2467 6909 109213
5533 1091 109213
5533 6909 109213
6909 2467 109213
6909 5533 109213
1093 2487 93549
1093 5513 93549
2487 1093 93549
2487 6907 93549
5513 1093 93549
5513 6907 93549
6907 2487 93549
6907 5513 93549
1094 2549 24075
1094 5451 24075
2549 1094 24075
2549 6906 24075
5451 1094 24075
5451 6906 24075
6906 2549 24075
6906 5451 24075
1094 2995 66256
1094 5005 66256
2995 1094 66256
2995 6906 66256
5005 1094 66256
5005 6906 66256
6906 2995 66256
6906 5005 66256
1108 1994 152043
1108 6006 152043
1994 1108 152043
1994 6892 152043
6006 1108 152043
6006 6892 152043
6892 1994 152043
6892 6006 152043
1108 2993 118216
1108 5007 118216
2993 1108 118216
2993 6892 118216
5007 1108 118216
5007 6892 118216
6892 2993 118216
6892 5007 118216
1108 3993 114900
1108 4007 114900
3993 1108 114900
3993 6892 114900
4007 1108 114900
4007 6892 114900
6892 3993 114900
6892 4007 114900
1110 2484 132942
1110 5516 132942
2484 1110 132942
2484 6890 132942
5516 1110 132942
5516 6890 132942
6890 2484 132942
6890 5516 132942
1112 2998 9070
1112 5002 9070
2998 1112 9070
2998 6888 9070
5002 1112 9070
5002 6888 9070
6888 2998 9070
6888 5002 9070
1113 1998 61728
1113 6002 61728
1998 1113 61728
1998 6887 61728
6002 1113 61728
6002 6887 61728
6887 1998 61728
6887 6002 61728
1114 2998 3124
1114 5002 3124
2998 1114 3124
2998 6886 3124
5002 1114 3124
5002 6886 3124
6886 2998 3124
6886 5002 3124
1115 2992 72474
1115 5008 72474
2992 1115 72474
2992 6885 72474
5008 1115 72474
5008 6885 72474
6885 2992 72474
6885 5008 72474
1117 3481 82072
1117 4519 82072
3481 1117 82072
3481 6883 82072
4519 1117 82072
4519 6883 82072
6883 3481 82072
6883 4519 82072
1117 3519 17737
1117 4481 17737
3519 1117 17737
3519 6883 17737
4481 1117 17737
4481 6883 17737
6883 3519 17737
6883 4481 17737
1120 1999 2
1120 6001 2
1999 1120 2
1999 6880 2
6001 1120 2
6001 6880 2
6880 1999 2
6880 6001 2
1128 3500 13157
1128 4500 13157
3500 1128 13157
3500 6872 13157
4500 1128 13157
4500 6872 13157
6872 3500 13157
6872 4500 13157
1129 2549 2
1129 5451 2
2549 1129 2
2549 6871 2
5451 1129 2
5451 6871 2
6871 2549 2
6871 5451 2
1129 2988 20453
1129 5012 20453
2988 1129 20453
2988 6871 20453
5012 1129 20453
5012 6871 20453
6871 2988 20453
6871 5012 20453
1138 1999 13985
1138 6001 13985
1999 1138 13985
1999 6862 13985
6001 1138 13985
6001 6862 13985
6862 1999 13985
6862 6001 13985
1145 1980 394
1145 6020 394
1980 1145 394
1980 6855 394
6020 1145 394
6020 6855 394
6855 1980 394
6855 6020 394
1148 2968 21588
1148 5032 21588
2968 1148 21588
2968 6852 21588
5032 1148 21588
5032 6852 21588
6852 2968 21588
6852 5032 21588
1150 2984 33490
1150 5016 33490
2984 1150 33490
2984 6850 33490
5016 1150 33490
5016 6850 33490
6850 2984 33490
6850 5016 33490
1160 1998 171305
1160 6002 171305
1998 1160 171305
1998 6840 171305
6002 1160 171305
6002 6840 171305
6840 1998 171305
6840 6002 171305
1176 1567 182629
1176 6433 182629
1567 1176 182629
1567 6824 182629
6433 1176 182629
6433 6824 182629
6824 1567 182629
6824 6433 182629
1182 1999 49550
1182 6001 49550
1999 1182 49550
1999 6818 49550
6001 1182 49550
6001 6818 49550
6818 1999 49550
6818 6001 49550
1192 1590 97052
1192 6410 97052
1590 1192 97052
1590 6808 97052
6410 1192 97052
6410 6808 97052
6808 1590 97052
6808 6410 97052
1205 1600 4317
1205 6400 4317
1600 1205 4317
1600 6795 4317
6400 1205 4317
6400 6795 4317
6795 1600 4317
6795 6400 4317
1207 1607 90656
1207 6393 90656
1607 1207 90656
1607 6793 90656
6393 1207 90656
6393 6793 90656
6793 1607 90656
6793 6393 90656
1214 1617 42864
1214 6383 42864
1617 1214 42864
1617 6786 42864
6383 1214 42864
6383 6786 42864
6786 1617 42864
6786 6383 42864
1252 1663 73338
1252 6337 73338
1663 1252 73338
1663 6748 73338
6337 1252 73338
6337 6748 73338
6748 1663 73338
6748 6337 73338
1271 1684 59818
1271 6316 59818
1684 1271 59818
1684 6729 59818
6316 1271 59818
6316 6729 59818
6729 1684 59818
6729 6316 59818
1276 1990 2
1276 6010 2
1990 1276 2
1990 6724 2
6010 1276 2
6010 6724 2
6724 1990 2
6724 6010 2
1279 1997 2
1279 6003 2
1997 1279 2
1997 6721 2
6003 1279 2
6003 6721 2
6721 1997 2
6721 6003 2
1321 1734 20320
1321 6266 20320
1734 1321 20320
1734 6679 20320
6266 1321 20320
6266 6679 20320
6679 1734 20320
6679 6266 20320
1325 3030 98458
1325 4970 98458
3030 1325 98458
3030 6675 98458
4970 1325 98458
4970 6675 98458
6675 3030 98458
6675 4970 98458
1325 3970 49850
1325 4030 49850
3970 1325 49850
3970 6675 49850
4030 1325 49850
4030 6675 49850
6675 3970 49850
6675 4030 49850
1336 1761 2
1336 6239 2
1761 1336 2
1761 6664 2
6239 1336 2
6239 6664 2
6664 1761 2
6664 6239 2
1356 3041 2
1356 4959 2
3041 1356 2
3041 6644 2
4959 1356 2
4959 6644 2
6644 3041 2
6644 4959 2
1358 1773 58866
1358 6227 58866
1773 1358 58866
1773 6642 58866
6227 1358 58866
6227 6642 58866
6642 1773 58866
6642 6227 58866
1362 3038 165347
1362 4962 165347
3038 1362 165347
3038 6638 165347
4962 1362 165347
4962 6638 165347
6638 3038 165347
6638 4962 165347
1362 3962 103919
1362 4038 103919
3962 1362 103919
3962 6638 103919
4038 1362 103919
4038 6638 103919
6638 3962 103919
6638 4038 103919
1365 1766 65956
1365 6234 65956
1766 1365 65956
1766 6635 65956
6234 1365 65956
6234 6635 65956
6635 1766 65956
6635 6234 65956
1370 1774 192779
1370 6226 192779
1774 1370 192779
1774 6630 192779
6226 1370 192779
6226 6630 192779
6630 1774 192779
6630 6226 192779
1396 3042 94459
1396 4958 94459
3042 1396 94459
3042 6604 94459
4958 1396 94459
4958 6604 94459
6604 3042 94459
6604 4958 94459
1413 1934 47480
1413 6066 47480
1934 1413 47480
1934 6587 47480
6066 1413 47480
6066 6587 47480
6587 1934 47480
6587 6066 47480
1413 1979 119908
1413 6021 119908
1979 1413 119908
1979 6587 119908
6021 1413 119908
6021 6587 119908
6587 1979 119908
6587 6021 119908
1420 3916 56627
1420 4084 56627
3916 1420 56627
3916 6580 56627
4084 1420 56627
4084 6580 56627
6580 3916 56627
6580 4084 56627
1423 1908 148411
1423 6092 148411
1908 1423 148411
1908 6577 148411
6092 1423 148411
6092 6577 148411
6577 1908 148411
6577 6092 148411
1427 1936 135093
1427 6064 135093
1936 1427 135093
1936 6573 135093
6064 1427 135093
6064 6573 135093
6573 1936 135093
6573 6064 135093
1435 1907 42146
1435 6093 42146
1907 1435 42146
1907 6565 42146
6093 1435 42146
6093 6565 42146
6565 1907 42146
6565 6093 42146
1439 1898 111299
1439 6102 111299
1898 1439 111299
1898 6561 111299
6102 1439 111299
6102 6561 111299
6561 1898 111299
6561 6102 111299
1441 1901 80650
1441 6099 80650
1901 1441 80650
1901 6559 80650
6099 1441 80650
6099 6559 80650
6559 1901 80650
6559 6099 80650
1442 1919 104858
1442 6081 104858
1919 1442 104858
1919 6558 104858
6081 1442 104858
6081 6558 104858
6558 1919 104858
6558 6081 104858
1444 1917 121857
1444 6083 121857
1917 1444 121857
1917 6556 121857
6083 1444 121857
6083 6556 121857
6556 1917 121857
6556 6083 121857
1444 2922 23023
1444 5078 23023
2922 1444 23023
2922 6556 23023
5078 1444 23023
5078 6556 23023
6556 2922 23023
6556 5078 23023
1448 3060 40612
1448 4940 40612
3060 1448 40612
3060 6552 40612
4940 1448 40612
4940 6552 40612
6552 3060 40612
6552 4940 40612
1449 2915 196245
1449 5085 196245
2915 1449 196245
2915 6551 196245
5085 1449 196245
5085 6551 196245
6551 2915 196245
6551 5085 196245
1453 2917 34402
1453 5083 34402
2917 1453 34402
2917 6547 34402
5083 1453 34402
5083 6547 34402
6547 2917 34402
6547 5083 34402
1454 1901 137076
1454 6099 137076
1901 1454 137076
1901 6546 137076
6099 1454 137076
6099 6546 137076
6546 1901 137076
6546 6099 137076
1454 3530 2
1454 4470 2
3530 1454 2
3530 6546 2
4470 1454 2
4470 6546 2
6546 3530 2
6546 4470 2
1459 1976 61033
1459 6024 61033
1976 1459 61033
1976 6541 61033
6024 1459 61033
6024 6541 61033
6541 1976 61033
6541 6024 61033
1460 3498 2
1460 4502 2
3498 1460 2
3498 6540 2
4502 1460 2
4502 6540 2
6540 3498 2
6540 4502 2
1460 3502 2
1460 4498 2
3502 1460 2
3502 6540 2
4498 1460 2
4498 6540 2
6540 3502 2
6540 4498 2
1461 1888 73646
1461 6112 73646
1888 1461 73646
1888 6539 73646
6112 1461 73646
6112 6539 73646
6539 1888 73646
6539 6112 73646
1461 2929 16679
1461 5071 16679
2929 1461 16679
2929 6539 16679
5071 1461 16679
5071 6539 16679
6539 2929 16679
6539 5071 16679
1462 2890 249934
1462 5110 249934
2890 1462 249934
2890 6538 249934
5110 1462 249934
5110 6538 249934
6538 2890 249934
6538 5110 249934
1466 1886 242241
1466 6114 242241
1886 1466 242241
1886 6534 242241
6114 1466 242241
6114 6534 242241
6534 1886 242241
6534 6114 242241
1467 3520 31589
1467 4480 31589
3520 1467 31589
3520 6533 31589
4480 1467 31589
4480 6533 31589
6533 3520 31589
6533 4480 31589
1470 3521 20578
1470 4479 20578
3521 1470 20578
3521 6530 20578
4479 1470 20578
4479 6530 20578
6530 3521 20578
6530 4479 20578
1474 1880 407938
1474 6120 407938
1880 1474 407938
1880 6526 407938
6120 1474 407938
6120 6526 407938
6526 1880 407938
6526 6120 407938
1474 2921 100842
1474 5079 100842
2921 1474 100842
2921 6526 100842
5079 1474 100842
5079 6526 100842
6526 2921 100842
6526 5079 100842
1475 1875 35506
1475 6125 35506
1875 1475 35506
1875 6525 35506
6125 1475 35506
6125 6525 35506
6525 1875 35506
6525 6125 35506
1478 3120 47796
1478 4880 47796
3120 1478 47796
3120 6522 47796
4880 1478 47796
4880 6522 47796
6522 3120 47796
6522 4880 47796
1478 3880 116465
1478 4120 116465
3880 1478 116465
3880 6522 116465
4120 1478 116465
4120 6522 116465
6522 3880 116465
6522 4120 116465
1480 1873 2
1480 6127 2
1873 1480 2
1873 6520 2
6127 1480 2
6127 6520 2
6520 1873 2
6520 6127 2
1481 3500 138553
1481 4500 138553
3500 1481 138553
3500 6519 138553
4500 1481 138553
4500 6519 138553
6519 3500 138553
6519 4500 138553
1482 1875 208013
1482 6125 208013
1875 1482 208013
1875 6518 208013
6125 1482 208013
6125 6518 208013
6518 1875 208013
6518 6125 208013
1482 3079 64359
1482 4921 64359
3079 1482 64359
3079 6518 64359
4921 1482 64359
4921 6518 64359
6518 3079 64359
6518 4921 64359
1482 3921 15807
1482 4079 15807
3921 1482 15807
3921 6518 15807
4079 1482 15807
4079 6518 15807
6518 3921 15807
6518 4079 15807
1483 2880 76740
1483 5120 76740
2880 1483 76740
2880 6517 76740
5120 1483 76740
5120 6517 76740
6517 2880 76740
6517 5120 76740
1486 3126 28211
1486 4874 28211
3126 1486 28211
3126 6514 28211
4874 1486 28211
4874 6514 28211
6514 3126 28211
6514 4874 28211
1486 3874 120822
1486 4126 120822
3874 1486 120822
3874 6514 120822
4126 1486 120822
4126 6514 120822
6514 3874 120822
6514 4126 120822
1487 2886 121601
1487 5114 121601
2886 1487 121601
2886 6513 121601
5114 1487 121601
5114 6513 121601
6513 2886 121601
6513 5114 121601
1488 2898 39637
1488 5102 39637
2898 1488 39637
2898 6512 39637
5102 1488 39637
5102 6512 39637
6512 2898 39637
6512 5102 39637
1490 1870 311407
1490 6130 311407
1870 1490 311407
1870 6510 311407
6130 1490 311407
6130 6510 311407
6510 1870 311407
6510 6130 311407
1490 3524 14483
1490 4476 14483
3524 1490 14483
3524 6510 14483
4476 1490 14483
4476 6510 14483
6510 3524 14483
6510 4476 14483
1492 2871 140948
1492 5129 140948
2871 1492 140948
2871 6508 140948
5129 1492 140948
5129 6508 140948
6508 2871 140948
6508 5129 140948
1493 2079 5378
1493 5921 5378
2079 1493 5378
2079 6507 5378
5921 1493 5378
5921 6507 5378
6507 2079 5378
6507 5921 5378
1495 2909 62146
1495 5091 62146
2909 1495 62146
2909 6505 62146
5091 1495 62146
5091 6505 62146
6505 2909 62146
6505 5091 62146
1498 2868 143022
1498 5132 143022
2868 1498 143022
2868 6502 143022
5132 1498 143022
5132 6502 143022
6502 2868 143022
6502 5132 143022
1499 1863 880212
1499 6137 880212
1863 1499 880212
1863 6501 880212
6137 1499 880212
6137 6501 880212
6501 1863 880212
6501 6137 880212
1500 3528 2
1500 4472 2
3528 1500 2
3528 6500 2
4472 1500 2
4472 6500 2
6500 3528 2
6500 4472 2
1500 3922 49303
1500 4078 49303
3922 1500 49303
3922 6500 49303
4078 1500 49303
4078 6500 49303
6500 3922 49303
6500 4078 49303
1501 2927 154672
1501 5073 154672
2927 1501 154672
2927 6499 154672
5073 1501 154672
5073 6499 154672
6499 2927 154672
6499 5073 154672
1502 3070 6001
1502 4930 6001
3070 1502 6001
3070 6498 6001
4930 1502 6001
4930 6498 6001
6498 3070 6001
6498 4930 6001
1502 3930 7156
1502 4070 7156
3930 1502 7156
3930 6498 7156
4070 1502 7156
4070 6498 7156
6498 3930 7156
6498 4070 7156
1504 3141 174811
1504 4859 174811
3141 1504 174811
3141 6496 174811
4859 1504 174811
4859 6496 174811
6496 3141 174811
6496 4859 174811
1504 3859 93661
1504 4141 93661
3859 1504 93661
3859 6496 93661
4141 1504 93661
4141 6496 93661
6496 3859 93661
6496 4141 93661
1506 1861 246567
1506 6139 246567
1861 1506 246567
1861 6494 246567
6139 1506 246567
6139 6494 246567
6494 1861 246567
6494 6139 246567
1506 2861 52331
1506 5139 52331
2861 1506 52331
2861 6494 52331
5139 1506 52331
5139 6494 52331
6494 2861 52331
6494 5139 52331
1506 2872 53619
1506 5128 53619
2872 1506 53619
2872 6494 53619
5128 1506 53619
5128 6494 53619
6494 2872 53619
6494 5128 53619
1511 2857 81824
1511 5143 81824
2857 1511 81824
2857 6489 81824
5143 1511 81824
5143 6489 81824
6489 2857 81824
6489 5143 81824
1512 2907 19003
1512 5093 19003
2907 1512 19003
2907 6488 19003
5093 1512 19003
5093 6488 19003
6488 2907 19003
6488 5093 19003
1515 1855 298355
1515 6145 298355
1855 1515 298355
1855 6485 298355
6145 1515 298355
6145 6485 298355
6485 1855 298355
6485 6145 298355
1517 2854 87130
1517 5146 87130
2854 1517 87130
2854 6483 87130
5146 1517 87130
5146 6483 87130
6483 2854 87130
6483 5146 87130
1518 2896 66018
1518 5104 66018
2896 1518 66018
2896 6482 66018
5104 1518 66018
5104 6482 66018
6482 2896 66018
6482 5104 66018
1520 1848 126092
1520 6152 126092
1848 1520 126092
1848 6480 126092
6152 1520 126092
6152 6480 126092
6480 1848 126092
6480 6152 126092
1520 1854 80016
1520 6146 80016
1854 1520 80016
1854 6480 80016
6146 1520 80016
6146 6480 80016
6480 1854 80016
6480 6146 80016
1521 2096 15287
1521 5904 15287
2096 1521 15287
2096 6479 15287
5904 1521 15287
5904 6479 15287
6479 2096 15287
6479 5904 15287
1524 2909 8771
1524 5091 8771
2909 1524 8771
2909 6476 8771
5091 1524 8771
5091 6476 8771
6476 2909 8771
6476 5091 8771
1527 2850 298516
1527 5150 298516
2850 1527 298516
2850 6473 298516
5150 1527 298516
5150 6473 298516
6473 2850 298516
6473 5150 298516
1527 3850 137951
1527 4150 137951
3850 1527 137951
3850 6473 137951
4150 1527 137951
4150 6473 137951
6473 3850 137951
6473 4150 137951
1530 1837 192447
1530 6163 192447
1837 1530 192447
1837 6470 192447
6163 1530 192447
6163 6470 192447
6470 1837 192447
6470 6163 192447
1530 1840 528410
1530 6160 528410
1840 1530 528410
1840 6470 528410
6160 1530 528410
6160 6470 528410
6470 1840 528410
6470 6160 528410
1531 1846 97567
1531 6154 97567
1846 1531 97567
1846 6469 97567
6154 1531 97567
6154 6469 97567
6469 1846 97567
6469 6154 97567
1534 1843 346729
1534 6157 346729
1843 1534 346729
1843 6466 346729
6157 1534 346729
6157 6466 346729
6466 1843 346729
6466 6157 346729
1535 2932 71253
1535 5068 71253
2932 1535 71253
2932 6465 71253
5068 1535 71253
5068 6465 71253
6465 2932 71253
6465 5068 71253
1538 2840 563254
1538 5160 563254
2840 1538 563254
2840 6462 563254
5160 1538 563254
5160 6462 563254
6462 2840 563254
6462 5160 563254
1538 3120 58227
1538 4880 58227
3120 1538 58227
3120 6462 58227
4880 1538 58227
4880 6462 58227
6462 3120 58227
6462 4880 58227
1541 1841 258739
1541 6159 258739
1841 1541 258739
1841 6459 258739
6159 1541 258739
6159 6459 258739
6459 1841 258739
6459 6159 258739
1545 2837 88978
1545 5163 88978
2837 1545 88978
2837 6455 88978
5163 1545 88978
5163 6455 88978
6455 2837 88978
6455 5163 88978
1546 1837 269668
1546 6163 269668
1837 1546 269668
1837 6454 269668
6163 1546 269668
6163 6454 269668
6454 1837 269668
6454 6163 269668
1546 3254 2
1546 4746 2
3254 1546 2
3254 6454 2
4746 1546 2
4746 6454 2
6454 3254 2
6454 4746 2
1547 2163 2
1547 5837 2
2163 1547 2
2163 6453 2
5837 1547 2
5837 6453 2
6453 2163 2
6453 5837 2
1549 1832 158714
1549 6168 158714
1832 1549 158714
1832 6451 158714
6168 1549 158714
6168 6451 158714
6451 1832 158714
6451 6168 158714
1549 2830 73239
1549 5170 73239
2830 1549 73239
2830 6451 73239
5170 1549 73239
5170 6451 73239
6451 2830 73239
6451 5170 73239
1551 2909 25578
1551 5091 25578
2909 1551 25578
2909 6449 25578
5091 1551 25578
5091 6449 25578
6449 2909 25578
6449 5091 25578
1554 1829 343703
1554 6171 343703
1829 1554 343703
1829 6446 343703
6171 1554 343703
6171 6446 343703
6446 1829 343703
6446 6171 343703
1554 3477 275886
1554 4523 275886
3477 1554 275886
3477 6446 275886
4523 1554 275886
4523 6446 275886
6446 3477 275886
6446 4523 275886
1554 3500 316399
1554 4500 316399
3500 1554 316399
3500 6446 316399
4500 1554 316399
4500 6446 316399
6446 3500 316399
6446 4500 316399
1554 3523 175458
1554 4477 175458
3523 1554 175458
3523 6446 175458
4477 1554 175458
4477 6446 175458
6446 3523 175458
6446 4477 175458
1559 2829 325081
1559 5171 325081
2829 1559 325081
2829 6441 325081
5171 1559 325081
5171 6441 325081
6441 2829 325081
6441 5171 325081
1562 2825 122299
1562 5175 122299
2825 1562 122299
2825 6438 122299
5175 1562 122299
5175 6438 122299
6438 2825 122299
6438 5175 122299
1563 2173 151460
1563 5827 151460
2173 1563 151460
2173 6437 151460
5827 1563 151460
5827 6437 151460
6437 2173 151460
6437 5827 151460
1564 1824 100166
1564 6176 100166
1824 1564 100166
1824 6436 100166
6176 1564 100166
6176 6436 100166
6436 1824 100166
6436 6176 100166
1568 1823 91946
1568 6177 91946
1823 1568 91946
1823 6432 91946
6177 1568 91946
6177 6432 91946
6432 1823 91946
6432 6177 91946
1569 3177 9317
1569 4823 9317
3177 1569 9317
3177 6431 9317
4823 1569 9317
4823 6431 9317
6431 3177 9317
6431 4823 9317
1569 3180 97762
1569 4820 97762
3180 1569 97762
3180 6431 97762
4820 1569 97762
4820 6431 97762
6431 3180 97762
6431 4820 97762
1569 3823 149041
1569 4177 149041
3823 1569 149041
3823 6431 149041
4177 1569 149041
4177 6431 149041
6431 3823 149041
6431 4177 149041
1571 3238 19252
1571 4762 19252
3238 1571 19252
3238 6429 19252
4762 1571 19252
4762 6429 19252
6429 3238 19252
6429 4762 19252
1571 3762 185378
1571 4238 185378
3762 1571 185378
3762 6429 185378
4238 1571 185378
4238 6429 185378
6429 3762 185378
6429 4238 185378
1574 1811 663068
1574 6189 663068
1811 1574 663068
1811 6426 663068
6189 1574 663068
6189 6426 663068
6426 1811 663068
6426 6189 663068
1574 3183 9618
1574 4817 9618
3183 1574 9618
3183 6426 9618
4817 1574 9618
4817 6426 9618
6426 3183 9618
6426 4817 9618
1574 3817 171320
1574 4183 171320
3817 1574 171320
3817 6426 171320
4183 1574 171320
4183 6426 171320
6426 3817 171320
6426 4183 171320
1575 2183 320651
1575 5817 320651
2183 1575 320651
2183 6425 320651
5817 1575 320651
5817 6425 320651
6425 2183 320651
6425 5817 320651
1575 2818 94078
1575 5182 94078
2818 1575 94078
2818 6425 94078
5182 1575 94078
5182 6425 94078
6425 2818 94078
6425 5182 94078
1580 2186 437164
1580 5814 437164
2186 1580 437164
2186 6420 437164
5814 1580 437164
5814 6420 437164
6420 2186 437164
6420 5814 437164
1582 3500 2
1582 4500 2
3500 1582 2
3500 6418 2
4500 1582 2
4500 6418 2
6418 3500 2
6418 4500 2
1583 1809 258066
1583 6191 258066
1809 1583 258066
1809 6417 258066
6191 1583 258066
6191 6417 258066
6417 1809 258066
6417 6191 258066
1587 2809 350012
1587 5191 350012
2809 1587 350012
2809 6413 350012
5191 1587 350012
5191 6413 350012
6413 2809 350012
6413 5191 350012
1589 2802 40243
1589 5198 40243
2802 1589 40243
2802 6411 40243
5198 1589 40243
5198 6411 40243
6411 2802 40243
6411 5198 40243
1590 2802 65799
1590 5198 65799
2802 1590 65799
2802 6410 65799
5198 1590 65799
5198 6410 65799
6410 2802 65799
6410 5198 65799
1591 3202 442734
1591 4798 442734
3202 1591 442734
3202 6409 442734
4798 1591 442734
4798 6409 442734
6409 3202 442734
6409 4798 442734
1592 1804 425529
1592 6196 425529
1804 1592 425529
1804 6408 425529
6196 1592 425529
6196 6408 425529
6408 1804 425529
6408 6196 425529
1592 3195 157281
1592 4805 157281
3195 1592 157281
3195 6408 157281
4805 1592 157281
4805 6408 157281
6408 3195 157281
6408 4805 157281
1592 3805 248167
1592 4195 248167
3805 1592 248167
3805 6408 248167
4195 1592 248167
4195 6408 248167
6408 3805 248167
6408 4195 248167
1600 1796 133406
1600 6204 133406
1796 1600 133406
1796 6400 133406
6204 1600 133406
6204 6400 133406
6400 1796 133406
6400 6204 133406
1600 2181 5367
1600 5819 5367
2181 1600 5367
2181 6400 5367
5819 1600 5367
5819 6400 5367
6400 2181 5367
6400 5819 5367
1600 2201 104948
1600 5799 104948
2201 1600 104948
2201 6400 104948
5799 1600 104948
5799 6400 104948
6400 2201 104948
6400 5799 104948
1600 3201 1648
1600 4799 1648
3201 1600 1648
3201 6400 1648
4799 1600 1648
4799 6400 1648
6400 3201 1648
6400 4799 1648
1600 3799 2
1600 4201 2
3799 1600 2
3799 6400 2
4201 1600 2
4201 6400 2
6400 3799 2
6400 4201 2
1602 1793 109015
1602 6207 109015
1793 1602 109015
1793 6398 109015
6207 1602 109015
6207 6398 109015
6398 1793 109015
6398 6207 109015
1602 2797 209991
1602 5203 209991
2797 1602 209991
2797 6398 209991
5203 1602 209991
5203 6398 209991
6398 2797 209991
6398 5203 209991
1602 3203 1636
1602 4797 1636
3203 1602 1636
3203 6398 1636
4797 1602 1636
4797 6398 1636
6398 3203 1636
6398 4797 1636
1602 3797 146649
1602 4203 146649
3797 1602 146649
3797 6398 146649
4203 1602 146649
4203 6398 146649
6398 3797 146649
6398 4203 146649
1603 1793 126233
1603 6207 126233
1793 1603 126233
1793 6397 126233
6207 1603 126233
6207 6397 126233
6397 1793 126233
6397 6207 126233
1604 2780 121174
1604 5220 121174
2780 1604 121174
2780 6396 121174
5220 1604 121174
5220 6396 121174
6396 2780 121174
6396 5220 121174
1605 2790 2
1605 5210 2
2790 1605 2
2790 6395 2
5210 1605 2
5210 6395 2
6395 2790 2
6395 5210 2
1605 3109 64671
1605 4891 64671
3109 1605 64671
3109 6395 64671
4891 1605 64671
4891 6395 64671
6395 3109 64671
6395 4891 64671
1606 2783 361159
1606 5217 361159
2783 1606 361159
2783 6394 361159
5217 1606 361159
5217 6394 361159
6394 2783 361159
6394 5217 361159
1609 2221 73517
1609 5779 73517
2221 1609 73517
2221 6391 73517
5779 1609 73517
5779 6391 73517
6391 2221 73517
6391 5779 73517
1609 3500 47010
1609 4500 47010
3500 1609 47010
3500 6391 47010
4500 1609 47010
4500 6391 47010
6391 3500 47010
6391 4500 47010
1610 1792 126958
1610 6208 126958
1792 1610 126958
1792 6390 126958
6208 1610 126958
6208 6390 126958
6390 1792 126958
6390 6208 126958
1610 2780 160663
1610 5220 160663
2780 1610 160663
2780 6390 160663
5220 1610 160663
5220 6390 160663
6390 2780 160663
6390 5220 160663
1611 3140 19315
1611 4860 19315
3140 1611 19315
3140 6389 19315
4860 1611 19315
4860 6389 19315
6389 3140 19315
6389 4860 19315
1613 1788 230973
1613 6212 230973
1788 1613 230973
1788 6387 230973
6212 1613 230973
6212 6387 230973
6387 1788 230973
6387 6212 230973
1613 2220 238476
1613 5780 238476
2220 1613 238476
2220 6387 238476
5780 1613 238476
5780 6387 238476
6387 2220 238476
6387 5780 238476
1620 1780 37327
1620 6220 37327
1780 1620 37327
1780 6380 37327
6220 1620 37327
6220 6380 37327
6380 1780 37327
6380 6220 37327
1626 3297 115473
1626 4703 115473
3297 1626 115473
3297 6374 115473
4703 1626 115473
4703 6374 115473
6374 3297 115473
6374 4703 115473
1626 3703 161635
1626 4297 161635
3703 1626 161635
3703 6374 161635
4297 1626 161635
4297 6374 161635
6374 3703 161635
6374 4297 161635
1628 2761 291992
1628 5239 291992
2761 1628 291992
2761 6372 291992
5239 1628 291992
5239 6372 291992
6372 2761 291992
6372 5239 291992
1629 2777 344076
1629 5223 344076
2777 1629 344076
2777 6371 344076
5223 1629 344076
5223 6371 344076
6371 2777 344076
6371 5223 344076
1630 1742 16244
1630 6258 16244
1742 1630 16244
1742 6370 16244
6258 1630 16244
6258 6370 16244
6370 1742 16244
6370 6258 16244
1630 2684 513082
1630 5316 513082
2684 1630 513082
2684 6370 513082
5316 1630 513082
5316 6370 513082
6370 2684 513082
6370 5316 513082
1630 2697 29992
1630 5303 29992
2697 1630 29992
2697 6370 29992
5303 1630 29992
5303 6370 29992
6370 2697 29992
6370 5303 29992
1630 3316 2
1630 4684 2
3316 1630 2
3316 6370 2
4684 1630 2
4684 6370 2
6370 3316 2
6370 4684 2
1630 3684 15009
1630 4316 15009
3684 1630 15009
3684 6370 15009
4316 1630 15009
4316 6370 15009
6370 3684 15009
6370 4316 15009
1631 1775 964439
1631 6225 964439
1775 1631 964439
1775 6369 964439
6225 1631 964439
6225 6369 964439
6369 1775 964439
6369 6225 964439
1631 3479 432801
1631 4521 432801
3479 1631 432801
3479 6369 432801
4521 1631 432801
4521 6369 432801
6369 3479 432801
6369 4521 432801
1633 3774 251574
1633 4226 251574
3774 1633 251574
3774 6367 251574
4226 1633 251574
4226 6367 251574
6367 3774 251574
6367 4226 251574
1634 2773 16084
1634 5227 16084
2773 1634 16084
2773 6366 16084
5227 1634 16084
5227 6366 16084
6366 2773 16084
6366 5227 16084
1635 2215 2
1635 5785 2
2215 1635 2
2215 6365 2
5785 1635 2
5785 6365 2
6365 2215 2
6365 5785 2
1638 2756 285990
1638 5244 285990
2756 1638 285990
2756 6362 285990
5244 1638 285990
5244 6362 285990
6362 2756 285990
6362 5244 285990
1640 1763 352254
1640 6237 352254
1763 1640 352254
1763 6360 352254
6237 1640 352254
6237 6360 352254
6360 1763 352254
6360 6237 352254
1641 2644 98480
1641 5356 98480
2644 1641 98480
2644 6359 98480
5356 1641 98480
5356 6359 98480
6359 2644 98480
6359 5356 98480
1643 3131 119038
1643 4869 119038
3131 1643 119038
3131 6357 119038
4869 1643 119038
4869 6357 119038
6357 3131 119038
6357 4869 119038
1644 2764 57562
1644 5236 57562
2764 1644 57562
2764 6356 57562
5236 1644 57562
5236 6356 57562
6356 2764 57562
6356 5236 57562
1644 3236 308048
1644 4764 308048
3236 1644 308048
3236 6356 308048
4764 1644 308048
4764 6356 308048
6356 3236 308048
6356 4764 308048
1644 3284 2
1644 4716 2
3284 1644 2
3284 6356 2
4716 1644 2
4716 6356 2
6356 3284 2
6356 4716 2
1644 3716 58411
1644 4284 58411
3716 1644 58411
3716 6356 58411
4284 1644 58411
4284 6356 58411
6356 3716 58411
6356 4284 58411
1644 3764 924734
1644 4236 924734
3764 1644 924734
3764 6356 924734
4236 1644 924734
4236 6356 924734
6356 3764 924734
6356 4236 924734
1645 2233 2
1645 5767 2
2233 1645 2
2233 6355 2
5767 1645 2
5767 6355 2
6355 2233 2
6355 5767 2
1646 1762 151273
1646 6238 151273
1762 1646 151273
1762 6354 151273
6238 1646 151273
6238 6354 151273
6354 1762 151273
6354 6238 151273
1648 2706 124370
1648 5294 124370
2706 1648 124370
2706 6352 124370
5294 1648 124370
5294 6352 124370
6352 2706 124370
6352 5294 124370
1648 3294 2
1648 4706 2
3294 1648 2
3294 6352 2
4706 1648 2
4706 6352 2
6352 3294 2
6352 4706 2
1648 3305 67700
1648 4695 67700
3305 1648 67700
3305 6352 67700
4695 1648 67700
4695 6352 67700
6352 3305 67700
6352 4695 67700
1648 3695 17318
1648 4305 17318
3695 1648 17318
3695 6352 17318
4305 1648 17318
4305 6352 17318
6352 3695 17318
6352 4305 17318
1648 3706 89555
1648 4294 89555
3706 1648 89555
3706 6352 89555
4294 1648 89555
4294 6352 89555
6352 3706 89555
6352 4294 89555
1649 2747 97611
1649 5253 97611
2747 1649 97611
2747 6351 97611
5253 1649 97611
5253 6351 97611
6351 2747 97611
6351 5253 97611
1650 1755 59815
1650 6245 59815
1755 1650 59815
1755 6350 59815
6245 1650 59815
6245 6350 59815
6350 1755 59815
6350 6245 59815
1650 1760 256153
1650 6240 256153
1760 1650 256153
1760 6350 256153
6240 1650 256153
6240 6350 256153
6350 1760 256153
6350 6240 256153
1650 2127 253117
1650 5873 253117
2127 1650 253117
2127 6350 253117
5873 1650 253117
5873 6350 253117
6350 2127 253117
6350 5873 253117
1650 2237 94833
1650 5763 94833
2237 1650 94833
2237 6350 94833
5763 1650 94833
5763 6350 94833
6350 2237 94833
6350 5763 94833
1651 3470 106119
1651 4530 106119
3470 1651 106119
3470 6349 106119
4530 1651 106119
4530 6349 106119
6349 3470 106119
6349 4530 106119
1653 3302 2
1653 4698 2
3302 1653 2
3302 6347 2
4698 1653 2
4698 6347 2
6347 3302 2
6347 4698 2
1653 3698 17531
1653 4302 17531
3698 1653 17531
3698 6347 17531
4302 1653 17531
4302 6347 17531
6347 3698 17531
6347 4302 17531
1657 2746 36301
1657 5254 36301
2746 1657 36301
2746 6343 36301
5254 1657 36301
5254 6343 36301
6343 2746 36301
6343 5254 36301
1660 1736 47201
1660 6264 47201
1736 1660 47201
1736 6340 47201
6264 1660 47201
6264 6340 47201
6340 1736 47201
6340 6264 47201
1660 2470 103531
1660 5530 103531
2470 1660 103531
2470 6340 103531
5530 1660 103531
5530 6340 103531
6340 2470 103531
6340 5530 103531
1662 1747 451043
1662 6253 451043
1747 1662 451043
1747 6338 451043
6253 1662 451043
6253 6338 451043
6338 1747 451043
6338 6253 451043
1662 2670 677037
1662 5330 677037
2670 1662 677037
2670 6338 677037
5330 1662 677037
5330 6338 677037
6338 2670 677037
6338 5330 677037
1664 2253 30621
1664 5747 30621
2253 1664 30621
2253 6336 30621
5747 1664 30621
5747 6336 30621
6336 2253 30621
6336 5747 30621
1668 1742 388570
1668 6258 388570
1742 1668 388570
1742 6332 388570
6258 1668 388570
6258 6332 388570
6332 1742 388570
6332 6258 388570
1669 2280 73254
1669 5720 73254
2280 1669 73254
2280 6331 73254
5720 1669 73254
5720 6331 73254
6331 2280 73254
6331 5720 73254
1670 2482 2
1670 5518 2
2482 1670 2
2482 6330 2
5518 1670 2
5518 6330 2
6330 2482 2
6330 5518 2
1672 2738 202457
1672 5262 202457
2738 1672 202457
2738 6328 202457
5262 1672 202457
5262 6328 202457
6328 2738 202457
6328 5262 202457
1672 3262 11722
1672 4738 11722
3262 1672 11722
3262 6328 11722
4738 1672 11722
4738 6328 11722
6328 3262 11722
6328 4738 11722
1672 3738 144925
1672 4262 144925
3738 1672 144925
3738 6328 144925
4262 1672 144925
4262 6328 144925
6328 3738 144925
6328 4262 144925
1677 2280 153496
1677 5720 153496
2280 1677 153496
2280 6323 153496
5720 1677 153496
5720 6323 153496
6323 2280 153496
6323 5720 153496
1680 2667 9227
1680 5333 9227
2667 1680 9227
2667 6320 9227
5333 1680 9227
5333 6320 9227
6320 2667 9227
6320 5333 9227
1685 3619 18013
1685 4381 18013
3619 1685 18013
3619 6315 18013
4381 1685 18013
4381 6315 18013
6315 3619 18013
6315 4381 18013
1686 3281 2
1686 4719 2
3281 1686 2
3281 6314 2
4719 1686 2
4719 6314 2
6314 3281 2
6314 4719 2
1686 3719 2
1686 4281 2
3719 1686 2
3719 6314 2
4281 1686 2
4281 6314 2
6314 3719 2
6314 4281 2
1688 1726 93543
1688 6274 93543
1726 1688 93543
1726 6312 93543
6274 1688 93543
6274 6312 93543
6312 1726 93543
6312 6274 93543
1690 1710 2
1690 6290 2
1710 1690 2
1710 6310 2
6290 1690 2
6290 6310 2
6310 1710 2
6310 6290 2
1690 2276 41724
1690 5724 41724
2276 1690 41724
2276 6310 41724
5724 1690 41724
5724 6310 41724
6310 2276 41724
6310 5724 41724
1690 3327 110727
1690 4673 110727
3327 1690 110727
3327 6310 110727
4673 1690 110727
4673 6310 110727
6310 3327 110727
6310 4673 110727
1690 3620 225658
1690 4380 225658
3620 1690 225658
3620 6310 225658
4380 1690 225658
4380 6310 225658
6310 3620 225658
6310 4380 225658
1690 3673 35959
1690 4327 35959
3673 1690 35959
3673 6310 35959
4327 1690 35959
4327 6310 35959
6310 3673 35959
6310 4327 35959
1691 1708 2
1691 6292 2
1708 1691 2
1708 6309 2
6292 1691 2
6292 6309 2
6309 1708 2
6309 6292 2
1695 2189 2
1695 5811 2
2189 1695 2
2189 6305 2
5811 1695 2
5811 6305 2
6305 2189 2
6305 5811 2
1695 2667 13283
1695 5333 13283
2667 1695 13283
2667 6305 13283
5333 1695 13283
5333 6305 13283
6305 2667 13283
6305 5333 13283
1697 1715 217963
1697 6285 217963
1715 1697 217963
1715 6303 217963
6285 1697 217963
6285 6303 217963
6303 1715 217963
6303 6285 217963
1697 2303 2
1697 5697 2
2303 1697 2
2303 6303 2
5697 1697 2
5697 6303 2
6303 2303 2
6303 5697 2
1698 2714 13256
1698 5286 13256
2714 1698 13256
2714 6302 13256
5286 1698 13256
5286 6302 13256
6302 2714 13256
6302 5286 13256
1698 3286 191617
1698 4714 191617
3286 1698 191617
3286 6302 191617
4714 1698 191617
4714 6302 191617
6302 3286 191617
6302 4714 191617
1698 3714 597510
1698 4286 597510
3714 1698 597510
3714 6302 597510
4286 1698 597510
4286 6302 597510
6302 3714 597510
6302 4286 597510
1699 2295 87965
1699 5705 87965
2295 1699 87965
2295 6301 87965
5705 1699 87965
5705 6301 87965
6301 2295 87965
6301 5705 87965
1700 2512 2
1700 5488 2
2512 1700 2
2512 6300 2
5488 1700 2
5488 6300 2
6300 2512 2
6300 5488 2
1701 2325 14894
1701 5675 14894
2325 1701 14894
2325 6299 14894
5675 1701 14894
5675 6299 14894
6299 2325 14894
6299 5675 14894
1701 3340 2
1701 4660 2
3340 1701 2
3340 6299 2
4660 1701 2
4660 6299 2
6299 3340 2
6299 4660 2
1701 3660 463066
1701 4340 463066
3660 1701 463066
3660 6299 463066
4340 1701 463066
4340 6299 463066
6299 3660 463066
6299 4340 463066
1702 3324 2
1702 4676 2
3324 1702 2
3324 6298 2
4676 1702 2
4676 6298 2
6298 3324 2
6298 4676 2
1702 3676 38876
1702 4324 38876
3676 1702 38876
3676 6298 38876
4324 1702 38876
4324 6298 38876
6298 3676 38876
6298 4324 38876
1704 1708 2
1704 6292 2
1708 1704 2
1708 6296 2
6292 1704 2
6292 6296 2
6296 1708 2
6296 6292 2
1706 2707 31980
1706 5293 31980
2707 1706 31980
2707 6294 31980
5293 1706 31980
5293 6294 31980
6294 2707 31980
6294 5293 31980
1708 2305 213592
1708 5695 213592
2305 1708 213592
2305 6292 213592
5695 1708 213592
5695 6292 213592
6292 2305 213592
6292 5695 213592
1709 2290 23683
1709 5710 23683
2290 1709 23683
2290 6291 23683
5710 1709 23683
5710 6291 23683
6291 2290 23683
6291 5710 23683
1709 2520 69737
1709 5480 69737
2520 1709 69737
2520 6291 69737
5480 1709 69737
5480 6291 69737
6291 2520 69737
6291 5480 69737
1710 2509 2
1710 5491 2
2509 1710 2
2509 6290 2
5491 1710 2
5491 6290 2
6290 2509 2
6290 5491 2
1710 2520 69833
1710 5480 69833
2520 1710 69833
2520 6290 69833
5480 1710 69833
5480 6290 69833
6290 2520 69833
6290 5480 69833
1714 3300 1734
1714 4700 1734
3300 1714 1734
3300 6286 1734
4700 1714 1734
4700 6286 1734
6286 3300 1734
6286 4700 1734
1714 3700 164926
1714 4300 164926
3700 1714 164926
3700 6286 164926
4300 1714 164926
4300 6286 164926
6286 3700 164926
6286 4300 164926
1716 2359 2
1716 5641 2
2359 1716 2
2359 6284 2
5641 1716 2
5641 6284 2
6284 2359 2
6284 5641 2
1716 3314 2
1716 4686 2
3314 1716 2
3314 6284 2
4686 1716 2
4686 6284 2
6284 3314 2
6284 4686 2
1716 3359 254112
1716 4641 254112
3359 1716 254112
3359 6284 254112
4641 1716 254112
4641 6284 254112
6284 3359 254112
6284 4641 254112
1716 3686 122428
1716 4314 122428
3686 1716 122428
3686 6284 122428
4314 1716 122428
4314 6284 122428
6284 3686 122428
6284 4314 122428
1717 2617 91389
1717 5383 91389
2617 1717 91389
2617 6283 91389
5383 1717 91389
5383 6283 91389
6283 2617 91389
6283 5383 91389
1717 3383 160630
1717 4617 160630
3383 1717 160630
3383 6283 160630
4617 1717 160630
4617 6283 160630
6283 3383 160630
6283 4617 160630
1717 3617 2
1717 4383 2
3617 1717 2
3617 6283 2
4383 1717 2
4383 6283 2
6283 3617 2
6283 4383 2
1718 2300 144735
1718 5700 144735
2300 1718 144735
2300 6282 144735
5700 1718 144735
5700 6282 144735
6282 2300 144735
6282 5700 144735
1719 2322 218046
1719 5678 218046
2322 1719 218046
2322 6281 218046
5678 1719 218046
5678 6281 218046
6281 2322 218046
6281 5678 218046
1719 2518 2
1719 5482 2
2518 1719 2
2518 6281 2
5482 1719 2
5482 6281 2
6281 2518 2
6281 5482 2
1719 2850 80579
1719 5150 80579
2850 1719 80579
2850 6281 80579
5150 1719 80579
5150 6281 80579
6281 2850 80579
6281 5150 80579
1720 2306 140913
1720 5694 140913
2306 1720 140913
2306 6280 140913
5694 1720 140913
5694 6280 140913
6280 2306 140913
6280 5694 140913
1720 2530 23653
1720 5470 23653
2530 1720 23653
2530 6280 23653
5470 1720 23653
5470 6280 23653
6280 2530 23653
6280 5470 23653
1721 2602 43407
1721 5398 43407
2602 1721 43407
2602 6279 43407
5398 1721 43407
5398 6279 43407
6279 2602 43407
6279 5398 43407
1722 2691 332834
1722 5309 332834
2691 1722 332834
2691 6278 332834
5309 1722 332834
5309 6278 332834
6278 2691 332834
6278 5309 332834
1726 2313 69958
1726 5687 69958
2313 1726 69958
2313 6274 69958
5687 1726 69958
5687 6274 69958
6274 2313 69958
6274 5687 69958
1727 2534 23503
1727 5466 23503
2534 1727 23503
2534 6273 23503
5466 1727 23503
5466 6273 23503
6273 2534 23503
6273 5466 23503
1729 2678 274079
1729 5322 274079
2678 1729 274079
2678 6271 274079
5322 1729 274079
5322 6271 274079
6271 2678 274079
6271 5322 274079
1730 2530 244980
1730 5470 244980
2530 1730 244980
2530 6270 244980
5470 1730 244980
5470 6270 244980
6270 2530 244980
6270 5470 244980
1730 2839 3452
1730 5161 3452
2839 1730 3452
2839 6270 3452
5161 1730 3452
5161 6270 3452
6270 2839 3452
6270 5161 3452
1733 2321 84996
1733 5679 84996
2321 1733 84996
2321 6267 84996
5679 1733 84996
5679 6267 84996
6267 2321 84996
6267 5679 84996
1733 3320 185183
1733 4680 185183
3320 1733 185183
3320 6267 185183
4680 1733 185183
4680 6267 185183
6267 3320 185183
6267 4680 185183
1733 3680 388276
1733 4320 388276
3680 1733 388276
3680 6267 388276
4320 1733 388276
4320 6267 388276
6267 3680 388276
6267 4320 388276
1734 2838 106682
1734 5162 106682
2838 1734 106682
2838 6266 106682
5162 1734 106682
5162 6266 106682
6266 2838 106682
6266 5162 106682
1736 2675 198295
1736 5325 198295
2675 1736 198295
2675 6264 198295
5325 1736 198295
5325 6264 198295
6264 2675 198295
6264 5325 198295
1740 2665 85723
1740 5335 85723
2665 1740 85723
2665 6260 85723
5335 1740 85723
5335 6260 85723
6260 2665 85723
6260 5335 85723
1741 3331 433871
1741 4669 433871
3331 1741 433871
3331 6259 433871
4669 1741 433871
4669 6259 433871
6259 3331 433871
6259 4669 433871
1741 3669 2
1741 4331 2
3669 1741 2
3669 6259 2
4331 1741 2
4331 6259 2
6259 3669 2
6259 4331 2
1741 3830 124054
1741 4170 124054
3830 1741 124054
3830 6259 124054
4170 1741 124054
4170 6259 124054
6259 3830 124054
6259 4170 124054
1744 2342 167811
1744 5658 167811
2342 1744 167811
2342 6256 167811
5658 1744 167811
5658 6256 167811
6256 2342 167811
6256 5658 167811
1744 2667 25907
1744 5333 25907
2667 1744 25907
2667 6256 25907
5333 1744 25907
5333 6256 25907
6256 2667 25907
6256 5333 25907
1746 2550 29224
1746 5450 29224
2550 1746 29224
2550 6254 29224
5450 1746 29224
5450 6254 29224
6254 2550 29224
6254 5450 29224
1746 3343 2
1746 4657 2
3343 1746 2
3343 6254 2
4657 1746 2
4657 6254 2
6254 3343 2
6254 4657 2
1746 3657 474749
1746 4343 474749
3657 1746 474749
3657 6254 474749
4343 1746 474749
4343 6254 474749
6254 3657 474749
6254 4343 474749
1747 2541 400020
1747 5459 400020
2541 1747 400020
2541 6253 400020
5459 1747 400020
5459 6253 400020
6253 2541 400020
6253 5459 400020
1748 2354 2
1748 5646 2
2354 1748 2
2354 6252 2
5646 1748 2
5646 6252 2
6252 2354 2
6252 5646 2
1749 2164 87770
1749 5836 87770
2164 1749 87770
2164 6251 87770
5836 1749 87770
5836 6251 87770
6251 2164 87770
6251 5836 87770
1750 2531 2
1750 5469 2
2531 1750 2
2531 6250 2
5469 1750 2
5469 6250 2
6250 2531 2
6250 5469 2
1750 2552 57162
1750 5448 57162
2552 1750 57162
2552 6250 57162
5448 1750 57162
5448 6250 57162
6250 2552 57162
6250 5448 57162
1750 2660 282160
1750 5340 282160
2660 1750 282160
2660 6250 282160
5340 1750 282160
5340 6250 282160
6250 2660 282160
6250 5340 282160
1753 2530 2
1753 5470 2
2530 1753 2
2530 6247 2
5470 1753 2
5470 6247 2
6247 2530 2
6247 5470 2
1754 3345 187030
1754 4655 187030
3345 1754 187030
3345 6246 187030
4655 1754 187030
4655 6246 187030
6246 3345 187030
6246 4655 187030
1754 3655 2
1754 4345 2
3655 1754 2
3655 6246 2
4345 1754 2
4345 6246 2
6246 3655 2
6246 4345 2
1759 2354 313007
1759 5646 313007
2354 1759 313007
2354 6241 313007
5646 1759 313007
5646 6241 313007
6241 2354 313007
6241 5646 313007
1759 2647 465594
1759 5353 465594
2647 1759 465594
2647 6241 465594
5353 1759 465594
5353 6241 465594
6241 2647 465594
6241 5353 465594
1760 2532 2
1760 5468 2
2532 1760 2
2532 6240 2
5468 1760 2
5468 6240 2
6240 2532 2
6240 5468 2
1760 3417 2
1760 4583 2
3417 1760 2
3417 6240 2
4583 1760 2
4583 6240 2
6240 3417 2
6240 4583 2
1760 3583 2
1760 4417 2
3583 1760 2
3583 6240 2
4417 1760 2
4417 6240 2
6240 3583 2
6240 4417 2
1762 2843 85346
1762 5157 85346
2843 1762 85346
2843 6238 85346
5157 1762 85346
5157 6238 85346
6238 2843 85346
6238 5157 85346
1768 3398 7211
1768 4602 7211
3398 1768 7211
3398 6232 7211
4602 1768 7211
4602 6232 7211
6232 3398 7211
6232 4602 7211
1768 3602 109996
1768 4398 109996
3602 1768 109996
3602 6232 109996
4398 1768 109996
4398 6232 109996
6232 3602 109996
6232 4398 109996
1769 2370 176404
1769 5630 176404
2370 1769 176404
2370 6231 176404
5630 1769 176404
5630 6231 176404
6231 2370 176404
6231 5630 176404
1769 2630 58861
1769 5370 58861
2630 1769 58861
2630 6231 58861
5370 1769 58861
5370 6231 58861
6231 2630 58861
6231 5370 58861
1769 3370 180558
1769 4630 180558
3370 1769 180558
3370 6231 180558
4630 1769 180558
4630 6231 180558
6231 3370 180558
6231 4630 180558
1769 3371 205442
1769 4629 205442
3371 1769 205442
3371 6231 205442
4629 1769 205442
4629 6231 205442
6231 3371 205442
6231 4629 205442
1769 3629 51245
1769 4371 51245
3629 1769 51245
3629 6231 51245
4371 1769 51245
4371 6231 51245
6231 3629 51245
6231 4371 51245
1769 3630 52574
1769 4370 52574
3630 1769 52574
3630 6231 52574
4370 1769 52574
4370 6231 52574
6231 3630 52574
6231 4370 52574
1770 2365 363902
1770 5635 363902
2365 1770 363902
2365 6230 363902
5635 1770 363902
5635 6230 363902
6230 2365 363902
6230 5635 363902
1770 2538 2
1770 5462 2
2538 1770 2
2538 6230 2
5462 1770 2
5462 6230 2
6230 2538 2
6230 5462 2
1770 2627 2
1770 5373 2
2627 1770 2
2627 6230 2
5373 1770 2
5373 6230 2
6230 2627 2
6230 5373 2
1770 3637 127883
1770 4363 127883
3637 1770 127883
3637 6230 127883
4363 1770 127883
4363 6230 127883
6230 3637 127883
6230 4363 127883
1771 3363 155867
1771 4637 155867
3363 1771 155867
3363 6229 155867
4637 1771 155867
4637 6229 155867
6229 3363 155867
6229 4637 155867
1771 3637 162270
1771 4363 162270
3637 1771 162270
3637 6229 162270
4363 1771 162270
4363 6229 162270
6229 3637 162270
6229 4363 162270
1772 3458 2
1772 4542 2
3458 1772 2
3458 6228 2
4542 1772 2
4542 6228 2
6228 3458 2
6228 4542 2
1772 3542 49974
1772 4458 49974
3542 1772 49974
3542 6228 49974
4458 1772 49974
4458 6228 49974
6228 3542 49974
6228 4458 49974
1778 3373 242337
1778 4627 242337
3373 1778 242337
3373 6222 242337
4627 1778 242337
4627 6222 242337
6222 3373 242337
6222 4627 242337
1778 3627 356062
1778 4373 356062
3627 1778 356062
3627 6222 356062
4373 1778 356062
4373 6222 356062
6222 3627 356062
6222 4373 356062
1780 2570 357466
1780 5430 357466
2570 1780 357466
2570 6220 357466
5430 1780 357466
5430 6220 357466
6220 2570 357466
6220 5430 357466
1780 2580 410153
1780 5420 410153
2580 1780 410153
2580 6220 410153
5420 1780 410153
5420 6220 410153
6220 2580 410153
6220 5420 410153
1780 3430 32781
1780 4570 32781
3430 1780 32781
3430 6220 32781
4570 1780 32781
4570 6220 32781
6220 3430 32781
6220 4570 32781
1780 3570 29361
1780 4430 29361
3570 1780 29361
3570 6220 29361
4430 1780 29361
4430 6220 29361
6220 3570 29361
6220 4430 29361
1782 2621 202119
1782 5379 202119
2621 1782 202119
2621 6218 202119
5379 1782 202119
5379 6218 202119
6218 2621 202119
6218 5379 202119
1785 3380 69767
1785 4620 69767
3380 1785 69767
3380 6215 69767
4620 1785 69767
4620 6215 69767
6215 3380 69767
6215 4620 69767
1785 3620 11570
1785 4380 11570
3620 1785 11570
3620 6215 11570
4380 1785 11570
4380 6215 11570
6215 3620 11570
6215 4380 11570
1787 3617 33069
1787 4383 33069
3617 1787 33069
3617 6213 33069
4383 1787 33069
4383 6213 33069
6213 3617 33069
6213 4383 33069
1788 2614 97626
1788 5386 97626
2614 1788 97626
2614 6212 97626
5386 1788 97626
5386 6212 97626
6212 2614 97626
6212 5386 97626
1789 2587 587435
1789 5413 587435
2587 1789 587435
2587 6211 587435
5413 1789 587435
5413 6211 587435
6211 2587 587435
6211 5413 587435
1791 2547 2
1791 5453 2
2547 1791 2
2547 6209 2
5453 1791 2
5453 6209 2
6209 2547 2
6209 5453 2
1791 3388 73982
1791 4612 73982
3388 1791 73982
3388 6209 73982
4612 1791 73982
4612 6209 73982
6209 3388 73982
6209 4612 73982
1791 3413 288408
1791 4587 288408
3413 1791 288408
3413 6209 288408
4587 1791 288408
4587 6209 288408
6209 3413 288408
6209 4587 288408
1791 3587 2
1791 4413 2
3587 1791 2
3587 6209 2
4413 1791 2
4413 6209 2
6209 3587 2
6209 4413 2
1791 3612 2
1791 4388 2
3612 1791 2
3612 6209 2
4388 1791 2
4388 6209 2
6209 3612 2
6209 4388 2
1793 2396 122015
1793 5604 122015
2396 1793 122015
2396 6207 122015
5604 1793 122015
5604 6207 122015
6207 2396 122015
6207 5604 122015
1793 2827 226761
1793 5173 226761
2827 1793 226761
2827 6207 226761
5173 1793 226761
5173 6207 226761
6207 2827 226761
6207 5173 226761
1793 3396 452555
1793 4604 452555
3396 1793 452555
3396 6207 452555
4604 1793 452555
4604 6207 452555
6207 3396 452555
6207 4604 452555
1793 3604 109960
1793 4396 109960
3604 1793 109960
3604 6207 109960
4396 1793 109960
4396 6207 109960
6207 3604 109960
6207 4396 109960
1797 3405 204987
1797 4595 204987
3405 1797 204987
3405 6203 204987
4595 1797 204987
4595 6203 204987
6203 3405 204987
6203 4595 204987
1797 3595 961830
1797 4405 961830
3595 1797 961830
3595 6203 961830
4405 1797 961830
4405 6203 961830
6203 3595 961830
6203 4405 961830
1800 2528 2
1800 5472 2
2528 1800 2
2528 6200 2
5472 1800 2
5472 6200 2
6200 2528 2
6200 5472 2
1801 2545 2
1801 5455 2
2545 1801 2
2545 6199 2
5455 1801 2
5455 6199 2
6199 2545 2
6199 5455 2
1801 2599 308601
1801 5401 308601
2599 1801 308601
2599 6199 308601
5401 1801 308601
5401 6199 308601
6199 2599 308601
6199 5401 308601
1802 3551 52845
1802 4449 52845
3551 1802 52845
3551 6198 52845
4449 1802 52845
4449 6198 52845
6198 3551 52845
6198 4449 52845
1804 2594 2
1804 5406 2
2594 1804 2
2594 6196 2
5406 1804 2
5406 6196 2
6196 2594 2
6196 5406 2
1807 2410 651975
1807 5590 651975
2410 1807 651975
2410 6193 651975
5590 1807 651975
5590 6193 651975
6193 2410 651975
6193 5590 651975
1812 2430 217736
1812 5570 217736
2430 1812 217736
2430 6188 217736
5570 1812 217736
5570 6188 217736
6188 2430 217736
6188 5570 217736
1812 2570 189928
1812 5430 189928
2570 1812 189928
2570 6188 189928
5430 1812 189928
5430 6188 189928
6188 2570 189928
6188 5430 189928
1812 3430 335662
1812 4570 335662
3430 1812 335662
3430 6188 335662
4570 1812 335662
4570 6188 335662
6188 3430 335662
6188 4570 335662
1812 3570 654526
1812 4430 654526
3570 1812 654526
3570 6188 654526
4430 1812 654526
4430 6188 654526
6188 3570 654526
6188 4430 654526
1814 2130 2
1814 5870 2
2130 1814 2
2130 6186 2
5870 1814 2
5870 6186 2
6186 2130 2
6186 5870 2
1821 2563 235381
1821 5437 235381
2563 1821 235381
2563 6179 235381
5437 1821 235381
5437 6179 235381
6179 2563 235381
6179 5437 235381
1826 2460 487241
1826 5540 487241
2460 1826 487241
2460 6174 487241
5540 1826 487241
5540 6174 487241
6174 2460 487241
6174 5540 487241
1826 3460 236519
1826 4540 236519
3460 1826 236519
3460 6174 236519
4540 1826 236519
4540 6174 236519
6174 3460 236519
6174 4540 236519
1826 3540 905979
1826 4460 905979
3540 1826 905979
3540 6174 905979
4460 1826 905979
4460 6174 905979
6174 3540 905979
6174 4460 905979
1827 3439 2
1827 4561 2
3439 1827 2
3439 6173 2
4561 1827 2
4561 6173 2
6173 3439 2
6173 4561 2
1827 3561 288033
1827 4439 288033
3561 1827 288033
3561 6173 288033
4439 1827 288033
4439 6173 288033
6173 3561 288033
6173 4439 288033
1828 2550 800927
1828 5450 800927
2550 1828 800927
2550 6172 800927
5450 1828 800927
5450 6172 800927
6172 2550 800927
6172 5450 800927
1828 3438 322306
1828 4562 322306
3438 1828 322306
3438 6172 322306
4562 1828 322306
4562 6172 322306
6172 3438 322306
6172 4562 322306
1828 3562 45
1828 4438 45
3562 1828 45
3562 6172 45
4438 1828 45
4438 6172 45
6172 3562 45
6172 4438 45
1829 3442 2
1829 4558 2
3442 1829 2
3442 6171 2
4558 1829 2
4558 6171 2
6171 3442 2
6171 4558 2
1829 3558 2
1829 4442 2
3558 1829 2
3558 6171 2
4442 1829 2
4442 6171 2
6171 3558 2
6171 4442 2
1830 2165 79053
1830 5835 79053
2165 1830 79053
2165 6170 79053
5835 1830 79053
5835 6170 79053
6170 2165 79053
6170 5835 79053
1830 2510 2
1830 5490 2
2510 1830 2
2510 6170 2
5490 1830 2
5490 6170 2
6170 2510 2
6170 5490 2
1830 3510 107627
1830 4490 107627
3510 1830 107627
3510 6170 107627
4490 1830 107627
4490 6170 107627
6170 3510 107627
6170 4490 107627
1831 3445 86133
1831 4555 86133
3445 1831 86133
3445 6169 86133
4555 1831 86133
4555 6169 86133
6169 3445 86133
6169 4555 86133
1831 3555 2
1831 4445 2
3555 1831 2
3555 6169 2
4445 1831 2
4445 6169 2
6169 3555 2
6169 4445 2
1833 3862 2
1833 4138 2
3862 1833 2
3862 6167 2
4138 1833 2
4138 6167 2
6167 3862 2
6167 4138 2
1835 2526 681888
1835 5474 681888
2526 1835 681888
2526 6165 681888
5474 1835 681888
5474 6165 681888
6165 2526 681888
6165 5474 681888
1836 3850 131870
1836 4150 131870
3850 1836 131870
3850 6164 131870
4150 1836 131870
4150 6164 131870
6164 3850 131870
6164 4150 131870
1838 3455 2
1838 4545 2
3455 1838 2
3455 6162 2
4545 1838 2
4545 6162 2
6162 3455 2
6162 4545 2
1838 3545 96702
1838 4455 96702
3545 1838 96702
3545 6162 96702
4455 1838 96702
4455 6162 96702
6162 3545 96702
6162 4455 96702
1839 2540 307836
1839 5460 307836
2540 1839 307836
2540 6161 307836
5460 1839 307836
5460 6161 307836
6161 2540 307836
6161 5460 307836
1841 2806 157826
1841 5194 157826
2806 1841 157826
2806 6159 157826
5194 1841 157826
5194 6159 157826
6159 2806 157826
6159 5194 157826
1848 3846 23436
1848 4154 23436
3846 1848 23436
3846 6152 23436
4154 1848 23436
4154 6152 23436
6152 3846 23436
6152 4154 23436
1851 2521 623550
1851 5479 623550
2521 1851 623550
2521 6149 623550
5479 1851 623550
5479 6149 623550
6149 2521 623550
6149 5479 623550
1852 3493 196200
1852 4507 196200
3493 1852 196200
3493 6148 196200
4507 1852 196200
4507 6148 196200
6148 3493 196200
6148 4507 196200
1852 3507 153593
1852 4493 153593
3507 1852 153593
3507 6148 153593
4493 1852 153593
4493 6148 153593
6148 3507 153593
6148 4493 153593
1853 2481 607572
1853 5519 607572
2481 1853 607572
2481 6147 607572
5519 1853 607572
5519 6147 607572
6147 2481 607572
6147 5519 607572
1859 3467 110131
1859 4533 110131
3467 1859 110131
3467 6141 110131
4533 1859 110131
4533 6141 110131
6141 3467 110131
6141 4533 110131
1859 3533 2
1859 4467 2
3533 1859 2
3533 6141 2
4467 1859 2
4467 6141 2
6141 3533 2
6141 4467 2
1861 2497 311407
1861 5503 311407
2497 1861 311407
2497 6139 311407
5503 1861 311407
5503 6139 311407
6139 2497 311407
6139 5503 311407
1861 2503 365128
1861 5497 365128
2503 1861 365128
2503 6139 365128
5497 1861 365128
5497 6139 365128
6139 2503 365128
6139 5497 365128
1861 3497 697327
1861 4503 697327
3497 1861 697327
3497 6139 697327
4503 1861 697327
4503 6139 697327
6139 3497 697327
6139 4503 697327
1861 3503 593641
1861 4497 593641
3503 1861 593641
3503 6139 593641
4497 1861 593641
4497 6139 593641
6139 3503 593641
6139 4497 593641
1864 2503 461764
1864 5497 461764
2503 1864 461764
2503 6136 461764
5497 1864 461764
5497 6136 461764
6136 2503 461764
6136 5497 461764
1868 2495 124899
1868 5505 124899
2495 1868 124899
2495 6132 124899
5505 1868 124899
5505 6132 124899
6132 2495 124899
6132 5505 124899
1868 2499 64919
1868 5501 64919
2499 1868 64919
2499 6132 64919
5501 1868 64919
5501 6132 64919
6132 2499 64919
6132 5501 64919
1870 3488 91424
1870 4512 91424
3488 1870 91424
3488 6130 91424
4512 1870 91424
4512 6130 91424
6130 3488 91424
6130 4512 91424
1872 2525 71709
1872 5475 71709
2525 1872 71709
2525 6128 71709
5475 1872 71709
5475 6128 71709
6128 2525 71709
6128 5475 71709
1874 2789 3222
1874 5211 3222
2789 1874 3222
2789 6126 3222
5211 1874 3222
5211 6126 3222
6126 2789 3222
6126 5211 3222
1874 2801 68633
1874 5199 68633
2801 1874 68633
2801 6126 68633
5199 1874 68633
5199 6126 68633
6126 2801 68633
6126 5199 68633
1877 2479 99653
1877 5521 99653
2479 1877 99653
2479 6123 99653
5521 1877 99653
5521 6123 99653
6123 2479 99653
6123 5521 99653
1879 3475 28656
1879 4525 28656
3475 1879 28656
3475 6121 28656
4525 1879 28656
4525 6121 28656
6121 3475 28656
6121 4525 28656
1879 3525 150742
1879 4475 150742
3525 1879 150742
3525 6121 150742
4475 1879 150742
4475 6121 150742
6121 3525 150742
6121 4475 150742
1880 2780 32524
1880 5220 32524
2780 1880 32524
2780 6120 32524
5220 1880 32524
5220 6120 32524
6120 2780 32524
6120 5220 32524
1880 3500 8092
1880 4500 8092
3500 1880 8092
3500 6120 8092
4500 1880 8092
4500 6120 8092
6120 3500 8092
6120 4500 8092
1881 2235 2
1881 5765 2
2235 1881 2
2235 6119 2
5765 1881 2
5765 6119 2
6119 2235 2
6119 5765 2
1881 2529 259183
1881 5471 259183
2529 1881 259183
2529 6119 259183
5471 1881 259183
5471 6119 259183
6119 2529 259183
6119 5471 259183
1882 2499 132237
1882 5501 132237
2499 1882 132237
2499 6118 132237
5501 1882 132237
5501 6118 132237
6118 2499 132237
6118 5501 132237
1882 2786 71223
1882 5214 71223
2786 1882 71223
2786 6118 71223
5214 1882 71223
5214 6118 71223
6118 2786 71223
6118 5214 71223
1882 3457 167026
1882 4543 167026
3457 1882 167026
3457 6118 167026
4543 1882 167026
4543 6118 167026
6118 3457 167026
6118 4543 167026
1882 3543 34659
1882 4457 34659
3543 1882 34659
3543 6118 34659
4457 1882 34659
4457 6118 34659
6118 3543 34659
6118 4457 34659
1883 2941 31807
1883 5059 31807
2941 1883 31807
2941 6117 31807
5059 1883 31807
5059 6117 31807
6117 2941 31807
6117 5059 31807
1884 2782 34968
1884 5218 34968
2782 1884 34968
2782 6116 34968
5218 1884 34968
5218 6116 34968
6116 2782 34968
6116 5218 34968
1884 3500 85184
1884 4500 85184
3500 1884 85184
3500 6116 85184
4500 1884 85184
4500 6116 85184
6116 3500 85184
6116 4500 85184
1884 3832 86441
1884 4168 86441
3832 1884 86441
3832 6116 86441
4168 1884 86441
4168 6116 86441
6116 3832 86441
6116 4168 86441
1886 2479 3356
1886 5521 3356
2479 1886 3356
2479 6114 3356
5521 1886 3356
5521 6114 3356
6114 2479 3356
6114 5521 3356
1886 2772 30726
1886 5228 30726
2772 1886 30726
2772 6114 30726
5228 1886 30726
5228 6114 30726
6114 2772 30726
6114 5228 30726
1887 2195 2
1887 5805 2
2195 1887 2
2195 6113 2
5805 1887 2
5805 6113 2
6113 2195 2
6113 5805 2
1889 3449 175513
1889 4551 175513
3449 1889 175513
3449 6111 175513
4551 1889 175513
4551 6111 175513
6111 3449 175513
6111 4551 175513
1889 3463 137443
1889 4537 137443
3463 1889 137443
3463 6111 137443
4537 1889 137443
4537 6111 137443
6111 3463 137443
6111 4537 137443
1889 3537 13665
1889 4463 13665
3537 1889 13665
3537 6111 13665
4463 1889 13665
4463 6111 13665
6111 3537 13665
6111 4463 13665
1889 3551 2
1889 4449 2
3551 1889 2
3551 6111 2
4449 1889 2
4449 6111 2
6111 3551 2
6111 4449 2
1890 2546 49495
1890 5454 49495
2546 1890 49495
2546 6110 49495
5454 1890 49495
5454 6110 49495
6110 2546 49495
6110 5454 49495
1891 2550 2
1891 5450 2
2550 1891 2
2550 6109 2
5450 1891 2
5450 6109 2
6109 2550 2
6109 5450 2
1893 2234 298749
1893 5766 298749
2234 1893 298749
2234 6107 298749
5766 1893 298749
5766 6107 298749
6107 2234 298749
6107 5766 298749
1896 2444 95425
1896 5556 95425
2444 1896 95425
2444 6104 95425
5556 1896 95425
5556 6104 95425
6104 2444 95425
6104 5556 95425
1899 3817 191043
1899 4183 191043
3817 1899 191043
3817 6101 191043
4183 1899 191043
4183 6101 191043
6101 3817 191043
6101 4183 191043
1900 2783 153504
1900 5217 153504
2783 1900 153504
2783 6100 153504
5217 1900 153504
5217 6100 153504
6100 2783 153504
6100 5217 153504
1900 3152 49998
1900 4848 49998
3152 1900 49998
3152 6100 49998
4848 1900 49998
4848 6100 49998
6100 3152 49998
6100 4848 49998
1900 3163 77915
1900 4837 77915
3163 1900 77915
3163 6100 77915
4837 1900 77915
4837 6100 77915
6100 3163 77915
6100 4837 77915
1901 2432 82134
1901 5568 82134
2432 1901 82134
2432 6099 82134
5568 1901 82134
5568 6099 82134
6099 2432 82134
6099 5568 82134
1901 2772 2
1901 5228 2
2772 1901 2
2772 6099 2
5228 1901 2
5228 6099 2
6099 2772 2
6099 5228 2
1901 2778 114302
1901 5222 114302
2778 1901 114302
2778 6099 114302
5222 1901 114302
5222 6099 114302
6099 2778 114302
6099 5222 114302
1901 3434 50958
1901 4566 50958
3434 1901 50958
3434 6099 50958
4566 1901 50958
4566 6099 50958
6099 3434 50958
6099 4566 50958
1901 3566 240166
1901 4434 240166
3566 1901 240166
3566 6099 240166
4434 1901 240166
4434 6099 240166
6099 3566 240166
6099 4434 240166
1909 2110 34978
1909 5890 34978
2110 1909 34978
2110 6091 34978
5890 1909 34978
5890 6091 34978
6091 2110 34978
6091 5890 34978
1912 3408 47197
1912 4592 47197
3408 1912 47197
3408 6088 47197
4592 1912 47197
4592 6088 47197
6088 3408 47197
6088 4592 47197
1917 2768 102221
1917 5232 102221
2768 1917 102221
2768 6083 102221
5232 1917 102221
5232 6083 102221
6083 2768 102221
6083 5232 102221
1920 2789 70611
1920 5211 70611
2789 1920 70611
2789 6080 70611
5211 1920 70611
5211 6080 70611
6080 2789 70611
6080 5211 70611
1920 3160 76090
1920 4840 76090
3160 1920 76090
3160 6080 76090
4840 1920 76090
4840 6080 76090
6080 3160 76090
6080 4840 76090
1921 1933 2
1921 6067 2
1933 1921 2
1933 6079 2
6067 1921 2
6067 6079 2
6079 1933 2
6079 6067 2
1921 2750 2
1921 5250 2
2750 1921 2
2750 6079 2
5250 1921 2
5250 6079 2
6079 2750 2
6079 5250 2
1922 2970 5919
1922 5030 5919
2970 1922 5919
2970 6078 5919
5030 1922 5919
5030 6078 5919
6078 2970 5919
6078 5030 5919
1923 2747 60194
1923 5253 60194
2747 1923 60194
2747 6077 60194
5253 1923 60194
5253 6077 60194
6077 2747 60194
6077 5253 60194
1923 3167 18919
1923 4833 18919
3167 1923 18919
3167 6077 18919
4833 1923 18919
4833 6077 18919
6077 3167 18919
6077 4833 18919
1923 3534 547
1923 4466 547
3534 1923 547
3534 6077 547
4466 1923 547
4466 6077 547
6077 3534 547
6077 4466 547
1926 2850 7360
1926 5150 7360
2850 1926 7360
2850 6074 7360
5150 1926 7360
5150 6074 7360
6074 2850 7360
6074 5150 7360
1930 1941 118102
1930 6059 118102
1941 1930 118102
1941 6070 118102
6059 1930 118102
6059 6070 118102
6070 1941 118102
6070 6059 118102
1931 3170 30127
1931 4830 30127
3170 1931 30127
3170 6069 30127
4830 1931 30127
4830 6069 30127
6069 3170 30127
6069 4830 30127
1934 2761 44302
1934 5239 44302
2761 1934 44302
2761 6066 44302
5239 1934 44302
5239 6066 44302
6066 2761 44302
6066 5239 44302
1935 1948 2
1935 6052 2
1948 1935 2
1948 6065 2
6052 1935 2
6052 6065 2
6065 1948 2
6065 6052 2
1939 1964 141828
1939 6036 141828
1964 1939 141828
1964 6061 141828
6036 1939 141828
6036 6061 141828
6061 1964 141828
6061 6036 141828
1939 2679 210448
1939 5321 210448
2679 1939 210448
2679 6061 210448
5321 1939 210448
5321 6061 210448
6061 2679 210448
6061 5321 210448
1940 3168 61909
1940 4832 61909
3168 1940 61909
3168 6060 61909
4832 1940 61909
4832 6060 61909
6060 3168 61909
6060 4832 61909
1940 3174 2
1940 4826 2
3174 1940 2
3174 6060 2
4826 1940 2
4826 6060 2
6060 3174 2
6060 4826 2
1942 3777 35569
1942 4223 35569
3777 1942 35569
3777 6058 35569
4223 1942 35569
4223 6058 35569
6058 3777 35569
6058 4223 35569
1947 2701 100034
1947 5299 100034
2701 1947 100034
2701 6053 100034
5299 1947 100034
5299 6053 100034
6053 2701 100034
6053 5299 100034
1947 3575 213471
1947 4425 213471
3575 1947 213471
3575 6053 213471
4425 1947 213471
4425 6053 213471
6053 3575 213471
6053 4425 213471
1949 2700 2
1949 5300 2
2700 1949 2
2700 6051 2
5300 1949 2
5300 6051 2
6051 2700 2
6051 5300 2
1949 3295 2
1949 4705 2
3295 1949 2
3295 6051 2
4705 1949 2
4705 6051 2
6051 3295 2
6051 4705 2
1949 3705 106871
1949 4295 106871
3705 1949 106871
3705 6051 106871
4295 1949 106871
4295 6051 106871
6051 3705 106871
6051 4295 106871
1951 1984 9350
1951 6016 9350
1984 1951 9350
1984 6049 9350
6016 1951 9350
6016 6049 9350
6049 1984 9350
6049 6016 9350
1952 3823 2
1952 4177 2
3823 1952 2
3823 6048 2
4177 1952 2
4177 6048 2
6048 3823 2
6048 4177 2
1957 3286 41828
1957 4714 41828
3286 1957 41828
3286 6043 41828
4714 1957 41828
4714 6043 41828
6043 3286 41828
6043 4714 41828
1957 3714 2
1957 4286 2
3714 1957 2
3714 6043 2
4286 1957 2
4286 6043 2
6043 3714 2
6043 4286 2
1958 2201 4943
1958 5799 4943
2201 1958 4943
2201 6042 4943
5799 1958 4943
5799 6042 4943
6042 2201 4943
6042 5799 4943
1958 2215 16006
1958 5785 16006
2215 1958 16006
2215 6042 16006
5785 1958 16006
5785 6042 16006
6042 2215 16006
6042 5785 16006
1959 1961 103909
1959 6039 103909
1961 1959 103909
1961 6041 103909
6039 1959 103909
6039 6041 103909
6041 1961 103909
6041 6039 103909
1960 3020 36100
1960 4980 36100
3020 1960 36100
3020 6040 36100
4980 1960 36100
4980 6040 36100
6040 3020 36100
6040 4980 36100
1960 3980 5688
1960 4020 5688
3980 1960 5688
3980 6040 5688
4020 1960 5688
4020 6040 5688
6040 3980 5688
6040 4020 5688
1961 3191 163499
1961 4809 163499
3191 1961 163499
3191 6039 163499
4809 1961 163499
4809 6039 163499
6039 3191 163499
6039 4809 163499
1961 3720 51643
1961 4280 51643
3720 1961 51643
3720 6039 51643
4280 1961 51643
4280 6039 51643
6039 3720 51643
6039 4280 51643
1961 3809 44401
1961 4191 44401
3809 1961 44401
3809 6039 44401
4191 1961 44401
4191 6039 44401
6039 3809 44401
6039 4191 44401
1963 2730 247255
1963 5270 247255
2730 1963 247255
2730 6037 247255
5270 1963 247255
5270 6037 247255
6037 2730 247255
6037 5270 247255
1963 3270 153851
1963 4730 153851
3270 1963 153851
3270 6037 153851
4730 1963 153851
4730 6037 153851
6037 3270 153851
6037 4730 153851
1963 3730 143868
1963 4270 143868
3730 1963 143868
3730 6037 143868
4270 1963 143868
4270 6037 143868
6037 3730 143868
6037 4270 143868
1964 3175 44492
1964 4825 44492
3175 1964 44492
3175 6036 44492
4825 1964 44492
4825 6036 44492
6036 3175 44492
6036 4825 44492
1964 3301 98557
1964 4699 98557
3301 1964 98557
3301 6036 98557
4699 1964 98557
4699 6036 98557
6036 3301 98557
6036 4699 98557
1964 3699 63161
1964 4301 63161
3699 1964 63161
3699 6036 63161
4301 1964 63161
4301 6036 63161
6036 3699 63161
6036 4301 63161
1964 3825 59722
1964 4175 59722
3825 1964 59722
3825 6036 59722
4175 1964 59722
4175 6036 59722
6036 3825 59722
6036 4175 59722
1965 3203 50546
1965 4797 50546
3203 1965 50546
3203 6035 50546
4797 1965 50546
4797 6035 50546
6035 3203 50546
6035 4797 50546
1965 3797 2
1965 4203 2
3797 1965 2
3797 6035 2
4203 1965 2
4203 6035 2
6035 3797 2
6035 4203 2
1967 2552 83035
1967 5448 83035
2552 1967 83035
2552 6033 83035
5448 1967 83035
5448 6033 83035
6033 2552 83035
6033 5448 83035
1967 3012 17162
1967 4988 17162
3012 1967 17162
3012 6033 17162
4988 1967 17162
4988 6033 17162
6033 3012 17162
6033 4988 17162
1967 3988 165319
1967 4012 165319
3988 1967 165319
3988 6033 165319
4012 1967 165319
4012 6033 165319
6033 3988 165319
6033 4012 165319
1968 2976 59322
1968 5024 59322
2976 1968 59322
2976 6032 59322
5024 1968 59322
5024 6032 59322
6032 2976 59322
6032 5024 59322
1968 3180 32055
1968 4820 32055
3180 1968 32055
3180 6032 32055
4820 1968 32055
4820 6032 32055
6032 3180 32055
6032 4820 32055
1968 3820 88193
1968 4180 88193
3820 1968 88193
3820 6032 88193
4180 1968 88193
4180 6032 88193
6032 3820 88193
6032 4180 88193
1969 2743 434921
1969 5257 434921
2743 1969 434921
2743 6031 434921
5257 1969 434921
5257 6031 434921
6031 2743 434921
6031 5257 434921
1970 2751 116536
1970 5249 116536
2751 1970 116536
2751 6030 116536
5249 1970 116536
5249 6030 116536
6030 2751 116536
6030 5249 116536
1970 3981 2
1970 4019 2
3981 1970 2
3981 6030 2
4019 1970 2
4019 6030 2
6030 3981 2
6030 4019 2
1971 2732 290006
1971 5268 290006
2732 1971 290006
2732 6029 290006
5268 1971 290006
5268 6029 290006
6029 2732 290006
6029 5268 290006
1971 3271 101319
1971 4729 101319
3271 1971 101319
3271 6029 101319
4729 1971 101319
4729 6029 101319
6029 3271 101319
6029 4729 101319
1971 3729 129983
1971 4271 129983
3729 1971 129983
3729 6029 129983
4271 1971 129983
4271 6029 129983
6029 3729 129983
6029 4271 129983
1972 1988 35463
1972 6012 35463
1988 1972 35463
1988 6028 35463
6012 1972 35463
6012 6028 35463
6028 1988 35463
6028 6012 35463
1973 3018 211157
1973 4982 211157
3018 1973 211157
3018 6027 211157
4982 1973 211157
4982 6027 211157
6027 3018 211157
6027 4982 211157
1973 3246 147589
1973 4754 147589
3246 1973 147589
3246 6027 147589
4754 1973 147589
4754 6027 147589
6027 3246 147589
6027 4754 147589
1973 3754 191292
1973 4246 191292
3754 1973 191292
3754 6027 191292
4246 1973 191292
4246 6027 191292
6027 3754 191292
6027 4246 191292
1973 3967 75856
1973 4033 75856
3967 1973 75856
3967 6027 75856
4033 1973 75856
4033 6027 75856
6027 3967 75856
6027 4033 75856
1973 3982 45780
1973 4018 45780
3982 1973 45780
3982 6027 45780
4018 1973 45780
4018 6027 45780
6027 3982 45780
6027 4018 45780
1974 2983 49189
1974 5017 49189
2983 1974 49189
2983 6026 49189
5017 1974 49189
5017 6026 49189
6026 2983 49189
6026 5017 49189
1974 3003 524
1974 4997 524
3003 1974 524
3003 6026 524
4997 1974 524
4997 6026 524
6026 3003 524
6026 4997 524
1974 3081 2
1974 4919 2
3081 1974 2
3081 6026 2
4919 1974 2
4919 6026 2
6026 3081 2
6026 4919 2
1974 3919 51505
1974 4081 51505
3919 1974 51505
3919 6026 51505
4081 1974 51505
4081 6026 51505
6026 3919 51505
6026 4081 51505
1976 2733 18611
1976 5267 18611
2733 1976 18611
2733 6024 18611
5267 1976 18611
5267 6024 18611
6024 2733 18611
6024 5267 18611
1976 2970 148473
1976 5030 148473
2970 1976 148473
2970 6024 148473
5030 1976 148473
5030 6024 148473
6024 2970 148473
6024 5030 148473
1977 3094 2
1977 4906 2
3094 1977 2
3094 6023 2
4906 1977 2
4906 6023 2
6023 3094 2
6023 4906 2
1978 2279 2
1978 5721 2
2279 1978 2
2279 6022 2
5721 1978 2
5721 6022 2
6022 2279 2
6022 5721 2
1978 2747 2
1978 5253 2
2747 1978 2
2747 6022 2
5253 1978 2
5253 6022 2
6022 2747 2
6022 5253 2
1979 3031 21762
1979 4969 21762
3031 1979 21762
3031 6021 21762
4969 1979 21762
4969 6021 21762
6021 3031 21762
6021 4969 21762
1979 3969 96642
1979 4031 96642
3969 1979 96642
3969 6021 96642
4031 1979 96642
4031 6021 96642
6021 3969 96642
6021 4031 96642
1980 2765 107967
1980 5235 107967
2765 1980 107967
2765 6020 107967
5235 1980 107967
5235 6020 107967
6020 2765 107967
6020 5235 107967
1980 2936 22994
1980 5064 22994
2936 1980 22994
2936 6020 22994
5064 1980 22994
5064 6020 22994
6020 2936 22994
6020 5064 22994
1980 2969 5635
1980 5031 5635
2969 1980 5635
2969 6020 5635
5031 1980 5635
5031 6020 5635
6020 2969 5635
6020 5031 5635
1981 2120 30103
1981 5880 30103
2120 1981 30103
2120 6019 30103
5880 1981 30103
5880 6019 30103
6019 2120 30103
6019 5880 30103
1981 2258 196840
1981 5742 196840
2258 1981 196840
2258 6019 196840
5742 1981 196840
5742 6019 196840
6019 2258 196840
6019 5742 196840
1981 2955 17716
1981 5045 17716
2955 1981 17716
2955 6019 17716
5045 1981 17716
5045 6019 17716
6019 2955 17716
6019 5045 17716
1981 2992 20093
1981 5008 20093
2992 1981 20093
2992 6019 20093
5008 1981 20093
5008 6019 20093
6019 2992 20093
6019 5008 20093
1981 3260 53642
1981 4740 53642
3260 1981 53642
3260 6019 53642
4740 1981 53642
4740 6019 53642
6019 3260 53642
6019 4740 53642
1981 3740 127314
1981 4260 127314
3740 1981 127314
3740 6019 127314
4260 1981 127314
4260 6019 127314
6019 3740 127314
6019 4260 127314
1982 3217 7139
1982 4783 7139
3217 1982 7139
3217 6018 7139
4783 1982 7139
4783 6018 7139
6018 3217 7139
6018 4783 7139
1983 2982 110024
1983 5018 110024
2982 1983 110024
2982 6017 110024
5018 1983 110024
5018 6017 110024
6017 2982 110024
6017 5018 110024
1983 3245 86731
1983 4755 86731
3245 1983 86731
3245 6017 86731
4755 1983 86731
4755 6017 86731
6017 3245 86731
6017 4755 86731
1983 3270 129098
1983 4730 129098
3270 1983 129098
3270 6017 129098
4730 1983 129098
4730 6017 129098
6017 3270 129098
6017 4730 129098
1984 3007 5385
1984 4993 5385
3007 1984 5385
3007 6016 5385
4993 1984 5385
4993 6016 5385
6016 3007 5385
6016 4993 5385
1984 3223 2
1984 4777 2
3223 1984 2
3223 6016 2
4777 1984 2
4777 6016 2
6016 3223 2
6016 4777 2
1984 3233 24371
1984 4767 24371
3233 1984 24371
3233 6016 24371
4767 1984 24371
4767 6016 24371
6016 3233 24371
6016 4767 24371
1984 3777 14767
1984 4223 14767
3777 1984 14767
3777 6016 14767
4223 1984 14767
4223 6016 14767
6016 3777 14767
6016 4223 14767
1984 3993 30402
1984 4007 30402
3993 1984 30402
3993 6016 30402
4007 1984 30402
4007 6016 30402
6016 3993 30402
6016 4007 30402
1985 2144 4709
1985 5856 4709
2144 1985 4709
2144 6015 4709
5856 1985 4709
5856 6015 4709
6015 2144 4709
6015 5856 4709
1985 2963 34903
1985 5037 34903
2963 1985 34903
2963 6015 34903
5037 1985 34903
5037 6015 34903
6015 2963 34903
6015 5037 34903
1985 2994 23567
1985 5006 23567
2994 1985 23567
2994 6015 23567
5006 1985 23567
5006 6015 23567
6015 2994 23567
6015 5006 23567
1985 3094 67887
1985 4906 67887
3094 1985 67887
3094 6015 67887
4906 1985 67887
4906 6015 67887
6015 3094 67887
6015 4906 67887
1987 2130 146491
1987 5870 146491
2130 1987 146491
2130 6013 146491
5870 1987 146491
5870 6013 146491
6013 2130 146491
6013 5870 146491
1987 2991 75398
1987 5009 75398
2991 1987 75398
2991 6013 75398
5009 1987 75398
5009 6013 75398
6013 2991 75398
6013 5009 75398
1987 3039 7453
1987 4961 7453
3039 1987 7453
3039 6013 7453
4961 1987 7453
4961 6013 7453
6013 3039 7453
6013 4961 7453
1987 3933 67702
1987 4067 67702
3933 1987 67702
3933 6013 67702
4067 1987 67702
4067 6013 67702
6013 3933 67702
6013 4067 67702
1987 3961 87679
1987 4039 87679
3961 1987 87679
3961 6013 87679
4039 1987 87679
4039 6013 87679
6013 3961 87679
6013 4039 87679
1988 2970 2
1988 5030 2
2970 1988 2
2970 6012 2
5030 1988 2
5030 6012 2
6012 2970 2
6012 5030 2
1988 3077 52197
1988 4923 52197
3077 1988 52197
3077 6012 52197
4923 1988 52197
4923 6012 52197
6012 3077 52197
6012 4923 52197
1988 3210 2
1988 4790 2
3210 1988 2
3210 6012 2
4790 1988 2
4790 6012 2
6012 3210 2
6012 4790 2
1988 3790 47036
1988 4210 47036
3790 1988 47036
3790 6012 47036
4210 1988 47036
4210 6012 47036
6012 3790 47036
6012 4210 47036
1988 3923 106128
1988 4077 106128
3923 1988 106128
3923 6012 106128
4077 1988 106128
4077 6012 106128
6012 3923 106128
6012 4077 106128
1989 2272 2
1989 5728 2
2272 1989 2
2272 6011 2
5728 1989 2
5728 6011 2
6011 2272 2
6011 5728 2
1989 2743 2
1989 5257 2
2743 1989 2
2743 6011 2
5257 1989 2
5257 6011 2
6011 2743 2
6011 5257 2
1989 2781 94370
1989 5219 94370
2781 1989 94370
2781 6011 94370
5219 1989 94370
5219 6011 94370
6011 2781 94370
6011 5219 94370
1989 2933 17118
1989 5067 17118
2933 1989 17118
2933 6011 17118
5067 1989 17118
5067 6011 17118
6011 2933 17118
6011 5067 17118
1989 2946 52238
1989 5054 52238
2946 1989 52238
2946 6011 52238
5054 1989 52238
5054 6011 52238
6011 2946 52238
6011 5054 52238
1989 3014 9090
1989 4986 9090
3014 1989 9090
3014 6011 9090
4986 1989 9090
4986 6011 9090
6011 3014 9090
6011 4986 9090
1989 3029 28618
1989 4971 28618
3029 1989 28618
3029 6011 28618
4971 1989 28618
4971 6011 28618
6011 3029 28618
6011 4971 28618
1989 3986 1044
1989 4014 1044
3986 1989 1044
3986 6011 1044
4014 1989 1044
4014 6011 1044
6011 3986 1044
6011 4014 1044
1990 1990 206161
1990 6010 206161
6010 1990 206161
6010 6010 206161
1990 2245 67242
1990 5755 67242
2245 1990 67242
2245 6010 67242
5755 1990 67242
5755 6010 67242
6010 2245 67242
6010 5755 67242
1990 2967 58484
1990 5033 58484
2967 1990 58484
2967 6010 58484
5033 1990 58484
5033 6010 58484
6010 2967 58484
6010 5033 58484
1990 2994 81460
1990 5006 81460
2994 1990 81460
2994 6010 81460
5006 1990 81460
5006 6010 81460
6010 2994 81460
6010 5006 81460
1990 3949 11272
1990 4051 11272
3949 1990 11272
3949 6010 11272
4051 1990 11272
4051 6010 11272
6010 3949 11272
6010 4051 11272
1990 3977 11714
1990 4023 11714
3977 1990 11714
3977 6010 11714
4023 1990 11714
4023 6010 11714
6010 3977 11714
6010 4023 11714
1991 2758 7092
1991 5242 7092
2758 1991 7092
2758 6009 7092
5242 1991 7092
5242 6009 7092
6009 2758 7092
6009 5242 7092
1991 2761 50686
1991 5239 50686
2761 1991 50686
2761 6009 50686
5239 1991 50686
5239 6009 50686
6009 2761 50686
6009 5239 50686
1992 2112 2
1992 5888 2
2112 1992 2
2112 6008 2
5888 1992 2
5888 6008 2
6008 2112 2
6008 5888 2
1992 2265 3782
1992 5735 3782
2265 1992 3782
2265 6008 3782
5735 1992 3782
5735 6008 3782
6008 2265 3782
6008 5735 3782
1993 2080 69202
1993 5920 69202
2080 1993 69202
2080 6007 69202
5920 1993 69202
5920 6007 69202
6007 2080 69202
6007 5920 69202
1993 3078 101941
1993 4922 101941
3078 1993 101941
3078 6007 101941
4922 1993 101941
4922 6007 101941
6007 3078 101941
6007 4922 101941
1993 3922 39450
1993 4078 39450
3922 1993 39450
3922 6007 39450
4078 1993 39450
4078 6007 39450
6007 3922 39450
6007 4078 39450
1994 2038 10230
1994 5962 10230
2038 1994 10230
2038 6006 10230
5962 1994 10230
5962 6006 10230
6006 2038 10230
6006 5962 10230
1995 2068 5138
1995 5932 5138
2068 1995 5138
2068 6005 5138
5932 1995 5138
5932 6005 5138
6005 2068 5138
6005 5932 5138
1995 2959 27982
1995 5041 27982
2959 1995 27982
2959 6005 27982
5041 1995 27982
5041 6005 27982
6005 2959 27982
6005 5041 27982
1995 2977 51056
1995 5023 51056
2977 1995 51056
2977 6005 51056
5023 1995 51056
5023 6005 51056
6005 2977 51056
6005 5023 51056
1995 3075 48876
1995 4925 48876
3075 1995 48876
3075 6005 48876
4925 1995 48876
4925 6005 48876
6005 3075 48876
6005 4925 48876
2012 3224 57367
2012 4776 57367
3224 2012 57367
3224 5988 57367
4776 2012 57367
4776 5988 57367
5988 3224 57367
5988 4776 57367
2012 3776 4413
2012 4224 4413
3776 2012 4413
3776 5988 4413
4224 2012 4413
4224 5988 4413
5988 3776 4413
5988 4224 4413
2013 2999 94529
2013 5001 94529
2999 2013 94529
2999 5987 94529
5001 2013 94529
5001 5987 94529
5987 2999 94529
5987 5001 94529
2015 3199 2529
2015 4801 2529
3199 2015 2529
3199 5985 2529
4801 2015 2529
4801 5985 2529
5985 3199 2529
5985 4801 2529
2021 3277 42047
2021 4723 42047
3277 2021 42047
3277 5979 42047
4723 2021 42047
4723 5979 42047
5979 3277 42047
5979 4723 42047
2027 2285 65348
2027 5715 65348
2285 2027 65348
2285 5973 65348
5715 2027 65348
5715 5973 65348
5973 2285 65348
5973 5715 65348
2028 3667 77045
2028 4333 77045
3667 2028 77045
3667 5972 77045
4333 2028 77045
4333 5972 77045
5972 3667 77045
5972 4333 77045
2029 2333 46458
2029 5667 46458
2333 2029 46458
2333 5971 46458
5667 2029 46458
5667 5971 46458
5971 2333 46458
5971 5667 46458
2059 2526 59563
2059 5474 59563
2526 2059 59563
2526 5941 59563
5474 2059 59563
5474 5941 59563
5941 2526 59563
5941 5474 59563
2059 2532 2
2059 5468 2
2532 2059 2
2532 5941 2
5468 2059 2
5468 5941 2
5941 2532 2
5941 5468 2
2060 2486 5850
2060 5514 5850
2486 2060 5850
2486 5940 5850
5514 2060 5850
5514 5940 5850
5940 2486 5850
5940 5514 5850
2060 3713 2
2060 4287 2
3713 2060 2
3713 5940 2
4287 2060 2
4287 5940 2
5940 3713 2
5940 4287 2
2064 2551 73748
2064 5449 73748
2551 2064 73748
2551 5936 73748
5449 2064 73748
5449 5936 73748
5936 2551 73748
5936 5449 73748
2065 2522 8605
2065 5478 8605
2522 2065 8605
2522 5935 8605
5478 2065 8605
5478 5935 8605
5935 2522 8605
5935 5478 8605
2068 2670 2
2068 5330 2
2670 2068 2
2670 5932 2
5330 2068 2
5330 5932 2
5932 2670 2
5932 5330 2
2068 2996 26700
2068 5004 26700
2996 2068 26700
2996 5932 26700
5004 2068 26700
5004 5932 26700
5932 2996 26700
5932 5004 26700
2070 2609 50600
2070 5391 50600
2609 2070 50600
2609 5930 50600
5391 2070 50600
5391 5930 50600
5930 2609 50600
5930 5391 50600
2070 3499 62533
2070 4501 62533
3499 2070 62533
3499 5930 62533
4501 2070 62533
4501 5930 62533
5930 3499 62533
5930 4501 62533
2072 3698 38779
2072 4302 38779
3698 2072 38779
3698 5928 38779
4302 2072 38779
4302 5928 38779
5928 3698 38779
5928 4302 38779
2080 2702 51685
2080 5298 51685
2702 2080 51685
2702 5920 51685
5298 2080 51685
5298 5920 51685
5920 2702 51685
5920 5298 51685
2082 3477 2
2082 4523 2
3477 2082 2
3477 5918 2
4523 2082 2
4523 5918 2
5918 3477 2
5918 4523 2
2082 3523 22854
2082 4477 22854
3523 2082 22854
3523 5918 22854
4477 2082 22854
4477 5918 22854
5918 3523 22854
5918 4477 22854
2083 2397 33981
2083 5603 33981
2397 2083 33981
2397 5917 33981
5603 2083 33981
5603 5917 33981
5917 2397 33981
5917 5603 33981
2084 2996 45419
2084 5004 45419
2996 2084 45419
2996 5916 45419
5004 2084 45419
5004 5916 45419
5916 2996 45419
5916 5004 45419
2085 2560 10317
2085 5440 10317
2560 2085 10317
2560 5915 10317
5440 2085 10317
5440 5915 10317
5915 2560 10317
5915 5440 10317
2090 2525 25053
2090 5475 25053
2525 2090 25053
2525 5910 25053
5475 2090 25053
5475 5910 25053
5910 2525 25053
5910 5475 25053
2090 3500 33830
2090 4500 33830
3500 2090 33830
3500 5910 33830
4500 2090 33830
4500 5910 33830
5910 3500 33830
5910 4500 33830
2090 3516 71779
2090 4484 71779
3516 2090 71779
3516 5910 71779
4484 2090 71779
4484 5910 71779
5910 3516 71779
5910 4484 71779
2091 3687 37426
2091 4313 37426
3687 2091 37426
3687 5909 37426
4313 2091 37426
4313 5909 37426
5909 3687 37426
5909 4313 37426
2104 2988 64437
2104 5012 64437
2988 2104 64437
2988 5896 64437
5012 2104 64437
5012 5896 64437
5896 2988 64437
5896 5012 64437
2110 3668 39459
2110 4332 39459
3668 2110 39459
3668 5890 39459
4332 2110 39459
4332 5890 39459
5890 3668 39459
5890 4332 39459
2121 2483 15707
2121 5517 15707
2483 2121 15707
2483 5879 15707
5517 2121 15707
5517 5879 15707
5879 2483 15707
5879 5517 15707
2123 2657 38871
2123 5343 38871
2657 2123 38871
2657 5877 38871
5343 2123 38871
5343 5877 38871
5877 2657 38871
5877 5343 38871
2124 2483 28724
2124 5517 28724
2483 2124 28724
2483 5876 28724
5517 2124 28724
5517 5876 28724
5876 2483 28724
5876 5517 28724
2128 2652 24250
2128 5348 24250
2652 2128 24250
2652 5872 24250
5348 2128 24250
5348 5872 24250
5872 2652 24250
5872 5348 24250
2129 2988 13605
2129 5012 13605
2988 2129 13605
2988 5871 13605
5012 2129 13605
5012 5871 13605
5871 2988 13605
5871 5012 13605
2132 2626 73328
2132 5374 73328
2626 2132 73328
2626 5868 73328
5374 2132 73328
5374 5868 73328
5868 2626 73328
5868 5374 73328
2132 2645 2
2132 5355 2
2645 2132 2
2645 5868 2
5355 2132 2
5355 5868 2
5868 2645 2
5868 5355 2
2132 3647 108781
2132 4353 108781
3647 2132 108781
3647 5868 108781
4353 2132 108781
4353 5868 108781
5868 3647 108781
5868 4353 108781
2137 3351 50022
2137 4649 50022
3351 2137 50022
3351 5863 50022
4649 2137 50022
4649 5863 50022
5863 3351 50022
5863 4649 50022
2137 3649 120700
2137 4351 120700
3649 2137 120700
3649 5863 120700
4351 2137 120700
4351 5863 120700
5863 3649 120700
5863 4351 120700
2140 2626 197350
2140 5374 197350
2626 2140 197350
2626 5860 197350
5374 2140 197350
5374 5860 197350
5860 2626 197350
5860 5374 197350
2147 2620 3635
2147 5380 3635
2620 2147 3635
2620 5853 3635
5380 2147 3635
5380 5853 3635
5853 2620 3635
5853 5380 3635
2148 3643 2
2148 4357 2
3643 2148 2
3643 5852 2
4357 2148 2
4357 5852 2
5852 3643 2
5852 4357 2
2153 3366 64579
2153 4634 64579
3366 2153 64579
3366 5847 64579
4634 2153 64579
4634 5847 64579
5847 3366 64579
5847 4634 64579
2153 3634 125922
2153 4366 125922
3634 2153 125922
3634 5847 125922
4366 2153 125922
4366 5847 125922
5847 3634 125922
5847 4366 125922
2161 3380 57466
2161 4620 57466
3380 2161 57466
3380 5839 57466
4620 2161 57466
4620 5839 57466
5839 3380 57466
5839 4620 57466
2161 3620 2
2161 4380 2
3620 2161 2
3620 5839 2
4380 2161 2
4380 5839 2
5839 3620 2
5839 4380 2
2163 2990 31321
2163 5010 31321
2990 2163 31321
2990 5837 31321
5010 2163 31321
5010 5837 31321
5837 2990 31321
5837 5010 31321
2164 2627 231543
2164 5373 231543
2627 2164 231543
2627 5836 231543
5373 2164 231543
5373 5836 231543
5836 2627 231543
5836 5373 231543
2171 3378 2
2171 4622 2
3378 2171 2
3378 5829 2
4622 2171 2
4622 5829 2
5829 3378 2
5829 4622 2
2171 3622 29171
2171 4378 29171
3622 2171 29171
3622 5829 29171
4378 2171 29171
4378 5829 29171
5829 3622 29171
5829 4378 29171
2174 2619 2
2174 5381 2
2619 2174 2
2619 5826 2
5381 2174 2
5381 5826 2
5826 2619 2
5826 5381 2
2175 2582 203937
2175 5418 203937
2582 2175 203937
2582 5825 203937
5418 2175 203937
5418 5825 203937
5825 2582 203937
5825 5418 203937
2176 2610 31528
2176 5390 31528
2610 2176 31528
2610 5824 31528
5390 2176 31528
5390 5824 31528
5824 2610 31528
5824 5390 31528
2176 3384 84466
2176 4616 84466
3384 2176 84466
3384 5824 84466
4616 2176 84466
4616 5824 84466
5824 3384 84466
5824 4616 84466
2176 3616 83866
2176 4384 83866
3616 2176 83866
3616 5824 83866
4384 2176 83866
4384 5824 83866
5824 3616 83866
5824 4384 83866
2179 2569 33500
2179 5431 33500
2569 2179 33500
2569 5821 33500
5431 2179 33500
5431 5821 33500
5821 2569 33500
5821 5431 33500
2182 2605 14644
2182 5395 14644
2605 2182 14644
2605 5818 14644
5395 2182 14644
5395 5818 14644
5818 2605 14644
5818 5395 14644
2192 2601 91646
2192 5399 91646
2601 2192 91646
2601 5808 91646
5399 2192 91646
5399 5808 91646
5808 2601 91646
5808 5399 91646
2199 2599 39088
2199 5401 39088
2599 2199 39088
2599 5801 39088
5401 2199 39088
5401 5801 39088
5801 2599 39088
5801 5401 39088
2203 2427 18327
2203 5573 18327
2427 2203 18327
2427 5797 18327
5573 2203 18327
5573 5797 18327
5797 2427 18327
5797 5573 18327
2205 2431 71828
2205 5569 71828
2431 2205 71828
2431 5795 71828
5569 2205 71828
5569 5795 71828
5795 2431 71828
5795 5569 71828
2209 3407 2
2209 4593 2
3407 2209 2
3407 5791 2
4593 2209 2
4593 5791 2
5791 3407 2
5791 4593 2
2217 3409 162833
2217 4591 162833
3409 2217 162833
3409 5783 162833
4591 2217 162833
4591 5783 162833
5783 3409 162833
5783 4591 162833
2217 3591 71861
2217 4409 71861
3591 2217 71861
3591 5783 71861
4409 2217 71861
4409 5783 71861
5783 3591 71861
5783 4409 71861
2230 3417 2
2230 4583 2
3417 2230 2
3417 5770 2
4583 2230 2
4583 5770 2
5770 3417 2
5770 4583 2
2230 3583 43458
2230 4417 43458
3583 2230 43458
3583 5770 43458
4417 2230 43458
4417 5770 43458
5770 3583 43458
5770 4417 43458
2236 3414 318851
2236 4586 318851
3414 2236 318851
3414 5764 318851
4586 2236 318851
4586 5764 318851
5764 3414 318851
5764 4586 318851
2236 3586 45161
2236 4414 45161
3586 2236 45161
3586 5764 45161
4414 2236 45161
4414 5764 45161
5764 3586 45161
5764 4414 45161
2247 3371 2
2247 4629 2
3371 2247 2
3371 5753 2
4629 2247 2
4629 5753 2
5753 3371 2
5753 4629 2
2247 3629 15908
2247 4371 15908
3629 2247 15908
3629 5753 15908
4371 2247 15908
4371 5753 15908
5753 3629 15908
5753 4371 15908
2248 2557 13170
2248 5443 13170
2557 2248 13170
2557 5752 13170
5443 2248 13170
5443 5752 13170
5752 2557 13170
5752 5443 13170
2249 2528 195896
2249 5472 195896
2528 2249 195896
2528 5751 195896
5472 2249 195896
5472 5751 195896
5751 2528 195896
5751 5472 195896
2250 2555 2
2250 5445 2
2555 2250 2
2555 5750 2
5445 2250 2
5445 5750 2
5750 2555 2
5750 5445 2
2252 2539 70761
2252 5461 70761
2539 2252 70761
2539 5748 70761
5461 2252 70761
5461 5748 70761
5748 2539 70761
5748 5461 70761
2252 2549 2
2252 5451 2
2549 2252 2
2549 5748 2
5451 2252 2
5451 5748 2
5748 2549 2
5748 5451 2
2252 3628 90526
2252 4372 90526
3628 2252 90526
3628 5748 90526
4372 2252 90526
4372 5748 90526
5748 3628 90526
5748 4372 90526
2261 2520 24425
2261 5480 24425
2520 2261 24425
2520 5739 24425
5480 2261 24425
5480 5739 24425
5739 2520 24425
5739 5480 24425
2270 2456 72671
2270 5544 72671
2456 2270 72671
2456 5730 72671
5544 2270 72671
5544 5730 72671
5730 2456 72671
5730 5544 72671
2270 3451 151810
2270 4549 151810
3451 2270 151810
3451 5730 151810
4549 2270 151810
4549 5730 151810
5730 3451 151810
5730 4549 151810
2277 2535 34694
2277 5465 34694
2535 2277 34694
2535 5723 34694
5465 2277 34694
5465 5723 34694
5723 2535 34694
5723 5465 34694
2277 2637 15669
2277 5363 15669
2637 2277 15669
2637 5723 15669
5363 2277 15669
5363 5723 15669
5723 2637 15669
5723 5363 15669
2277 2709 2
2277 5291 2
2709 2277 2
2709 5723 2
5291 2277 2
5291 5723 2
5723 2709 2
5723 5291 2
2278 3458 120192
2278 4542 120192
3458 2278 120192
3458 5722 120192
4542 2278 120192
4542 5722 120192
5722 3458 120192
5722 4542 120192
2279 3535 47790
2279 4465 47790
3535 2279 47790
3535 5721 47790
4465 2279 47790
4465 5721 47790
5721 3535 47790
5721 4465 47790
2281 3461 35197
2281 4539 35197
3461 2281 35197
3461 5719 35197
4539 2281 35197
4539 5719 35197
5719 3461 35197
5719 4539 35197
2282 2501 110195
2282 5499 110195
2501 2282 110195
2501 5718 110195
5499 2282 110195
5499 5718 110195
5718 2501 110195
5718 5499 110195
2282 3444 2
2282 4556 2
3444 2282 2
3444 5718 2
4556 2282 2
4556 5718 2
5718 3444 2
5718 4556 2
2283 2663 6284
2283 5337 6284
2663 2283 6284
2663 5717 6284
5337 2283 6284
5337 5717 6284
5717 2663 6284
5717 5337 6284
2287 2510 140642
2287 5490 140642
2510 2287 140642
2510 5713 140642
5490 2287 140642
5490 5713 140642
5713 2510 140642
5713 5490 140642
2288 2422 2
2288 5578 2
2422 2288 2
2422 5712 2
5578 2288 2
5578 5712 2
5712 2422 2
5712 5578 2
2290 2447 118190
2290 5553 118190
2447 2290 118190
2447 5710 118190
5553 2290 118190
5553 5710 118190
5710 2447 118190
5710 5553 118190
2291 2710 93310
2291 5290 93310
2710 2291 93310
2710 5709 93310
5290 2291 93310
5290 5709 93310
5709 2710 93310
5709 5290 93310
2292 2600 9261
2292 5400 9261
2600 2292 9261
2600 5708 9261
5400 2292 9261
5400 5708 9261
5708 2600 9261
5708 5400 9261
2292 2740 2
2292 5260 2
2740 2292 2
2740 5708 2
5260 2292 2
5260 5708 2
5708 2740 2
5708 5260 2
2296 3474 229887
2296 4526 229887
3474 2296 229887
3474 5704 229887
4526 2296 229887
4526 5704 229887
5704 3474 229887
5704 4526 229887
2297 2689 52505
2297 5311 52505
2689 2297 52505
2689 5703 52505
5311 2297 52505
5311 5703 52505
5703 2689 52505
5703 5311 52505
2298 3424 335816
2298 4576 335816
3424 2298 335816
3424 5702 335816
4576 2298 335816
4576 5702 335816
5702 3424 335816
5702 4576 335816
2298 3576 2
2298 4424 2
3576 2298 2
3576 5702 2
4424 2298 2
4424 5702 2
5702 3576 2
5702 4424 2
2299 2448 22499
2299 5552 22499
2448 2299 22499
2448 5701 22499
5552 2299 22499
5552 5701 22499
5701 2448 22499
5701 5552 22499
2299 2521 209931
2299 5479 209931
2521 2299 209931
2521 5701 209931
5479 2299 209931
5479 5701 209931
5701 2521 209931
5701 5479 209931
2300 2708 116220
2300 5292 116220
2708 2300 116220
2708 5700 116220
5292 2300 116220
5292 5700 116220
5700 2708 116220
5700 5292 116220
2308 2512 86981
2308 5488 86981
2512 2308 86981
2512 5692 86981
5488 2308 86981
5488 5692 86981
5692 2512 86981
5692 5488 86981
2310 3487 125521
2310 4513 125521
3487 2310 125521
3487 5690 125521
4513 2310 125521
4513 5690 125521
5690 3487 125521
5690 4513 125521
2311 3435 111000
2311 4565 111000
3435 2311 111000
3435 5689 111000
4565 2311 111000
4565 5689 111000
5689 3435 111000
5689 4565 111000
2311 3565 117054
2311 4435 117054
3565 2311 117054
3565 5689 117054
4435 2311 117054
4435 5689 117054
5689 3565 117054
5689 4435 117054
2313 2695 83414
2313 5305 83414
2695 2313 83414
2695 5687 83414
5305 2313 83414
5305 5687 83414
5687 2695 83414
5687 5305 83414
2314 2495 194798
2314 5505 194798
2495 2314 194798
2495 5686 194798
5505 2314 194798
5505 5686 194798
5686 2495 194798
5686 5505 194798
2314 2969 12882
2314 5031 12882
2969 2314 12882
2969 5686 12882
5031 2314 12882
5031 5686 12882
5686 2969 12882
5686 5031 12882
2314 3412 2
2314 4588 2
3412 2314 2
3412 5686 2
4588 2314 2
4588 5686 2
5686 3412 2
5686 4588 2
2314 3588 48657
2314 4412 48657
3588 2314 48657
3588 5686 48657
4412 2314 48657
4412 5686 48657
5686 3588 48657
5686 4412 48657
2316 2427 77673
2316 5573 77673
2427 2316 77673
2427 5684 77673
5573 2316 77673
5573 5684 77673
5684 2427 77673
5684 5573 77673
2319 3500 211067
2319 4500 211067
3500 2319 211067
3500 5681 211067
4500 2319 211067
4500 5681 211067
5681 3500 211067
5681 4500 211067
2320 2490 78985
2320 5510 78985
2490 2320 78985
2490 5680 78985
5510 2320 78985
5510 5680 78985
5680 2490 78985
5680 5510 78985
2323 2431 69181
2323 5569 69181
2431 2323 69181
2431 5677 69181
5569 2323 69181
5569 5677 69181
5677 2431 69181
5677 5569 69181
2324 2945 2
2324 5055 2
2945 2324 2
2945 5676 2
5055 2324 2
5055 5676 2
5676 2945 2
5676 5055 2
2324 3500 84321
2324 4500 84321
3500 2324 84321
3500 5676 84321
4500 2324 84321
4500 5676 84321
5676 3500 84321
5676 4500 84321
2326 2498 38529
2326 5502 38529
2498 2326 38529
2498 5674 38529
5502 2326 38529
5502 5674 38529
5674 2498 38529
5674 5502 38529
2327 2464 53663
2327 5536 53663
2464 2327 53663
2464 5673 53663
5536 2327 53663
5536 5673 53663
5673 2464 53663
5673 5536 53663
2330 3440 148465
2330 4560 148465
3440 2330 148465
3440 5670 148465
4560 2330 148465
4560 5670 148465
5670 3440 148465
5670 4560 148465
2330 3560 25002
2330 4440 25002
3560 2330 25002
3560 5670 25002
4440 2330 25002
4440 5670 25002
5670 3560 25002
5670 4440 25002
2331 2709 163262
2331 5291 163262
2709 2331 163262
2709 5669 163262
5291 2331 163262
5291 5669 163262
5669 2709 163262
5669 5291 163262
2333 2489 10207
2333 5511 10207
2489 2333 10207
2489 5667 10207
5511 2333 10207
5511 5667 10207
5667 2489 10207
5667 5511 10207
2333 2559 205477
2333 5441 205477
2559 2333 205477
2559 5667 205477
5441 2333 205477
5441 5667 205477
5667 2559 205477
5667 5441 205477
2333 3489 54058
2333 4511 54058
3489 2333 54058
3489 5667 54058
4511 2333 54058
4511 5667 54058
5667 3489 54058
5667 4511 54058
2339 2617 20042
2339 5383 20042
2617 2339 20042
2617 5661 20042
5383 2339 20042
5383 5661 20042
5661 2617 20042
5661 5383 20042
2341 2654 41742
2341 5346 41742
2654 2341 41742
2654 5659 41742
5346 2341 41742
5346 5659 41742
5659 2654 41742
5659 5346 41742
2342 3039 52190
2342 4961 52190
3039 2342 52190
3039 5658 52190
4961 2342 52190
4961 5658 52190
5658 3039 52190
5658 4961 52190
2344 3570 2
2344 4430 2
3570 2344 2
3570 5656 2
4430 2344 2
4430 5656 2
5656 3570 2
5656 4430 2
2345 3429 2
2345 4571 2
3429 2345 2
3429 5655 2
4571 2345 2
4571 5655 2
5655 3429 2
5655 4571 2
2345 3571 64209
2345 4429 64209
3571 2345 64209
3571 5655 64209
4429 2345 64209
4429 5655 64209
5655 3571 64209
5655 4429 64209
2346 2429 85809
2346 5571 85809
2429 2346 85809
2429 5654 85809
5571 2346 85809
5571 5654 85809
5654 2429 85809
5654 5571 85809
2349 3418 2
2349 4582 2
3418 2349 2
3418 5651 2
4582 2349 2
4582 5651 2
5651 3418 2
5651 4582 2
2349 3582 13811
2349 4418 13811
3582 2349 13811
3582 5651 13811
4418 2349 13811
4418 5651 13811
5651 3582 13811
5651 4418 13811
2351 2571 91139
2351 5429 91139
2571 2351 91139
2571 5649 91139
5429 2351 91139
5429 5649 91139
5649 2571 91139
5649 5429 91139
2351 3410 8369
2351 4590 8369
3410 2351 8369
3410 5649 8369
4590 2351 8369
4590 5649 8369
5649 3410 8369
5649 4590 8369
2351 3590 344054
2351 4410 344054
3590 2351 344054
3590 5649 344054
4410 2351 344054
4410 5649 344054
5649 3590 344054
5649 4410 344054
2352 2473 73072
2352 5527 73072
2473 2352 73072
2473 5648 73072
5527 2352 73072
5527 5648 73072
5648 2473 73072
5648 5527 73072
2352 3527 67401
2352 4473 67401
3527 2352 67401
3527 5648 67401
4473 2352 67401
4473 5648 67401
5648 3527 67401
5648 4473 67401
2356 2937 97691
2356 5063 97691
2937 2356 97691
2937 5644 97691
5063 2356 97691
5063 5644 97691
5644 2937 97691
5644 5063 97691
2356 3443 244966
2356 4557 244966
3443 2356 244966
3443 5644 244966
4557 2356 244966
4557 5644 244966
5644 3443 244966
5644 4557 244966
2356 3468 24103
2356 4532 24103
3468 2356 24103
3468 5644 24103
4532 2356 24103
4532 5644 24103
5644 3468 24103
5644 4532 24103
2356 3532 209277
2356 4468 209277
3532 2356 209277
3532 5644 209277
4468 2356 209277
4468 5644 209277
5644 3532 209277
5644 4468 209277
2356 3557 2731
2356 4443 2731
3557 2356 2731
3557 5644 2731
4443 2356 2731
4443 5644 2731
5644 3557 2731
5644 4443 2731
2358 2552 77435
2358 5448 77435
2552 2358 77435
2552 5642 77435
5448 2358 77435
5448 5642 77435
5642 2552 77435
5642 5448 77435
2358 2572 16832
2358 5428 16832
2572 2358 16832
2572 5642 16832
5428 2358 16832
5428 5642 16832
5642 2572 16832
5642 5428 16832
2359 3397 2
2359 4603 2
3397 2359 2
3397 5641 2
4603 2359 2
4603 5641 2
5641 3397 2
5641 4603 2
2360 2430 1416
2360 5570 1416
2430 2360 1416
2430 5640 1416
5570 2360 1416
5570 5640 1416
5640 2430 1416
5640 5570 1416
2360 2462 128029
2360 5538 128029
2462 2360 128029
2462 5640 128029
5538 2360 128029
5538 5640 128029
5640 2462 128029
5640 5538 128029
2361 2575 30452
2361 5425 30452
2575 2361 30452
2575 5639 30452
5425 2361 30452
5425 5639 30452
5639 2575 30452
5639 5425 30452
2362 2451 179133
2362 5549 179133
2451 2362 179133
2451 5638 179133
5549 2362 179133
5549 5638 179133
5638 2451 179133
5638 5549 179133
2362 2600 22921
2362 5400 22921
2600 2362 22921
2600 5638 22921
5400 2362 22921
5400 5638 22921
5638 2600 22921
5638 5400 22921
2362 3071 54292
2362 4929 54292
3071 2362 54292
3071 5638 54292
4929 2362 54292
4929 5638 54292
5638 3071 54292
5638 4929 54292
2363 2925 92089
2363 5075 92089
2925 2363 92089
2925 5637 92089
5075 2363 92089
5075 5637 92089
5637 2925 92089
5637 5075 92089
2368 2599 18228
2368 5401 18228
2599 2368 18228
2599 5632 18228
5401 2368 18228
5401 5632 18228
5632 2599 18228
5632 5401 18228
2369 2460 7365
2369 5540 7365
2460 2369 7365
2460 5631 7365
5540 2369 7365
5540 5631 7365
5631 2460 7365
5631 5540 7365
2369 2548 41332
2369 5452 41332
2548 2369 41332
2548 5631 41332
5452 2369 41332
5452 5631 41332
5631 2548 41332
5631 5452 41332
2371 2451 40970
2371 5549 40970
2451 2371 40970
2451 5629 40970
5549 2371 40970
5549 5629 40970
5629 2451 40970
5629 5549 40970
2371 2960 9986
2371 5040 9986
2960 2371 9986
2960 5629 9986
5040 2371 9986
5040 5629 9986
5629 2960 9986
5629 5040 9986
2371 3397 2
2371 4603 2
3397 2371 2
3397 5629 2
4603 2371 2
4603 5629 2
5629 3397 2
5629 4603 2
2371 3603 2
2371 4397 2
3603 2371 2
3603 5629 2
4397 2371 2
4397 5629 2
5629 3603 2
5629 4397 2
2372 3426 2
2372 4574 2
3426 2372 2
3426 5628 2
4574 2372 2
4574 5628 2
5628 3426 2
5628 4574 2
2372 3574 166774
2372 4426 166774
3574 2372 166774
3574 5628 166774
4426 2372 166774
4426 5628 166774
5628 3574 166774
5628 4426 166774
2373 2923 53984
2373 5077 53984
2923 2373 53984
2923 5627 53984
5077 2373 53984
5077 5627 53984
5627 2923 53984
5627 5077 53984
2374 2453 71726
2374 5547 71726
2453 2374 71726
2453 5626 71726
5547 2374 71726
5547 5626 71726
5626 2453 71726
5626 5547 71726
2374 3453 38235
2374 4547 38235
3453 2374 38235
3453 5626 38235
4547 2374 38235
4547 5626 38235
5626 3453 38235
5626 4547 38235
2374 3547 110402
2374 4453 110402
3547 2374 110402
3547 5626 110402
4453 2374 110402
4453 5626 110402
5626 3547 110402
5626 4453 110402
2377 3447 144121
2377 4553 144121
3447 2377 144121
3447 5623 144121
4553 2377 144121
4553 5623 144121
5623 3447 144121
5623 4553 144121
2377 3553 89977
2377 4447 89977
3553 2377 89977
3553 5623 89977
4447 2377 89977
4447 5623 89977
5623 3553 89977
5623 4447 89977
2379 2446 41464
2379 5554 41464
2446 2379 41464
2446 5621 41464
5554 2379 41464
5554 5621 41464
5621 2446 41464
5621 5554 41464
2379 2572 54277
2379 5428 54277
2572 2379 54277
2572 5621 54277
5428 2379 54277
5428 5621 54277
5621 2572 54277
5621 5428 54277
2379 3076 45082
2379 4924 45082
3076 2379 45082
3076 5621 45082
4924 2379 45082
4924 5621 45082
5621 3076 45082
5621 4924 45082
2379 3349 60446
2379 4651 60446
3349 2379 60446
3349 5621 60446
4651 2379 60446
4651 5621 60446
5621 3349 60446
5621 4651 60446
2379 3651 29115
2379 4349 29115
3651 2379 29115
3651 5621 29115
4349 2379 29115
4349 5621 29115
5621 3651 29115
5621 4349 29115
2380 3418 128293
2380 4582 128293
3418 2380 128293
3418 5620 128293
4582 2380 128293
4582 5620 128293
5620 3418 128293
5620 4582 128293
2380 3582 34638
2380 4418 34638
3582 2380 34638
3582 5620 34638
4418 2380 34638
4418 5620 34638
5620 3582 34638
5620 4418 34638
2381 3380 2
2381 4620 2
3380 2381 2
3380 5619 2
4620 2381 2
4620 5619 2
5619 3380 2
5619 4620 2
2382 2433 56348
2382 5567 56348
2433 2382 56348
2433 5618 56348
5567 2382 56348
5567 5618 56348
5618 2433 56348
5618 5567 56348
2382 3536 2
2382 4464 2
3536 2382 2
3536 5618 2
4464 2382 2
4464 5618 2
5618 3536 2
5618 4464 2
2383 2441 125088
2383 5559 125088
2441 2383 125088
2441 5617 125088
5559 2383 125088
5559 5617 125088
5617 2441 125088
5617 5559 125088
2383 3441 187179
2383 4559 187179
3441 2383 187179
3441 5617 187179
4559 2383 187179
4559 5617 187179
5617 3441 187179
5617 4559 187179
2383 3559 1967
2383 4441 1967
3559 2383 1967
3559 5617 1967
4441 2383 1967
4441 5617 1967
5617 3559 1967
5617 4441 1967
2384 2955 109157
2384 5045 109157
2955 2384 109157
2955 5616 109157
5045 2384 109157
5045 5616 109157
5616 2955 109157
5616 5045 109157
2385 2385 2
2385 5615 2
5615 2385 2
5615 5615 2
2385 2424 79674
2385 5576 79674
2424 2385 79674
2424 5615 79674
5576 2385 79674
5576 5615 79674
5615 2424 79674
5615 5576 79674
2387 3645 2
2387 4355 2
3645 2387 2
3645 5613 2
4355 2387 2
4355 5613 2
5613 3645 2
5613 4355 2
2388 3040 36678
2388 4960 36678
3040 2388 36678
3040 5612 36678
4960 2388 36678
4960 5612 36678
5612 3040 36678
5612 4960 36678
2388 3960 8736
2388 4040 8736
3960 2388 8736
3960 5612 8736
4040 2388 8736
4040 5612 8736
5612 3960 8736
5612 4040 8736
2389 2404 72023
2389 5596 72023
2404 2389 72023
2404 5611 72023
5596 2389 72023
5596 5611 72023
5611 2404 72023
5611 5596 72023
2389 2417 19598
2389 5583 19598
2417 2389 19598
2417 5611 19598
5583 2389 19598
5583 5611 19598
5611 2417 19598
5611 5583 19598
2389 2911 44450
2389 5089 44450
2911 2389 44450
2911 5611 44450
5089 2389 44450
5089 5611 44450
5611 2911 44450
5611 5089 44450
2390 3542 69038
2390 4458 69038
3542 2390 69038
3542 5610 69038
4458 2390 69038
4458 5610 69038
5610 3542 69038
5610 4458 69038
2393 3427 2
2393 4573 2
3427 2393 2
3427 5607 2
4573 2393 2
4573 5607 2
5607 3427 2
5607 4573 2
2393 3573 72208
2393 4427 72208
3573 2393 72208
3573 5607 72208
4427 2393 72208
4427 5607 72208
5607 3573 72208
5607 4427 72208
2400 2408 43142
2400 5592 43142
2408 2400 43142
2408 5600 43142
5592 2400 43142
5592 5600 43142
5600 2408 43142
5600 5592 43142
2401 2401 40007
2401 5599 40007
5599 2401 40007
5599 5599 40007
2403 3423 2
2403 4577 2
3423 2403 2
3423 5597 2
4577 2403 2
4577 5597 2
5597 3423 2
5597 4577 2
2403 3577 359311
2403 4423 359311
3577 2403 359311
3577 5597 359311
4423 2403 359311
4423 5597 359311
5597 3577 359311
5597 4423 359311
2405 2421 20467
2405 5579 20467
2421 2405 20467
2421 5595 20467
5579 2405 20467
5579 5595 20467
5595 2421 20467
5595 5579 20467
2407 2581 133873
2407 5419 133873
2581 2407 133873
2581 5593 133873
5419 2407 133873
5419 5593 133873
5593 2581 133873
5593 5419 133873
2409 3351 119527
2409 4649 119527
3351 2409 119527
3351 5591 119527
4649 2409 119527
4649 5591 119527
5591 3351 119527
5591 4649 119527
2409 3409 99060
2409 4591 99060
3409 2409 99060
3409 5591 99060
4591 2409 99060
4591 5591 99060
5591 3409 99060
5591 4591 99060
2409 3415 169343
2409 4585 169343
3415 2409 169343
3415 5591 169343
4585 2409 169343
4585 5591 169343
5591 3415 169343
5591 4585 169343
2409 3585 2
2409 4415 2
3585 2409 2
3585 5591 2
4415 2409 2
4415 5591 2
5591 3585 2
5591 4415 2
2409 3591 1326
2409 4409 1326
3591 2409 1326
3591 5591 1326
4409 2409 1326
4409 5591 1326
5591 3591 1326
5591 4409 1326
2409 3649 177213
2409 4351 177213
3649 2409 177213
3649 5591 177213
4351 2409 177213
4351 5591 177213
5591 3649 177213
5591 4351 177213
2410 3391 205005
2410 4609 205005
3391 2410 205005
3391 5590 205005
4609 2410 205005
4609 5590 205005
5590 3391 205005
5590 4609 205005
2410 3609 277450
2410 4391 277450
3609 2410 277450
3609 5590 277450
4391 2410 277450
4391 5590 277450
5590 3609 277450
5590 4391 277450
2411 3530 39712
2411 4470 39712
3530 2411 39712
3530 5589 39712
4470 2411 39712
4470 5589 39712
5589 3530 39712
5589 4470 39712
2413 3049 93252
2413 4951 93252
3049 2413 93252
3049 5587 93252
4951 2413 93252
4951 5587 93252
5587 3049 93252
5587 4951 93252
2417 3349 73651
2417 4651 73651
3349 2417 73651
3349 5583 73651
4651 2417 73651
4651 5583 73651
5583 3349 73651
5583 4651 73651
2417 3651 24004
2417 4349 24004
3651 2417 24004
3651 5583 24004
4349 2417 24004
4349 5583 24004
5583 3651 24004
5583 4349 24004
2421 2950 32865
2421 5050 32865
2950 2421 32865
2950 5579 32865
5050 2421 32865
5050 5579 32865
5579 2950 32865
5579 5050 32865
2423 3370 2809
2423 4630 2809
3370 2423 2809
3370 5577 2809
4630 2423 2809
4630 5577 2809
5577 3370 2809
5577 4630 2809
2423 3630 47125
2423 4370 47125
3630 2423 47125
3630 5577 47125
4370 2423 47125
4370 5577 47125
5577 3630 47125
5577 4370 47125
2426 2606 18388
2426 5394 18388
2606 2426 18388
2606 5574 18388
5394 2426 18388
5394 5574 18388
5574 2606 18388
5574 5394 18388
2426 3099 88862
2426 4901 88862
3099 2426 88862
3099 5574 88862
4901 2426 88862
4901 5574 88862
5574 3099 88862
5574 4901 88862
2426 3901 123221
2426 4099 123221
3901 2426 123221
3901 5574 123221
4099 2426 123221
4099 5574 123221
5574 3901 123221
5574 4099 123221
2431 2626 2
2431 5374 2
2626 2431 2
2626 5569 2
5374 2431 2
5374 5569 2
5569 2626 2
5569 5374 2
2432 3650 140827
2432 4350 140827
3650 2432 140827
3650 5568 140827
4350 2432 140827
4350 5568 140827
5568 3650 140827
5568 4350 140827
2434 3640 2
2434 4360 2
3640 2434 2
3640 5566 2
4360 2434 2
4360 5566 2
5566 3640 2
5566 4360 2
2436 3888 103
2436 4112 103
3888 2436 103
3888 5564 103
4112 2436 103
4112 5564 103
5564 3888 103
5564 4112 103
2438 2608 76301
2438 5392 76301
2608 2438 76301
2608 5562 76301
5392 2438 76301
5392 5562 76301
5562 2608 76301
5562 5392 76301
2440 2740 88737
2440 5260 88737
2740 2440 88737
2740 5560 88737
5260 2440 88737
5260 5560 88737
5560 2740 88737
5560 5260 88737
2440 3364 2
2440 4636 2
3364 2440 2
3364 5560 2
4636 2440 2
4636 5560 2
5560 3364 2
5560 4636 2
2440 3636 121936
2440 4364 121936
3636 2440 121936
3636 5560 121936
4364 2440 121936
4364 5560 121936
5560 3636 121936
5560 4364 121936
2444 3100 2
2444 4900 2
3100 2444 2
3100 5556 2
4900 2444 2
4900 5556 2
5556 3100 2
5556 4900 2
2444 3900 2
2444 4100 2
3900 2444 2
3900 5556 2
4100 2444 2
4100 5556 2
5556 3900 2
5556 4100 2
2447 3941 2
2447 4059 2
3941 2447 2
3941 5553 2
4059 2447 2
4059 5553 2
5553 3941 2
5553 4059 2
2448 3111 7569
2448 4889 7569
3111 2448 7569
3111 5552 7569
4889 2448 7569
4889 5552 7569
5552 3111 7569
5552 4889 7569
2450 3111 8948
2450 4889 8948
3111 2450 8948
3111 5550 8948
4889 2450 8948
4889 5550 8948
5550 3111 8948
5550 4889 8948
2450 3434 2
2450 4566 2
3434 2450 2
3434 5550 2
4566 2450 2
4566 5550 2
5550 3434 2
5550 4566 2
2450 3566 2
2450 4434 2
3566 2450 2
3566 5550 2
4434 2450 2
4434 5550 2
5550 3566 2
5550 4434 2
2456 2631 158891
2456 5369 158891
2631 2456 158891
2631 5544 158891
5369 2456 158891
5369 5544 158891
5544 2631 158891
5544 5369 158891
2456 3273 103756
2456 4727 103756
3273 2456 103756
3273 5544 103756
4727 2456 103756
4727 5544 103756
5544 3273 103756
5544 4727 103756
2456 3366 110433
2456 4634 110433
3366 2456 110433
3366 5544 110433
4634 2456 110433
4634 5544 110433
5544 3366 110433
5544 4634 110433
2456 3634 89296
2456 4366 89296
3634 2456 89296
3634 5544 89296
4366 2456 89296
4366 5544 89296
5544 3634 89296
5544 4366 89296
2459 2932 22549
2459 5068 22549
2932 2459 22549
2932 5541 22549
5068 2459 22549
5068 5541 22549
5541 2932 22549
5541 5068 22549
2460 2880 79152
2460 5120 79152
2880 2460 79152
2880 5540 79152
5120 2460 79152
5120 5540 79152
5540 2880 79152
5540 5120 79152
2463 3115 110721
2463 4885 110721
3115 2463 110721
3115 5537 110721
4885 2463 110721
4885 5537 110721
5537 3115 110721
5537 4885 110721
2463 3885 78340
2463 4115 78340
3885 2463 78340
3885 5537 78340
4115 2463 78340
4115 5537 78340
5537 3885 78340
5537 4115 78340
2465 2645 163270
2465 5355 163270
2645 2465 163270
2645 5535 163270
5355 2465 163270
5355 5535 163270
5535 2645 163270
5535 5355 163270
2469 2901 82923
2469 5099 82923
2901 2469 82923
2901 5531 82923
5099 2469 82923
5099 5531 82923
5531 2901 82923
5531 5099 82923
2470 3732 2
2470 4268 2
3732 2470 2
3732 5530 2
4268 2470 2
4268 5530 2
5530 3732 2
5530 4268 2
2471 3272 156472
2471 4728 156472
3272 2471 156472
3272 5529 156472
4728 2471 156472
4728 5529 156472
5529 3272 156472
5529 4728 156472
2471 3728 116007
2471 4272 116007
3728 2471 116007
3728 5529 116007
4272 2471 116007
4272 5529 116007
5529 3728 116007
5529 4272 116007
2472 2850 161603
2472 5150 161603
2850 2472 161603
2850 5528 161603
5150 2472 161603
5150 5528 161603
5528 2850 161603
5528 5150 161603
2472 3120 24260
2472 4880 24260
3120 2472 24260
3120 5528 24260
4880 2472 24260
4880 5528 24260
5528 3120 24260
5528 4880 24260
2474 2770 28385
2474 5230 28385
2770 2474 28385
2770 5526 28385
5230 2474 28385
5230 5526 28385
5526 2770 28385
5526 5230 28385
2475 3070 27240
2475 4930 27240
3070 2475 27240
3070 5525 27240
4930 2475 27240
4930 5525 27240
5525 3070 27240
5525 4930 27240
2475 3930 119883
2475 4070 119883
3930 2475 119883
3930 5525 119883
4070 2475 119883
4070 5525 119883
5525 3930 119883
5525 4070 119883
2477 2933 63238
2477 5067 63238
2933 2477 63238
2933 5523 63238
5067 2477 63238
5067 5523 63238
5523 2933 63238
5523 5067 63238
2479 3299 8
2479 4701 8
3299 2479 8
3299 5521 8
4701 2479 8
4701 5521 8
5521 3299 8
5521 4701 8
2479 3430 140858
2479 4570 140858
3430 2479 140858
3430 5521 140858
4570 2479 140858
4570 5521 140858
5521 3430 140858
5521 4570 140858
2479 3459 345530
2479 4541 345530
3459 2479 345530
3459 5521 345530
4541 2479 345530
4541 5521 345530
5521 3459 345530
5521 4541 345530
2479 3541 2
2479 4459 2
3541 2479 2
3541 5521 2
4459 2479 2
4459 5521 2
5521 3541 2
5521 4459 2
2479 3570 25296
2479 4430 25296
3570 2479 25296
3570 5521 25296
4430 2479 25296
4430 5521 25296
5521 3570 25296
5521 4430 25296
2479 3701 2
2479 4299 2
3701 2479 2
3701 5521 2
4299 2479 2
4299 5521 2
5521 3701 2
5521 4299 2
2481 2717 2
2481 5283 2
2717 2481 2
2717 5519 2
5283 2481 2
5283 5519 2
5519 2717 2
5519 5283 2
2481 3283 50190
2481 4717 50190
3283 2481 50190
3283 5519 50190
4717 2481 50190
4717 5519 50190
5519 3283 50190
5519 4717 50190
2481 3717 1021
2481 4283 1021
3717 2481 1021
3717 5519 1021
4283 2481 1021
4283 5519 1021
5519 3717 1021
5519 4283 1021
2482 2837 176241
2482 5163 176241
2837 2482 176241
2837 5518 176241
5163 2482 176241
5163 5518 176241
5518 2837 176241
5518 5163 176241
2482 2856 2806
2482 5144 2806
2856 2482 2806
2856 5518 2806
5144 2482 2806
5144 5518 2806
5518 2856 2806
5518 5144 2806
2485 2860 51344
2485 5140 51344
2860 2485 51344
2860 5515 51344
5140 2485 51344
5140 5515 51344
5515 2860 51344
5515 5140 51344
2488 2667 281477
2488 5333 281477
2667 2488 281477
2667 5512 281477
5333 2488 281477
5333 5512 281477
5512 2667 281477
5512 5333 281477
2488 2874 124684
2488 5126 124684
2874 2488 124684
2874 5512 124684
5126 2488 124684
5126 5512 124684
5512 2874 124684
5512 5126 124684
2488 3249 194258
2488 4751 194258
3249 2488 194258
3249 5512 194258
4751 2488 194258
4751 5512 194258
5512 3249 194258
5512 4751 194258
2488 3297 176987
2488 4703 176987
3297 2488 176987
3297 5512 176987
4703 2488 176987
4703 5512 176987
5512 3297 176987
5512 4703 176987
2488 3703 177325
2488 4297 177325
3703 2488 177325
3703 5512 177325
4297 2488 177325
4297 5512 177325
5512 3703 177325
5512 4297 177325
2490 2575 140200
2490 5425 140200
2575 2490 140200
2575 5510 140200
5425 2490 140200
5425 5510 140200
5510 2575 140200
5510 5425 140200
2490 2790 148883
2490 5210 148883
2790 2490 148883
2790 5510 148883
5210 2490 148883
5210 5510 148883
5510 2790 148883
5510 5210 148883
2490 2835 2
2490 5165 2
2835 2490 2
2835 5510 2
5165 2490 2
5165 5510 2
5510 2835 2
5510 5165 2
2490 3419 2
2490 4581 2
3419 2490 2
3419 5510 2
4581 2490 2
4581 5510 2
5510 3419 2
5510 4581 2
2490 3581 253401
2490 4419 253401
3581 2490 253401
3581 5510 253401
4419 2490 253401
4419 5510 253401
5510 3581 253401
5510 4419 253401
2491 2541 2
2491 5459 2
2541 2491 2
2541 5509 2
5459 2491 2
5459 5509 2
5509 2541 2
5509 5459 2
2491 2731 2
2491 5269 2
2731 2491 2
2731 5509 2
5269 2491 2
5269 5509 2
5509 2731 2
5509 5269 2
2491 2923 98136
2491 5077 98136
2923 2491 98136
2923 5509 98136
5077 2491 98136
5077 5509 98136
5509 2923 98136
5509 5077 98136
2491 3269 6519
2491 4731 6519
3269 2491 6519
3269 5509 6519
4731 2491 6519
4731 5509 6519
5509 3269 6519
5509 4731 6519
2491 3731 2
2491 4269 2
3731 2491 2
3731 5509 2
4269 2491 2
4269 5509 2
5509 3731 2
5509 4269 2
2491 3863 2
2491 4137 2
3863 2491 2
3863 5509 2
4137 2491 2
4137 5509 2
5509 3863 2
5509 4137 2
2492 2820 2
2492 5180 2
2820 2492 2
2820 5508 2
5180 2492 2
5180 5508 2
5508 2820 2
5508 5180 2
2492 3590 2
2492 4410 2
3590 2492 2
3590 5508 2
4410 2492 2
4410 5508 2
5508 3590 2
5508 4410 2
2493 2870 261382
2493 5130 261382
2870 2493 261382
2870 5507 261382
5130 2493 261382
5130 5507 261382
5507 2870 261382
5507 5130 261382
2493 3500 2
2493 4500 2
3500 2493 2
3500 5507 2
4500 2493 2
4500 5507 2
5507 3500 2
5507 4500 2
2497 3920 2
2497 4080 2
3920 2497 2
3920 5503 2
4080 2497 2
4080 5503 2
5503 3920 2
5503 4080 2
2498 3281 4704
2498 4719 4704
3281 2498 4704
3281 5502 4704
4719 2498 4704
4719 5502 4704
5502 3281 4704
5502 4719 4704
2498 3719 2
2498 4281 2
3719 2498 2
3719 5502 2
4281 2498 2
4281 5502 2
5502 3719 2
5502 4281 2
2498 3721 110580
2498 4279 110580
3721 2498 110580
3721 5502 110580
4279 2498 110580
4279 5502 110580
5502 3721 110580
5502 4279 110580
2499 3924 26954
2499 4076 26954
3924 2499 26954
3924 5501 26954
4076 2499 26954
4076 5501 26954
5501 3924 26954
5501 4076 26954
2500 2681 2
2500 5319 2
2681 2500 2
2681 5500 2
5319 2500 2
5319 5500 2
5500 2681 2
5500 5319 2
2500 3135 98564
2500 4865 98564
3135 2500 98564
3135 5500 98564
4865 2500 98564
4865 5500 98564
5500 3135 98564
5500 4865 98564
2500 3254 2
2500 4746 2
3254 2500 2
3254 5500 2
4746 2500 2
4746 5500 2
5500 3254 2
5500 4746 2
2500 3746 2
2500 4254 2
3746 2500 2
3746 5500 2
4254 2500 2
4254 5500 2
5500 3746 2
5500 4254 2
2500 3865 25101
2500 4135 25101
3865 2500 25101
3865 5500 25101
4135 2500 25101
4135 5500 25101
5500 3865 25101
5500 4135 25101
2501 2810 199435
2501 5190 199435
2810 2501 199435
2810 5499 199435
5190 2501 199435
5190 5499 199435
5499 2810 199435
5499 5190 199435
2501 3430 100522
2501 4570 100522
3430 2501 100522
3430 5499 100522
4570 2501 100522
4570 5499 100522
5499 3430 100522
5499 4570 100522
2501 3570 36753
2501 4430 36753
3570 2501 36753
3570 5499 36753
4430 2501 36753
4430 5499 36753
5499 3570 36753
5499 4430 36753
2503 3241 19210
2503 4759 19210
3241 2503 19210
3241 5497 19210
4759 2503 19210
4759 5497 19210
5497 3241 19210
5497 4759 19210
2503 3759 2
2503 4241 2
3759 2503 2
3759 5497 2
4241 2503 2
4241 5497 2
5497 3759 2
5497 4241 2
2504 2725 2
2504 5275 2
2725 2504 2
2725 5496 2
5275 2504 2
5275 5496 2
5496 2725 2
5496 5275 2
2505 2846 116087
2505 5154 116087
2846 2505 116087
2846 5495 116087
5154 2505 116087
5154 5495 116087
5495 2846 116087
5495 5154 116087
2507 2747 56897
2507 5253 56897
2747 2507 56897
2747 5493 56897
5253 2507 56897
5253 5493 56897
5493 2747 56897
5493 5253 56897
2507 2828 55246
2507 5172 55246
2828 2507 55246
2828 5493 55246
5172 2507 55246
5172 5493 55246
5493 2828 55246
5493 5172 55246
2508 3305 150067
2508 4695 150067
3305 2508 150067
3305 5492 150067
4695 2508 150067
4695 5492 150067
5492 3305 150067
5492 4695 150067
2508 3695 224434
2508 4305 224434
3695 2508 224434
3695 5492 224434
4305 2508 224434
4305 5492 224434
5492 3695 224434
5492 4305 224434
2510 2922 42320
2510 5078 42320
2922 2510 42320
2922 5490 42320
5078 2510 42320
5078 5490 42320
5490 2922 42320
5490 5078 42320
2510 3428 15541
2510 4572 15541
3428 2510 15541
3428 5490 15541
4572 2510 15541
4572 5490 15541
5490 3428 15541
5490 4572 15541
2510 3572 145113
2510 4428 145113
3572 2510 145113
3572 5490 145113
4428 2510 145113
4428 5490 145113
5490 3572 145113
5490 4428 145113
2513 3247 28554
2513 4753 28554
3247 2513 28554
3247 5487 28554
4753 2513 28554
4753 5487 28554
5487 3247 28554
5487 4753 28554
2513 3412 2
2513 4588 2
3412 2513 2
3412 5487 2
4588 2513 2
4588 5487 2
5487 3412 2
5487 4588 2
2513 3588 123190
2513 4412 123190
3588 2513 123190
3588 5487 123190
4412 2513 123190
4412 5487 123190
5487 3588 123190
5487 4412 123190
2513 3753 96600
2513 4247 96600
3753 2513 96600
3753 5487 96600
4247 2513 96600
4247 5487 96600
5487 3753 96600
5487 4247 96600
2515 2695 27748
2515 5305 27748
2695 2515 27748
2695 5485 27748
5305 2515 27748
5305 5485 27748
5485 2695 27748
5485 5305 27748
2516 3274 3198
2516 4726 3198
3274 2516 3198
3274 5484 3198
4726 2516 3198
4726 5484 3198
5484 3274 3198
5484 4726 3198
2516 3280 30011
2516 4720 30011
3280 2516 30011
3280 5484 30011
4720 2516 30011
4720 5484 30011
5484 3280 30011
5484 4720 30011
2516 3720 2
2516 4280 2
3720 2516 2
3720 5484 2
4280 2516 2
4280 5484 2
5484 3720 2
5484 4280 2
2517 3259 14026
2517 4741 14026
3259 2517 14026
3259 5483 14026
4741 2517 14026
4741 5483 14026
5483 3259 14026
5483 4741 14026
2517 3287 2
2517 4713 2
3287 2517 2
3287 5483 2
4713 2517 2
4713 5483 2
5483 3287 2
5483 4713 2
2517 3713 19839
2517 4287 19839
3713 2517 19839
3713 5483 19839
4287 2517 19839
4287 5483 19839
5483 3713 19839
5483 4287 19839
2519 2717 145760
2519 5283 145760
2717 2519 145760
2717 5481 145760
5283 2519 145760
5283 5481 145760
5481 2717 145760
5481 5283 145760
2519 2851 165827
2519 5149 165827
2851 2519 165827
2851 5481 165827
5149 2519 165827
5149 5481 165827
5481 2851 165827
5481 5149 165827
2519 3717 15309
2519 4283 15309
3717 2519 15309
3717 5481 15309
4283 2519 15309
4283 5481 15309
5481 3717 15309
5481 4283 15309
2520 2907 146264
2520 5093 146264
2907 2520 146264
2907 5480 146264
5093 2520 146264
5093 5480 146264
5480 2907 146264
5480 5093 146264
2521 2701 133681
2521 5299 133681
2701 2521 133681
2701 5479 133681
5299 2521 133681
5299 5479 133681
5479 2701 133681
5479 5299 133681
2521 2849 238955
2521 5151 238955
2849 2521 238955
2849 5479 238955
5151 2521 238955
5151 5479 238955
5479 2849 238955
5479 5151 238955
2522 3298 113390
2522 4702 113390
3298 2522 113390
3298 5478 113390
4702 2522 113390
4702 5478 113390
5478 3298 113390
5478 4702 113390
2522 3702 73025
2522 4298 73025
3702 2522 73025
3702 5478 73025
4298 2522 73025
4298 5478 73025
5478 3702 73025
5478 4298 73025
2523 2774 2
2523 5226 2
2774 2523 2
2774 5477 2
5226 2523 2
5226 5477 2
5477 2774 2
5477 5226 2
2525 3430 2
2525 4570 2
3430 2525 2
3430 5475 2
4570 2525 2
4570 5475 2
5475 3430 2
5475 4570 2
2525 3570 357351
2525 4430 357351
3570 2525 357351
3570 5475 357351
4430 2525 357351
4430 5475 357351
5475 3570 357351
5475 4430 357351
2526 2784 170449
2526 5216 170449
2784 2526 170449
2784 5474 170449
5216 2526 170449
5216 5474 170449
5474 2784 170449
5474 5216 170449
2528 3291 112694
2528 4709 112694
3291 2528 112694
3291 5472 112694
4709 2528 112694
4709 5472 112694
5472 3291 112694
5472 4709 112694
2528 3709 185514
2528 4291 185514
3709 2528 185514
3709 5472 185514
4291 2528 185514
4291 5472 185514
5472 3709 185514
5472 4291 185514
2529 2724 2
2529 5276 2
2724 2529 2
2724 5471 2
5276 2529 2
5276 5471 2
5471 2724 2
5471 5276 2
2529 2780 87058
2529 5220 87058
2780 2529 87058
2780 5471 87058
5220 2529 87058
5220 5471 87058
5471 2780 87058
5471 5220 87058
2529 2790 2
2529 5210 2
2790 2529 2
2790 5471 2
5210 2529 2
5210 5471 2
5471 2790 2
5471 5210 2
2530 2720 2
2530 5280 2
2720 2530 2
2720 5470 2
5280 2530 2
5280 5470 2
5470 2720 2
5470 5280 2
2530 2789 2
2530 5211 2
2789 2530 2
2789 5470 2
5211 2530 2
5211 5470 2
5470 2789 2
5470 5211 2
2530 3429 223755
2530 4571 223755
3429 2530 223755
3429 5470 223755
4571 2530 223755
4571 5470 223755
5470 3429 223755
5470 4571 223755
2530 3462 200025
2530 4538 200025
3462 2530 200025
3462 5470 200025
4538 2530 200025
4538 5470 200025
5470 3462 200025
5470 4538 200025
2530 3538 2
2530 4462 2
3538 2530 2
3538 5470 2
4462 2530 2
4462 5470 2
5470 3538 2
5470 4462 2
2530 3571 31632
2530 4429 31632
3571 2530 31632
3571 5470 31632
4429 2530 31632
4429 5470 31632
5470 3571 31632
5470 4429 31632
2531 2717 122849
2531 5283 122849
2717 2531 122849
2717 5469 122849
5283 2531 122849
5283 5469 122849
5469 2717 122849
5469 5283 122849
2534 2743 205375
2534 5257 205375
2743 2534 205375
2743 5466 205375
5257 2534 205375
5257 5466 205375
5466 2743 205375
5466 5257 205375
2535 3409 2
2535 4591 2
3409 2535 2
3409 5465 2
4591 2535 2
4591 5465 2
5465 3409 2
5465 4591 2
2535 3410 2
2535 4590 2
3410 2535 2
3410 5465 2
4590 2535 2
4590 5465 2
5465 3410 2
5465 4590 2
2538 2720 43614
2538 5280 43614
2720 2538 43614
2720 5462 43614
5280 2538 43614
5280 5462 43614
5462 2720 43614
5462 5280 43614
2538 2778 2
2538 5222 2
2778 2538 2
2778 5462 2
5222 2538 2
5222 5462 2
5462 2778 2
5462 5222 2
2538 3083 162955
2538 4917 162955
3083 2538 162955
3083 5462 162955
4917 2538 162955
4917 5462 162955
5462 3083 162955
5462 4917 162955
2538 3416 2
2538 4584 2
3416 2538 2
3416 5462 2
4584 2538 2
4584 5462 2
5462 3416 2
5462 4584 2
2539 3074 22834
2539 4926 22834
3074 2539 22834
3074 5461 22834
4926 2539 22834
4926 5461 22834
5461 3074 22834
5461 4926 22834
2540 3448 162086
2540 4552 162086
3448 2540 162086
3448 5460 162086
4552 2540 162086
4552 5460 162086
5460 3448 162086
5460 4552 162086
2540 3459 18801
2540 4541 18801
3459 2540 18801
3459 5460 18801
4541 2540 18801
4541 5460 18801
5460 3459 18801
5460 4541 18801
2540 3541 2
2540 4459 2
3541 2540 2
3541 5460 2
4459 2540 2
4459 5460 2
5460 3541 2
5460 4459 2
2540 3552 232155
2540 4448 232155
3552 2540 232155
3552 5460 232155
4448 2540 232155
4448 5460 232155
5460 3552 232155
5460 4448 232155
2543 2692 280782
2543 5308 280782
2692 2543 280782
2692 5457 280782
5308 2543 280782
5308 5457 280782
5457 2692 280782
5457 5308 280782
2544 3091 78725
2544 4909 78725
3091 2544 78725
3091 5456 78725
4909 2544 78725
4909 5456 78725
5456 3091 78725
5456 4909 78725
2546 2742 53442
2546 5258 53442
2742 2546 53442
2742 5454 53442
5258 2546 53442
5258 5454 53442
5454 2742 53442
5454 5258 53442
2550 3447 2852
2550 4553 2852
3447 2550 2852
3447 5450 2852
4553 2550 2852
4553 5450 2852
5450 3447 2852
5450 4553 2852
2550 3553 9184
2550 4447 9184
3553 2550 9184
3553 5450 9184
4447 2550 9184
4447 5450 9184
5450 3553 9184
5450 4447 9184
2556 2630 12495
2556 5370 12495
2630 2556 12495
2630 5444 12495
5370 2556 12495
5370 5444 12495
5444 2630 12495
5444 5370 12495
2558 2803 2
2558 5197 2
2803 2558 2
2803 5442 2
5197 2558 2
5197 5442 2
5442 2803 2
5442 5197 2
2560 2750 268410
2560 5250 268410
2750 2560 268410
2750 5440 268410
5250 2560 268410
5250 5440 268410
5440 2750 268410
5440 5250 268410
2560 3093 2
2560 4907 2
3093 2560 2
3093 5440 2
4907 2560 2
4907 5440 2
5440 3093 2
5440 4907 2
2560 3470 2
2560 4530 2
3470 2560 2
3470 5440 2
4530 2560 2
4530 5440 2
5440 3470 2
5440 4530 2
2560 3530 67079
2560 4470 67079
3530 2560 67079
3530 5440 67079
4470 2560 67079
4470 5440 67079
5440 3530 67079
5440 4470 67079
2560 3907 62164
2560 4093 62164
3907 2560 62164
3907 5440 62164
4093 2560 62164
4093 5440 62164
5440 3907 62164
5440 4093 62164
2561 2750 2
2561 5250 2
2750 2561 2
2750 5439 2
5250 2561 2
5250 5439 2
5439 2750 2
5439 5250 2
2562 2721 2
2562 5279 2
2721 2562 2
2721 5438 2
5279 2562 2
5279 5438 2
5438 2721 2
5438 5279 2
2562 2824 2
2562 5176 2
2824 2562 2
2824 5438 2
5176 2562 2
5176 5438 2
5438 2824 2
5438 5176 2
2567 2811 29614
2567 5189 29614
2811 2567 29614
2811 5433 29614
5189 2567 29614
5189 5433 29614
5433 2811 29614
5433 5189 29614
2567 3368 83791
2567 4632 83791
3368 2567 83791
3368 5433 83791
4632 2567 83791
4632 5433 83791
5433 3368 83791
5433 4632 83791
2567 3632 2
2567 4368 2
3632 2567 2
3632 5433 2
4368 2567 2
4368 5433 2
5433 3632 2
5433 4368 2
2568 2670 119718
2568 5330 119718
2670 2568 119718
2670 5432 119718
5330 2568 119718
5330 5432 119718
5432 2670 119718
5432 5330 119718
2572 3635 2
2572 4365 2
3635 2572 2
3635 5428 2
4365 2572 2
4365 5428 2
5428 3635 2
5428 4365 2
2573 2753 139183
2573 5247 139183
2753 2573 139183
2753 5427 139183
5247 2573 139183
5247 5427 139183
5427 2753 139183
5427 5247 139183
2573 3363 4165
2573 4637 4165
3363 2573 4165
3363 5427 4165
4637 2573 4165
4637 5427 4165
5427 3363 4165
5427 4637 4165
2573 3637 62610
2573 4363 62610
3637 2573 62610
3637 5427 62610
4363 2573 62610
4363 5427 62610
5427 3637 62610
5427 4363 62610
2576 2767 61185
2576 5233 61185
2767 2576 61185
2767 5424 61185
5233 2576 61185
5233 5424 61185
5424 2767 61185
5424 5233 61185
2577 3881 61138
2577 4119 61138
3881 2577 61138
3881 5423 61138
4119 2577 61138
4119 5423 61138
5423 3881 61138
5423 4119 61138
2580 3510 49765
2580 4490 49765
3510 2580 49765
3510 5420 49765
4490 2580 49765
4490 5420 49765
5420 3510 49765
5420 4490 49765
2580 3520 2
2580 4480 2
3520 2580 2
3520 5420 2
4480 2580 2
4480 5420 2
5420 3520 2
5420 4480 2
2580 3660 35573
2580 4340 35573
3660 2580 35573
3660 5420 35573
4340 2580 35573
4340 5420 35573
5420 3660 35573
5420 4340 35573
2581 2808 125551
2581 5192 125551
2808 2581 125551
2808 5419 125551
5192 2581 125551
5192 5419 125551
5419 2808 125551
5419 5192 125551
2586 2744 50673
2586 5256 50673
2744 2586 50673
2744 5414 50673
5256 2586 50673
5256 5414 50673
5414 2744 50673
5414 5256 50673
2586 2786 55421
2586 5214 55421
2786 2586 55421
2786 5414 55421
5214 2586 55421
5214 5414 55421
5414 2786 55421
5414 5214 55421
2588 2797 9022
2588 5203 9022
2797 2588 9022
2797 5412 9022
5203 2588 9022
5203 5412 9022
5412 2797 9022
5412 5203 9022
2589 3358 35811
2589 4642 35811
3358 2589 35811
3358 5411 35811
4642 2589 35811
4642 5411 35811
5411 3358 35811
5411 4642 35811
2589 3642 2
2589 4358 2
3642 2589 2
3642 5411 2
4358 2589 2
4358 5411 2
5411 3642 2
5411 4358 2
2590 3358 66966
2590 4642 66966
3358 2590 66966
3358 5410 66966
4642 2590 66966
4642 5410 66966
5410 3358 66966
5410 4642 66966
2590 3510 40887
2590 4490 40887
3510 2590 40887
3510 5410 40887
4490 2590 40887
4490 5410 40887
5410 3510 40887
5410 4490 40887
2590 3520 17249
2590 4480 17249
3520 2590 17249
3520 5410 17249
4480 2590 17249
4480 5410 17249
5410 3520 17249
5410 4480 17249
2590 3642 2
2590 4358 2
3642 2590 2
3642 5410 2
4358 2590 2
4358 5410 2
5410 3642 2
5410 4358 2
2591 2610 52879
2591 5390 52879
2610 2591 52879
2610 5409 52879
5390 2591 52879
5390 5409 52879
5409 2610 52879
5409 5390 52879
2591 2787 139552
2591 5213 139552
2787 2591 139552
2787 5409 139552
5213 2591 139552
5213 5409 139552
5409 2787 139552
5409 5213 139552
2599 2798 100994
2599 5202 100994
2798 2599 100994
2798 5401 100994
5202 2599 100994
5202 5401 100994
5401 2798 100994
5401 5202 100994
2599 3112 16562
2599 4888 16562
3112 2599 16562
3112 5401 16562
4888 2599 16562
4888 5401 16562
5401 3112 16562
5401 4888 16562
2599 3888 11366
2599 4112 11366
3888 2599 11366
3888 5401 11366
4112 2599 11366
4112 5401 11366
5401 3888 11366
5401 4112 11366
2600 2756 27691
2600 5244 27691
2756 2600 27691
2756 5400 27691
5244 2600 27691
5244 5400 27691
5400 2756 27691
5400 5244 27691
2600 3510 2
2600 4490 2
3510 2600 2
3510 5400 2
4490 2600 2
4490 5400 2
5400 3510 2
5400 4490 2
2601 3364 148915
2601 4636 148915
3364 2601 148915
3364 5399 148915
4636 2601 148915
4636 5399 148915
5399 3364 148915
5399 4636 148915
2601 3636 87619
2601 4364 87619
3636 2601 87619
3636 5399 87619
4364 2601 87619
4364 5399 87619
5399 3636 87619
5399 4364 87619
2602 2732 219697
2602 5268 219697
2732 2602 219697
2732 5398 219697
5268 2602 219697
5268 5398 219697
5398 2732 219697
5398 5268 219697
2608 2790 28392
2608 5210 28392
2790 2608 28392
2790 5392 28392
5210 2608 28392
5210 5392 28392
5392 2790 28392
5392 5210 28392
2610 2746 7840
2610 5254 7840
2746 2610 7840
2746 5390 7840
5254 2610 7840
5254 5390 7840
5390 2746 7840
5390 5254 7840
2610 2771 326622
2610 5229 326622
2771 2610 326622
2771 5390 326622
5229 2610 326622
5229 5390 326622
5390 2771 326622
5390 5229 326622
2610 3372 18010
2610 4628 18010
3372 2610 18010
3372 5390 18010
4628 2610 18010
4628 5390 18010
5390 3372 18010
5390 4628 18010
2610 3380 36159
2610 4620 36159
3380 2610 36159
3380 5390 36159
4620 2610 36159
4620 5390 36159
5390 3380 36159
5390 4620 36159
2610 3620 62683
2610 4380 62683
3620 2610 62683
3620 5390 62683
4380 2610 62683
4380 5390 62683
5390 3620 62683
5390 4380 62683
2610 3889 44935
2610 4111 44935
3889 2610 44935
3889 5390 44935
4111 2610 44935
4111 5390 44935
5390 3889 44935
5390 4111 44935
2614 2614 382355
2614 5386 382355
5386 2614 382355
5386 5386 382355
2620 3320 65661
2620 4680 65661
3320 2620 65661
3320 5380 65661
4680 2620 65661
4680 5380 65661
5380 3320 65661
5380 4680 65661
2620 3509 188597
2620 4491 188597
3509 2620 188597
3509 5380 188597
4491 2620 188597
4491 5380 188597
5380 3509 188597
5380 4491 188597
2620 3680 31091
2620 4320 31091
3680 2620 31091
3680 5380 31091
4320 2620 31091
4320 5380 31091
5380 3680 31091
5380 4320 31091
2621 3354 30016
2621 4646 30016
3354 2621 30016
3354 5379 30016
4646 2621 30016
4646 5379 30016
5379 3354 30016
5379 4646 30016
2621 3646 34468
2621 4354 34468
3646 2621 34468
3646 5379 34468
4354 2621 34468
4354 5379 34468
5379 3646 34468
5379 4354 34468
2624 3122 37272
2624 4878 37272
3122 2624 37272
3122 5376 37272
4878 2624 37272
4878 5376 37272
5376 3122 37272
5376 4878 37272
2624 3878 2
2624 4122 2
3878 2624 2
3878 5376 2
4122 2624 2
4122 5376 2
5376 3878 2
5376 4122 2
2625 3318 9273
2625 4682 9273
3318 2625 9273
3318 5375 9273
4682 2625 9273
4682 5375 9273
5375 3318 9273
5375 4682 9273
2626 2784 2
2626 5216 2
2784 2626 2
2784 5374 2
5216 2626 2
5216 5374 2
5374 2784 2
5374 5216 2
2629 3110 62155
2629 4890 62155
3110 2629 62155
3110 5371 62155
4890 2629 62155
4890 5371 62155
5371 3110 62155
5371 4890 62155
2630 3497 2
2630 4503 2
3497 2630 2
3497 5370 2
4503 2630 2
4503 5370 2
5370 3497 2
5370 4503 2
2630 3503 225963
2630 4497 225963
3503 2630 225963
3503 5370 225963
4497 2630 225963
4497 5370 225963
5370 3503 225963
5370 4497 225963
2630 3665 2
2630 4335 2
3665 2630 2
3665 5370 2
4335 2630 2
4335 5370 2
5370 3665 2
5370 4335 2
2631 3147 37539
2631 4853 37539
3147 2631 37539
3147 5369 37539
4853 2631 37539
4853 5369 37539
5369 3147 37539
5369 4853 37539
2631 3853 99194
2631 4147 99194
3853 2631 99194
3853 5369 99194
4147 2631 99194
4147 5369 99194
5369 3853 99194
5369 4147 99194
2633 3111 58653
2633 4889 58653
3111 2633 58653
3111 5367 58653
4889 2633 58653
4889 5367 58653
5367 3111 58653
5367 4889 58653
2634 3152 151812
2634 4848 151812
3152 2634 151812
3152 5366 151812
4848 2634 151812
4848 5366 151812
5366 3152 151812
5366 4848 151812
2634 3848 2
2634 4152 2
3848 2634 2
3848 5366 2
4152 2634 2
4152 5366 2
5366 3848 2
5366 4152 2
2635 2850 39805
2635 5150 39805
2850 2635 39805
2850 5365 39805
5150 2635 39805
5150 5365 39805
5365 2850 39805
5365 5150 39805
2636 3131 168548
2636 4869 168548
3131 2636 168548
3131 5364 168548
4869 2636 168548
4869 5364 168548
5364 3131 168548
5364 4869 168548
2636 3395 18660
2636 4605 18660
3395 2636 18660
3395 5364 18660
4605 2636 18660
4605 5364 18660
5364 3395 18660
5364 4605 18660
2636 3605 40286
2636 4395 40286
3605 2636 40286
3605 5364 40286
4395 2636 40286
4395 5364 40286
5364 3605 40286
5364 4395 40286
2636 3869 273812
2636 4131 273812
3869 2636 273812
3869 5364 273812
4131 2636 273812
4131 5364 273812
5364 3869 273812
5364 4131 273812
2639 2748 2
2639 5252 2
2748 2639 2
2748 5361 2
5252 2639 2
5252 5361 2
5361 2748 2
5361 5252 2
2639 3123 32346
2639 4877 32346
3123 2639 32346
3123 5361 32346
4877 2639 32346
4877 5361 32346
5361 3123 32346
5361 4877 32346
2639 3877 95893
2639 4123 95893
3877 2639 95893
3877 5361 95893
4123 2639 95893
4123 5361 95893
5361 3877 95893
5361 4123 95893
2640 3081 10259
2640 4919 10259
3081 2640 10259
3081 5360 10259
4919 2640 10259
4919 5360 10259
5360 3081 10259
5360 4919 10259
2640 3499 21341
2640 4501 21341
3499 2640 21341
3499 5360 21341
4501 2640 21341
4501 5360 21341
5360 3499 21341
5360 4501 21341
2640 3501 12478
2640 4499 12478
3501 2640 12478
3501 5360 12478
4499 2640 12478
4499 5360 12478
5360 3501 12478
5360 4499 12478
2641 3851 2
2641 4149 2
3851 2641 2
3851 5359 2
4149 2641 2
4149 5359 2
5359 3851 2
5359 4149 2
2643 3652 48475
2643 4348 48475
3652 2643 48475
3652 5357 48475
4348 2643 48475
4348 5357 48475
5357 3652 48475
5357 4348 48475
2646 3365 168517
2646 4635 168517
3365 2646 168517
3365 5354 168517
4635 2646 168517
4635 5354 168517
5354 3365 168517
5354 4635 168517
2648 2882 39170
2648 5118 39170
2882 2648 39170
2882 5352 39170
5118 2648 39170
5118 5352 39170
5352 2882 39170
5352 5118 39170
2650 3401 63081
2650 4599 63081
3401 2650 63081
3401 5350 63081
4599 2650 63081
4599 5350 63081
5350 3401 63081
5350 4599 63081
2650 3599 213089
2650 4401 213089
3599 2650 213089
3599 5350 213089
4401 2650 213089
4401 5350 213089
5350 3599 213089
5350 4401 213089
2651 2859 2
2651 5141 2
2859 2651 2
2859 5349 2
5141 2651 2
5141 5349 2
5349 2859 2
5349 5141 2
2651 3107 15658
2651 4893 15658
3107 2651 15658
3107 5349 15658
4893 2651 15658
4893 5349 15658
5349 3107 15658
5349 4893 15658
2651 3120 2
2651 4880 2
3120 2651 2
3120 5349 2
4880 2651 2
4880 5349 2
5349 3120 2
5349 4880 2
2651 3364 69768
2651 4636 69768
3364 2651 69768
3364 5349 69768
4636 2651 69768
4636 5349 69768
5349 3364 69768
5349 4636 69768
2651 3636 125913
2651 4364 125913
3636 2651 125913
3636 5349 125913
4364 2651 125913
4364 5349 125913
5349 3636 125913
5349 4364 125913
2651 3880 69341
2651 4120 69341
3880 2651 69341
3880 5349 69341
4120 2651 69341
4120 5349 69341
5349 3880 69341
5349 4120 69341
2651 3893 80596
2651 4107 80596
3893 2651 80596
3893 5349 80596
4107 2651 80596
4107 5349 80596
5349 3893 80596
5349 4107 80596
2652 2919 2
2652 5081 2
2919 2652 2
2919 5348 2
5081 2652 2
5081 5348 2
5348 2919 2
5348 5081 2
2653 3130 10896
2653 4870 10896
3130 2653 10896
3130 5347 10896
4870 2653 10896
4870 5347 10896
5347 3130 10896
5347 4870 10896
2653 3870 82177
2653 4130 82177
3870 2653 82177
3870 5347 82177
4130 2653 82177
4130 5347 82177
5347 3870 82177
5347 4130 82177
2655 3500 25482
2655 4500 25482
3500 2655 25482
3500 5345 25482
4500 2655 25482
4500 5345 25482
5345 3500 25482
5345 4500 25482
2657 2878 95181
2657 5122 95181
2878 2657 95181
2878 5343 95181
5122 2657 95181
5122 5343 95181
5343 2878 95181
5343 5122 95181
2660 3323 67265
2660 4677 67265
3323 2660 67265
3323 5340 67265
4677 2660 67265
4677 5340 67265
5340 3323 67265
5340 4677 67265
2660 3677 56110
2660 4323 56110
3677 2660 56110
3677 5340 56110
4323 2660 56110
4323 5340 56110
5340 3677 56110
5340 4323 56110
2663 3341 38619
2663 4659 38619
3341 2663 38619
3341 5337 38619
4659 2663 38619
4659 5337 38619
5337 3341 38619
5337 4659 38619
2663 3352 2
2663 4648 2
3352 2663 2
3352 5337 2
4648 2663 2
4648 5337 2
5337 3352 2
5337 4648 2
2663 3442 124397
2663 4558 124397
3442 2663 124397
3442 5337 124397
4558 2663 124397
4558 5337 124397
5337 3442 124397
5337 4558 124397
2663 3558 95883
2663 4442 95883
3558 2663 95883
3558 5337 95883
4442 2663 95883
4442 5337 95883
5337 3558 95883
5337 4442 95883
2663 3648 104721
2663 4352 104721
3648 2663 104721
3648 5337 104721
4352 2663 104721
4352 5337 104721
5337 3648 104721
5337 4352 104721
2663 3659 217986
2663 4341 217986
3659 2663 217986
3659 5337 217986
4341 2663 217986
4341 5337 217986
5337 3659 217986
5337 4341 217986
2665 3312 28048
2665 4688 28048
3312 2665 28048
3312 5335 28048
4688 2665 28048
4688 5335 28048
5335 3312 28048
5335 4688 28048
2665 3688 73947
2665 4312 73947
3688 2665 73947
3688 5335 73947
4312 2665 73947
4312 5335 73947
5335 3688 73947
5335 4312 73947
2668 3339 13488
2668 4661 13488
3339 2668 13488
3339 5332 13488
4661 2668 13488
4661 5332 13488
5332 3339 13488
5332 4661 13488
2668 3362 30466
2668 4638 30466
3362 2668 30466
3362 5332 30466
4638 2668 30466
4638 5332 30466
5332 3362 30466
5332 4638 30466
2668 3500 51714
2668 4500 51714
3500 2668 51714
3500 5332 51714
4500 2668 51714
4500 5332 51714
5332 3500 51714
5332 4500 51714
2668 3638 2
2668 4362 2
3638 2668 2
3638 5332 2
4362 2668 2
4362 5332 2
5332 3638 2
5332 4362 2
2669 3845 15169
2669 4155 15169
3845 2669 15169
3845 5331 15169
4155 2669 15169
4155 5331 15169
5331 3845 15169
5331 4155 15169
2670 3340 61120
2670 4660 61120
3340 2670 61120
3340 5330 61120
4660 2670 61120
4660 5330 61120
5330 3340 61120
5330 4660 61120
2670 3660 2
2670 4340 2
3660 2670 2
3660 5330 2
4340 2670 2
4340 5330 2
5330 3660 2
5330 4340 2
2670 3730 127108
2670 4270 127108
3730 2670 127108
3730 5330 127108
4270 2670 127108
4270 5330 127108
5330 3730 127108
5330 4270 127108
2671 3463 2
2671 4537 2
3463 2671 2
3463 5329 2
4537 2671 2
4537 5329 2
5329 3463 2
5329 4537 2
2671 3537 89824
2671 4463 89824
3537 2671 89824
3537 5329 89824
4463 2671 89824
4463 5329 89824
5329 3537 89824
5329 4463 89824
2673 2849 50618
2673 5151 50618
2849 2673 50618
2849 5327 50618
5151 2673 50618
5151 5327 50618
5327 2849 50618
5327 5151 50618
2675 3361 2
2675 4639 2
3361 2675 2
3361 5325 2
4639 2675 2
4639 5325 2
5325 3361 2
5325 4639 2
2675 3639 65474
2675 4361 65474
3639 2675 65474
3639 5325 65474
4361 2675 65474
4361 5325 65474
5325 3639 65474
5325 4361 65474
2676 3433 2
2676 4567 2
3433 2676 2
3433 5324 2
4567 2676 2
4567 5324 2
5324 3433 2
5324 4567 2
2676 3567 71672
2676 4433 71672
3567 2676 71672
3567 5324 71672
4433 2676 71672
4433 5324 71672
5324 3567 71672
5324 4433 71672
2678 3296 73925
2678 4704 73925
3296 2678 73925
3296 5322 73925
4704 2678 73925
4704 5322 73925
5322 3296 73925
5322 4704 73925
2678 3419 2
2678 4581 2
3419 2678 2
3419 5322 2
4581 2678 2
4581 5322 2
5322 3419 2
5322 4581 2
2678 3581 230200
2678 4419 230200
3581 2678 230200
3581 5322 230200
4419 2678 230200
4419 5322 230200
5322 3581 230200
5322 4419 230200
2678 3704 118727
2678 4296 118727
3704 2678 118727
3704 5322 118727
4296 2678 118727
4296 5322 118727
5322 3704 118727
5322 4296 118727
2681 3500 185776
2681 4500 185776
3500 2681 185776
3500 5319 185776
4500 2681 185776
4500 5319 185776
5319 3500 185776
5319 4500 185776
2684 3919 8120
2684 4081 8120
3919 2684 8120
3919 5316 8120
4081 2684 8120
4081 5316 8120
5316 3919 8120
5316 4081 8120
2687 3667 48652
2687 4333 48652
3667 2687 48652
3667 5313 48652
4333 2687 48652
4333 5313 48652
5313 3667 48652
5313 4333 48652
2688 3069 112750
2688 4931 112750
3069 2688 112750
3069 5312 112750
4931 2688 112750
4931 5312 112750
5312 3069 112750
5312 4931 112750
2688 3931 94849
2688 4069 94849
3931 2688 94849
3931 5312 94849
4069 2688 94849
4069 5312 94849
5312 3931 94849
5312 4069 94849
2689 2922 73607
2689 5078 73607
2922 2689 73607
2922 5311 73607
5078 2689 73607
5078 5311 73607
5311 2922 73607
5311 5078 73607
2689 3482 166985
2689 4518 166985
3482 2689 166985
3482 5311 166985
4518 2689 166985
4518 5311 166985
5311 3482 166985
5311 4518 166985
2689 3518 115620
2689 4482 115620
3518 2689 115620
3518 5311 115620
4482 2689 115620
4482 5311 115620
5311 3518 115620
5311 4482 115620
2690 3162 2
2690 4838 2
3162 2690 2
3162 5310 2
4838 2690 2
4838 5310 2
5310 3162 2
5310 4838 2
2690 3479 56373
2690 4521 56373
3479 2690 56373
3479 5310 56373
4521 2690 56373
4521 5310 56373
5310 3479 56373
5310 4521 56373
2690 3521 60412
2690 4479 60412
3521 2690 60412
3521 5310 60412
4479 2690 60412
4479 5310 60412
5310 3521 60412
5310 4479 60412
2693 2847 40415
2693 5153 40415
2847 2693 40415
2847 5307 40415
5153 2693 40415
5153 5307 40415
5307 2847 40415
5307 5153 40415
2693 2850 2
2693 5150 2
2850 2693 2
2850 5307 2
5150 2693 2
5150 5307 2
5307 2850 2
5307 5150 2
2693 3399 60136
2693 4601 60136
3399 2693 60136
3399 5307 60136
4601 2693 60136
4601 5307 60136
5307 3399 60136
5307 4601 60136
2693 3601 2
2693 4399 2
3601 2693 2
3601 5307 2
4399 2693 2
4399 5307 2
5307 3601 2
5307 4399 2
2695 3344 2
2695 4656 2
3344 2695 2
3344 5305 2
4656 2695 2
4656 5305 2
5305 3344 2
5305 4656 2
2695 3390 28295
2695 4610 28295
3390 2695 28295
3390 5305 28295
4610 2695 28295
4610 5305 28295
5305 3390 28295
5305 4610 28295
2695 3610 82987
2695 4390 82987
3610 2695 82987
3610 5305 82987
4390 2695 82987
4390 5305 82987
5305 3610 82987
5305 4390 82987
2695 3656 2
2695 4344 2
3656 2695 2
3656 5305 2
4344 2695 2
4344 5305 2
5305 3656 2
5305 4344 2
2697 3686 2
2697 4314 2
3686 2697 2
3686 5303 2
4314 2697 2
4314 5303 2
5303 3686 2
5303 4314 2
2700 3466 246664
2700 4534 246664
3466 2700 246664
3466 5300 246664
4534 2700 246664
4534 5300 246664
5300 3466 246664
5300 4534 246664
2700 3534 2833
2700 4466 2833
3534 2700 2833
3534 5300 2833
4466 2700 2833
4466 5300 2833
5300 3534 2833
5300 4466 2833
2701 3440 25445
2701 4560 25445
3440 2701 25445
3440 5299 25445
4560 2701 25445
4560 5299 25445
5299 3440 25445
5299 4560 25445
2701 3969 94179
2701 4031 94179
3969 2701 94179
3969 5299 94179
4031 2701 94179
4031 5299 94179
5299 3969 94179
5299 4031 94179
2702 2848 65751
2702 5152 65751
2848 2702 65751
2848 5298 65751
5152 2702 65751
5152 5298 65751
5298 2848 65751
5298 5152 65751
2704 2971 248929
2704 5029 248929
2971 2704 248929
2971 5296 248929
5029 2704 248929
5029 5296 248929
5296 2971 248929
5296 5029 248929
2705 3500 23914
2705 4500 23914
3500 2705 23914
3500 5295 23914
4500 2705 23914
4500 5295 23914
5295 3500 23914
5295 4500 23914
2706 2960 2
2706 5040 2
2960 2706 2
2960 5294 2
5040 2706 2
5040 5294 2
5294 2960 2
5294 5040 2
2707 3345 2
2707 4655 2
3345 2707 2
3345 5293 2
4655 2707 2
4655 5293 2
5293 3345 2
5293 4655 2
2707 3655 103135
2707 4345 103135
3655 2707 103135
3655 5293 103135
4345 2707 103135
4345 5293 103135
5293 3655 103135
5293 4345 103135
2709 3699 2
2709 4301 2
3699 2709 2
3699 5291 2
4301 2709 2
4301 5291 2
5291 3699 2
5291 4301 2
2710 2828 62016
2710 5172 62016
2828 2710 62016
2828 5290 62016
5172 2710 62016
5172 5290 62016
5290 2828 62016
5290 5172 62016
2712 3300 150462
2712 4700 150462
3300 2712 150462
3300 5288 150462
4700 2712 150462
4700 5288 150462
5288 3300 150462
5288 4700 150462
2712 3700 54997
2712 4300 54997
3700 2712 54997
3700 5288 54997
4300 2712 54997
4300 5288 54997
5288 3700 54997
5288 4300 54997
2714 3973 107447
2714 4027 107447
3973 2714 107447
3973 5286 107447
4027 2714 107447
4027 5286 107447
5286 3973 107447
5286 4027 107447
2716 3500 2
2716 4500 2
3500 2716 2
3500 5284 2
4500 2716 2
4500 5284 2
5284 3500 2
5284 4500 2
2717 3454 4041
2717 4546 4041
3454 2717 4041
3454 5283 4041
4546 2717 4041
4546 5283 4041
5283 3454 4041
5283 4546 4041
2717 3546 2
2717 4454 2
3546 2717 2
3546 5283 2
4454 2717 2
4454 5283 2
5283 3546 2
5283 4454 2
2718 3024 84874
2718 4976 84874
3024 2718 84874
3024 5282 84874
4976 2718 84874
4976 5282 84874
5282 3024 84874
5282 4976 84874
2718 3443 385902
2718 4557 385902
3443 2718 385902
3443 5282 385902
4557 2718 385902
4557 5282 385902
5282 3443 385902
5282 4557 385902
2718 3557 2
2718 4443 2
3557 2718 2
3557 5282 2
4443 2718 2
4443 5282 2
5282 3557 2
5282 4443 2
2718 3976 108964
2718 4024 108964
3976 2718 108964
3976 5282 108964
4024 2718 108964
4024 5282 108964
5282 3976 108964
5282 4024 108964
2720 2940 164798
2720 5060 164798
2940 2720 164798
2940 5280 164798
5060 2720 164798
5060 5280 164798
5280 2940 164798
5280 5060 164798
2720 3480 2
2720 4520 2
3480 2720 2
3480 5280 2
4520 2720 2
4520 5280 2
5280 3480 2
5280 4520 2
2720 3520 2
2720 4480 2
3520 2720 2
3520 5280 2
4480 2720 2
4480 5280 2
5280 3520 2
5280 4480 2
2726 2967 16341
2726 5033 16341
2967 2726 16341
2967 5274 16341
5033 2726 16341
5033 5274 16341
5274 2967 16341
5274 5033 16341
2726 3493 2
2726 4507 2
3493 2726 2
3493 5274 2
4507 2726 2
4507 5274 2
5274 3493 2
5274 4507 2
2726 3507 2
2726 4493 2
3507 2726 2
3507 5274 2
4493 2726 2
4493 5274 2
5274 3507 2
5274 4493 2
2727 3654 54626
2727 4346 54626
3654 2727 54626
3654 5273 54626
4346 2727 54626
4346 5273 54626
5273 3654 54626
5273 4346 54626
2729 2953 164973
2729 5047 164973
2953 2729 164973
2953 5271 164973
5047 2729 164973
5047 5271 164973
5271 2953 164973
5271 5047 164973
2730 2835 587071
2730 5165 587071
2835 2730 587071
2835 5270 587071
5165 2730 587071
5165 5270 587071
5270 2835 587071
5270 5165 587071
2730 3546 143073
2730 4454 143073
3546 2730 143073
3546 5270 143073
4454 2730 143073
4454 5270 143073
5270 3546 143073
5270 4454 143073
2733 3323 28
2733 4677 28
3323 2733 28
3323 5267 28
4677 2733 28
4677 5267 28
5267 3323 28
5267 4677 28
2733 3677 11851
2733 4323 11851
3677 2733 11851
3677 5267 11851
4323 2733 11851
4323 5267 11851
5267 3677 11851
5267 4323 11851
2735 3427 88176
2735 4573 88176
3427 2735 88176
3427 5265 88176
4573 2735 88176
4573 5265 88176
5265 3427 88176
5265 4573 88176
2736 2969 77747
2736 5031 77747
2969 2736 77747
2969 5264 77747
5031 2736 77747
5031 5264 77747
5264 2969 77747
5264 5031 77747
2737 2981 53754
2737 5019 53754
2981 2737 53754
2981 5263 53754
5019 2737 53754
5019 5263 53754
5263 2981 53754
5263 5019 53754
2738 3500 7992
2738 4500 7992
3500 2738 7992
3500 5262 7992
4500 2738 7992
4500 5262 7992
5262 3500 7992
5262 4500 7992
2739 2986 216345
2739 5014 216345
2986 2739 216345
2986 5261 216345
5014 2739 216345
5014 5261 216345
5261 2986 216345
5261 5014 216345
2743 2980 2
2743 5020 2
2980 2743 2
2980 5257 2
5020 2743 2
5020 5257 2
5257 2980 2
5257 5020 2
2744 2966 17183
2744 5034 17183
2966 2744 17183
2966 5256 17183
5034 2744 17183
5034 5256 17183
5256 2966 17183
5256 5034 17183
2745 2840 66499
2745 5160 66499
2840 2745 66499
2840 5255 66499
5160 2745 66499
5160 5255 66499
5255 2840 66499
5255 5160 66499
2745 3337 216930
2745 4663 216930
3337 2745 216930
3337 5255 216930
4663 2745 216930
4663 5255 216930
5255 3337 216930
5255 4663 216930
2745 3663 58720
2745 4337 58720
3663 2745 58720
3663 5255 58720
4337 2745 58720
4337 5255 58720
5255 3663 58720
5255 4337 58720
2746 2822 50049
2746 5178 50049
2822 2746 50049
2822 5254 50049
5178 2746 50049
5178 5254 50049
5254 2822 50049
5254 5178 50049
2748 2971 230364
2748 5029 230364
2971 2748 230364
2971 5252 230364
5029 2748 230364
5029 5252 230364
5252 2971 230364
5252 5029 230364
2749 3381 2
2749 4619 2
3381 2749 2
3381 5251 2
4619 2749 2
4619 5251 2
5251 3381 2
5251 4619 2
2750 3420 92422
2750 4580 92422
3420 2750 92422
3420 5250 92422
4580 2750 92422
4580 5250 92422
5250 3420 92422
5250 4580 92422
2750 3580 104147
2750 4420 104147
3580 2750 104147
3580 5250 104147
4420 2750 104147
4420 5250 104147
5250 3580 104147
5250 4420 104147
2753 2967 77187
2753 5033 77187
2967 2753 77187
2967 5247 77187
5033 2753 77187
5033 5247 77187
5247 2967 77187
5247 5033 77187
2756 3830 2
2756 4170 2
3830 2756 2
3830 5244 2
4170 2756 2
4170 5244 2
5244 3830 2
5244 4170 2
2760 2830 24105
2760 5170 24105
2830 2760 24105
2830 5240 24105
5170 2760 24105
5170 5240 24105
5240 2830 24105
5240 5170 24105
2760 3370 5517
2760 4630 5517
3370 2760 5517
3370 5240 5517
4630 2760 5517
4630 5240 5517
5240 3370 5517
5240 4630 5517
2760 3450 8954
2760 4550 8954
3450 2760 8954
3450 5240 8954
4550 2760 8954
4550 5240 8954
5240 3450 8954
5240 4550 8954
2760 3550 54390
2760 4450 54390
3550 2760 54390
3550 5240 54390
4450 2760 54390
4450 5240 54390
5240 3550 54390
5240 4450 54390
2760 3630 163253
2760 4370 163253
3630 2760 163253
3630 5240 163253
4370 2760 163253
4370 5240 163253
5240 3630 163253
5240 4370 163253
2765 3400 20551
2765 4600 20551
3400 2765 20551
3400 5235 20551
4600 2765 20551
4600 5235 20551
5235 3400 20551
5235 4600 20551
2765 3600 2
2765 4400 2
3600 2765 2
3600 5235 2
4400 2765 2
4400 5235 2
5235 3600 2
5235 4400 2
2768 3418 165984
2768 4582 165984
3418 2768 165984
3418 5232 165984
4582 2768 165984
4582 5232 165984
5232 3418 165984
5232 4582 165984
2769 3378 2
2769 4622 2
3378 2769 2
3378 5231 2
4622 2769 2
4622 5231 2
5231 3378 2
5231 4622 2
2772 2820 84564
2772 5180 84564
2820 2772 84564
2820 5228 84564
5180 2772 84564
5180 5228 84564
5228 2820 84564
5228 5180 84564
2774 3382 29022
2774 4618 29022
3382 2774 29022
3382 5226 29022
4618 2774 29022
4618 5226 29022
5226 3382 29022
5226 4618 29022
2775 2808 60706
2775 5192 60706
2808 2775 60706
2808 5225 60706
5192 2775 60706
5192 5225 60706
5225 2808 60706
5225 5192 60706
2775 2832 103112
2775 5168 103112
2832 2775 103112
2832 5225 103112
5168 2775 103112
5168 5225 103112
5225 2832 103112
5225 5168 103112
2775 3460 167309
2775 4540 167309
3460 2775 167309
3460 5225 167309
4540 2775 167309
4540 5225 167309
5225 3460 167309
5225 4540 167309
2775 3540 72392
2775 4460 72392
3540 2775 72392
3540 5225 72392
4460 2775 72392
4460 5225 72392
5225 3540 72392
5225 4460 72392
2777 3397 96743
2777 4603 96743
3397 2777 96743
3397 5223 96743
4603 2777 96743
4603 5223 96743
5223 3397 96743
5223 4603 96743
2777 3603 173318
2777 4397 173318
3603 2777 173318
3603 5223 173318
4397 2777 173318
4397 5223 173318
5223 3603 173318
5223 4397 173318
2778 3445 2
2778 4555 2
3445 2778 2
3445 5222 2
4555 2778 2
4555 5222 2
5222 3445 2
5222 4555 2
2778 3555 2
2778 4445 2
3555 2778 2
3555 5222 2
4445 2778 2
4445 5222 2
5222 3555 2
5222 4445 2
2778 3901 125770
2778 4099 125770
3901 2778 125770
3901 5222 125770
4099 2778 125770
4099 5222 125770
5222 3901 125770
5222 4099 125770
2779 3566 61348
2779 4434 61348
3566 2779 61348
3566 5221 61348
4434 2779 61348
4434 5221 61348
5221 3566 61348
5221 4434 61348
2779 3888 44034
2779 4112 44034
3888 2779 44034
3888 5221 44034
4112 2779 44034
4112 5221 44034
5221 3888 44034
5221 4112 44034
2780 3422 109158
2780 4578 109158
3422 2780 109158
3422 5220 109158
4578 2780 109158
4578 5220 109158
5220 3422 109158
5220 4578 109158
2780 3443 3792
2780 4557 3792
3443 2780 3792
3443 5220 3792
4557 2780 3792
4557 5220 3792
5220 3443 3792
5220 4557 3792
2780 3530 37242
2780 4470 37242
3530 2780 37242
3530 5220 37242
4470 2780 37242
4470 5220 37242
5220 3530 37242
5220 4470 37242
2780 3557 13929
2780 4443 13929
3557 2780 13929
3557 5220 13929
4443 2780 13929
4443 5220 13929
5220 3557 13929
5220 4443 13929
2780 3578 2
2780 4422 2
3578 2780 2
3578 5220 2
4422 2780 2
4422 5220 2
5220 3578 2
5220 4422 2
2782 3413 24704
2782 4587 24704
3413 2782 24704
3413 5218 24704
4587 2782 24704
4587 5218 24704
5218 3413 24704
5218 4587 24704
2782 3587 65852
2782 4413 65852
3587 2782 65852
3587 5218 65852
4413 2782 65852
4413 5218 65852
5218 3587 65852
5218 4413 65852
2785 3385 194596
2785 4615 194596
3385 2785 194596
3385 5215 194596
4615 2785 194596
4615 5215 194596
5215 3385 194596
5215 4615 194596
2785 3441 139473
2785 4559 139473
3441 2785 139473
3441 5215 139473
4559 2785 139473
4559 5215 139473
5215 3441 139473
5215 4559 139473
2785 3559 2
2785 4441 2
3559 2785 2
3559 5215 2
4441 2785 2
4441 5215 2
5215 3559 2
5215 4441 2
2785 3615 40988
2785 4385 40988
3615 2785 40988
3615 5215 40988
4385 2785 40988
4385 5215 40988
5215 3615 40988
5215 4385 40988
2786 2826 37472
2786 5174 37472
2826 2786 37472
2826 5214 37472
5174 2786 37472
5174 5214 37472
5214 2826 37472
5214 5174 37472
2787 3500 18558
2787 4500 18558
3500 2787 18558
3500 5213 18558
4500 2787 18558
4500 5213 18558
5213 3500 18558
5213 4500 18558
2788 3398 2
2788 4602 2
3398 2788 2
3398 5212 2
4602 2788 2
4602 5212 2
5212 3398 2
5212 4602 2
2789 3572 4315
2789 4428 4315
3572 2789 4315
3572 5211 4315
4428 2789 4315
4428 5211 4315
5211 3572 4315
5211 4428 4315
2793 2805 107959
2793 5195 107959
2805 2793 107959
2805 5207 107959
5195 2793 107959
5195 5207 107959
5207 2805 107959
5207 5195 107959
2793 3430 2
2793 4570 2
3430 2793 2
3430 5207 2
4570 2793 2
4570 5207 2
5207 3430 2
5207 4570 2
2794 3500 2069
2794 4500 2069
3500 2794 2069
3500 5206 2069
4500 2794 2069
4500 5206 2069
5206 3500 2069
5206 4500 2069
2799 3812 181705
2799 4188 181705
3812 2799 181705
3812 5201 181705
4188 2799 181705
4188 5201 181705
5201 3812 181705
5201 4188 181705
2800 3790 157393
2800 4210 157393
3790 2800 157393
3790 5200 157393
4210 2800 157393
4210 5200 157393
5200 3790 157393
5200 4210 157393
2801 3578 117682
2801 4422 117682
3578 2801 117682
3578 5199 117682
4422 2801 117682
4422 5199 117682
5199 3578 117682
5199 4422 117682
2802 3412 23106
2802 4588 23106
3412 2802 23106
3412 5198 23106
4588 2802 23106
4588 5198 23106
5198 3412 23106
5198 4588 23106
2802 3588 2
2802 4412 2
3588 2802 2
3588 5198 2
4412 2802 2
4412 5198 2
5198 3588 2
5198 4412 2
2805 3772 90440
2805 4228 90440
3772 2805 90440
3772 5195 90440
4228 2805 90440
4228 5195 90440
5195 3772 90440
5195 4228 90440
2807 3431 39549
2807 4569 39549
3431 2807 39549
3431 5193 39549
4569 2807 39549
4569 5193 39549
5193 3431 39549
5193 4569 39549
2807 3569 43360
2807 4431 43360
3569 2807 43360
3569 5193 43360
4431 2807 43360
4431 5193 43360
5193 3569 43360
5193 4431 43360
2807 3799 2
2807 4201 2
3799 2807 2
3799 5193 2
4201 2807 2
4201 5193 2
5193 3799 2
5193 4201 2
2810 3553 2
2810 4447 2
3553 2810 2
3553 5190 2
4447 2810 2
4447 5190 2
5190 3553 2
5190 4447 2
2812 3222 19660
2812 4778 19660
3222 2812 19660
3222 5188 19660
4778 2812 19660
4778 5188 19660
5188 3222 19660
5188 4778 19660
2812 3421 2
2812 4579 2
3421 2812 2
3421 5188 2
4579 2812 2
4579 5188 2
5188 3421 2
5188 4579 2
2812 3778 78209
2812 4222 78209
3778 2812 78209
3778 5188 78209
4222 2812 78209
4222 5188 78209
5188 3778 78209
5188 4222 78209
2816 3436 2
2816 4564 2
3436 2816 2
3436 5184 2
4564 2816 2
4564 5184 2
5184 3436 2
5184 4564 2
2816 3564 40547
2816 4436 40547
3564 2816 40547
3564 5184 40547
4436 2816 40547
4436 5184 40547
5184 3564 40547
5184 4436 40547
2827 3243 109495
2827 4757 109495
3243 2827 109495
3243 5173 109495
4757 2827 109495
4757 5173 109495
5173 3243 109495
5173 4757 109495
2827 3757 171870
2827 4243 171870
3757 2827 171870
3757 5173 171870
4243 2827 171870
4243 5173 171870
5173 3757 171870
5173 4243 171870
2830 3744 70796
2830 4256 70796
3744 2830 70796
3744 5170 70796
4256 2830 70796
4256 5170 70796
5170 3744 70796
5170 4256 70796
2835 3315 2
2835 4685 2
3315 2835 2
3315 5165 2
4685 2835 2
4685 5165 2
5165 3315 2
5165 4685 2
2835 3741 126381
2835 4259 126381
3741 2835 126381
3741 5165 126381
4259 2835 126381
4259 5165 126381
5165 3741 126381
5165 4259 126381
2836 3339 62083
2836 4661 62083
3339 2836 62083
3339 5164 62083
4661 2836 62083
4661 5164 62083
5164 3339 62083
5164 4661 62083
2836 3469 2
2836 4531 2
3469 2836 2
3469 5164 2
4531 2836 2
4531 5164 2
5164 3469 2
5164 4531 2
2836 3531 15078
2836 4469 15078
3531 2836 15078
3531 5164 15078
4469 2836 15078
4469 5164 15078
5164 3531 15078
5164 4469 15078
2839 3324 2
2839 4676 2
3324 2839 2
3324 5161 2
4676 2839 2
4676 5161 2
5161 3324 2
5161 4676 2
2842 3707 84750
2842 4293 84750
3707 2842 84750
3707 5158 84750
4293 2842 84750
4293 5158 84750
5158 3707 84750
5158 4293 84750
2843 3301 28104
2843 4699 28104
3301 2843 28104
3301 5157 28104
4699 2843 28104
4699 5157 28104
5157 3301 28104
5157 4699 28104
2843 3378 3320
2843 4622 3320
3378 2843 3320
3378 5157 3320
4622 2843 3320
4622 5157 3320
5157 3378 3320
5157 4622 3320
2845 3497 2
2845 4503 2
3497 2845 2
3497 5155 2
4503 2845 2
4503 5155 2
5155 3497 2
5155 4503 2
2845 3503 93722
2845 4497 93722
3503 2845 93722
3503 5155 93722
4497 2845 93722
4497 5155 93722
5155 3503 93722
5155 4497 93722
2846 3477 122315
2846 4523 122315
3477 2846 122315
3477 5154 122315
4523 2846 122315
4523 5154 122315
5154 3477 122315
5154 4523 122315
2846 3523 107656
2846 4477 107656
3523 2846 107656
3523 5154 107656
4477 2846 107656
4477 5154 107656
5154 3523 107656
5154 4477 107656
2850 3315 39761
2850 4685 39761
3315 2850 39761
3315 5150 39761
4685 2850 39761
4685 5150 39761
5150 3315 39761
5150 4685 39761
2850 3484 2
2850 4516 2
3484 2850 2
3484 5150 2
4516 2850 2
4516 5150 2
5150 3484 2
5150 4516 2
2850 3516 129107
2850 4484 129107
3516 2850 129107
3516 5150 129107
4484 2850 129107
4484 5150 129107
5150 3516 129107
5150 4484 129107
2850 3685 74721
2850 4315 74721
3685 2850 74721
3685 5150 74721
4315 2850 74721
4315 5150 74721
5150 3685 74721
5150 4315 74721
2852 3345 2
2852 4655 2
3345 2852 2
3345 5148 2
4655 2852 2
4655 5148 2
5148 3345 2
5148 4655 2
2852 3499 2
2852 4501 2
3499 2852 2
3499 5148 2
4501 2852 2
4501 5148 2
5148 3499 2
5148 4501 2
2852 3501 39768
2852 4499 39768
3501 2852 39768
3501 5148 39768
4499 2852 39768
4499 5148 39768
5148 3501 39768
5148 4499 39768
2852 3655 35244
2852 4345 35244
3655 2852 35244
3655 5148 35244
4345 2852 35244
4345 5148 35244
5148 3655 35244
5148 4345 35244
2853 3492 184880
2853 4508 184880
3492 2853 184880
3492 5147 184880
4508 2853 184880
4508 5147 184880
5147 3492 184880
5147 4508 184880
2853 3508 32261
2853 4492 32261
3508 2853 32261
3508 5147 32261
4492 2853 32261
4492 5147 32261
5147 3508 32261
5147 4492 32261
2854 3342 86924
2854 4658 86924
3342 2854 86924
3342 5146 86924
4658 2854 86924
4658 5146 86924
5146 3342 86924
5146 4658 86924
2854 3658 2
2854 4342 2
3658 2854 2
3658 5146 2
4342 2854 2
4342 5146 2
5146 3658 2
5146 4342 2
2858 3490 63375
2858 4510 63375
3490 2858 63375
3490 5142 63375
4510 2858 63375
4510 5142 63375
5142 3490 63375
5142 4510 63375
2862 3353 188251
2862 4647 188251
3353 2862 188251
3353 5138 188251
4647 2862 188251
4647 5138 188251
5138 3353 188251
5138 4647 188251
2862 3500 2
2862 4500 2
3500 2862 2
3500 5138 2
4500 2862 2
4500 5138 2
5138 3500 2
5138 4500 2
2865 3500 120018
2865 4500 120018
3500 2865 120018
3500 5135 120018
4500 2865 120018
4500 5135 120018
5135 3500 120018
5135 4500 120018
2870 3500 75194
2870 4500 75194
3500 2870 75194
3500 5130 75194
4500 2870 75194
4500 5130 75194
5130 3500 75194
5130 4500 75194
2871 3728 35240
2871 4272 35240
3728 2871 35240
3728 5129 35240
4272 2871 35240
4272 5129 35240
5129 3728 35240
5129 4272 35240
2873 3490 12382
2873 4510 12382
3490 2873 12382
3490 5127 12382
4510 2873 12382
4510 5127 12382
5127 3490 12382
5127 4510 12382
2879 3466 2
2879 4534 2
3466 2879 2
3466 5121 2
4534 2879 2
4534 5121 2
5121 3466 2
5121 4534 2
2884 3557 33209
2884 4443 33209
3557 2884 33209
3557 5116 33209
4443 2884 33209
4443 5116 33209
5116 3557 33209
5116 4443 33209
2886 3334 2
2886 4666 2
3334 2886 2
3334 5114 2
4666 2886 2
4666 5114 2
5114 3334 2
5114 4666 2
2886 3576 2
2886 4424 2
3576 2886 2
3576 5114 2
4424 2886 2
4424 5114 2
5114 3576 2
5114 4424 2
2886 3666 27051
2886 4334 27051
3666 2886 27051
3666 5114 27051
4334 2886 27051
4334 5114 27051
5114 3666 27051
5114 4334 27051
2890 3552 110524
2890 4448 110524
3552 2890 110524
3552 5110 110524
4448 2890 110524
4448 5110 110524
5110 3552 110524
5110 4448 110524
2893 3417 112867
2893 4583 112867
3417 2893 112867
3417 5107 112867
4583 2893 112867
4583 5107 112867
5107 3417 112867
5107 4583 112867
2894 3430 45023
2894 4570 45023
3430 2894 45023
3430 5106 45023
4570 2894 45023
4570 5106 45023
5106 3430 45023
5106 4570 45023
2894 3570 306
2894 4430 306
3570 2894 306
3570 5106 306
4430 2894 306
4430 5106 306
5106 3570 306
5106 4430 306
2897 3324 2
2897 4676 2
3324 2897 2
3324 5103 2
4676 2897 2
4676 5103 2
5103 3324 2
5103 4676 2
2897 3676 43112
2897 4324 43112
3676 2897 43112
3676 5103 43112
4324 2897 43112
4324 5103 43112
5103 3676 43112
5103 4324 43112
2899 3576 6784
2899 4424 6784
3576 2899 6784
3576 5101 6784
4424 2899 6784
4424 5101 6784
5101 3576 6784
5101 4424 6784
2900 3670 2
2900 4330 2
3670 2900 2
3670 5100 2
4330 2900 2
4330 5100 2
5100 3670 2
5100 4330 2
2900 3672 89901
2900 4328 89901
3672 2900 89901
3672 5100 89901
4328 2900 89901
4328 5100 89901
5100 3672 89901
5100 4328 89901
2908 3614 56340
2908 4386 56340
3614 2908 56340
3614 5092 56340
4386 2908 56340
4386 5092 56340
5092 3614 56340
5092 4386 56340
2910 3396 61163
2910 4604 61163
3396 2910 61163
3396 5090 61163
4604 2910 61163
4604 5090 61163
5090 3396 61163
5090 4604 61163
2910 3604 2
2910 4396 2
3604 2910 2
3604 5090 2
4396 2910 2
4396 5090 2
5090 3604 2
5090 4396 2
2910 3758 86073
2910 4242 86073
3758 2910 86073
3758 5090 86073
4242 2910 86073
4242 5090 86073
5090 3758 86073
5090 4242 86073
2911 3305 2
2911 4695 2
3305 2911 2
3305 5089 2
4695 2911 2
4695 5089 2
5089 3305 2
5089 4695 2
2911 3695 91768
2911 4305 91768
3695 2911 91768
3695 5089 91768
4305 2911 91768
4305 5089 91768
5089 3695 91768
5089 4305 91768
2914 3310 4197
2914 4690 4197
3310 2914 4197
3310 5086 4197
4690 2914 4197
4690 5086 4197
5086 3310 4197
5086 4690 4197
2914 3495 34753
2914 4505 34753
3495 2914 34753
3495 5086 34753
4505 2914 34753
4505 5086 34753
5086 3495 34753
5086 4505 34753
2917 3286 6806
2917 4714 6806
3286 2917 6806
3286 5083 6806
4714 2917 6806
4714 5083 6806
5083 3286 6806
5083 4714 6806
2918 3393 5458
2918 4607 5458
3393 2918 5458
3393 5082 5458
4607 2918 5458
4607 5082 5458
5082 3393 5458
5082 4607 5458
2918 3607 74681
2918 4393 74681
3607 2918 74681
3607 5082 74681
4393 2918 74681
4393 5082 74681
5082 3607 74681
5082 4393 74681
2919 3508 1133
2919 4492 1133
3508 2919 1133
3508 5081 1133
4492 2919 1133
4492 5081 1133
5081 3508 1133
5081 4492 1133
2920 3684 2
2920 4316 2
3684 2920 2
3684 5080 2
4316 2920 2
4316 5080 2
5080 3684 2
5080 4316 2
2921 3626 92909
2921 4374 92909
3626 2921 92909
3626 5079 92909
4374 2921 92909
4374 5079 92909
5079 3626 92909
5079 4374 92909
2928 2977 49375
2928 5023 49375
2977 2928 49375
2977 5072 49375
5023 2928 49375
5023 5072 49375
5072 2977 49375
5072 5023 49375
2931 3371 59577
2931 4629 59577
3371 2931 59577
3371 5069 59577
4629 2931 59577
4629 5069 59577
5069 3371 59577
5069 4629 59577
2931 3629 24444
2931 4371 24444
3629 2931 24444
3629 5069 24444
4371 2931 24444
4371 5069 24444
5069 3629 24444
5069 4371 24444
2932 3256 55357
2932 4744 55357
3256 2932 55357
3256 5068 55357
4744 2932 55357
4744 5068 55357
5068 3256 55357
5068 4744 55357
2932 3281 141651
2932 4719 141651
3281 2932 141651
3281 5068 141651
4719 2932 141651
4719 5068 141651
5068 3281 141651
5068 4719 141651
2932 3719 96409
2932 4281 96409
3719 2932 96409
3719 5068 96409
4281 2932 96409
4281 5068 96409
5068 3719 96409
5068 4281 96409
2932 3744 2
2932 4256 2
3744 2932 2
3744 5068 2
4256 2932 2
4256 5068 2
5068 3744 2
5068 4256 2
2940 2974 78583
2940 5026 78583
2974 2940 78583
2974 5060 78583
5026 2940 78583
5026 5060 78583
5060 2974 78583
5060 5026 78583
2940 2980 38446
2940 5020 38446
2980 2940 38446
2980 5060 38446
5020 2940 38446
5020 5060 38446
5060 2980 38446
5060 5020 38446
2941 3287 77899
2941 4713 77899
3287 2941 77899
3287 5059 77899
4713 2941 77899
4713 5059 77899
5059 3287 77899
5059 4713 77899
2941 3713 2
2941 4287 2
3713 2941 2
3713 5059 2
4287 2941 2
4287 5059 2
5059 3713 2
5059 4287 2
2943 3980 123013
2943 4020 123013
3980 2943 123013
3980 5057 123013
4020 2943 123013
4020 5057 123013
5057 3980 123013
5057 4020 123013
2945 3686 61631
2945 4314 61631
3686 2945 61631
3686 5055 61631
4314 2945 61631
4314 5055 61631
5055 3686 61631
5055 4314 61631
2946 2971 24092
2946 5029 24092
2971 2946 24092
2971 5054 24092
5029 2946 24092
5029 5054 24092
5054 2971 24092
5054 5029 24092
2949 3011 9966
2949 4989 9966
3011 2949 9966
3011 5051 9966
4989 2949 9966
4989 5051 9966
5051 3011 9966
5051 4989 9966
2949 3024 122933
2949 4976 122933
3024 2949 122933
3024 5051 122933
4976 2949 122933
4976 5051 122933
5051 3024 122933
5051 4976 122933
2949 3976 87008
2949 4024 87008
3976 2949 87008
3976 5051 87008
4024 2949 87008
4024 5051 87008
5051 3976 87008
5051 4024 87008
2951 2969 2
2951 5031 2
2969 2951 2
2969 5049 2
5031 2951 2
5031 5049 2
5049 2969 2
5049 5031 2
2951 2988 55872
2951 5012 55872
2988 2951 55872
2988 5049 55872
5012 2951 55872
5012 5049 55872
5049 2988 55872
5049 5012 55872
2951 3279 2
2951 4721 2
3279 2951 2
3279 5049 2
4721 2951 2
4721 5049 2
5049 3279 2
5049 4721 2
2951 3721 87154
2951 4279 87154
3721 2951 87154
3721 5049 87154
4279 2951 87154
4279 5049 87154
5049 3721 87154
5049 4279 87154
2952 2978 80365
2952 5022 80365
2978 2952 80365
2978 5048 80365
5022 2952 80365
5022 5048 80365
5048 2978 80365
5048 5022 80365
2953 3278 31787
2953 4722 31787
3278 2953 31787
3278 5047 31787
4722 2953 31787
4722 5047 31787
5047 3278 31787
5047 4722 31787
2953 3722 2
2953 4278 2
3722 2953 2
3722 5047 2
4278 2953 2
4278 5047 2
5047 3722 2
5047 4278 2
2954 3030 2
2954 4970 2
3030 2954 2
3030 5046 2
4970 2954 2
4970 5046 2
5046 3030 2
5046 4970 2
2954 3970 32092
2954 4030 32092
3970 2954 32092
3970 5046 32092
4030 2954 32092
4030 5046 32092
5046 3970 32092
5046 4030 32092
2955 3273 2
2955 4727 2
3273 2955 2
3273 5045 2
4727 2955 2
4727 5045 2
5045 3273 2
5045 4727 2
2955 3727 125835
2955 4273 125835
3727 2955 125835
3727 5045 125835
4273 2955 125835
4273 5045 125835
5045 3727 125835
5045 4273 125835
2960 2970 2
2960 5030 2
2970 2960 2
2970 5040 2
5030 2960 2
5030 5040 2
5040 2970 2
5040 5030 2
2960 3986 41
2960 4014 41
3986 2960 41
3986 5040 41
4014 2960 41
4014 5040 41
5040 3986 41
5040 4014 41
2962 3274 38309
2962 4726 38309
3274 2962 38309
3274 5038 38309
4726 2962 38309
4726 5038 38309
5038 3274 38309
5038 4726 38309
2963 3263 2
2963 4737 2
3263 2963 2
3263 5037 2
4737 2963 2
4737 5037 2
5037 3263 2
5037 4737 2
2963 3737 2
2963 4263 2
3737 2963 2
3737 5037 2
4263 2963 2
4263 5037 2
5037 3737 2
5037 4263 2
2964 3290 54216
2964 4710 54216
3290 2964 54216
3290 5036 54216
4710 2964 54216
4710 5036 54216
5036 3290 54216
5036 4710 54216
2964 3710 88815
2964 4290 88815
3710 2964 88815
3710 5036 88815
4290 2964 88815
4290 5036 88815
5036 3710 88815
5036 4290 88815
2965 3020 59427
2965 4980 59427
3020 2965 59427
3020 5035 59427
4980 2965 59427
4980 5035 59427
5035 3020 59427
5035 4980 59427
2965 3980 45154
2965 4020 45154
3980 2965 45154
3980 5035 45154
4020 2965 45154
4020 5035 45154
5035 3980 45154
5035 4020 45154
2966 3753 2
2966 4247 2
3753 2966 2
3753 5034 2
4247 2966 2
4247 5034 2
5034 3753 2
5034 4247 2
2967 3011 72157
2967 4989 72157
3011 2967 72157
3011 5033 72157
4989 2967 72157
4989 5033 72157
5033 3011 72157
5033 4989 72157
2967 3254 53577
2967 4746 53577
3254 2967 53577
3254 5033 53577
4746 2967 53577
4746 5033 53577
5033 3254 53577
5033 4746 53577
2967 3746 3686
2967 4254 3686
3746 2967 3686
3746 5033 3686
4254 2967 3686
4254 5033 3686
5033 3746 3686
5033 4254 3686
2967 3989 43468
2967 4011 43468
3989 2967 43468
3989 5033 43468
4011 2967 43468
4011 5033 43468
5033 3989 43468
5033 4011 43468
2968 2968 106271
2968 5032 106271
5032 2968 106271
5032 5032 106271
2968 2983 16481
2968 5017 16481
2983 2968 16481
2983 5032 16481
5017 2968 16481
5017 5032 16481
5032 2983 16481
5032 5017 16481
2968 3006 26160
2968 4994 26160
3006 2968 26160
3006 5032 26160
4994 2968 26160
4994 5032 26160
5032 3006 26160
5032 4994 26160
2968 3994 13398
2968 4006 13398
3994 2968 13398
3994 5032 13398
4006 2968 13398
4006 5032 13398
5032 3994 13398
5032 4006 13398
2970 3233 21475
2970 4767 21475
3233 2970 21475
3233 5030 21475
4767 2970 21475
4767 5030 21475
5030 3233 21475
5030 4767 21475
2970 3299 21963
2970 4701 21963
3299 2970 21963
3299 5030 21963
4701 2970 21963
4701 5030 21963
5030 3299 21963
5030 4701 21963
2970 3701 22722
2970 4299 22722
3701 2970 22722
3701 5030 22722
4299 2970 22722
4299 5030 22722
5030 3701 22722
5030 4299 22722
2972 3004 4661
2972 4996 4661
3004 2972 4661
3004 5028 4661
4996 2972 4661
4996 5028 4661
5028 3004 4661
5028 4996 4661
2972 3996 23037
2972 4004 23037
3996 2972 23037
3996 5028 23037
4004 2972 23037
4004 5028 23037
5028 3996 23037
5028 4004 23037
2973 3008 41098
2973 4992 41098
3008 2973 41098
3008 5027 41098
4992 2973 41098
4992 5027 41098
5027 3008 41098
5027 4992 41098
2973 3992 61333
2973 4008 61333
3992 2973 61333
3992 5027 61333
4008 2973 61333
4008 5027 61333
5027 3992 61333
5027 4008 61333
2974 2977 63213
2974 5023 63213
2977 2974 63213
2977 5026 63213
5023 2974 63213
5023 5026 63213
5026 2977 63213
5026 5023 63213
2975 3213 54049
2975 4787 54049
3213 2975 54049
3213 5025 54049
4787 2975 54049
4787 5025 54049
5025 3213 54049
5025 4787 54049
2975 3787 83199
2975 4213 83199
3787 2975 83199
3787 5025 83199
4213 2975 83199
4213 5025 83199
5025 3787 83199
5025 4213 83199
2976 3720 2
2976 4280 2
3720 2976 2
3720 5024 2
4280 2976 2
4280 5024 2
5024 3720 2
5024 4280 2
2977 2994 44416
2977 5006 44416
2994 2977 44416
2994 5023 44416
5006 2977 44416
5006 5023 44416
5023 2994 44416
5023 5006 44416
2978 2983 82996
2978 5017 82996
2983 2978 82996
2983 5022 82996
5017 2978 82996
5017 5022 82996
5022 2983 82996
5022 5017 82996
2979 2988 46628
2979 5012 46628
2988 2979 46628
2988 5021 46628
5012 2979 46628
5012 5021 46628
5021 2988 46628
5021 5012 46628
2979 3004 67415
2979 4996 67415
3004 2979 67415
3004 5021 67415
4996 2979 67415
4996 5021 67415
5021 3004 67415
5021 4996 67415
2979 3996 5293
2979 4004 5293
3996 2979 5293
3996 5021 5293
4004 2979 5293
4004 5021 5293
5021 3996 5293
5021 4004 5293
2980 2988 9528
2980 5012 9528
2988 2980 9528
2988 5020 9528
5012 2980 9528
5012 5020 9528
5020 2988 9528
5020 5012 9528
2980 3018 34401
2980 4982 34401
3018 2980 34401
3018 5020 34401
4982 2980 34401
4982 5020 34401
5020 3018 34401
5020 4982 34401
2980 3945 144369
2980 4055 144369
3945 2980 144369
3945 5020 144369
4055 2980 144369
4055 5020 144369
5020 3945 144369
5020 4055 144369
2980 3982 47510
2980 4018 47510
3982 2980 47510
3982 5020 47510
4018 2980 47510
4018 5020 47510
5020 3982 47510
5020 4018 47510
2981 3997 3758
2981 4003 3758
3997 2981 3758
3997 5019 3758
4003 2981 3758
4003 5019 3758
5019 3997 3758
5019 4003 3758
2983 3005 2
2983 4995 2
3005 2983 2
3005 5017 2
4995 2983 2
4995 5017 2
5017 3005 2
5017 4995 2
2983 3961 37905
2983 4039 37905
3961 2983 37905
3961 5017 37905
4039 2983 37905
4039 5017 37905
5017 3961 37905
5017 4039 37905
2983 3995 52095
2983 4005 52095
3995 2983 52095
3995 5017 52095
4005 2983 52095
4005 5017 52095
5017 3995 52095
5017 4005 52095
2986 3207 114475
2986 4793 114475
3207 2986 114475
3207 5014 114475
4793 2986 114475
4793 5014 114475
5014 3207 114475
5014 4793 114475
2988 3079 38291
2988 4921 38291
3079 2988 38291
3079 5012 38291
4921 2988 38291
4921 5012 38291
5012 3079 38291
5012 4921 38291
2988 3974 19383
2988 4026 19383
3974 2988 19383
3974 5012 19383
4026 2988 19383
4026 5012 19383
5012 3974 19383
5012 4026 19383
2990 3068 24992
2990 4932 24992
3068 2990 24992
3068 5010 24992
4932 2990 24992
4932 5010 24992
5010 3068 24992
5010 4932 24992
2990 3179 40629
2990 4821 40629
3179 2990 40629
3179 5010 40629
4821 2990 40629
4821 5010 40629
5010 3179 40629
5010 4821 40629
2990 3821 53917
2990 4179 53917
3821 2990 53917
3821 5010 53917
4179 2990 53917
4179 5010 53917
5010 3821 53917
5010 4179 53917
2990 3932 94118
2990 4068 94118
3932 2990 94118
3932 5010 94118
4068 2990 94118
4068 5010 94118
5010 3932 94118
5010 4068 94118
2991 3962 38104
2991 4038 38104
3962 2991 38104
3962 5009 38104
4038 2991 38104
4038 5009 38104
5009 3962 38104
5009 4038 38104
2992 3050 27738
2992 4950 27738
3050 2992 27738
3050 5008 27738
4950 2992 27738
4950 5008 27738
5008 3050 27738
5008 4950 27738
2992 3950 212
2992 4050 212
3950 2992 212
3950 5008 212
4050 2992 212
4050 5008 212
5008 3950 212
5008 4050 212
2993 3973 58000
2993 4027 58000
3973 2993 58000
3973 5007 58000
4027 2993 58000
4027 5007 58000
5007 3973 58000
5007 4027 58000
2995 3965 20676
2995 4035 20676
3965 2995 20676
3965 5005 20676
4035 2995 20676
4035 5005 20676
5005 3965 20676
5005 4035 20676
2997 3969 2197
2997 4031 2197
3969 2997 2197
3969 5003 2197
4031 2997 2197
4031 5003 2197
5003 3969 2197
5003 4031 2197
2998 3064 2
2998 4936 2
3064 2998 2
3064 5002 2
4936 2998 2
4936 5002 2
5002 3064 2
5002 4936 2
2998 3936 1852
2998 4064 1852
3936 2998 1852
3936 5002 1852
4064 2998 1852
4064 5002 1852
5002 3936 1852
5002 4064 1852
2999 3122 14841
2999 4878 14841
3122 2999 14841
3122 5001 14841
4878 2999 14841
4878 5001 14841
5001 3122 14841
5001 4878 14841
3003 3981 32769
3003 4019 32769
3981 3003 32769
3981 4997 32769
4019 3003 32769
4019 4997 32769
4997 3981 32769
4997 4019 32769
3004 3974 23441
3004 4026 23441
3974 3004 23441
3974 4996 23441
4026 3004 23441
4026 4996 23441
4996 3974 23441
4996 4026 23441
3005 3961 24126
3005 4039 24126
3961 3005 24126
3961 4995 24126
4039 3005 24126
4039 4995 24126
4995 3961 24126
4995 4039 24126
3009 3189 2638
3009 4811 2638
3189 3009 2638
3189 4991 2638
4811 3009 2638
4811 4991 2638
4991 3189 2638
4991 4811 2638
3010 3964 59856
3010 4036 59856
3964 3010 59856
3964 4990 59856
4036 3010 59856
4036 4990 59856
4990 3964 59856
4990 4036 59856
3011 3195 114318
3011 4805 114318
3195 3011 114318
3195 4989 114318
4805 3011 114318
4805 4989 114318
4989 3195 114318
4989 4805 114318
3011 3999 9487
3011 4001 9487
3999 3011 9487
3999 4989 9487
4001 3011 9487
4001 4989 9487
4989 3999 9487
4989 4001 9487
3019 3997 3166
3019 4003 3166
3997 3019 3166
3997 4981 3166
4003 3019 3166
4003 4981 3166
4981 3997 3166
4981 4003 3166
3020 3796 21570
3020 4204 21570
3796 3020 21570
3796 4980 21570
4204 3020 21570
4204 4980 21570
4980 3796 21570
4980 4204 21570
3031 3295 2
3031 4705 2
3295 3031 2
3295 4969 2
4705 3031 2
4705 4969 2
4969 3295 2
4969 4705 2
3031 3699 59317
3031 4301 59317
3699 3031 59317
3699 4969 59317
4301 3031 59317
4301 4969 59317
4969 3699 59317
4969 4301 59317
3031 3705 15692
3031 4295 15692
3705 3031 15692
3705 4969 15692
4295 3031 15692
4295 4969 15692
4969 3705 15692
4969 4295 15692
3033 3693 2
3033 4307 2
3693 3033 2
3693 4967 2
4307 3033 2
4307 4967 2
4967 3693 2
4967 4307 2
3036 3990 10598
3036 4010 10598
3990 3036 10598
3990 4964 10598
4010 3036 10598
4010 4964 10598
4964 3990 10598
4964 4010 10598
3039 3995 3256
3039 4005 3256
3995 3039 3256
3995 4961 3256
4005 3039 3256
4005 4961 3256
4961 3995 3256
4961 4005 3256
3040 3629 2
3040 4371 2
3629 3040 2
3629 4960 2
4371 3040 2
4371 4960 2
4960 3629 2
4960 4371 2
3040 3640 55960
3040 4360 55960
3640 3040 55960
3640 4960 55960
4360 3040 55960
4360 4960 55960
4960 3640 55960
4960 4360 55960
3041 3301 7563
3041 4699 7563
3301 3041 7563
3301 4959 7563
4699 3041 7563
4699 4959 7563
4959 3301 7563
4959 4699 7563
3041 3699 6227
3041 4301 6227
3699 3041 6227
3699 4959 6227
4301 3041 6227
4301 4959 6227
4959 3699 6227
4959 4301 6227
3051 3993 85
3051 4007 85
3993 3051 85
3993 4949 85
4007 3051 85
4007 4949 85
4949 3993 85
4949 4007 85
3060 3994 826
3060 4006 826
3994 3060 826
3994 4940 826
4006 3060 826
4006 4940 826
4940 3994 826
4940 4006 826
3062 3994 63144
3062 4006 63144
3994 3062 63144
3994 4938 63144
4006 3062 63144
4006 4938 63144
4938 3994 63144
4938 4006 63144
3070 3499 53585
3070 4501 53585
3499 3070 53585
3499 4930 53585
4501 3070 53585
4501 4930 53585
4930 3499 53585
4930 4501 53585
3070 3501 2
3070 4499 2
3501 3070 2
3501 4930 2
4499 3070 2
4499 4930 2
4930 3501 2
4930 4499 2
3077 3282 8418
3077 4718 8418
3282 3077 8418
3282 4923 8418
4718 3077 8418
4718 4923 8418
4923 3282 8418
4923 4718 8418
3077 3500 200764
3077 4500 200764
3500 3077 200764
3500 4923 200764
4500 3077 200764
4500 4923 200764
4923 3500 200764
4923 4500 200764
3081 3294 3934
3081 4706 3934
3294 3081 3934
3294 4919 3934
4706 3081 3934
4706 4919 3934
4919 3294 3934
4919 4706 3934
3081 3705 10241
3081 4295 10241
3705 3081 10241
3705 4919 10241
4295 3081 10241
4295 4919 10241
4919 3705 10241
4919 4295 10241
3081 3706 14652
3081 4294 14652
3706 3081 14652
3706 4919 14652
4294 3081 14652
4294 4919 14652
4919 3706 14652
4919 4294 14652
3084 3500 2
3084 4500 2
3500 3084 2
3500 4916 2
4500 3084 2
4500 4916 2
4916 3500 2
4916 4500 2
3086 3491 2
3086 4509 2
3491 3086 2
3491 4914 2
4509 3086 2
4509 4914 2
4914 3491 2
4914 4509 2
3086 3509 95813
3086 4491 95813
3509 3086 95813
3509 4914 95813
4491 3086 95813
4491 4914 95813
4914 3509 95813
4914 4491 95813
3090 3291 2
3090 4709 2
3291 3090 2
3291 4910 2
4709 3090 2
4709 4910 2
4910 3291 2
4910 4709 2
3090 3709 16827
3090 4291 16827
3709 3090 16827
3709 4910 16827
4291 3090 16827
4291 4910 16827
4910 3709 16827
4910 4291 16827
3102 3572 84632
3102 4428 84632
3572 3102 84632
3572 4898 84632
4428 3102 84632
4428 4898 84632
4898 3572 84632
4898 4428 84632
3103 3328 10966
3103 4672 10966
3328 3103 10966
3328 4897 10966
4672 3103 10966
4672 4897 10966
4897 3328 10966
4897 4672 10966
3104 3603 10988
3104 4397 10988
3603 3104 10988
3603 4896 10988
4397 3104 10988
4397 4896 10988
4896 3603 10988
4896 4397 10988
3105 3588 2
3105 4412 2
3588 3105 2
3588 4895 2
4412 3105 2
4412 4895 2
4895 3588 2
4895 4412 2
3110 3580 27157
3110 4420 27157
3580 3110 27157
3580 4890 27157
4420 3110 27157
4420 4890 27157
4890 3580 27157
4890 4420 27157
3110 3581 8001
3110 4419 8001
3581 3110 8001
3581 4890 8001
4419 3110 8001
4419 4890 8001
4890 3581 8001
4890 4419 8001
3116 3580 2
3116 4420 2
3580 3116 2
3580 4884 2
4420 3116 2
4420 4884 2
4884 3580 2
4884 4420 2
3122 3469 79786
3122 4531 79786
3469 3122 79786
3469 4878 79786
4531 3122 79786
4531 4878 79786
4878 3469 79786
4878 4531 79786
3134 3335 141064
3134 4665 141064
3335 3134 141064
3335 4866 141064
4665 3134 141064
4665 4866 141064
4866 3335 141064
4866 4665 141064
3134 3665 31746
3134 4335 31746
3665 3134 31746
3665 4866 31746
4335 3134 31746
4335 4866 31746
4866 3665 31746
4866 4335 31746
3139 3348 19319
3139 4652 19319
3348 3139 19319
3348 4861 19319
4652 3139 19319
4652 4861 19319
4861 3348 19319
4861 4652 19319
3139 3652 2
3139 4348 2
3652 3139 2
3652 4861 2
4348 3139 2
4348 4861 2
4861 3652 2
4861 4348 2
3143 3685 17511
3143 4315 17511
3685 3143 17511
3685 4857 17511
4315 3143 17511
4315 4857 17511
4857 3685 17511
4857 4315 17511
3149 3631 38817
3149 4369 38817
3631 3149 38817
3631 4851 38817
4369 3149 38817
4369 4851 38817
4851 3631 38817
4851 4369 38817
3149 3760 129210
3149 4240 129210
3760 3149 129210
3760 4851 129210
4240 3149 129210
4240 4851 129210
4851 3760 129210
4851 4240 129210
3163 3347 66039
3163 4653 66039
3347 3163 66039
3347 4837 66039
4653 3163 66039
4653 4837 66039
4837 3347 66039
4837 4653 66039
3163 3653 37608
3163 4347 37608
3653 3163 37608
3653 4837 37608
4347 3163 37608
4347 4837 37608
4837 3653 37608
4837 4347 37608
3166 3333 7793
3166 4667 7793
3333 3166 7793
3333 4834 7793
4667 3166 7793
4667 4834 7793
4834 3333 7793
4834 4667 7793
3166 3667 3298
3166 4333 3298
3667 3166 3298
3667 4834 3298
4333 3166 3298
4333 4834 3298
4834 3667 3298
4834 4333 3298
3168 3710 2
3168 4290 2
3710 3168 2
3710 4832 2
4290 3168 2
4290 4832 2
4832 3710 2
4832 4290 2
3168 3753 237786
3168 4247 237786
3753 3168 237786
3753 4832 237786
4247 3168 237786
4247 4832 237786
4832 3753 237786
4832 4247 237786
3190 3330 45638
3190 4670 45638
3330 3190 45638
3330 4810 45638
4670 3190 45638
4670 4810 45638
4810 3330 45638
4810 4670 45638
3195 3989 2
3195 4011 2
3989 3195 2
3989 4805 2
4011 3195 2
4011 4805 2
4805 3989 2
4805 4011 2
3221 3419 48942
3221 4581 48942
3419 3221 48942
3419 4779 48942
4581 3221 48942
4581 4779 48942
4779 3419 48942
4779 4581 48942
3223 3389 82480
3223 4611 82480
3389 3223 82480
3389 4777 82480
4611 3223 82480
4611 4777 82480
4777 3389 82480
4777 4611 82480
3239 3499 10860
3239 4501 10860
3499 3239 10860
3499 4761 10860
4501 3239 10860
4501 4761 10860
4761 3499 10860
4761 4501 10860
3239 3501 16634
3239 4499 16634
3501 3239 16634
3501 4761 16634
4499 3239 16634
4499 4761 16634
4761 3501 16634
4761 4499 16634
3249 3481 75375
3249 4519 75375
3481 3249 75375
3481 4751 75375
4519 3249 75375
4519 4751 75375
4751 3481 75375
4751 4519 75375
3251 3493 12088
3251 4507 12088
3493 3251 12088
3493 4749 12088
4507 3251 12088
4507 4749 12088
4749 3493 12088
4749 4507 12088
3251 3507 34291
3251 4493 34291
3507 3251 34291
3507 4749 34291
4493 3251 34291
4493 4749 34291
4749 3507 34291
4749 4493 34291
3274 3451 76191
3274 4549 76191
3451 3274 76191
3451 4726 76191
4549 3274 76191
4549 4726 76191
4726 3451 76191
4726 4549 76191
3275 3438 59752
3275 4562 59752
3438 3275 59752
3438 4725 59752
4562 3275 59752
4562 4725 59752
4725 3438 59752
4725 4562 59752
3283 3459 53487
3283 4541 53487
3459 3283 53487
3459 4717 53487
4541 3283 53487
4541 4717 53487
4717 3459 53487
4717 4541 53487
3283 3481 74793
3283 4519 74793
3481 3283 74793
3481 4717 74793
4519 3283 74793
4519 4717 74793
4717 3481 74793
4717 4519 74793
3285 3432 175994
3285 4568 175994
3432 3285 175994
3432 4715 175994
4568 3285 175994
4568 4715 175994
4715 3432 175994
4715 4568 175994
3285 3568 50547
3285 4432 50547
3568 3285 50547
3568 4715 50547
4432 3285 50547
4432 4715 50547
4715 3568 50547
4715 4432 50547
3288 3473 64888
3288 4527 64888
3473 3288 64888
3473 4712 64888
4527 3288 64888
4527 4712 64888
4712 3473 64888
4712 4527 64888
3288 3527 88454
3288 4473 88454
3527 3288 88454
3527 4712 88454
4473 3288 88454
4473 4712 88454
4712 3527 88454
4712 4473 88454
3295 3969 18594
3295 4031 18594
3969 3295 18594
3969 4705 18594
4031 3295 18594
4031 4705 18594
4705 3969 18594
4705 4031 18594
3296 3463 13413
3296 4537 13413
3463 3296 13413
3463 4704 13413
4537 3296 13413
4537 4704 13413
4704 3463 13413
4704 4537 13413
3299 3479 208221
3299 4521 208221
3479 3299 208221
3479 4701 208221
4521 3299 208221
4521 4701 208221
4701 3479 208221
4701 4521 208221
3299 3521 2
3299 4479 2
3521 3299 2
3521 4701 2
4479 3299 2
4479 4701 2
4701 3521 2
4701 4479 2
3300 3474 2
3300 4526 2
3474 3300 2
3474 4700 2
4526 3300 2
4526 4700 2
4700 3474 2
4700 4526 2
3300 3526 50735
3300 4474 50735
3526 3300 50735
3526 4700 50735
4474 3300 50735
4474 4700 50735
4700 3526 50735
4700 4474 50735
3305 3453 49157
3305 4547 49157
3453 3305 49157
3453 4695 49157
4547 3305 49157
4547 4695 49157
4695 3453 49157
4695 4547 49157
3305 3547 2
3305 4453 2
3547 3305 2
3547 4695 2
4453 3305 2
4453 4695 2
4695 3547 2
4695 4453 2
3307 3967 14580
3307 4033 14580
3967 3307 14580
3967 4693 14580
4033 3307 14580
4033 4693 14580
4693 3967 14580
4693 4033 14580
3309 3514 180443
3309 4486 180443
3514 3309 180443
3514 4691 180443
4486 3309 180443
4486 4691 180443
4691 3514 180443
4691 4486 180443
3310 3483 2
3310 4517 2
3483 3310 2
3483 4690 2
4517 3310 2
4517 4690 2
4690 3483 2
4690 4517 2
3310 3517 10678
3310 4483 10678
3517 3310 10678
3517 4690 10678
4483 3310 10678
4483 4690 10678
4690 3517 10678
4690 4483 10678
3310 3895 2
3310 4105 2
3895 3310 2
3895 4690 2
4105 3310 2
4105 4690 2
4690 3895 2
4690 4105 2
3314 3500 65766
3314 4500 65766
3500 3314 65766
3500 4686 65766
4500 3314 65766
4500 4686 65766
4686 3500 65766
4686 4500 65766
3315 3857 21412
3315 4143 21412
3857 3315 21412
3857 4685 21412
4143 3315 21412
4143 4685 21412
4685 3857 21412
4685 4143 21412
3319 3842 123483
3319 4158 123483
3842 3319 123483
3842 4681 123483
4158 3319 123483
4158 4681 123483
4681 3842 123483
4681 4158 123483
3320 3498 130500
3320 4502 130500
3498 3320 130500
3498 4680 130500
4502 3320 130500
4502 4680 130500
4680 3498 130500
4680 4502 130500
3320 3502 2
3320 4498 2
3502 3320 2
3502 4680 2
4498 3320 2
4498 4680 2
4680 3502 2
4680 4498 2
3330 3810 89860
3330 4190 89860
3810 3330 89860
3810 4670 89860
4190 3330 89860
4190 4670 89860
4670 3810 89860
4670 4190 89860
3332 3499 2
3332 4501 2
3499 3332 2
3499 4668 2
4501 3332 2
4501 4668 2
4668 3499 2
4668 4501 2
3332 3501 2
3332 4499 2
3501 3332 2
3501 4668 2
4499 3332 2
4499 4668 2
4668 3501 2
4668 4499 2
3332 3536 102181
3332 4464 102181
3536 3332 102181
3536 4668 102181
4464 3332 102181
4464 4668 102181
4668 3536 102181
4668 4464 102181
3333 3834 69798
3333 4166 69798
3834 3333 69798
3834 4667 69798
4166 3333 69798
4166 4667 69798
4667 3834 69798
4667 4166 69798
3335 3866 34538
3335 4134 34538
3866 3335 34538
3866 4665 34538
4134 3335 34538
4134 4665 34538
4665 3866 34538
4665 4134 34538
3342 3367 2
3342 4633 2
3367 3342 2
3367 4658 2
4633 3342 2
4633 4658 2
4658 3367 2
4658 4633 2
3343 3366 2
3343 4634 2
3366 3343 2
3366 4657 2
4634 3343 2
4634 4657 2
4657 3366 2
4657 4634 2
3347 3362 2434
3347 4638 2434
3362 3347 2434
3362 4653 2434
4638 3347 2434
4638 4653 2434
4653 3362 2434
4653 4638 2434
3347 3389 2
3347 4611 2
3389 3347 2
3389 4653 2
4611 3347 2
4611 4653 2
4653 3389 2
4653 4611 2
3347 3638 2
3347 4362 2
3638 3347 2
3638 4653 2
4362 3347 2
4362 4653 2
4653 3638 2
4653 4362 2
3348 3861 68134
3348 4139 68134
3861 3348 68134
3861 4652 68134
4139 3348 68134
4139 4652 68134
4652 3861 68134
4652 4139 68134
3349 3669 2
3349 4331 2
3669 3349 2
3669 4651 2
4331 3349 2
4331 4651 2
4651 3669 2
4651 4331 2
3350 3515 154625
3350 4485 154625
3515 3350 154625
3515 4650 154625
4485 3350 154625
4485 4650 154625
4650 3515 154625
4650 4485 154625
3352 3360 20763
3352 4640 20763
3360 3352 20763
3360 4648 20763
4640 3352 20763
4640 4648 20763
4648 3360 20763
4648 4640 20763
3352 3640 18311
3352 4360 18311
3640 3352 18311
3640 4648 18311
4360 3352 18311
4360 4648 18311
4648 3640 18311
4648 4360 18311
3358 3415 27859
3358 4585 27859
3415 3358 27859
3415 4642 27859
4585 3358 27859
4585 4642 27859
4642 3415 27859
4642 4585 27859
3358 3585 2
3358 4415 2
3585 3358 2
3585 4642 2
4415 3358 2
4415 4642 2
4642 3585 2
4642 4415 2
3360 3648 77050
3360 4352 77050
3648 3360 77050
3648 4640 77050
4352 3360 77050
4352 4640 77050
4640 3648 77050
4640 4352 77050
3362 3653 2
3362 4347 2
3653 3362 2
3653 4638 2
4347 3362 2
4347 4638 2
4638 3653 2
4638 4347 2
3366 3657 79065
3366 4343 79065
3657 3366 79065
3657 4634 79065
4343 3366 79065
4343 4634 79065
4634 3657 79065
4634 4343 79065
3367 3382 109912
3367 4618 109912
3382 3367 109912
3382 4633 109912
4618 3367 109912
4618 4633 109912
4633 3382 109912
4633 4618 109912
3367 3618 2
3367 4382 2
3618 3367 2
3618 4633 2
4382 3367 2
4382 4633 2
4633 3618 2
4633 4382 2
3367 3658 2
3367 4342 2
3658 3367 2
3658 4633 2
4342 3367 2
4342 4633 2
4633 3658 2
4633 4342 2
3369 3435 53664
3369 4565 53664
3435 3369 53664
3435 4631 53664
4565 3369 53664
4565 4631 53664
4631 3435 53664
4631 4565 53664
3370 3400 111666
3370 4600 111666
3400 3370 111666
3400 4630 111666
4600 3370 111666
4600 4630 111666
4630 3400 111666
4630 4600 111666
3370 3495 148837
3370 4505 148837
3495 3370 148837
3495 4630 148837
4505 3370 148837
4505 4630 148837
4630 3495 148837
4630 4505 148837
3370 3505 36218
3370 4495 36218
3505 3370 36218
3505 4630 36218
4495 3370 36218
4495 4630 36218
4630 3505 36218
4630 4495 36218
3370 3510 2
3370 4490 2
3510 3370 2
3510 4630 2
4490 3370 2
4490 4630 2
4630 3510 2
4630 4490 2
3370 3600 185686
3370 4400 185686
3600 3370 185686
3600 4630 185686
4400 3370 185686
4400 4630 185686
4630 3600 185686
4630 4400 185686
3371 3960 2359
3371 4040 2359
3960 3371 2359
3960 4629 2359
4040 3371 2359
4040 4629 2359
4629 3960 2359
4629 4040 2359
3372 3372 198206
3372 4628 198206
4628 3372 198206
4628 4628 198206
3372 3419 71086
3372 4581 71086
3419 3372 71086
3419 4628 71086
4581 3372 71086
4581 4628 71086
4628 3419 71086
4628 4581 71086
3372 3581 229820
3372 4419 229820
3581 3372 229820
3581 4628 229820
4419 3372 229820
4419 4628 229820
4628 3581 229820
4628 4419 229820
3372 3628 27019
3372 4372 27019
3628 3372 27019
3628 4628 27019
4372 3372 27019
4372 4628 27019
4628 3628 27019
4628 4372 27019
3379 3510 20031
3379 4490 20031
3510 3379 20031
3510 4621 20031
4490 3379 20031
4490 4621 20031
4621 3510 20031
4621 4490 20031
3380 3429 135818
3380 4571 135818
3429 3380 135818
3429 4620 135818
4571 3380 135818
4571 4620 135818
4620 3429 135818
4620 4571 135818
3380 3571 2
3380 4429 2
3571 3380 2
3571 4620 2
4429 3380 2
4429 4620 2
4620 3571 2
4620 4429 2
3381 3500 2
3381 4500 2
3500 3381 2
3500 4619 2
4500 3381 2
4500 4619 2
4619 3500 2
4619 4500 2
3381 3612 2
3381 4388 2
3612 3381 2
3612 4619 2
4388 3381 2
4388 4619 2
4619 3612 2
4619 4388 2
3382 3440 2
3382 4560 2
3440 3382 2
3440 4618 2
4560 3382 2
4560 4618 2
4618 3440 2
4618 4560 2
3382 3560 2
3382 4440 2
3560 3382 2
3560 4618 2
4440 3382 2
4440 4618 2
4618 3560 2
4618 4440 2
3382 3633 2
3382 4367 2
3633 3382 2
3633 4618 2
4367 3382 2
4367 4618 2
4618 3633 2
4618 4367 2
3385 3410 61299
3385 4590 61299
3410 3385 61299
3410 4615 61299
4590 3385 61299
4590 4615 61299
4615 3410 61299
4615 4590 61299
3387 3439 2
3387 4561 2
3439 3387 2
3439 4613 2
4561 3387 2
4561 4613 2
4613 3439 2
4613 4561 2
3388 3619 168394
3388 4381 168394
3619 3388 168394
3619 4612 168394
4381 3388 168394
4381 4612 168394
4612 3619 168394
4612 4381 168394
3389 3411 188474
3389 4589 188474
3411 3389 188474
3411 4611 188474
4589 3389 188474
4589 4611 188474
4611 3411 188474
4611 4589 188474
3389 3540 2
3389 4460 2
3540 3389 2
3540 4611 2
4460 3389 2
4460 4611 2
4611 3540 2
4611 4460 2
3389 3589 2
3389 4411 2
3589 3389 2
3589 4611 2
4411 3389 2
4411 4611 2
4611 3589 2
4611 4411 2
3389 3653 258192
3389 4347 258192
3653 3389 258192
3653 4611 258192
4347 3389 258192
4347 4611 258192
4611 3653 258192
4611 4347 258192
3389 3777 64705
3389 4223 64705
3777 3389 64705
3777 4611 64705
4223 3389 64705
4223 4611 64705
4611 3777 64705
4611 4223 64705
3390 3414 24591
3390 4586 24591
3414 3390 24591
3414 4610 24591
4586 3390 24591
4586 4610 24591
4610 3414 24591
4610 4586 24591
3396 3428 2
3396 4572 2
3428 3396 2
3428 4604 2
4572 3396 2
4572 4604 2
4604 3428 2
4604 4572 2
3398 3540 55576
3398 4460 55576
3540 3398 55576
3540 4602 55576
4460 3398 55576
4460 4602 55576
4602 3540 55576
4602 4460 55576
3400 3497 120037
3400 4503 120037
3497 3400 120037
3497 4600 120037
4503 3400 120037
4503 4600 120037
4600 3497 120037
4600 4503 120037
3400 3503 116880
3400 4497 116880
3503 3400 116880
3503 4600 116880
4497 3400 116880
4497 4600 116880
4600 3503 116880
4600 4497 116880
3400 3630 49551
3400 4370 49551
3630 3400 49551
3630 4600 49551
4370 3400 49551
4370 4600 49551
4600 3630 49551
4600 4370 49551
3406 3418 143818
3406 4582 143818
3418 3406 143818
3418 4594 143818
4582 3406 143818
4582 4594 143818
4594 3418 143818
4594 4582 143818
3406 3582 112803
3406 4418 112803
3582 3406 112803
3582 4594 112803
4418 3406 112803
4418 4594 112803
4594 3582 112803
4594 4418 112803
3408 3512 2
3408 4488 2
3512 3408 2
3512 4592 2
4488 3408 2
4488 4592 2
4592 3512 2
4592 4488 2
3410 3615 14619
3410 4385 14619
3615 3410 14619
3615 4590 14619
4385 3410 14619
4385 4590 14619
4590 3615 14619
4590 4385 14619
3411 3611 2
3411 4389 2
3611 3411 2
3611 4589 2
4389 3411 2
4389 4589 2
4589 3611 2
4589 4389 2
3413 3490 2
3413 4510 2
3490 3413 2
3490 4587 2
4510 3413 2
4510 4587 2
4587 3490 2
4587 4510 2
3413 3510 2
3413 4490 2
3510 3413 2
3510 4587 2
4490 3413 2
4490 4587 2
4587 3510 2
4587 4490 2
3414 3610 181035
3414 4390 181035
3610 3414 181035
3610 4586 181035
4390 3414 181035
4390 4586 181035
4586 3610 181035
4586 4390 181035
3415 3642 150827
3415 4358 150827
3642 3415 150827
3642 4585 150827
4358 3415 150827
4358 4585 150827
4585 3642 150827
4585 4358 150827
3416 3470 2
3416 4530 2
3470 3416 2
3470 4584 2
4530 3416 2
4530 4584 2
4584 3470 2
4584 4530 2
3416 3530 124626
3416 4470 124626
3530 3416 124626
3530 4584 124626
4470 3416 124626
4470 4584 124626
4584 3530 124626
4584 4470 124626
3418 3594 13815
3418 4406 13815
3594 3418 13815
3594 4582 13815
4406 3418 13815
4406 4582 13815
4582 3594 13815
4582 4406 13815
3419 3628 2
3419 4372 2
3628 3419 2
3628 4581 2
4372 3419 2
4372 4581 2
4581 3628 2
4581 4372 2
3419 3779 67679
3419 4221 67679
3779 3419 67679
3779 4581 67679
4221 3419 67679
4221 4581 67679
4581 3779 67679
4581 4221 67679
3419 3890 2
3419 4110 2
3890 3419 2
3890 4581 2
4110 3419 2
4110 4581 2
4581 3890 2
4581 4110 2
3420 3890 27410
3420 4110 27410
3890 3420 27410
3890 4580 27410
4110 3420 27410
4110 4580 27410
4580 3890 27410
4580 4110 27410
3423 3535 26126
3423 4465 26126
3535 3423 26126
3535 4577 26126
4465 3423 26126
4465 4577 26126
4577 3535 26126
4577 4465 26126
3429 3620 2
3429 4380 2
3620 3429 2
3620 4571 2
4380 3429 2
4380 4571 2
4571 3620 2
4571 4380 2
3432 3715 2349
3432 4285 2349
3715 3432 2349
3715 4568 2349
4285 3432 2349
4285 4568 2349
4568 3715 2349
4568 4285 2349
3438 3725 42183
3438 4275 42183
3725 3438 42183
3725 4562 42183
4275 3438 42183
4275 4562 42183
4562 3725 42183
4562 4275 42183
3442 3500 2
3442 4500 2
3500 3442 2
3500 4558 2
4500 3442 2
4500 4558 2
4558 3500 2
4558 4500 2
3451 3726 243621
3451 4274 243621
3726 3451 243621
3726 4549 243621
4274 3451 243621
4274 4549 243621
4549 3726 243621
4549 4274 243621
3453 3695 2
3453 4305 2
3695 3453 2
3695 4547 2
4305 3453 2
4305 4547 2
4547 3695 2
4547 4305 2
3459 3717 22576
3459 4283 22576
3717 3459 22576
3717 4541 22576
4283 3459 22576
4283 4541 22576
4541 3717 22576
4541 4283 22576
3460 3713 2
3460 4287 2
3713 3460 2
3713 4540 2
4287 3460 2
4287 4540 2
4540 3713 2
4540 4287 2
3463 3704 2
3463 4296 2
3704 3463 2
3704 4537 2
4296 3463 2
4296 4537 2
4537 3704 2
4537 4296 2
3464 3668 45476
3464 4332 45476
3668 3464 45476
3668 4536 45476
4332 3464 45476
4332 4536 45476
4536 3668 45476
4536 4332 45476
3465 3577 202822
3465 4423 202822
3577 3465 202822
3577 4535 202822
4423 3465 202822
4423 4535 202822
4535 3577 202822
4535 4423 202822
3469 3878 65475
3469 4122 65475
3878 3469 65475
3878 4531 65475
4122 3469 65475
4122 4531 65475
4531 3878 65475
4531 4122 65475
3470 3584 2
3470 4416 2
3584 3470 2
3584 4530 2
4416 3470 2
4416 4530 2
4530 3584 2
4530 4416 2
3474 3700 2
3474 4300 2
3700 3474 2
3700 4526 2
4300 3474 2
4300 4526 2
4526 3700 2
4526 4300 2
3479 3701 44294
3479 4299 44294
3701 3479 44294
3701 4521 44294
4299 3479 44294
4299 4521 44294
4521 3701 44294
4521 4299 44294
3480 3500 98216
3480 4500 98216
3500 3480 98216
3500 4520 98216
4500 3480 98216
4500 4520 98216
4520 3500 98216
4520 4500 98216
3483 3690 2
3483 4310 2
3690 3483 2
3690 4517 2
4310 3483 2
4310 4517 2
4517 3690 2
4517 4310 2
3486 3691 2
3486 4309 2
3691 3486 2
3691 4514 2
4309 3486 2
4309 4514 2
4514 3691 2
4514 4309 2
3488 3592 2
3488 4408 2
3592 3488 2
3592 4512 2
4408 3488 2
4408 4512 2
4512 3592 2
4512 4408 2
3490 3490 243038
3490 4510 243038
4510 3490 243038
4510 4510 243038
3490 3510 181729
3490 4490 181729
3510 3490 181729
3510 4510 181729
4490 3490 181729
4490 4510 181729
4510 3510 181729
4510 4490 181729
3490 3587 259129
3490 4413 259129
3587 3490 259129
3587 4510 259129
4413 3490 259129
4413 4510 259129
4510 3587 259129
4510 4413 259129
3491 3914 24325
3491 4086 24325
3914 3491 24325
3914 4509 24325
4086 3491 24325
4086 4509 24325
4509 3914 24325
4509 4086 24325
3497 3600 13848
3497 4400 13848
3600 3497 13848
3600 4503 13848
4400 3497 13848
4400 4503 13848
4503 3600 13848
4503 4400 13848
3498 3680 2
3498 4320 2
3680 3498 2
3680 4502 2
4320 3498 2
4320 4502 2
4502 3680 2
4502 4320 2
3500 3520 282682
3500 4480 282682
3520 3500 282682
3520 4500 282682
4480 3500 282682
4480 4500 282682
4500 3520 282682
4500 4480 282682
3500 3558 47972
3500 4442 47972
3558 3500 47972
3558 4500 47972
4442 3500 47972
4442 4500 47972
4500 3558 47972
4500 4442 47972
3500 3686 70259
3500 4314 70259
3686 3500 70259
3686 4500 70259
4314 3500 70259
4314 4500 70259
4500 3686 70259
4500 4314 70259
3500 3923 154717
3500 4077 154717
3923 3500 154717
3923 4500 154717
4077 3500 154717
4077 4500 154717
4500 3923 154717
4500 4077 154717
3501 3930 109961
3501 4070 109961
3930 3501 109961
3930 4499 109961
4070 3501 109961
4070 4499 109961
4499 3930 109961
4499 4070 109961
3503 3600 10388
3503 4400 10388
3600 3503 10388
3600 4497 10388
4400 3503 10388
4400 4497 10388
4497 3600 10388
4497 4400 10388
3509 3914 45569
3509 4086 45569
3914 3509 45569
3914 4491 45569
4086 3509 45569
4086 4491 45569
4491 3914 45569
4491 4086 45569
3510 3510 3
3510 4490 3
4490 3510 3
4490 4490 3
3510 3587 225067
3510 4413 225067
3587 3510 225067
3587 4490 225067
4413 3510 225067
4413 4490 225067
4490 3587 225067
4490 4413 225067
3510 3621 2
3510 4379 2
3621 3510 2
3621 4490 2
4379 3510 2
4379 4490 2
4490 3621 2
4490 4379 2
3512 3592 2
3512 4408 2
3592 3512 2
3592 4488 2
4408 3512 2
4408 4488 2
4488 3592 2
4488 4408 2
3521 3701 36909
3521 4299 36909
3701 3521 36909
3701 4479 36909
4299 3521 36909
4299 4479 36909
4479 3701 36909
4479 4299 36909
3527 3712 2
3527 4288 2
3712 3527 2
3712 4473 2
4288 3527 2
4288 4473 2
4473 3712 2
4473 4288 2
3530 3584 619771
3530 4416 619771
3584 3530 619771
3584 4470 619771
4416 3530 619771
4416 4470 619771
4470 3584 619771
4470 4416 619771
3531 3878 53828
3531 4122 53828
3878 3531 53828
3878 4469 53828
4122 3531 53828
4122 4469 53828
4469 3878 53828
4469 4122 53828
3535 3577 36911
3535 4423 36911
3577 3535 36911
3577 4465 36911
4423 3535 36911
4423 4465 36911
4465 3577 36911
4465 4423 36911
3535 3621 139304
3535 4379 139304
3621 3535 139304
3621 4465 139304
4379 3535 139304
4379 4465 139304
4465 3621 139304
4465 4379 139304
3540 3602 2
3540 4398 2
3602 3540 2
3602 4460 2
4398 3540 2
4398 4460 2
4460 3602 2
4460 4398 2
3540 3611 50013
3540 4389 50013
3611 3540 50013
3611 4460 50013
4389 3540 50013
4389 4460 50013
4460 3611 50013
4460 4389 50013
3540 3713 2
3540 4287 2
3713 3540 2
3713 4460 2
4287 3540 2
4287 4460 2
4460 3713 2
4460 4287 2
3541 3717 52789
3541 4283 52789
3717 3541 52789
3717 4459 52789
4283 3541 52789
4283 4459 52789
4459 3717 52789
4459 4283 52789
3549 3726 2
3549 4274 2
3726 3549 2
3726 4451 2
4274 3549 2
4274 4451 2
4451 3726 2
4451 4274 2
3552 3624 2
3552 4376 2
3624 3552 2
3624 4448 2
4376 3552 2
4376 4448 2
4448 3624 2
4448 4376 2
3560 3618 2
3560 4382 2
3618 3560 2
3618 4440 2
4382 3560 2
4382 4440 2
4440 3618 2
4440 4382 2
3561 3613 63014
3561 4387 63014
3613 3561 63014
3613 4439 63014
4387 3561 63014
4387 4439 63014
4439 3613 63014
4439 4387 63014
3571 3620 250659
3571 4380 250659
3620 3571 250659
3620 4429 250659
4380 3571 250659
4380 4429 250659
4429 3620 250659
4429 4380 250659
3572 3604 93280
3572 4396 93280
3604 3572 93280
3604 4428 93280
4396 3572 93280
4396 4428 93280
4428 3604 93280
4428 4396 93280
3572 3898 35791
3572 4102 35791
3898 3572 35791
3898 4428 35791
4102 3572 35791
4102 4428 35791
4428 3898 35791
4428 4102 35791
3580 3884 1938
3580 4116 1938
3884 3580 1938
3884 4420 1938
4116 3580 1938
4116 4420 1938
4420 3884 1938
4420 4116 1938
3580 3890 66128
3580 4110 66128
3890 3580 66128
3890 4420 66128
4110 3580 66128
4110 4420 66128
4420 3890 66128
4420 4110 66128
3581 3628 268235
3581 4372 268235
3628 3581 268235
3628 4419 268235
4372 3581 268235
4372 4419 268235
4419 3628 268235
4419 4372 268235
3581 3779 149659
3581 4221 149659
3779 3581 149659
3779 4419 149659
4221 3581 149659
4221 4419 149659
4419 3779 149659
4419 4221 149659
3581 3890 2
3581 4110 2
3890 3581 2
3890 4419 2
4110 3581 2
4110 4419 2
4419 3890 2
4419 4110 2
3586 3610 2
3586 4390 2
3610 3586 2
3610 4414 2
4390 3586 2
4390 4414 2
4414 3610 2
4414 4390 2
3589 3611 52789
3589 4389 52789
3611 3589 52789
3611 4411 52789
4389 3589 52789
4389 4411 52789
4411 3611 52789
4411 4389 52789
3590 3615 157403
3590 4385 157403
3615 3590 157403
3615 4410 157403
4385 3590 157403
4385 4410 157403
4410 3615 157403
4410 4385 157403
3603 3896 20151
3603 4104 20151
3896 3603 20151
3896 4397 20151
4104 3603 20151
4104 4397 20151
4397 3896 20151
4397 4104 20151
3611 3653 2
3611 4347 2
3653 3611 2
3653 4389 2
4347 3611 2
4347 4389 2
4389 3653 2
4389 4347 2
3611 3777 72470
3611 4223 72470
3777 3611 72470
3777 4389 72470
4223 3611 72470
4223 4389 72470
4389 3777 72470
4389 4223 72470
3618 3633 59992
3618 4367 59992
3633 3618 59992
3633 4382 59992
4367 3618 59992
4367 4382 59992
4382 3633 59992
4382 4367 59992
3628 3628 2
3628 4372 2
4372 3628 2
4372 4372 2
3629 3960 2
3629 4040 2
3960 3629 2
3960 4371 2
4040 3629 2
4040 4371 2
4371 3960 2
4371 4040 2
3638 3653 769
3638 4347 769
3653 3638 769
3653 4362 769
4347 3638 769
4347 4362 769
4362 3653 769
4362 4347 769
3640 3648 88096
3640 4352 88096
3648 3640 88096
3648 4360 88096
4352 3640 88096
4352 4360 88096
4360 3648 88096
4360 4352 88096
3640 3960 2
3640 4040 2
3960 3640 2
3960 4360 2
4040 3640 2
4040 4360 2
4360 3960 2
4360 4040 2
3645 3871 12938
3645 4129 12938
3871 3645 12938
3871 4355 12938
4129 3645 12938
4129 4355 12938
4355 3871 12938
4355 4129 12938
3646 3853 2
3646 4147 2
3853 3646 2
3853 4354 2
4147 3646 2
4147 4354 2
4354 3853 2
4354 4147 2
3651 3669 15075
3651 4331 15075
3669 3651 15075
3669 4349 15075
4331 3651 15075
4331 4349 15075
4349 3669 15075
4349 4331 15075
3652 3861 59472
3652 4139 59472
3861 3652 59472
3861 4348 59472
4139 3652 59472
4139 4348 59472
4348 3861 59472
4348 4139 59472
3665 3866 45156
3665 4134 45156
3866 3665 45156
3866 4335 45156
4134 3665 45156
4134 4335 45156
4335 3866 45156
4335 4134 45156
3672 3897 2
3672 4103 2
3897 3672 2
3897 4328 2
4103 3672 2
4103 4328 2
4328 3897 2
4328 4103 2
3679 3929 23328
3679 4071 23328
3929 3679 23328
3929 4321 23328
4071 3679 23328
4071 4321 23328
4321 3929 23328
4321 4071 23328
3681 3842 99078
3681 4158 99078
3842 3681 99078
3842 4319 99078
4158 3681 99078
4158 4319 99078
4319 3842 99078
4319 4158 99078
3685 3857 166848
3685 4143 166848
3857 3685 166848
3857 4315 166848
4143 3685 166848
4143 4315 166848
4315 3857 166848
4315 4143 166848
3686 3923 45088
3686 4077 45088
3923 3686 45088
3923 4314 45088
4077 3686 45088
4077 4314 45088
4314 3923 45088
4314 4077 45088
3693 3967 8436
3693 4033 8436
3967 3693 8436
3967 4307 8436
4033 3693 8436
4033 4307 8436
4307 3967 8436
4307 4033 8436
3699 3959 85539
3699 4041 85539
3959 3699 85539
3959 4301 85539
4041 3699 85539
4041 4301 85539
4301 3959 85539
4301 4041 85539
3699 3969 2
3699 4031 2
3969 3699 2
3969 4301 2
4031 3699 2
4031 4301 2
4301 3969 2
4301 4031 2
3705 3969 1326
3705 4031 1326
3969 3705 1326
3969 4295 1326
4031 3705 1326
4031 4295 1326
4295 3969 1326
4295 4031 1326
3718 3923 24166
3718 4077 24166
3923 3718 24166
3923 4282 24166
4077 3718 24166
4077 4282 24166
4282 3923 24166
4282 4077 24166
3721 3876 35992
3721 4124 35992
3876 3721 35992
3876 4279 35992
4124 3721 35992
4124 4279 35992
4279 3876 35992
4279 4124 35992
3753 3832 84662
3753 4168 84662
3832 3753 84662
3832 4247 84662
4168 3753 84662
4168 4247 84662
4247 3832 84662
4247 4168 84662
3760 3851 173152
3760 4149 173152
3851 3760 173152
3851 4240 173152
4149 3760 173152
4149 4240 173152
4240 3851 173152
4240 4149 173152
3938 3994 45951
3938 4006 45951
3994 3938 45951
3994 4062 45951
4006 3938 45951
4006 4062 45951
4062 3994 45951
4062 4006 45951
3981 3997 97881
3981 4003 97881
3997 3981 97881
3997 4019 97881
4003 3981 97881
4003 4019 97881
4019 3997 97881
4019 4003 97881
1005 2999 2
1005 5001 2
2999 1005 2
2999 6995 2
5001 1005 2
5001 6995 2
6995 2999 2
6995 5001 2
1016 2999 97938
1016 5001 97938
2999 1016 97938
2999 6984 97938
5001 1016 97938
5001 6984 97938
6984 2999 97938
6984 5001 97938
3993 3998 13590
3993 4002 13590
3998 3993 13590
3998 4007 13590
4002 3993 13590
4002 4007 13590
4007 3998 13590
4007 4002 13590
3016 3956 75332
3016 4044 75332
3956 3016 75332
3956 4984 75332
4044 3016 75332
4044 4984 75332
4984 3956 75332
4984 4044 75332
3524 3983 1552
3524 4017 1552
3983 3524 1552
3983 4476 1552
4017 3524 1552
4017 4476 1552
4476 3983 1552
4476 4017 1552
1830 2821 35215
1830 5179 35215
2821 1830 35215
2821 6170 35215
5179 1830 35215
5179 6170 35215
6170 2821 35215
6170 5179 35215
1061 3968 28461
1061 4032 28461
3968 1061 28461
3968 6939 28461
4032 1061 28461
4032 6939 28461
6939 3968 28461
6939 4032 28461
3194 3689 2
3194 4311 2
3689 3194 2
3689 4806 2
4311 3194 2
4311 4806 2
4806 3689 2
4806 4311 2
2812 3495 41722
2812 4505 41722
3495 2812 41722
3495 5188 41722
4505 2812 41722
4505 5188 41722
5188 3495 41722
5188 4505 41722
3246 3990 43738
3246 4010 43738
3990 3246 43738
3990 4754 43738
4010 3246 43738
4010 4754 43738
4754 3990 43738
4754 4010 43738
894 2542 75022
894 5458 75022
2542 894 75022
2542 7106 75022
5458 894 75022
5458 7106 75022
7106 2542 75022
7106 5458 75022
3518 3851 83016
3518 4149 83016
3851 3518 83016
3851 4482 83016
4149 3518 83016
4149 4482 83016
4482 3851 83016
4482 4149 83016
2502 3837 29232
2502 4163 29232
3837 2502 29232
3837 5498 29232
4163 2502 29232
4163 5498 29232
5498 3837 29232
5498 4163 29232
928 3628 2
928 4372 2
3628 928 2
3628 7072 2
4372 928 2
4372 7072 2
7072 3628 2
7072 4372 2
3353 3973 2
3353 4027 2
3973 3353 2
3973 4647 2
4027 3353 2
4027 4647 2
4647 3973 2
4647 4027 2
3502 3837 40976
3502 4163 40976
3837 3502 40976
3837 4498 40976
4163 3502 40976
4163 4498 40976
4498 3837 40976
4498 4163 40976
3494 3821 35749
3494 4179 35749
3821 3494 35749
3821 4506 35749
4179 3494 35749
4179 4506 35749
4506 3821 35749
4506 4179 35749
3140 3500 36908
3140 4500 36908
3500 3140 36908
3500 4860 36908
4500 3140 36908
4500 4860 36908
4860 3500 36908
4860 4500 36908
987 3406 294321
987 4594 294321
3406 987 294321
3406 7013 294321
4594 987 294321
4594 7013 294321
7013 3406 294321
7013 4594 294321
987 3410 2
987 4590 2
3410 987 2
3410 7013 2
4590 987 2
4590 7013 2
7013 3410 2
7013 4590 2
3700 3716 109441
3700 4284 109441
3716 3700 109441
3716 4300 109441
4284 3700 109441
4284 4300 109441
4300 3716 109441
4300 4284 109441
2470 3664 38025
2470 4336 38025
3664 2470 38025
3664 5530 38025
4336 2470 38025
4336 5530 38025
5530 3664 38025
5530 4336 38025
2461 3666 125952
2461 4334 125952
3666 2461 125952
3666 5539 125952
4334 2461 125952
4334 5539 125952
5539 3666 125952
5539 4334 125952
3692 3729 104249
3692 4271 104249
3729 3692 104249
3729 4308 104249
4271 3692 104249
4271 4308 104249
4308 3729 104249
4308 4271 104249
2440 3610 186853
2440 4390 186853
3610 2440 186853
3610 5560 186853
4390 2440 186853
4390 5560 186853
5560 3610 186853
5560 4390 186853
2490 3675 120974
2490 4325 120974
3675 2490 120974
3675 5510 120974
4325 2490 120974
4325 5510 120974
5510 3675 120974
5510 4325 120974
2489 3675 161311
2489 4325 161311
3675 2489 161311
3675 5511 161311
4325 2489 161311
4325 5511 161311
5511 3675 161311
5511 4325 161311
3221 3660 38442
3221 4340 38442
3660 3221 38442
3660 4779 38442
4340 3221 38442
4340 4779 38442
4779 3660 38442
4779 4340 38442
3217 3665 69723
3217 4335 69723
3665 3217 69723
3665 4783 69723
4335 3217 69723
4335 4783 69723
4783 3665 69723
4783 4335 69723
3219 3457 56589
3219 4543 56589
3457 3219 56589
3457 4781 56589
4543 3219 56589
4543 4781 56589
4781 3457 56589
4781 4543 56589
3201 3727 101578
3201 4273 101578
3727 3201 101578
3727 4799 101578
4273 3201 101578
4273 4799 101578
4799 3727 101578
4799 4273 101578
1737 3160 3555
1737 4840 3555
3160 1737 3555
3160 6263 3555
4840 1737 3555
4840 6263 3555
6263 3160 3555
6263 4840 3555
3681 3739 133816
3681 4261 133816
3739 3681 133816
3739 4319 133816
4261 3681 133816
4261 4319 133816
4319 3739 133816
4319 4261 133816
3530 3750 16231
3530 4250 16231
3750 3530 16231
3750 4470 16231
4250 3530 16231
4250 4470 16231
4470 3750 16231
4470 4250 16231
1997 3245 11652
1997 4755 11652
3245 1997 11652
3245 6003 11652
4755 1997 11652
4755 6003 11652
6003 3245 11652
6003 4755 11652
1994 3990 3113
1994 4010 3113
3990 1994 3113
3990 6006 3113
4010 1994 3113
4010 6006 3113
6006 3990 3113
6006 4010 3113
1350 2967 2
1350 5033 2
2967 1350 2
2967 6650 2
5033 1350 2
5033 6650 2
6650 2967 2
6650 5033 2
2007 3161 16192
2007 4839 16192
3161 2007 16192
3161 5993 16192
4839 2007 16192
4839 5993 16192
5993 3161 16192
5993 4839 16192
1642 2974 172724
1642 5026 172724
2974 1642 172724
2974 6358 172724
5026 1642 172724
5026 6358 172724
6358 2974 172724
6358 5026 172724
1408 1915 53024
1408 6085 53024
1915 1408 53024
1915 6592 53024
6085 1408 53024
6085 6592 53024
6592 1915 53024
6592 6085 53024
1992 3260 19687
1992 4740 19687
3260 1992 19687
3260 6008 19687
4740 1992 19687
4740 6008 19687
6008 3260 19687
6008 4740 19687
1650 2989 2
1650 5011 2
2989 1650 2
2989 6350 2
5011 1650 2
5011 6350 2
6350 2989 2
6350 5011 2
1648 2989 2
1648 5011 2
2989 1648 2
2989 6352 2
5011 1648 2
5011 6352 2
6352 2989 2
6352 5011 2
1981 3901 48574
1981 4099 48574
3901 1981 48574
3901 6019 48574
4099 1981 48574
4099 6019 48574
6019 3901 48574
6019 4099 48574
1119 2993 44664
1119 5007 44664
2993 1119 44664
2993 6881 44664
5007 1119 44664
5007 6881 44664
6881 2993 44664
6881 5007 44664
1990 3235 43548
1990 4765 43548
3235 1990 43548
3235 6010 43548
4765 1990 43548
4765 6010 43548
6010 3235 43548
6010 4765 43548
1127 2492 64262
1127 5508 64262
2492 1127 64262
2492 6873 64262
5508 1127 64262
5508 6873 64262
6873 2492 64262
6873 5508 64262
1990 3213 58270
1990 4787 58270
3213 1990 58270
3213 6010 58270
4787 1990 58270
4787 6010 58270
6010 3213 58270
6010 4787 58270
2009 3832 16387
2009 4168 16387
3832 2009 16387
3832 5991 16387
4168 2009 16387
4168 5991 16387
5991 3832 16387
5991 4168 16387
1128 2504 41479
1128 5496 41479
2504 1128 41479
2504 6872 41479
5496 1128 41479
5496 6872 41479
6872 2504 41479
6872 5496 41479
2019 3287 2
2019 4713 2
3287 2019 2
3287 5981 2
4713 2019 2
4713 5981 2
5981 3287 2
5981 4713 2
945 3719 62756
945 4281 62756
3719 945 62756
3719 7055 62756
4281 945 62756
4281 7055 62756
7055 3719 62756
7055 4281 62756
2953 2988 3204
2953 5012 3204
2988 2953 3204
2988 5047 3204
5012 2953 3204
5012 5047 3204
5047 2988 3204
5047 5012 3204
2976 3909 94241
2976 4091 94241
3909 2976 94241
3909 5024 94241
4091 2976 94241
4091 5024 94241
5024 3909 94241
5024 4091 94241
2970 3339 41931
2970 4661 41931
3339 2970 41931
3339 5030 41931
4661 2970 41931
4661 5030 41931
5030 3339 41931
5030 4661 41931
1866 2913 25348
1866 5087 25348
2913 1866 25348
2913 6134 25348
5087 1866 25348
5087 6134 25348
6134 2913 25348
6134 5087 25348
1521 2955 82292
1521 5045 82292
2955 1521 82292
2955 6479 82292
5045 1521 82292
5045 6479 82292
6479 2955 82292
6479 5045 82292
942 3278 203036
942 4722 203036
3278 942 203036
3278 7058 203036
4722 942 203036
4722 7058 203036
7058 3278 203036
7058 4722 203036
3716 3944 20480
3716 4056 20480
3944 3716 20480
3944 4284 20480
4056 3716 20480
4056 4284 20480
4284 3944 20480
4284 4056 20480
2980 3240 27712
2980 4760 27712
3240 2980 27712
3240 5020 27712
4760 2980 27712
4760 5020 27712
5020 3240 27712
5020 4760 27712
940 3723 74766
940 4277 74766
3723 940 74766
3723 7060 74766
4277 940 74766
4277 7060 74766
7060 3723 74766
7060 4277 74766
1518 2950 79998
1518 5050 79998
2950 1518 79998
2950 6482 79998
5050 1518 79998
5050 6482 79998
6482 2950 79998
6482 5050 79998
3700 3939 31956
3700 4061 31956
3939 3700 31956
3939 4300 31956
4061 3700 31956
4061 4300 31956
4300 3939 31956
4300 4061 31956
3686 3970 23014
3686 4030 23014
3970 3686 23014
3970 4314 23014
4030 3686 23014
4030 4314 23014
4314 3970 23014
4314 4030 23014
2918 3184 12550
2918 4816 12550
3184 2918 12550
3184 5082 12550
4816 2918 12550
4816 5082 12550
5082 3184 12550
5082 4816 12550
3151 3733 34097
3151 4267 34097
3733 3151 34097
3733 4849 34097
4267 3151 34097
4267 4849 34097
4849 3733 34097
4849 4267 34097
1426 2920 2
1426 5080 2
2920 1426 2
2920 6574 2
5080 1426 2
5080 6574 2
6574 2920 2
6574 5080 2
1110 3560 41339
1110 4440 41339
3560 1110 41339
3560 6890 41339
4440 1110 41339
4440 6890 41339
6890 3560 41339
6890 4440 41339
2537 3810 2
2537 4190 2
3810 2537 2
3810 5463 2
4190 2537 2
4190 5463 2
5463 3810 2
5463 4190 2
2282 3725 59964
2282 4275 59964
3725 2282 59964
3725 5718 59964
4275 2282 59964
4275 5718 59964
5718 3725 59964
5718 4275 59964
1759 3202 63330
1759 4798 63330
3202 1759 63330
3202 6241 63330
4798 1759 63330
4798 6241 63330
6241 3202 63330
6241 4798 63330
1450 1890 217345
1450 6110 217345
1890 1450 217345
1890 6550 217345
6110 1450 217345
6110 6550 217345
6550 1890 217345
6550 6110 217345
1726 3838 77339
1726 4162 77339
3838 1726 77339
3838 6274 77339
4162 1726 77339
4162 6274 77339
6274 3838 77339
6274 4162 77339
2020 3999 64756
2020 4001 64756
3999 2020 64756
3999 5980 64756
4001 2020 64756
4001 5980 64756
5980 3999 64756
5980 4001 64756
2151 2982 2
2151 5018 2
2982 2151 2
2982 5849 2
5018 2151 2
5018 5849 2
5849 2982 2
5849 5018 2
2148 2981 75057
2148 5019 75057
2981 2148 75057
2981 5852 75057
5019 2148 75057
5019 5852 75057
5852 2981 75057
5852 5019 75057
1987 3885 4862
1987 4115 4862
3885 1987 4862
3885 6013 4862
4115 1987 4862
4115 6013 4862
6013 3885 4862
6013 4115 4862
1851 2116 35901
1851 5884 35901
2116 1851 35901
2116 6149 35901
5884 1851 35901
5884 6149 35901
6149 2116 35901
6149 5884 35901
3083 3806 22716
3083 4194 22716
3806 3083 22716
3806 4917 22716
4194 3083 22716
4194 4917 22716
4917 3806 22716
4917 4194 22716
1548 3836 64442
1548 4164 64442
3836 1548 64442
3836 6452 64442
4164 1548 64442
4164 6452 64442
6452 3836 64442
6452 4164 64442
2841 3091 11174
2841 4909 11174
3091 2841 11174
3091 5159 11174
4909 2841 11174
4909 5159 11174
5159 3091 11174
5159 4909 11174
1979 3885 194867
1979 4115 194867
3885 1979 194867
3885 6021 194867
4115 1979 194867
4115 6021 194867
6021 3885 194867
6021 4115 194867
1540 3838 179609
1540 4162 179609
3838 1540 179609
3838 6460 179609
4162 1540 179609
4162 6460 179609
6460 3838 179609
6460 4162 179609
1559 3829 2
1559 4171 2
3829 1559 2
3829 6441 2
4171 1559 2
4171 6441 2
6441 3829 2
6441 4171 2
1547 3830 235057
1547 4170 235057
3830 1547 235057
3830 6453 235057
4170 1547 235057
4170 6453 235057
6453 3830 235057
6453 4170 235057
2412 3945 71981
2412 4055 71981
3945 2412 71981
3945 5588 71981
4055 2412 71981
4055 5588 71981
5588 3945 71981
5588 4055 71981
2080 2550 31519
2080 5450 31519
2550 2080 31519
2550 5920 31519
5450 2080 31519
5450 5920 31519
5920 2550 31519
5920 5450 31519
3652 3969 33491
3652 4031 33491
3969 3652 33491
3969 4348 33491
4031 3652 33491
4031 4348 33491
4348 3969 33491
4348 4031 33491
1899 3130 2
1899 4870 2
3130 1899 2
3130 6101 2
4870 1899 2
4870 6101 2
6101 3130 2
6101 4870 2
1900 3130 2
1900 4870 2
3130 1900 2
3130 6100 2
4870 1900 2
4870 6100 2
6100 3130 2
6100 4870 2
2980 3719 36028
2980 4281 36028
3719 2980 36028
3719 5020 36028
4281 2980 36028
4281 5020 36028
5020 3719 36028
5020 4281 36028
2982 3720 35916
2982 4280 35916
3720 2982 35916
3720 5018 35916
4280 2982 35916
4280 5018 35916
5018 3720 35916
5018 4280 35916
1820 2113 15877
1820 5887 15877
2113 1820 15877
2113 6180 15877
5887 1820 15877
5887 6180 15877
6180 2113 15877
6180 5887 15877
1021 3318 17532
1021 4682 17532
3318 1021 17532
3318 6979 17532
4682 1021 17532
4682 6979 17532
6979 3318 17532
6979 4682 17532
2111 2650 149054
2111 5350 149054
2650 2111 149054
2650 5889 149054
5350 2111 149054
5350 5889 149054
5889 2650 149054
5889 5350 149054
2839 3092 2
2839 4908 2
3092 2839 2
3092 5161 2
4908 2839 2
4908 5161 2
5161 3092 2
5161 4908 2
3673 3975 69775
3673 4025 69775
3975 3673 69775
3975 4327 69775
4025 3673 69775
4025 4327 69775
4327 3975 69775
4327 4025 69775
2992 3097 36125
2992 4903 36125
3097 2992 36125
3097 5008 36125
4903 2992 36125
4903 5008 36125
5008 3097 36125
5008 4903 36125
2981 3733 40478
2981 4267 40478
3733 2981 40478
3733 5019 40478
4267 2981 40478
4267 5019 40478
5019 3733 40478
5019 4267 40478
1998 3070 4127
1998 4930 4127
3070 1998 4127
3070 6002 4127
4930 1998 4127
4930 6002 4127
6002 3070 4127
6002 4930 4127
2367 3940 22248
2367 4060 22248
3940 2367 22248
3940 5633 22248
4060 2367 22248
4060 5633 22248
5633 3940 22248
5633 4060 22248
1940 3140 49128
1940 4860 49128
3140 1940 49128
3140 6060 49128
4860 1940 49128
4860 6060 49128
6060 3140 49128
6060 4860 49128
1978 3133 3566
1978 4867 3566
3133 1978 3566
3133 6022 3566
4867 1978 3566
4867 6022 3566
6022 3133 3566
6022 4867 3566
2072 2537 50082
2072 5463 50082
2537 2072 50082
2537 5928 50082
5463 2072 50082
5463 5928 50082
5928 2537 50082
5928 5463 50082
2967 3039 131340
2967 4961 131340
3039 2967 131340
3039 5033 131340
4961 2967 131340
4961 5033 131340
5033 3039 131340
5033 4961 131340
2945 3236 40360
2945 4764 40360
3236 2945 40360
3236 5055 40360
4764 2945 40360
4764 5055 40360
5055 3236 40360
5055 4764 40360
1530 3837 2
1530 4163 2
3837 1530 2
3837 6470 2
4163 1530 2
4163 6470 2
6470 3837 2
6470 4163 2
1815 3811 55034
1815 4189 55034
3811 1815 55034
3811 6185 55034
4189 1815 55034
4189 6185 55034
6185 3811 55034
6185 4189 55034
988 2894 2
988 5106 2
2894 988 2
2894 7012 2
5106 988 2
5106 7012 2
7012 2894 2
7012 5106 2
1982 2732 118453
1982 5268 118453
2732 1982 118453
2732 6018 118453
5268 1982 118453
5268 6018 118453
6018 2732 118453
6018 5268 118453
2117 2640 28898
2117 5360 28898
2640 2117 28898
2640 5883 28898
5360 2117 28898
5360 5883 28898
5883 2640 28898
5883 5360 28898
1869 3494 58075
1869 4506 58075
3494 1869 58075
3494 6131 58075
4506 1869 58075
4506 6131 58075
6131 3494 58075
6131 4506 58075
1933 3130 26009
1933 4870 26009
3130 1933 26009
3130 6067 26009
4870 1933 26009
4870 6067 26009
6067 3130 26009
6067 4870 26009
3634 3968 29323
3634 4032 29323
3968 3634 29323
3968 4366 29323
4032 3634 29323
4032 4366 29323
4366 3968 29323
4366 4032 29323
994 3870 32037
994 4130 32037
3870 994 32037
3870 7006 32037
4130 994 32037
4130 7006 32037
7006 3870 32037
7006 4130 32037
1980 2730 148381
1980 5270 148381
2730 1980 148381
2730 6020 148381
5270 1980 148381
5270 6020 148381
6020 2730 148381
6020 5270 148381
1364 2790 53568
1364 5210 53568
2790 1364 53568
2790 6636 53568
5210 1364 53568
5210 6636 53568
6636 2790 53568
6636 5210 53568
2077 2527 30522
2077 5473 30522
2527 2077 30522
2527 5923 30522
5473 2077 30522
5473 5923 30522
5923 2527 30522
5923 5473 30522
1021 3320 2
1021 4680 2
3320 1021 2
3320 6979 2
4680 1021 2
4680 6979 2
6979 3320 2
6979 4680 2
1824 3816 12750
1824 4184 12750
3816 1824 12750
3816 6176 12750
4184 1824 12750
4184 6176 12750
6176 3816 12750
6176 4184 12750
2491 3083 29755
2491 4917 29755
3083 2491 29755
3083 5509 29755
4917 2491 29755
4917 5509 29755
5509 3083 29755
5509 4917 29755
1980 3107 62131
1980 4893 62131
3107 1980 62131
3107 6020 62131
4893 1980 62131
4893 6020 62131
6020 3107 62131
6020 4893 62131
1540 3830 3227
1540 4170 3227
3830 1540 3227
3830 6460 3227
4170 1540 3227
4170 6460 3227
6460 3830 3227
6460 4170 3227
1457 3912 131736
1457 4088 131736
3912 1457 131736
3912 6543 131736
4088 1457 131736
4088 6543 131736
6543 3912 131736
6543 4088 131736
3536 3891 2
3536 4109 2
3891 3536 2
3891 4464 2
4109 3536 2
4109 4464 2
4464 3891 2
4464 4109 2
2949 3230 100836
2949 4770 100836
3230 2949 100836
3230 5051 100836
4770 2949 100836
4770 5051 100836
5051 3230 100836
5051 4770 100836
1865 3501 307373
1865 4499 307373
3501 1865 307373
3501 6135 307373
4499 1865 307373
4499 6135 307373
6135 3501 307373
6135 4499 307373
2490 3083 2
2490 4917 2
3083 2490 2
3083 5510 2
4917 2490 2
4917 5510 2
5510 3083 2
5510 4917 2
2188 3388 122266
2188 4612 122266
3388 2188 122266
3388 5812 122266
4612 2188 122266
4612 5812 122266
5812 3388 122266
5812 4612 122266
2331 3722 37471
2331 4278 37471
3722 2331 37471
3722 5669 37471
4278 2331 37471
4278 5669 37471
5669 3722 37471
5669 4278 37471
2265 3690 28260
2265 4310 28260
3690 2265 28260
3690 5735 28260
4310 2265 28260
4310 5735 28260
5735 3690 28260
5735 4310 28260
1343 3969 63060
1343 4031 63060
3969 1343 63060
3969 6657 63060
4031 1343 63060
4031 6657 63060
6657 3969 63060
6657 4031 63060
992 3859 2
992 4141 2
3859 992 2
3859 7008 2
4141 992 2
4141 7008 2
7008 3859 2
7008 4141 2
1977 3750 2
1977 4250 2
3750 1977 2
3750 6023 2
4250 1977 2
4250 6023 2
6023 3750 2
6023 4250 2
1641 3140 55118
1641 4860 55118
3140 1641 55118
3140 6359 55118
4860 1641 55118
4860 6359 55118
6359 3140 55118
6359 4860 55118
2524 3218 191551
2524 4782 191551
3218 2524 191551
3218 5476 191551
4782 2524 191551
4782 5476 191551
5476 3218 191551
5476 4782 191551
2529 3122 48910
2529 4878 48910
3122 2529 48910
3122 5471 48910
4878 2529 48910
4878 5471 48910
5471 3122 48910
5471 4878 48910
1989 2090 61358
1989 5910 61358
2090 1989 61358
2090 6011 61358
5910 1989 61358
5910 6011 61358
6011 2090 61358
6011 5910 61358
1861 3799 50629
1861 4201 50629
3799 1861 50629
3799 6139 50629
4201 1861 50629
4201 6139 50629
6139 3799 50629
6139 4201 50629
1937 3187 99175
1937 4813 99175
3187 1937 99175
3187 6063 99175
4813 1937 99175
4813 6063 99175
6063 3187 99175
6063 4813 99175
1765 3828 118977
1765 4172 118977
3828 1765 118977
3828 6235 118977
4172 1765 118977
4172 6235 118977
6235 3828 118977
6235 4172 118977
1887 2456 32704
1887 5544 32704
2456 1887 32704
2456 6113 32704
5544 1887 32704
5544 6113 32704
6113 2456 32704
6113 5544 32704
2061 3460 65241
2061 4540 65241
3460 2061 65241
3460 5939 65241
4540 2061 65241
4540 5939 65241
5939 3460 65241
5939 4540 65241
2061 3459 2
2061 4541 2
3459 2061 2
3459 5939 2
4541 2061 2
4541 5939 2
5939 3459 2
5939 4541 2
1760 3190 64719
1760 4810 64719
3190 1760 64719
3190 6240 64719
4810 1760 64719
4810 6240 64719
6240 3190 64719
6240 4810 64719
936 3200 55646
936 4800 55646
3200 936 55646
3200 7064 55646
4800 936 55646
4800 7064 55646
7064 3200 55646
7064 4800 55646
3487 3853 135207
3487 4147 135207
3853 3487 135207
3853 4513 135207
4147 3487 135207
4147 4513 135207
4513 3853 135207
4513 4147 135207
3459 3769 96816
3459 4231 96816
3769 3459 96816
3769 4541 96816
4231 3459 96816
4231 4541 96816
4541 3769 96816
4541 4231 96816
3290 3961 24013
3290 4039 24013
3961 3290 24013
3961 4710 24013
4039 3290 24013
4039 4710 24013
4710 3961 24013
4710 4039 24013
2959 3983 71434
2959 4017 71434
3983 2959 71434
3983 5041 71434
4017 2959 71434
4017 5041 71434
5041 3983 71434
5041 4017 71434
2269 2838 67505
2269 5162 67505
2838 2269 67505
2838 5731 67505
5162 2269 67505
5162 5731 67505
5731 2838 67505
5731 5162 67505
996 2018 10078
996 5982 10078
2018 996 10078
2018 7004 10078
5982 996 10078
5982 7004 10078
7004 2018 10078
7004 5982 10078
1021 3999 13634
1021 4001 13634
3999 1021 13634
3999 6979 13634
4001 1021 13634
4001 6979 13634
6979 3999 13634
6979 4001 13634
2014 3999 26039
2014 4001 26039
3999 2014 26039
3999 5986 26039
4001 2014 26039
4001 5986 26039
5986 3999 26039
5986 4001 26039
3989 3990 60849
3989 4010 60849
3990 3989 60849
3990 4011 60849
4010 3989 60849
4010 4011 60849
4011 3990 60849
4011 4010 60849
1040 3999 83792
1040 4001 83792
3999 1040 83792
3999 6960 83792
4001 1040 83792
4001 6960 83792
6960 3999 83792
6960 4001 83792
1995 3975 2
1995 4025 2
3975 1995 2
3975 6005 2
4025 1995 2
4025 6005 2
6005 3975 2
6005 4025 2
2177 3991 40693
2177 4009 40693
3991 2177 40693
3991 5823 40693
4009 2177 40693
4009 5823 40693
5823 3991 40693
5823 4009 40693
1523 2075 166737
1523 5925 166737
2075 1523 166737
2075 6477 166737
5925 1523 166737
5925 6477 166737
6477 2075 166737
6477 5925 166737
2164 3987 20006
2164 4013 20006
3987 2164 20006
3987 5836 20006
4013 2164 20006
4013 5836 20006
5836 3987 20006
5836 4013 20006
3969 3986 41814
3969 4014 41814
3986 3969 41814
3986 4031 41814
4014 3969 41814
4014 4031 41814
4031 3986 41814
4031 4014 41814
1514 2082 92980
1514 5918 92980
2082 1514 92980
2082 6486 92980
5918 1514 92980
5918 6486 92980
6486 2082 92980
6486 5918 92980
1960 2022 55989
1960 5978 55989
2022 1960 55989
2022 6040 55989
5978 1960 55989
5978 6040 55989
6040 2022 55989
6040 5978 55989
1164 3977 74677
1164 4023 74677
3977 1164 74677
3977 6836 74677
4023 1164 74677
4023 6836 74677
6836 3977 74677
6836 4023 74677
1994 3983 133110
1994 4017 133110
3983 1994 133110
3983 6006 133110
4017 1994 133110
4017 6006 133110
6006 3983 133110
6006 4017 133110
2133 2989 75039
2133 5011 75039
2989 2133 75039
2989 5867 75039
5011 2133 75039
5011 5867 75039
5867 2989 75039
5867 5011 75039
2151 3999 21025
2151 4001 21025
3999 2151 21025
3999 5849 21025
4001 2151 21025
4001 5849 21025
5849 3999 21025
5849 4001 21025
2983 3989 61830
2983 4011 61830
3989 2983 61830
3989 5017 61830
4011 2983 61830
4011 5017 61830
5017 3989 61830
5017 4011 61830
2407 3087 129320
2407 4913 129320
3087 2407 129320
3087 5593 129320
4913 2407 129320
4913 5593 129320
5593 3087 129320
5593 4913 129320
2271 2975 145856
2271 5025 145856
2975 2271 145856
2975 5729 145856
5025 2271 145856
5025 5729 145856
5729 2975 145856
5729 5025 145856
2029 3678 2
2029 4322 2
3678 2029 2
3678 5971 2
4322 2029 2
4322 5971 2
5971 3678 2
5971 4322 2
1415 2929 199922
1415 5071 199922
2929 1415 199922
2929 6585 199922
5071 1415 199922
5071 6585 199922
6585 2929 199922
6585 5071 199922
1506 2083 73055
1506 5917 73055
2083 1506 73055
2083 6494 73055
5917 1506 73055
5917 6494 73055
6494 2083 73055
6494 5917 73055
1454 3934 140560
1454 4066 140560
3934 1454 140560
3934 6546 140560
4066 1454 140560
4066 6546 140560
6546 3934 140560
6546 4066 140560
3098 3768 103253
3098 4232 103253
3768 3098 103253
3768 4902 103253
4232 3098 103253
4232 4902 103253
4902 3768 103253
4902 4232 103253
973 3062 225801
973 4938 225801
3062 973 225801
3062 7027 225801
4938 973 225801
4938 7027 225801
7027 3062 225801
7027 4938 225801
3956 3983 130272
3956 4017 130272
3983 3956 130272
3983 4044 130272
4017 3956 130272
4017 4044 130272
4044 3983 130272
4044 4017 130272
1431 3935 209166
1431 4065 209166
3935 1431 209166
3935 6569 209166
4065 1431 209166
4065 6569 209166
6569 3935 209166
6569 4065 209166
2400 3086 13738
2400 4914 13738
3086 2400 13738
3086 5600 13738
4914 2400 13738
4914 5600 13738
5600 3086 13738
5600 4914 13738
2982 3990 70019
2982 4010 70019
3990 2982 70019
3990 5018 70019
4010 2982 70019
4010 5018 70019
5018 3990 70019
5018 4010 70019
1518 3900 90982
1518 4100 90982
3900 1518 90982
3900 6482 90982
4100 1518 90982
4100 6482 90982
6482 3900 90982
6482 4100 90982
2120 3466 30678
2120 4534 30678
3466 2120 30678
3466 5880 30678
4534 2120 30678
4534 5880 30678
5880 3466 30678
5880 4534 30678
1991 2122 79163
1991 5878 79163
2122 1991 79163
2122 6009 79163
5878 1991 79163
5878 6009 79163
6009 2122 79163
6009 5878 79163
1460 3933 2150
1460 4067 2150
3933 1460 2150
3933 6540 2150
4067 1460 2150
4067 6540 2150
6540 3933 2150
6540 4067 2150
2100 3428 17251
2100 4572 17251
3428 2100 17251
3428 5900 17251
4572 2100 17251
4572 5900 17251
5900 3428 17251
5900 4572 17251
2230 2865 89493
2230 5135 89493
2865 2230 89493
2865 5770 89493
5135 2230 89493
5135 5770 89493
5770 2865 89493
5770 5135 89493
1871 1926 118768
1871 6074 118768
1926 1871 118768
1926 6129 118768
6074 1871 118768
6074 6129 118768
6129 1926 118768
6129 6074 118768
756 3919 2
756 4081 2
3919 756 2
3919 7244 2
4081 756 2
4081 7244 2
7244 3919 2
7244 4081 2
3097 3760 2
3097 4240 2
3760 3097 2
3760 4903 2
4240 3097 2
4240 4903 2
4903 3760 2
4903 4240 2
757 3920 2
757 4080 2
3920 757 2
3920 7243 2
4080 757 2
4080 7243 2
7243 3920 2
7243 4080 2
2060 3513 21480
2060 4487 21480
3513 2060 21480
3513 5940 21480
4487 2060 21480
4487 5940 21480
5940 3513 21480
5940 4487 21480
2249 2923 43603
2249 5077 43603
2923 2249 43603
2923 5751 43603
5077 2249 43603
5077 5751 43603
5751 2923 43603
5751 5077 43603
747 3924 20467
747 4076 20467
3924 747 20467
3924 7253 20467
4076 747 20467
4076 7253 20467
7253 3924 20467
7253 4076 20467
2329 3968 229718
2329 4032 229718
3968 2329 229718
3968 5671 229718
4032 2329 229718
4032 5671 229718
5671 3968 229718
5671 4032 229718
2060 3522 32372
2060 4478 32372
3522 2060 32372
3522 5940 32372
4478 2060 32372
4478 5940 32372
5940 3522 32372
5940 4478 32372
3090 3719 119938
3090 4281 119938
3719 3090 119938
3719 4910 119938
4281 3090 119938
4281 4910 119938
4910 3719 119938
4910 4281 119938
2079 3653 84597
2079 4347 84597
3653 2079 84597
3653 5921 84597
4347 2079 84597
4347 5921 84597
5921 3653 84597
5921 4347 84597
2080 3655 2
2080 4345 2
3655 2080 2
3655 5920 2
4345 2080 2
4345 5920 2
5920 3655 2
5920 4345 2
1934 3961 90494
1934 4039 90494
3961 1934 90494
3961 6066 90494
4039 1934 90494
4039 6066 90494
6066 3961 90494
6066 4039 90494
1487 3090 96609
1487 4910 96609
3090 1487 96609
3090 6513 96609
4910 1487 96609
4910 6513 96609
6513 3090 96609
6513 4910 96609
3004 3991 48256
3004 4009 48256
3991 3004 48256
3991 4996 48256
4009 3004 48256
4009 4996 48256
4996 3991 48256
4996 4009 48256
2071 3621 23286
2071 4379 23286
3621 2071 23286
3621 5929 23286
4379 2071 23286
4379 5929 23286
5929 3621 23286
5929 4379 23286
2108 3527 114377
2108 4473 114377
3527 2108 114377
3527 5892 114377
4473 2108 114377
4473 5892 114377
5892 3527 114377
5892 4473 114377
2112 2596 149245
2112 5404 149245
2596 2112 149245
2596 5888 149245
5404 2112 149245
5404 5888 149245
5888 2596 149245
5888 5404 149245
2091 2669 2318
2091 5331 2318
2669 2091 2318
2669 5909 2318
5331 2091 2318
5331 5909 2318
5909 2669 2318
5909 5331 2318
1498 3865 576796
1498 4135 576796
3865 1498 576796
3865 6502 576796
4135 1498 576796
4135 6502 576796
6502 3865 576796
6502 4135 576796
728 3915 152904
728 4085 152904
3915 728 152904
3915 7272 152904
4085 728 152904
4085 7272 152904
7272 3915 152904
7272 4085 152904
2237 2884 21338
2237 5116 21338
2884 2237 21338
2884 5763 21338
5116 2237 21338
5116 5763 21338
5763 2884 21338
5763 5116 21338
2467 3864 286367
2467 4136 286367
3864 2467 286367
3864 5533 286367
4136 2467 286367
4136 5533 286367
5533 3864 286367
5533 4136 286367
2374 3928 169363
2374 4072 169363
3928 2374 169363
3928 5626 169363
4072 2374 169363
4072 5626 169363
5626 3928 169363
5626 4072 169363
2032 3647 2
2032 4353 2
3647 2032 2
3647 5968 2
4353 2032 2
4353 5968 2
5968 3647 2
5968 4353 2
2191 3751 179446
2191 4249 179446
3751 2191 179446
3751 5809 179446
4249 2191 179446
4249 5809 179446
5809 3751 179446
5809 4249 179446
2032 3650 17454
2032 4350 17454
3650 2032 17454
3650 5968 17454
4350 2032 17454
4350 5968 17454
5968 3650 17454
5968 4350 17454
2412 2415 11540
2412 5585 11540
2415 2412 11540
2415 5588 11540
5585 2412 11540
5585 5588 11540
5588 2415 11540
5588 5585 11540
2038 3668 103607
2038 4332 103607
3668 2038 103607
3668 5962 103607
4332 2038 103607
4332 5962 103607
5962 3668 103607
5962 4332 103607
1928 3154 73109
1928 4846 73109
3154 1928 73109
3154 6072 73109
4846 1928 73109
4846 6072 73109
6072 3154 73109
6072 4846 73109
2190 3752 23442
2190 4248 23442
3752 2190 23442
3752 5810 23442
4248 2190 23442
4248 5810 23442
5810 3752 23442
5810 4248 23442
1237 2866 2
1237 5134 2
2866 1237 2
2866 6763 2
5134 1237 2
5134 6763 2
6763 2866 2
6763 5134 2
1771 3161 155512
1771 4839 155512
3161 1771 155512
3161 6229 155512
4839 1771 155512
4839 6229 155512
6229 3161 155512
6229 4839 155512
1352 2682 150519
1352 5318 150519
2682 1352 150519
2682 6648 150519
5318 1352 150519
5318 6648 150519
6648 2682 150519
6648 5318 150519
1490 3863 18591
1490 4137 18591
3863 1490 18591
3863 6510 18591
4137 1490 18591
4137 6510 18591
6510 3863 18591
6510 4137 18591
3650 3929 64104
3650 4071 64104
3929 3650 64104
3929 4350 64104
4071 3650 64104
4071 4350 64104
4350 3929 64104
4350 4071 64104
2461 3828 75296
2461 4172 75296
3828 2461 75296
3828 5539 75296
4172 2461 75296
4172 5539 75296
5539 3828 75296
5539 4172 75296
1560 3173 240134
1560 4827 240134
3173 1560 240134
3173 6440 240134
4827 1560 240134
4827 6440 240134
6440 3173 240134
6440 4827 240134
1450 2053 45586
1450 5947 45586
2053 1450 45586
2053 6550 45586
5947 1450 45586
5947 6550 45586
6550 2053 45586
6550 5947 45586
1230 2870 214743
1230 5130 214743
2870 1230 214743
2870 6770 214743
5130 1230 214743
5130 6770 214743
6770 2870 214743
6770 5130 214743
3602 3917 114986
3602 4083 114986
3917 3602 114986
3917 4398 114986
4083 3602 114986
4083 4398 114986
4398 3917 114986
4398 4083 114986
989 3124 125170
989 4876 125170
3124 989 125170
3124 7011 125170
4876 989 125170
4876 7011 125170
7011 3124 125170
7011 4876 125170
660 3876 118550
660 4124 118550
3876 660 118550
3876 7340 118550
4124 660 118550
4124 7340 118550
7340 3876 118550
7340 4124 118550
994 2990 99905
994 5010 99905
2990 994 99905
2990 7006 99905
5010 994 99905
5010 7006 99905
7006 2990 99905
7006 5010 99905
2326 2757 174638
2326 5243 174638
2757 2326 174638
2757 5674 174638
5243 2326 174638
5243 5674 174638
5674 2757 174638
5674 5243 174638
2041 3361 68719
2041 4639 68719
3361 2041 68719
3361 5959 68719
4639 2041 68719
4639 5959 68719
5959 3361 68719
5959 4639 68719
3121 3766 162004
3121 4234 162004
3766 3121 162004
3766 4879 162004
4234 3121 162004
4234 4879 162004
4879 3766 162004
4879 4234 162004
2169 3772 2
2169 4228 2
3772 2169 2
3772 5831 2
4228 2169 2
4228 5831 2
5831 3772 2
5831 4228 2
2451 3838 65301
2451 4162 65301
3838 2451 65301
3838 5549 65301
4162 2451 65301
4162 5549 65301
5549 3838 65301
5549 4162 65301
2510 3070 180644
2510 4930 180644
3070 2510 180644
3070 5490 180644
4930 2510 180644
4930 5490 180644
5490 3070 180644
5490 4930 180644
3173 3989 84752
3173 4011 84752
3989 3173 84752
3989 4827 84752
4011 3173 84752
4011 4827 84752
4827 3989 84752
4827 4011 84752
1820 2145 228024
1820 5855 228024
2145 1820 228024
2145 6180 228024
5855 1820 228024
5855 6180 228024
6180 2145 228024
6180 5855 228024
2086 3400 47489
2086 4600 47489
3400 2086 47489
3400 5914 47489
4600 2086 47489
4600 5914 47489
5914 3400 47489
5914 4600 47489
3434 3801 310031
3434 4199 310031
3801 3434 310031
3801 4566 310031
4199 3434 310031
4199 4566 310031
4566 3801 310031
4566 4199 310031
1374 2703 51089
1374 5297 51089
2703 1374 51089
2703 6626 51089
5297 1374 51089
5297 6626 51089
6626 2703 51089
6626 5297 51089
972 3163 96281
972 4837 96281
3163 972 96281
3163 7028 96281
4837 972 96281
4837 7028 96281
7028 3163 96281
7028 4837 96281
2302 3721 152282
2302 4279 152282
3721 2302 152282
3721 5698 152282
4279 2302 152282
4279 5698 152282
5698 3721 152282
5698 4279 152282
1845 2887 162902
1845 5113 162902
2887 1845 162902
2887 6155 162902
5113 1845 162902
5113 6155 162902
6155 2887 162902
6155 5113 162902
688 3774 34720
688 4226 34720
3774 688 34720
3774 7312 34720
4226 688 34720
4226 7312 34720
7312 3774 34720
7312 4226 34720
1900 2823 22728
1900 5177 22728
2823 1900 22728
2823 6100 22728
5177 1900 22728
5177 6100 22728
6100 2823 22728
6100 5177 22728
1893 1924 9771
1893 6076 9771
1924 1893 9771
1924 6107 9771
6076 1893 9771
6076 6107 9771
6107 1924 9771
6107 6076 9771
3088 3610 79415
3088 4390 79415
3610 3088 79415
3610 4912 79415
4390 3088 79415
4390 4912 79415
4912 3610 79415
4912 4390 79415
3291 3682 266553
3291 4318 266553
3682 3291 266553
3682 4709 266553
4318 3291 266553
4318 4709 266553
4709 3682 266553
4709 4318 266553
3288 3678 265498
3288 4322 265498
3678 3288 265498
3678 4712 265498
4322 3288 265498
4322 4712 265498
4712 3678 265498
4712 4322 265498
2580 3180 105390
2580 4820 105390
3180 2580 105390
3180 5420 105390
4820 2580 105390
4820 5420 105390
5420 3180 105390
5420 4820 105390
1160 3679 112856
1160 4321 112856
3679 1160 112856
3679 6840 112856
4321 1160 112856
4321 6840 112856
6840 3679 112856
6840 4321 112856
2990 3799 32236
2990 4201 32236
3799 2990 32236
3799 5010 32236
4201 2990 32236
4201 5010 32236
5010 3799 32236
5010 4201 32236
3171 3549 100513
3171 4451 100513
3549 3171 100513
3549 4829 100513
4451 3171 100513
4451 4829 100513
4829 3549 100513
4829 4451 100513
1570 2950 19206
1570 5050 19206
2950 1570 19206
2950 6430 19206
5050 1570 19206
5050 6430 19206
6430 2950 19206
6430 5050 19206
1720 3811 3783
1720 4189 3783
3811 1720 3783
3811 6280 3783
4189 1720 3783
4189 6280 3783
6280 3811 3783
6280 4189 3783
5216
1000 40 1000 60 1314
1000 7940 1000 7960 1314
7000 40 7000 60 1314
7000 7940 7000 7960 1314
40 1000 60 1000 1314
7940 1000 7960 1000 1314
40 7000 60 7000 1314
7940 7000 7960 7000 1314
1000 200 1000 220 2
1000 7780 1000 7800 2
7000 200 7000 220 2
7000 7780 7000 7800 2
200 1000 220 1000 2
7780 1000 7800 1000 2
200 7000 220 7000 2
7780 7000 7800 7000 2
1000 220 1000 240 488895
1000 7760 1000 7780 488895
7000 220 7000 240 488895
7000 7760 7000 7780 488895
220 1000 240 1000 488895
7760 1000 7780 1000 488895
220 7000 240 7000 488895
7760 7000 7780 7000 488895
1000 240 1000 260 220676
1000 7740 1000 7760 220676
7000 240 7000 260 220676
7000 7740 7000 7760 220676
240 1000 260 1000 220676
7740 1000 7760 1000 220676
240 7000 260 7000 220676
7740 7000 7760 7000 220676
1000 260 1000 280 2
1000 7720 1000 7740 2
7000 260 7000 280 2
7000 7720 7000 7740 2
260 1000 280 1000 2
7720 1000 7740 1000 2
260 7000 280 7000 2
7720 7000 7740 7000 2
1000 280 1000 300 170747
1000 7700 1000 7720 170747
7000 280 7000 300 170747
7000 7700 7000 7720 170747
280 1000 300 1000 170747
7700 1000 7720 1000 170747
280 7000 300 7000 170747
7700 7000 7720 7000 170747
1000 300 1000 320 24298
1000 7680 1000 7700 24298
7000 300 7000 320 24298
7000 7680 7000 7700 24298
300 1000 320 1000 24298
7680 1000 7700 1000 24298
300 7000 320 7000 24298
7680 7000 7700 7000 24298
1000 320 1000 340 366387
1000 7660 1000 7680 366387
7000 320 7000 340 366387
7000 7660 7000 7680 366387
320 1000 340 1000 366387
7660 1000 7680 1000 366387
320 7000 340 7000 366387
7660 7000 7680 7000 366387
1000 340 1000 360 28076
1000 7640 1000 7660 28076
7000 340 7000 360 28076
7000 7640 7000 7660 28076
340 1000 360 1000 28076
7640 1000 7660 1000 28076
340 7000 360 7000 28076
7640 7000 7660 7000 28076
1000 360 1000 380 2
1000 7620 1000 7640 2
7000 360 7000 380 2
7000 7620 7000 7640 2
360 1000 380 1000 2
7620 1000 7640 1000 2
360 7000 380 7000 2
7620 7000 7640 7000 2
1000 380 1000 400 2
1000 7600 1000 7620 2
7000 380 7000 400 2
7000 7600 7000 7620 2
380 1000 400 1000 2
7600 1000 7620 1000 2
380 7000 400 7000 2
7600 7000 7620 7000 2
1000 400 1000 420 2
1000 7580 1000 7600 2
7000 400 7000 420 2
7000 7580 7000 7600 2
400 1000 420 1000 2
7580 1000 7600 1000 2
400 7000 420 7000 2
7580 7000 7600 7000 2
1000 420 1000 440 2
1000 7560 1000 7580 2
7000 420 7000 440 2
7000 7560 7000 7580 2
420 1000 440 1000 2
7560 1000 7580 1000 2
420 7000 440 7000 2
7560 7000 7580 7000 2
1000 440 1000 460 2
1000 7540 1000 7560 2
7000 440 7000 460 2
7000 7540 7000 7560 2
440 1000 460 1000 2
7540 1000 7560 1000 2
440 7000 460 7000 2
7540 7000 7560 7000 2
1000 460 1000 480 2
1000 7520 1000 7540 2
7000 460 7000 480 2
7000 7520 7000 7540 2
460 1000 480 1000 2
7520 1000 7540 1000 2
460 7000 480 7000 2
7520 7000 7540 7000 2
1000 480 1000 500 655184
1000 7500 1000 7520 655184
7000 480 7000 500 655184
7000 7500 7000 7520 655184
480 1000 500 1000 655184
7500 1000 7520 1000 655184
480 7000 500 7000 655184
7500 7000 7520 7000 655184
1000 500 1000 520 875125
1000 7480 1000 7500 875125
7000 500 7000 520 875125
7000 7480 7000 7500 875125
500 1000 520 1000 875125
7480 1000 7500 1000 875125
500 7000 520 7000 875125
7480 7000 7500 7000 875125
1000 520 1000 540 757700
1000 7460 1000 7480 757700
7000 520 7000 540 757700
7000 7460 7000 7480 757700
520 1000 540 1000 757700
7460 1000 7480 1000 757700
520 7000 540 7000 757700
7460 7000 7480 7000 757700
1000 540 1000 560 1437053
1000 7440 1000 7460 1437053
7000 540 7000 560 1437053
7000 7440 7000 7460 1437053
540 1000 560 1000 1437053
7440 1000 7460 1000 1437053
540 7000 560 7000 1437053
7440 7000 7460 7000 1437053
1000 560 1000 580 511742
1000 7420 1000 7440 511742
7000 560 7000 580 511742
7000 7420 7000 7440 511742
560 1000 580 1000 511742
7420 1000 7440 1000 511742
560 7000 580 7000 511742
7420 7000 7440 7000 511742
1000 580 1000 600 897803
1000 7400 1000 7420 897803
7000 580 7000 600 897803
7000 7400 7000 7420 897803
580 1000 600 1000 897803
7400 1000 7420 1000 897803
580 7000 600 7000 897803
7400 7000 7420 7000 897803
1000 600 1000 620 1637879
1000 7380 1000 7400 1637879
7000 600 7000 620 1637879
7000 7380 7000 7400 1637879
600 1000 620 1000 1637879
7380 1000 7400 1000 1637879
600 7000 620 7000 1637879
7380 7000 7400 7000 1637879
1000 620 1000 640 782787
1000 7360 1000 7380 782787
7000 620 7000 640 782787
7000 7360 7000 7380 782787
620 1000 640 1000 782787
7360 1000 7380 1000 782787
620 7000 640 7000 782787
7360 7000 7380 7000 782787
1000 640 1000 660 2325333
1000 7340 1000 7360 2325333
7000 640 7000 660 2325333
7000 7340 7000 7360 2325333
640 1000 660 1000 2325333
7340 1000 7360 1000 2325333
640 7000 660 7000 2325333
7340 7000 7360 7000 2325333
1000 660 1000 680 520124
1000 7320 1000 7340 520124
7000 660 7000 680 520124
7000 7320 7000 7340 520124
660 1000 680 1000 520124
7320 1000 7340 1000 520124
660 7000 680 7000 520124
7320 7000 7340 7000 520124
1000 680 1000 700 2152646
1000 7300 1000 7320 2152646
7000 680 7000 700 2152646
7000 7300 7000 7320 2152646
680 1000 700 1000 2152646
7300 1000 7320 1000 2152646
680 7000 700 7000 2152646
7300 7000 7320 7000 2152646
1000 700 1000 720 643033
1000 7280 1000 7300 643033
7000 700 7000 720 643033
7000 7280 7000 7300 643033
700 1000 720 1000 643033
7280 1000 7300 1000 643033
700 7000 720 7000 643033
7280 7000 7300 7000 643033
1000 720 1000 740 1553611
1000 7260 1000 7280 1553611
7000 720 7000 740 1553611
7000 7260 7000 7280 1553611
720 1000 740 1000 1553611
7260 1000 7280 1000 1553611
720 7000 740 7000 1553611
7260 7000 7280 7000 1553611
1000 740 1000 760 2074857
1000 7240 1000 7260 2074857
7000 740 7000 760 2074857
7000 7240 7000 7260 2074857
740 1000 760 1000 2074857
7240 1000 7260 1000 2074857
740 7000 760 7000 2074857
7240 7000 7260 7000 2074857
1000 760 1000 780 1591560
1000 7220 1000 7240 1591560
7000 760 7000 780 1591560
7000 7220 7000 7240 1591560
760 1000 780 1000 1591560
7220 1000 7240 1000 1591560
760 7000 780 7000 1591560
7220 7000 7240 7000 1591560
1000 780 1000 800 2409494
1000 7200 1000 7220 2409494
7000 780 7000 800 2409494
7000 7200 7000 7220 2409494
780 1000 800 1000 2409494
7200 1000 7220 1000 2409494
780 7000 800 7000 2409494
7200 7000 7220 7000 2409494
1000 800 1000 820 1824910
1000 7180 1000 7200 1824910
7000 800 7000 820 1824910
7000 7180 7000 7200 1824910
800 1000 820 1000 1824910
7180 1000 7200 1000 1824910
800 7000 820 7000 1824910
7180 7000 7200 7000 1824910
1000 820 1000 840 1889423
1000 7160 1000 7180 1889423
7000 820 7000 840 1889423
7000 7160 7000 7180 1889423
820 1000 840 1000 1889423
7160 1000 7180 1000 1889423
820 7000 840 7000 1889423
7160 7000 7180 7000 1889423
1000 840 1000 860 1946061
1000 7140 1000 7160 1946061
7000 840 7000 860 1946061
7000 7140 7000 7160 1946061
840 1000 860 1000 1946061
7140 1000 7160 1000 1946061
840 7000 860 7000 1946061
7140 7000 7160 7000 1946061
1000 860 1000 880 3346884
1000 7120 1000 7140 3346884
7000 860 7000 880 3346884
7000 7120 7000 7140 3346884
860 1000 880 1000 3346884
7120 1000 7140 1000 3346884
860 7000 880 7000 3346884
7120 7000 7140 7000 3346884
1000 880 1000 900 1497015
1000 7100 1000 7120 1497015
7000 880 7000 900 1497015
7000 7100 7000 7120 1497015
880 1000 900 1000 1497015
7100 1000 7120 1000 1497015
880 7000 900 7000 1497015
7100 7000 7120 7000 1497015
1000 900 1000 920 2936045
1000 7080 1000 7100 2936045
7000 900 7000 920 2936045
7000 7080 7000 7100 2936045
900 1000 920 1000 2936045
7080 1000 7100 1000 2936045
900 7000 920 7000 2936045
7080 7000 7100 7000 2936045
1000 920 1000 940 1209658
1000 7060 1000 7080 1209658
7000 920 7000 940 1209658
7000 7060 7000 7080 1209658
920 1000 940 1000 1209658
7060 1000 7080 1000 1209658
920 7000 940 7000 1209658
7060 7000 7080 7000 1209658
1000 940 1000 960 3585343
1000 7040 1000 7060 3585343
7000 940 7000 960 3585343
7000 7040 7000 7060 3585343
940 1000 960 1000 3585343
7040 1000 7060 1000 3585343
940 7000 960 7000 3585343
7040 7000 7060 7000 3585343
1000 960 1000 980 1876240
1000 7020 1000 7040 1876240
7000 960 7000 980 1876240
7000 7020 7000 7040 1876240
960 1000 980 1000 1876240
7020 1000 7040 1000 1876240
960 7000 980 7000 1876240
7020 7000 7040 7000 1876240
1000 980 1000 1000 9012126
1000 7000 1000 7020 9012126
7000 980 7000 1000 9012126
7000 7000 7000 7020 9012126
980 1000 1000 1000 9012126
7000 1000 7020 1000 9012126
980 7000 1000 7000 9012126
7000 7000 7020 7000 9012126
1000 1000 1000 1020 2
1000 6980 1000 7000 2
7000 1000 7000 1020 2
7000 6980 7000 7000 2
1000 1000 1020 1000 2
6980 1000 7000 1000 2
1000 7000 1020 7000 2
6980 7000 7000 7000 2
1000 1020 1000 1040 55372
1000 6960 1000 6980 55372
7000 1020 7000 1040 55372
7000 6960 7000 6980 55372
1020 1000 1040 1000 55372
6960 1000 6980 1000 55372
1020 7000 1040 7000 55372
6960 7000 6980 7000 55372
1000 1040 1000 1060 153019
1000 6940 1000 6960 153019
7000 1040 7000 1060 153019
7000 6940 7000 6960 153019
1040 1000 1060 1000 153019
6940 1000 6960 1000 153019
1040 7000 1060 7000 153019
6940 7000 6960 7000 153019
1000 1060 1000 1080 187185
1000 6920 1000 6940 187185
7000 1060 7000 1080 187185
7000 6920 7000 6940 187185
1060 1000 1080 1000 187185
6920 1000 6940 1000 187185
1060 7000 1080 7000 187185
6920 7000 6940 7000 187185
1000 1080 1000 1100 405174
1000 6900 1000 6920 405174
7000 1080 7000 1100 405174
7000 6900 7000 6920 405174
1080 1000 1100 1000 405174
6900 1000 6920 1000 405174
1080 7000 1100 7000 405174
6900 7000 6920 7000 405174
1000 1100 1000 1120 341268
1000 6880 1000 6900 341268
7000 1100 7000 1120 341268
7000 6880 7000 6900 341268
1100 1000 1120 1000 341268
6880 1000 6900 1000 341268
1100 7000 1120 7000 341268
6880 7000 6900 7000 341268
1000 1120 1000 1140 159787
1000 6860 1000 6880 159787
7000 1120 7000 1140 159787
7000 6860 7000 6880 159787
1120 1000 1140 1000 159787
6860 1000 6880 1000 159787
1120 7000 1140 7000 159787
6860 7000 6880 7000 159787
1000 1140 1000 1160 150108
1000 6840 1000 6860 150108
7000 1140 7000 1160 150108
7000 6840 7000 6860 150108
1140 1000 1160 1000 150108
6840 1000 6860 1000 150108
1140 7000 1160 7000 150108
6840 7000 6860 7000 150108
1000 1160 1000 1180 506810
1000 6820 1000 6840 506810
7000 1160 7000 1180 506810
7000 6820 7000 6840 506810
1160 1000 1180 1000 506810
6820 1000 6840 1000 506810
1160 7000 1180 7000 506810
6820 7000 6840 7000 506810
1000 1180 1000 1200 271548
1000 6800 1000 6820 271548
7000 1180 7000 1200 271548
7000 6800 7000 6820 271548
1180 1000 1200 1000 271548
6800 1000 6820 1000 271548
1180 7000 1200 7000 271548
6800 7000 6820 7000 271548
1000 1200 1000 1220 494992
1000 6780 1000 6800 494992
7000 1200 7000 1220 494992
7000 6780 7000 6800 494992
1200 1000 1220 1000 494992
6780 1000 6800 1000 494992
1200 7000 1220 7000 494992
6780 7000 6800 7000 494992
1000 1220 1000 1240 598479
1000 6760 1000 6780 598479
7000 1220 7000 1240 598479
7000 6760 7000 6780 598479
1220 1000 1240 1000 598479
6760 1000 6780 1000 598479
1220 7000 1240 7000 598479
6760 7000 6780 7000 598479
1000 1240 1000 1260 738623
1000 6740 1000 6760 738623
7000 1240 7000 1260 738623
7000 6740 7000 6760 738623
1240 1000 1260 1000 738623
6740 1000 6760 1000 738623
1240 7000 1260 7000 738623
6740 7000 6760 7000 738623
1000 1260 1000 1280 767634
1000 6720 1000 6740 767634
7000 1260 7000 1280 767634
7000 6720 7000 6740 767634
1260 1000 1280 1000 767634
6720 1000 6740 1000 767634
1260 7000 1280 7000 767634
6720 7000 6740 7000 767634
1000 1280 1000 1300 1179310
1000 6700 1000 6720 1179310
7000 1280 7000 1300 1179310
7000 6700 7000 6720 1179310
1280 1000 1300 1000 1179310
6700 1000 6720 1000 1179310
1280 7000 1300 7000 1179310
6700 7000 6720 7000 1179310
1000 1300 1000 1320 1161389
1000 6680 1000 6700 1161389
7000 1300 7000 1320 1161389
7000 6680 7000 6700 1161389
1300 1000 1320 1000 1161389
6680 1000 6700 1000 1161389
1300 7000 1320 7000 1161389
6680 7000 6700 7000 1161389
1000 1320 1000 1340 1307827
1000 6660 1000 6680 1307827
7000 1320 7000 1340 1307827
7000 6660 7000 6680 1307827
1320 1000 1340 1000 1307827
6660 1000 6680 1000 1307827
1320 7000 1340 7000 1307827
6660 7000 6680 7000 1307827
1000 1340 1000 1360 1210144
1000 6640 1000 6660 1210144
7000 1340 7000 1360 1210144
7000 6640 7000 6660 1210144
1340 1000 1360 1000 1210144
6640 1000 6660 1000 1210144
1340 7000 1360 7000 1210144
6640 7000 6660 7000 1210144
1000 1360 1000 1380 1099781
1000 6620 1000 6640 1099781
7000 1360 7000 1380 1099781
7000 6620 7000 6640 1099781
1360 1000 1380 1000 1099781
6620 1000 6640 1000 1099781
1360 7000 1380 7000 1099781
6620 7000 6640 7000 1099781
1000 1380 1000 1400 1225477
1000 6600 1000 6620 1225477
7000 1380 7000 1400 1225477
7000 6600 7000 6620 1225477
1380 1000 1400 1000 1225477
6600 1000 6620 1000 1225477
1380 7000 1400 7000 1225477
6600 7000 6620 7000 1225477
1000 1400 1000 1420 1298257
1000 6580 1000 6600 1298257
7000 1400 7000 1420 1298257
7000 6580 7000 6600 1298257
1400 1000 1420 1000 1298257
6580 1000 6600 1000 1298257
1400 7000 1420 7000 1298257
6580 7000 6600 7000 1298257
1000 1420 1000 1440 1096910
1000 6560 1000 6580 1096910
7000 1420 7000 1440 1096910
7000 6560 7000 6580 1096910
1420 1000 1440 1000 1096910
6560 1000 6580 1000 1096910
1420 7000 1440 7000 1096910
6560 7000 6580 7000 1096910
1000 1440 1000 1460 1344691
1000 6540 1000 6560 1344691
7000 1440 7000 1460 1344691
7000 6540 7000 6560 1344691
1440 1000 1460 1000 1344691
6540 1000 6560 1000 1344691
1440 7000 1460 7000 1344691
6540 7000 6560 7000 1344691
1000 1460 1000 1480 860695
1000 6520 1000 6540 860695
7000 1460 7000 1480 860695
7000 6520 7000 6540 860695
1460 1000 1480 1000 860695
6520 1000 6540 1000 860695
1460 7000 1480 7000 860695
6520 7000 6540 7000 860695
1000 1480 1000 1500 1036507
1000 6500 1000 6520 1036507
7000 1480 7000 1500 1036507
7000 6500 7000 6520 1036507
1480 1000 1500 1000 1036507
6500 1000 6520 1000 1036507
1480 7000 1500 7000 1036507
6500 7000 6520 7000 1036507
1000 1500 1000 1520 878375
1000 6480 1000 6500 878375
7000 1500 7000 1520 878375
7000 6480 7000 6500 878375
1500 1000 1520 1000 878375
6480 1000 6500 1000 878375
1500 7000 1520 7000 878375
6480 7000 6500 7000 878375
1000 1520 1000 1540 997510
1000 6460 1000 6480 997510
7000 1520 7000 1540 997510
7000 6460 7000 6480 997510
1520 1000 1540 1000 997510
6460 1000 6480 1000 997510
1520 7000 1540 7000 997510
6460 7000 6480 7000 997510
1000 1540 1000 1560 722940
1000 6440 1000 6460 722940
7000 1540 7000 1560 722940
7000 6440 7000 6460 722940
1540 1000 1560 1000 722940
6440 1000 6460 1000 722940
1540 7000 1560 7000 722940
6440 7000 6460 7000 722940
1000 1560 1000 1580 1181290
1000 6420 1000 6440 1181290
7000 1560 7000 1580 1181290
7000 6420 7000 6440 1181290
1560 1000 1580 1000 1181290
6420 1000 6440 1000 1181290
1560 7000 1580 7000 1181290
6420 7000 6440 7000 1181290
1000 1580 1000 1600 789157
1000 6400 1000 6420 789157
7000 1580 7000 1600 789157
7000 6400 7000 6420 789157
1580 1000 1600 1000 789157
6400 1000 6420 1000 789157
1580 7000 1600 7000 789157
6400 7000 6420 7000 789157
1000 1600 1000 1620 1182486
1000 6380 1000 6400 1182486
7000 1600 7000 1620 1182486
7000 6380 7000 6400 1182486
1600 1000 1620 1000 1182486
6380 1000 6400 1000 1182486
1600 7000 1620 7000 1182486
6380 7000 6400 7000 1182486
1000 1620 1000 1640 623756
1000 6360 1000 6380 623756
7000 1620 7000 1640 623756
7000 6360 7000 6380 623756
1620 1000 1640 1000 623756
6360 1000 6380 1000 623756
1620 7000 1640 7000 623756
6360 7000 6380 7000 623756
1000 1640 1000 1660 729879
1000 6340 1000 6360 729879
7000 1640 7000 1660 729879
7000 6340 7000 6360 729879
1640 1000 1660 1000 729879
6340 1000 6360 1000 729879
1640 7000 1660 7000 729879
6340 7000 6360 7000 729879
1000 1660 1000 1680 524511
1000 6320 1000 6340 524511
7000 1660 7000 1680 524511
7000 6320 7000 6340 524511
1660 1000 1680 1000 524511
6320 1000 6340 1000 524511
1660 7000 1680 7000 524511
6320 7000 6340 7000 524511
1000 1680 1000 1700 603000
1000 6300 1000 6320 603000
7000 1680 7000 1700 603000
7000 6300 7000 6320 603000
1680 1000 1700 1000 603000
6300 1000 6320 1000 603000
1680 7000 1700 7000 603000
6300 7000 6320 7000 603000
1000 1700 1000 1720 421045
1000 6280 1000 6300 421045
7000 1700 7000 1720 421045
7000 6280 7000 6300 421045
1700 1000 1720 1000 421045
6280 1000 6300 1000 421045
1700 7000 1720 7000 421045
6280 7000 6300 7000 421045
1000 1720 1000 1740 639303
1000 6260 1000 6280 639303
7000 1720 7000 1740 639303
7000 6260 7000 6280 639303
1720 1000 1740 1000 639303
6260 1000 6280 1000 639303
1720 7000 1740 7000 639303
6260 7000 6280 7000 639303
1000 1740 1000 1760 947827
1000 6240 1000 6260 947827
7000 1740 7000 1760 947827
7000 6240 7000 6260 947827
1740 1000 1760 1000 947827
6240 1000 6260 1000 947827
1740 7000 1760 7000 947827
6240 7000 6260 7000 947827
1000 1760 1000 1780 969450
1000 6220 1000 6240 969450
7000 1760 7000 1780 969450
7000 6220 7000 6240 969450
1760 1000 1780 1000 969450
6220 1000 6240 1000 969450
1760 7000 1780 7000 969450
6220 7000 6240 7000 969450
1000 1780 1000 1800 931891
1000 6200 1000 6220 931891
7000 1780 7000 1800 931891
7000 6200 7000 6220 931891
1780 1000 1800 1000 931891
6200 1000 6220 1000 931891
1780 7000 1800 7000 931891
6200 7000 6220 7000 931891
1000 1800 1000 1820 939490
1000 6180 1000 6200 939490
7000 1800 7000 1820 939490
7000 6180 7000 6200 939490
1800 1000 1820 1000 939490
6180 1000 6200 1000 939490
1800 7000 1820 7000 939490
6180 7000 6200 7000 939490
1000 1820 1000 1840 1131807
1000 6160 1000 6180 1131807
7000 1820 7000 1840 1131807
7000 6160 7000 6180 1131807
1820 1000 1840 1000 1131807
6160 1000 6180 1000 1131807
1820 7000 1840 7000 1131807
6160 7000 6180 7000 1131807
1000 1840 1000 1860 798756
1000 6140 1000 6160 798756
7000 1840 7000 1860 798756
7000 6140 7000 6160 798756
1840 1000 1860 1000 798756
6140 1000 6160 1000 798756
1840 7000 1860 7000 798756
6140 7000 6160 7000 798756
1000 1860 1000 1880 929250
1000 6120 1000 6140 929250
7000 1860 7000 1880 929250
7000 6120 7000 6140 929250
1860 1000 1880 1000 929250
6120 1000 6140 1000 929250
1860 7000 1880 7000 929250
6120 7000 6140 7000 929250
1000 1880 1000 1900 954290
1000 6100 1000 6120 954290
7000 1880 7000 1900 954290
7000 6100 7000 6120 954290
1880 1000 1900 1000 954290
6100 1000 6120 1000 954290
1880 7000 1900 7000 954290
6100 7000 6120 7000 954290
1000 1900 1000 1920 1061736
1000 6080 1000 6100 1061736
7000 1900 7000 1920 1061736
7000 6080 7000 6100 1061736
1900 1000 1920 1000 1061736
6080 1000 6100 1000 1061736
1900 7000 1920 7000 1061736
6080 7000 6100 7000 1061736
1000 1920 1000 1940 1496697
1000 6060 1000 6080 1496697
7000 1920 7000 1940 1496697
7000 6060 7000 6080 1496697
1920 1000 1940 1000 1496697
6060 1000 6080 1000 1496697
1920 7000 1940 7000 1496697
6060 7000 6080 7000 1496697
1000 1940 1000 1960 937742
1000 6040 1000 6060 937742
7000 1940 7000 1960 937742
7000 6040 7000 6060 937742
1940 1000 1960 1000 937742
6040 1000 6060 1000 937742
1940 7000 1960 7000 937742
6040 7000 6060 7000 937742
1000 1960 1000 1980 1196065
1000 6020 1000 6040 1196065
7000 1960 7000 1980 1196065
7000 6020 7000 6040 1196065
1960 1000 1980 1000 1196065
6020 1000 6040 1000 1196065
1960 7000 1980 7000 1196065
6020 7000 6040 7000 1196065
1000 1980 1000 2000 1390194
1000 6000 1000 6020 1390194
7000 1980 7000 2000 1390194
7000 6000 7000 6020 1390194
1980 1000 2000 1000 1390194
6000 1000 6020 1000 1390194
1980 7000 2000 7000 1390194
6000 7000 6020 7000 1390194
1000 2000 1000 2020 2
1000 5980 1000 6000 2
7000 2000 7000 2020 2
7000 5980 7000 6000 2
2000 1000 2020 1000 2
5980 1000 6000 1000 2
2000 7000 2020 7000 2
5980 7000 6000 7000 2
1000 2020 1000 2040 92803
1000 5960 1000 5980 92803
7000 2020 7000 2040 92803
7000 5960 7000 5980 92803
2020 1000 2040 1000 92803
5960 1000 5980 1000 92803
2020 7000 2040 7000 92803
5960 7000 5980 7000 92803
1000 2040 1000 2060 373569
1000 5940 1000 5960 373569
7000 2040 7000 2060 373569
7000 5940 7000 5960 373569
2040 1000 2060 1000 373569
5940 1000 5960 1000 373569
2040 7000 2060 7000 373569
5940 7000 5960 7000 373569
1000 2060 1000 2080 305018
1000 5920 1000 5940 305018
7000 2060 7000 2080 305018
7000 5920 7000 5940 305018
2060 1000 2080 1000 305018
5920 1000 5940 1000 305018
2060 7000 2080 7000 305018
5920 7000 5940 7000 305018
1000 2080 1000 2100 250879
1000 5900 1000 5920 250879
7000 2080 7000 2100 250879
7000 5900 7000 5920 250879
2080 1000 2100 1000 250879
5900 1000 5920 1000 250879
2080 7000 2100 7000 250879
5900 7000 5920 7000 250879
1000 2100 1000 2120 209648
1000 5880 1000 5900 209648
7000 2100 7000 2120 209648
7000 5880 7000 5900 209648
2100 1000 2120 1000 209648
5880 1000 5900 1000 209648
2100 7000 2120 7000 209648
5880 7000 5900 7000 209648
1000 2120 1000 2140 487447
1000 5860 1000 5880 487447
7000 2120 7000 2140 487447
7000 5860 7000 5880 487447
2120 1000 2140 1000 487447
5860 1000 5880 1000 487447
2120 7000 2140 7000 487447
5860 7000 5880 7000 487447
1000 2140 1000 2160 246443
1000 5840 1000 5860 246443
7000 2140 7000 2160 246443
7000 5840 7000 5860 246443
2140 1000 2160 1000 246443
5840 1000 5860 1000 246443
2140 7000 2160 7000 246443
5840 7000 5860 7000 246443
1000 2160 1000 2180 661518
1000 5820 1000 5840 661518
7000 2160 7000 2180 661518
7000 5820 7000 5840 661518
2160 1000 2180 1000 661518
5820 1000 5840 1000 661518
2160 7000 2180 7000 661518
5820 7000 5840 7000 661518
1000 2180 1000 2200 401430
1000 5800 1000 5820 401430
7000 2180 7000 2200 401430
7000 5800 7000 5820 401430
2180 1000 2200 1000 401430
5800 1000 5820 1000 401430
2180 7000 2200 7000 401430
5800 7000 5820 7000 401430
1000 2200 1000 2220 343293
1000 5780 1000 5800 343293
7000 2200 7000 2220 343293
7000 5780 7000 5800 343293
2200 1000 2220 1000 343293
5780 1000 5800 1000 343293
2200 7000 2220 7000 343293
5780 7000 5800 7000 343293
1000 2220 1000 2240 770165
1000 5760 1000 5780 770165
7000 2220 7000 2240 770165
7000 5760 7000 5780 770165
2220 1000 2240 1000 770165
5760 1000 5780 1000 770165
2220 7000 2240 7000 770165
5760 7000 5780 7000 770165
1000 2240 1000 2260 779815
1000 5740 1000 5760 779815
7000 2240 7000 2260 779815
7000 5740 7000 5760 779815
2240 1000 2260 1000 779815
5740 1000 5760 1000 779815
2240 7000 2260 7000 779815
5740 7000 5760 7000 779815
1000 2260 1000 2280 769800
1000 5720 1000 5740 769800
7000 2260 7000 2280 769800
7000 5720 7000 5740 769800
2260 1000 2280 1000 769800
5720 1000 5740 1000 769800
2260 7000 2280 7000 769800
5720 7000 5740 7000 769800
1000 2280 1000 2300 588845
1000 5700 1000 5720 588845
7000 2280 7000 2300 588845
7000 5700 7000 5720 588845
2280 1000 2300 1000 588845
5700 1000 5720 1000 588845
2280 7000 2300 7000 588845
5700 7000 5720 7000 588845
1000 2300 1000 2320 1023542
1000 5680 1000 5700 1023542
7000 2300 7000 2320 1023542
7000 5680 7000 5700 1023542
2300 1000 2320 1000 1023542
5680 1000 5700 1000 1023542
2300 7000 2320 7000 1023542
5680 7000 5700 7000 1023542
1000 2320 1000 2340 944842
1000 5660 1000 5680 944842
7000 2320 7000 2340 944842
7000 5660 7000 5680 944842
2320 1000 2340 1000 944842
5660 1000 5680 1000 944842
2320 7000 2340 7000 944842
5660 7000 5680 7000 944842
1000 2340 1000 2360 869464
1000 5640 1000 5660 869464
7000 2340 7000 2360 869464
7000 5640 7000 5660 869464
2340 1000 2360 1000 869464
5640 1000 5660 1000 869464
2340 7000 2360 7000 869464
5640 7000 5660 7000 869464
1000 2360 1000 2380 838995
1000 5620 1000 5640 838995
7000 2360 7000 2380 838995
7000 5620 7000 5640 838995
2360 1000 2380 1000 838995
5620 1000 5640 1000 838995
2360 7000 2380 7000 838995
5620 7000 5640 7000 838995
1000 2380 1000 2400 737622
1000 5600 1000 5620 737622
7000 2380 7000 2400 737622
7000 5600 7000 5620 737622
2380 1000 2400 1000 737622
5600 1000 5620 1000 737622
2380 7000 2400 7000 737622
5600 7000 5620 7000 737622
1000 2400 1000 2420 780279
1000 5580 1000 5600 780279
7000 2400 7000 2420 780279
7000 5580 7000 5600 780279
2400 1000 2420 1000 780279
5580 1000 5600 1000 780279
2400 7000 2420 7000 780279
5580 7000 5600 7000 780279
1000 2420 1000 2440 904902
1000 5560 1000 5580 904902
7000 2420 7000 2440 904902
7000 5560 7000 5580 904902
2420 1000 2440 1000 904902
5560 1000 5580 1000 904902
2420 7000 2440 7000 904902
5560 7000 5580 7000 904902
1000 2440 1000 2460 992178
1000 5540 1000 5560 992178
7000 2440 7000 2460 992178
7000 5540 7000 5560 992178
2440 1000 2460 1000 992178
5540 1000 5560 1000 992178
2440 7000 2460 7000 992178
5540 7000 5560 7000 992178
1000 2460 1000 2480 716937
1000 5520 1000 5540 716937
7000 2460 7000 2480 716937
7000 5520 7000 5540 716937
2460 1000 2480 1000 716937
5520 1000 5540 1000 716937
2460 7000 2480 7000 716937
5520 7000 5540 7000 716937
1000 2480 1000 2500 867165
1000 5500 1000 5520 867165
7000 2480 7000 2500 867165
7000 5500 7000 5520 867165
2480 1000 2500 1000 867165
5500 1000 5520 1000 867165
2480 7000 2500 7000 867165
5500 7000 5520 7000 867165
1000 2500 1000 2520 991710
1000 5480 1000 5500 991710
7000 2500 7000 2520 991710
7000 5480 7000 5500 991710
2500 1000 2520 1000 991710
5480 1000 5500 1000 991710
2500 7000 2520 7000 991710
5480 7000 5500 7000 991710
1000 2520 1000 2540 971644
1000 5460 1000 5480 971644
7000 2520 7000 2540 971644
7000 5460 7000 5480 971644
2520 1000 2540 1000 971644
5460 1000 5480 1000 971644
2520 7000 2540 7000 971644
5460 7000 5480 7000 971644
1000 2540 1000 2560 773310
1000 5440 1000 5460 773310
7000 2540 7000 2560 773310
7000 5440 7000 5460 773310
2540 1000 2560 1000 773310
5440 1000 5460 1000 773310
2540 7000 2560 7000 773310
5440 7000 5460 7000 773310
1000 2560 1000 2580 843630
1000 5420 1000 5440 843630
7000 2560 7000 2580 843630
7000 5420 7000 5440 843630
2560 1000 2580 1000 843630
5420 1000 5440 1000 843630
2560 7000 2580 7000 843630
5420 7000 5440 7000 843630
1000 2580 1000 2600 813144
1000 5400 1000 5420 813144
7000 2580 7000 2600 813144
7000 5400 7000 5420 813144
2580 1000 2600 1000 813144
5400 1000 5420 1000 813144
2580 7000 2600 7000 813144
5400 7000 5420 7000 813144
1000 2600 1000 2620 1161871
1000 5380 1000 5400 1161871
7000 2600 7000 2620 1161871
7000 5380 7000 5400 1161871
2600 1000 2620 1000 1161871
5380 1000 5400 1000 1161871
2600 7000 2620 7000 1161871
5380 7000 5400 7000 1161871
1000 2620 1000 2640 661225
1000 5360 1000 5380 661225
7000 2620 7000 2640 661225
7000 5360 7000 5380 661225
2620 1000 2640 1000 661225
5360 1000 5380 1000 661225
2620 7000 2640 7000 661225
5360 7000 5380 7000 661225
1000 2640 1000 2660 872606
1000 5340 1000 5360 872606
7000 2640 7000 2660 872606
7000 5340 7000 5360 872606
2640 1000 2660 1000 872606
5340 1000 5360 1000 872606
2640 7000 2660 7000 872606
5340 7000 5360 7000 872606
1000 2660 1000 2680 958266
1000 5320 1000 5340 958266
7000 2660 7000 2680 958266
7000 5320 7000 5340 958266
2660 1000 2680 1000 958266
5320 1000 5340 1000 958266
2660 7000 2680 7000 958266
5320 7000 5340 7000 958266
1000 2680 1000 2700 1145514
1000 5300 1000 5320 1145514
7000 2680 7000 2700 1145514
7000 5300 7000 5320 1145514
2680 1000 2700 1000 1145514
5300 1000 5320 1000 1145514
2680 7000 2700 7000 1145514
5300 7000 5320 7000 1145514
1000 2700 1000 2720 511557
1000 5280 1000 5300 511557
7000 2700 7000 2720 511557
7000 5280 7000 5300 511557
2700 1000 2720 1000 511557
5280 1000 5300 1000 511557
2700 7000 2720 7000 511557
5280 7000 5300 7000 511557
1000 2720 1000 2740 592045
1000 5260 1000 5280 592045
7000 2720 7000 2740 592045
7000 5260 7000 5280 592045
2720 1000 2740 1000 592045
5260 1000 5280 1000 592045
2720 7000 2740 7000 592045
5260 7000 5280 7000 592045
1000 2740 1000 2760 819505
1000 5240 1000 5260 819505
7000 2740 7000 2760 819505
7000 5240 7000 5260 819505
2740 1000 2760 1000 819505
5240 1000 5260 1000 819505
2740 7000 2760 7000 819505
5240 7000 5260 7000 819505
1000 2760 1000 2780 920887
1000 5220 1000 5240 920887
7000 2760 7000 2780 920887
7000 5220 7000 5240 920887
2760 1000 2780 1000 920887
5220 1000 5240 1000 920887
2760 7000 2780 7000 920887
5220 7000 5240 7000 920887
1000 2780 1000 2800 566582
1000 5200 1000 5220 566582
7000 2780 7000 2800 566582
7000 5200 7000 5220 566582
2780 1000 2800 1000 566582
5200 1000 5220 1000 566582
2780 7000 2800 7000 566582
5200 7000 5220 7000 566582
1000 2800 1000 2820 776151
1000 5180 1000 5200 776151
7000 2800 7000 2820 776151
7000 5180 7000 5200 776151
2800 1000 2820 1000 776151
5180 1000 5200 1000 776151
2800 7000 2820 7000 776151
5180 7000 5200 7000 776151
1000 2820 1000 2840 782641
1000 5160 1000 5180 782641
7000 2820 7000 2840 782641
7000 5160 7000 5180 782641
2820 1000 2840 1000 782641
5160 1000 5180 1000 782641
2820 7000 2840 7000 782641
5160 7000 5180 7000 782641
1000 2840 1000 2860 335561
1000 5140 1000 5160 335561
7000 2840 7000 2860 335561
7000 5140 7000 5160 335561
2840 1000 2860 1000 335561
5140 1000 5160 1000 335561
2840 7000 2860 7000 335561
5140 7000 5160 7000 335561
1000 2860 1000 2880 598178
1000 5120 1000 5140 598178
7000 2860 7000 2880 598178
7000 5120 7000 5140 598178
2860 1000 2880 1000 598178
5120 1000 5140 1000 598178
2860 7000 2880 7000 598178
5120 7000 5140 7000 598178
1000 2880 1000 2900 386908
1000 5100 1000 5120 386908
7000 2880 7000 2900 386908
7000 5100 7000 5120 386908
2880 1000 2900 1000 386908
5100 1000 5120 1000 386908
2880 7000 2900 7000 386908
5100 7000 5120 7000 386908
1000 2900 1000 2920 692536
1000 5080 1000 5100 692536
7000 2900 7000 2920 692536
7000 5080 7000 5100 692536
2900 1000 2920 1000 692536
5080 1000 5100 1000 692536
2900 7000 2920 7000 692536
5080 7000 5100 7000 692536
1000 2920 1000 2940 177726
1000 5060 1000 5080 177726
7000 2920 7000 2940 177726
7000 5060 7000 5080 177726
2920 1000 2940 1000 177726
5060 1000 5080 1000 177726
2920 7000 2940 7000 177726
5060 7000 5080 7000 177726
1000 2940 1000 2960 453300
1000 5040 1000 5060 453300
7000 2940 7000 2960 453300
7000 5040 7000 5060 453300
2940 1000 2960 1000 453300
5040 1000 5060 1000 453300
2940 7000 2960 7000 453300
5040 7000 5060 7000 453300
1000 2960 1000 2980 477928
1000 5020 1000 5040 477928
7000 2960 7000 2980 477928
7000 5020 7000 5040 477928
2960 1000 2980 1000 477928
5020 1000 5040 1000 477928
2960 7000 2980 7000 477928
5020 7000 5040 7000 477928
1000 2980 1000 3000 581063
1000 5000 1000 5020 581063
7000 2980 7000 3000 581063
7000 5000 7000 5020 581063
2980 1000 3000 1000 581063
5000 1000 5020 1000 581063
2980 7000 3000 7000 581063
5000 7000 5020 7000 581063
1000 3000 1000 3020 2
1000 4980 1000 5000 2
7000 3000 7000 3020 2
7000 4980 7000 5000 2
3000 1000 3020 1000 2
4980 1000 5000 1000 2
3000 7000 3020 7000 2
4980 7000 5000 7000 2
1000 3020 1000 3040 280540
1000 4960 1000 4980 280540
7000 3020 7000 3040 280540
7000 4960 7000 4980 280540
3020 1000 3040 1000 280540
4960 1000 4980 1000 280540
3020 7000 3040 7000 280540
4960 7000 4980 7000 280540
1000 3040 1000 3060 343733
1000 4940 1000 4960 343733
7000 3040 7000 3060 343733
7000 4940 7000 4960 343733
3040 1000 3060 1000 343733
4940 1000 4960 1000 343733
3040 7000 3060 7000 343733
4940 7000 4960 7000 343733
1000 3060 1000 3080 243006
1000 4920 1000 4940 243006
7000 3060 7000 3080 243006
7000 4920 7000 4940 243006
3060 1000 3080 1000 243006
4920 1000 4940 1000 243006
3060 7000 3080 7000 243006
4920 7000 4940 7000 243006
1000 3080 1000 3100 502098
1000 4900 1000 4920 502098
7000 3080 7000 3100 502098
7000 4900 7000 4920 502098
3080 1000 3100 1000 502098
4900 1000 4920 1000 502098
3080 7000 3100 7000 502098
4900 7000 4920 7000 502098
1000 3100 1000 3120 346598
1000 4880 1000 4900 346598
7000 3100 7000 3120 346598
7000 4880 7000 4900 346598
3100 1000 3120 1000 346598
4880 1000 4900 1000 346598
3100 7000 3120 7000 346598
4880 7000 4900 7000 346598
1000 3120 1000 3140 238358
1000 4860 1000 4880 238358
7000 3120 7000 3140 238358
7000 4860 7000 4880 238358
3120 1000 3140 1000 238358
4860 1000 4880 1000 238358
3120 7000 3140 7000 238358
4860 7000 4880 7000 238358
1000 3140 1000 3160 329229
1000 4840 1000 4860 329229
7000 3140 7000 3160 329229
7000 4840 7000 4860 329229
3140 1000 3160 1000 329229
4840 1000 4860 1000 329229
3140 7000 3160 7000 329229
4840 7000 4860 7000 329229
1000 3160 1000 3180 356607
1000 4820 1000 4840 356607
7000 3160 7000 3180 356607
7000 4820 7000 4840 356607
3160 1000 3180 1000 356607
4820 1000 4840 1000 356607
3160 7000 3180 7000 356607
4820 7000 4840 7000 356607
1000 3180 1000 3200 538056
1000 4800 1000 4820 538056
7000 3180 7000 3200 538056
7000 4800 7000 4820 538056
3180 1000 3200 1000 538056
4800 1000 4820 1000 538056
3180 7000 3200 7000 538056
4800 7000 4820 7000 538056
1000 3200 1000 3220 574324
1000 4780 1000 4800 574324
7000 3200 7000 3220 574324
7000 4780 7000 4800 574324
3200 1000 3220 1000 574324
4780 1000 4800 1000 574324
3200 7000 3220 7000 574324
4780 7000 4800 7000 574324
1000 3220 1000 3240 610841
1000 4760 1000 4780 610841
7000 3220 7000 3240 610841
7000 4760 7000 4780 610841
3220 1000 3240 1000 610841
4760 1000 4780 1000 610841
3220 7000 3240 7000 610841
4760 7000 4780 7000 610841
1000 3240 1000 3260 586879
1000 4740 1000 4760 586879
7000 3240 7000 3260 586879
7000 4740 7000 4760 586879
3240 1000 3260 1000 586879
4740 1000 4760 1000 586879
3240 7000 3260 7000 586879
4740 7000 4760 7000 586879
1000 3260 1000 3280 734713
1000 4720 1000 4740 734713
7000 3260 7000 3280 734713
7000 4720 7000 4740 734713
3260 1000 3280 1000 734713
4720 1000 4740 1000 734713
3260 7000 3280 7000 734713
4720 7000 4740 7000 734713
1000 3280 1000 3300 533922
1000 4700 1000 4720 533922
7000 3280 7000 3300 533922
7000 4700 7000 4720 533922
3280 1000 3300 1000 533922
4700 1000 4720 1000 533922
3280 7000 3300 7000 533922
4700 7000 4720 7000 533922
1000 3300 1000 3320 858570
1000 4680 1000 4700 858570
7000 3300 7000 3320 858570
7000 4680 7000 4700 858570
3300 1000 3320 1000 858570
4680 1000 4700 1000 858570
3300 7000 3320 7000 858570
4680 7000 4700 7000 858570
1000 3320 1000 3340 767818
1000 4660 1000 4680 767818
7000 3320 7000 3340 767818
7000 4660 7000 4680 767818
3320 1000 3340 1000 767818
4660 1000 4680 1000 767818
3320 7000 3340 7000 767818
4660 7000 4680 7000 767818
1000 3340 1000 3360 622473
1000 4640 1000 4660 622473
7000 3340 7000 3360 622473
7000 4640 7000 4660 622473
3340 1000 3360 1000 622473
4640 1000 4660 1000 622473
3340 7000 3360 7000 622473
4640 7000 4660 7000 622473
1000 3360 1000 3380 1057545
1000 4620 1000 4640 1057545
7000 3360 7000 3380 1057545
7000 4620 7000 4640 1057545
3360 1000 3380 1000 1057545
4620 1000 4640 1000 1057545
3360 7000 3380 7000 1057545
4620 7000 4640 7000 1057545
1000 3380 1000 3400 584037
1000 4600 1000 4620 584037
7000 3380 7000 3400 584037
7000 4600 7000 4620 584037
3380 1000 3400 1000 584037
4600 1000 4620 1000 584037
3380 7000 3400 7000 584037
4600 7000 4620 7000 584037
1000 3400 1000 3420 972288
1000 4580 1000 4600 972288
7000 3400 7000 3420 972288
7000 4580 7000 4600 972288
3400 1000 3420 1000 972288
4580 1000 4600 1000 972288
3400 7000 3420 7000 972288
4580 7000 4600 7000 972288
1000 3420 1000 3440 841634
1000 4560 1000 4580 841634
7000 3420 7000 3440 841634
7000 4560 7000 4580 841634
3420 1000 3440 1000 841634
4560 1000 4580 1000 841634
3420 7000 3440 7000 841634
4560 7000 4580 7000 841634
1000 3440 1000 3460 1112899
1000 4540 1000 4560 1112899
7000 3440 7000 3460 1112899
7000 4540 7000 4560 1112899
3440 1000 3460 1000 1112899
4540 1000 4560 1000 1112899
3440 7000 3460 7000 1112899
4540 7000 4560 7000 1112899
1000 3460 1000 3480 731239
1000 4520 1000 4540 731239
7000 3460 7000 3480 731239
7000 4520 7000 4540 731239
3460 1000 3480 1000 731239
4520 1000 4540 1000 731239
3460 7000 3480 7000 731239
4520 7000 4540 7000 731239
1000 3480 1000 3500 952052
1000 4500 1000 4520 952052
7000 3480 7000 3500 952052
7000 4500 7000 4520 952052
3480 1000 3500 1000 952052
4500 1000 4520 1000 952052
3480 7000 3500 7000 952052
4500 7000 4520 7000 952052
1000 3500 1000 3520 708130
1000 4480 1000 4500 708130
7000 3500 7000 3520 708130
7000 4480 7000 4500 708130
3500 1000 3520 1000 708130
4480 1000 4500 1000 708130
3500 7000 3520 7000 708130
4480 7000 4500 7000 708130
1000 3520 1000 3540 894198
1000 4460 1000 4480 894198
7000 3520 7000 3540 894198
7000 4460 7000 4480 894198
3520 1000 3540 1000 894198
4460 1000 4480 1000 894198
3520 7000 3540 7000 894198
4460 7000 4480 7000 894198
1000 3540 1000 3560 1037860
1000 4440 1000 4460 1037860
7000 3540 7000 3560 1037860
7000 4440 7000 4460 1037860
3540 1000 3560 1000 1037860
4440 1000 4460 1000 1037860
3540 7000 3560 7000 1037860
4440 7000 4460 7000 1037860
1000 3560 1000 3580 885403
1000 4420 1000 4440 885403
7000 3560 7000 3580 885403
7000 4420 7000 4440 885403
3560 1000 3580 1000 885403
4420 1000 4440 1000 885403
3560 7000 3580 7000 885403
4420 7000 4440 7000 885403
1000 3580 1000 3600 764132
1000 4400 1000 4420 764132
7000 3580 7000 3600 764132
7000 4400 7000 4420 764132
3580 1000 3600 1000 764132
4400 1000 4420 1000 764132
3580 7000 3600 7000 764132
4400 7000 4420 7000 764132
1000 3600 1000 3620 997261
1000 4380 1000 4400 997261
7000 3600 7000 3620 997261
7000 4380 7000 4400 997261
3600 1000 3620 1000 997261
4380 1000 4400 1000 997261
3600 7000 3620 7000 997261
4380 7000 4400 7000 997261
1000 3620 1000 3640 1078635
1000 4360 1000 4380 1078635
7000 3620 7000 3640 1078635
7000 4360 7000 4380 1078635
3620 1000 3640 1000 1078635
4360 1000 4380 1000 1078635
3620 7000 3640 7000 1078635
4360 7000 4380 7000 1078635
1000 3640 1000 3660 589406
1000 4340 1000 4360 589406
7000 3640 7000 3660 589406
7000 4340 7000 4360 589406
3640 1000 3660 1000 589406
4340 1000 4360 1000 589406
3640 7000 3660 7000 589406
4340 7000 4360 7000 589406
1000 3660 1000 3680 757330
1000 4320 1000 4340 757330
7000 3660 7000 3680 757330
7000 4320 7000 4340 757330
3660 1000 3680 1000 757330
4320 1000 4340 1000 757330
3660 7000 3680 7000 757330
4320 7000 4340 7000 757330
1000 3680 1000 3700 739802
1000 4300 1000 4320 739802
7000 3680 7000 3700 739802
7000 4300 7000 4320 739802
3680 1000 3700 1000 739802
4300 1000 4320 1000 739802
3680 7000 3700 7000 739802
4300 7000 4320 7000 739802
1000 3700 1000 3720 831961
1000 4280 1000 4300 831961
7000 3700 7000 3720 831961
7000 4280 7000 4300 831961
3700 1000 3720 1000 831961
4280 1000 4300 1000 831961
3700 7000 3720 7000 831961
4280 7000 4300 7000 831961
1000 3720 1000 3740 689663
1000 4260 1000 4280 689663
7000 3720 7000 3740 689663
7000 4260 7000 4280 689663
3720 1000 3740 1000 689663
4260 1000 4280 1000 689663
3720 7000 3740 7000 689663
4260 7000 4280 7000 689663
1000 3740 1000 3760 612957
1000 4240 1000 4260 612957
7000 3740 7000 3760 612957
7000 4240 7000 4260 612957
3740 1000 3760 1000 612957
4240 1000 4260 1000 612957
3740 7000 3760 7000 612957
4240 7000 4260 7000 612957
1000 3760 1000 3780 618900
1000 4220 1000 4240 618900
7000 3760 7000 3780 618900
7000 4220 7000 4240 618900
3760 1000 3780 1000 618900
4220 1000 4240 1000 618900
3760 7000 3780 7000 618900
4220 7000 4240 7000 618900
1000 3780 1000 3800 507625
1000 4200 1000 4220 507625
7000 3780 7000 3800 507625
7000 4200 7000 4220 507625
3780 1000 3800 1000 507625
4200 1000 4220 1000 507625
3780 7000 3800 7000 507625
4200 7000 4220 7000 507625
1000 3800 1000 3820 680445
1000 4180 1000 4200 680445
7000 3800 7000 3820 680445
7000 4180 7000 4200 680445
3800 1000 3820 1000 680445
4180 1000 4200 1000 680445
3800 7000 3820 7000 680445
4180 7000 4200 7000 680445
1000 3820 1000 3840 507976
1000 4160 1000 4180 507976
7000 3820 7000 3840 507976
7000 4160 7000 4180 507976
3820 1000 3840 1000 507976
4160 1000 4180 1000 507976
3820 7000 3840 7000 507976
4160 7000 4180 7000 507976
1000 3840 1000 3860 276048
1000 4140 1000 4160 276048
7000 3840 7000 3860 276048
7000 4140 7000 4160 276048
3840 1000 3860 1000 276048
4140 1000 4160 1000 276048
3840 7000 3860 7000 276048
4140 7000 4160 7000 276048
1000 3860 1000 3880 422962
1000 4120 1000 4140 422962
7000 3860 7000 3880 422962
7000 4120 7000 4140 422962
3860 1000 3880 1000 422962
4120 1000 4140 1000 422962
3860 7000 3880 7000 422962
4120 7000 4140 7000 422962
1000 3880 1000 3900 516234
1000 4100 1000 4120 516234
7000 3880 7000 3900 516234
7000 4100 7000 4120 516234
3880 1000 3900 1000 516234
4100 1000 4120 1000 516234
3880 7000 3900 7000 516234
4100 7000 4120 7000 516234
1000 3900 1000 3920 292660
1000 4080 1000 4100 292660
7000 3900 7000 3920 292660
7000 4080 7000 4100 292660
3900 1000 3920 1000 292660
4080 1000 4100 1000 292660
3900 7000 3920 7000 292660
4080 7000 4100 7000 292660
1000 3920 1000 3940 255685
1000 4060 1000 4080 255685
7000 3920 7000 3940 255685
7000 4060 7000 4080 255685
3920 1000 3940 1000 255685
4060 1000 4080 1000 255685
3920 7000 3940 7000 255685
4060 7000 4080 7000 255685
1000 3940 1000 3960 242544
1000 4040 1000 4060 242544
7000 3940 7000 3960 242544
7000 4040 7000 4060 242544
3940 1000 3960 1000 242544
4040 1000 4060 1000 242544
3940 7000 3960 7000 242544
4040 7000 4060 7000 242544
1000 3960 1000 3980 243006
1000 4020 1000 4040 243006
7000 3960 7000 3980 243006
7000 4020 7000 4040 243006
3960 1000 3980 1000 243006
4020 1000 4040 1000 243006
3960 7000 3980 7000 243006
4020 7000 4040 7000 243006
1000 3980 1000 4000 207901
1000 4000 1000 4020 207901
7000 3980 7000 4000 207901
7000 4000 7000 4020 207901
3980 1000 4000 1000 207901
4000 1000 4020 1000 207901
3980 7000 4000 7000 207901
4000 7000 4020 7000 207901
2000 300 2000 320 500305
2000 7680 2000 7700 500305
6000 300 6000 320 500305
6000 7680 6000 7700 500305
300 2000 320 2000 500305
7680 2000 7700 2000 500305
300 6000 320 6000 500305
7680 6000 7700 6000 500305
2000 320 2000 340 4214
2000 7660 2000 7680 4214
6000 320 6000 340 4214
6000 7660 6000 7680 4214
320 2000 340 2000 4214
7660 2000 7680 2000 4214
320 6000 340 6000 4214
7660 6000 7680 6000 4214
2000 340 2000 360 67669
2000 7640 2000 7660 67669
6000 340 6000 360 67669
6000 7640 6000 7660 67669
340 2000 360 2000 67669
7640 2000 7660 2000 67669
340 6000 360 6000 67669
7640 6000 7660 6000 67669
2000 360 2000 380 151953
2000 7620 2000 7640 151953
6000 360 6000 380 151953
6000 7620 6000 7640 151953
360 2000 380 2000 151953
7620 2000 7640 2000 151953
360 6000 380 6000 151953
7620 6000 7640 6000 151953
2000 380 2000 400 164465
2000 7600 2000 7620 164465
6000 380 6000 400 164465
6000 7600 6000 7620 164465
380 2000 400 2000 164465
7600 2000 7620 2000 164465
380 6000 400 6000 164465
7600 6000 7620 6000 164465
2000 400 2000 420 252483
2000 7580 2000 7600 252483
6000 400 6000 420 252483
6000 7580 6000 7600 252483
400 2000 420 2000 252483
7580 2000 7600 2000 252483
400 6000 420 6000 252483
7580 6000 7600 6000 252483
2000 420 2000 440 1233
2000 7560 2000 7580 1233
6000 420 6000 440 1233
6000 7560 6000 7580 1233
420 2000 440 2000 1233
7560 2000 7580 2000 1233
420 6000 440 6000 1233
7560 6000 7580 6000 1233
2000 440 2000 460 2
2000 7540 2000 7560 2
6000 440 6000 460 2
6000 7540 6000 7560 2
440 2000 460 2000 2
7540 2000 7560 2000 2
440 6000 460 6000 2
7540 6000 7560 6000 2
2000 460 2000 480 162264
2000 7520 2000 7540 162264
6000 460 6000 480 162264
6000 7520 6000 7540 162264
460 2000 480 2000 162264
7520 2000 7540 2000 162264
460 6000 480 6000 162264
7520 6000 7540 6000 162264
2000 480 2000 500 654057
2000 7500 2000 7520 654057
6000 480 6000 500 654057
6000 7500 6000 7520 654057
480 2000 500 2000 654057
7500 2000 7520 2000 654057
480 6000 500 6000 654057
7500 6000 7520 6000 654057
2000 500 2000 520 875125
2000 7480 2000 7500 875125
6000 500 6000 520 875125
6000 7480 6000 7500 875125
500 2000 520 2000 875125
7480 2000 7500 2000 875125
500 6000 520 6000 875125
7480 6000 7500 6000 875125
2000 520 2000 540 765928
2000 7460 2000 7480 765928
6000 520 6000 540 765928
6000 7460 6000 7480 765928
520 2000 540 2000 765928
7460 2000 7480 2000 765928
520 6000 540 6000 765928
7460 6000 7480 6000 765928
2000 540 2000 560 1435506
2000 7440 2000 7460 1435506
6000 540 6000 560 1435506
6000 7440 6000 7460 1435506
540 2000 560 2000 1435506
7440 2000 7460 2000 1435506
540 6000 560 6000 1435506
7440 6000 7460 6000 1435506
2000 560 2000 580 509208
2000 7420 2000 7440 509208
6000 560 6000 580 509208
6000 7420 6000 7440 509208
560 2000 580 2000 509208
7420 2000 7440 2000 509208
560 6000 580 6000 509208
7420 6000 7440 6000 509208
2000 580 2000 600 903618
2000 7400 2000 7420 903618
6000 580 6000 600 903618
6000 7400 6000 7420 903618
580 2000 600 2000 903618
7400 2000 7420 2000 903618
580 6000 600 6000 903618
7400 6000 7420 6000 903618
2000 600 2000 620 1529205
2000 7380 2000 7400 1529205
6000 600 6000 620 1529205
6000 7380 6000 7400 1529205
600 2000 620 2000 1529205
7380 2000 7400 2000 1529205
600 6000 620 6000 1529205
7380 6000 7400 6000 1529205
2000 620 2000 640 894853
2000 7360 2000 7380 894853
6000 620 6000 640 894853
6000 7360 6000 7380 894853
620 2000 640 2000 894853
7360 2000 7380 2000 894853
620 6000 640 6000 894853
7360 6000 7380 6000 894853
2000 640 2000 660 1265152
2000 7340 2000 7360 1265152
6000 640 6000 660 1265152
6000 7340 6000 7360 1265152
640 2000 660 2000 1265152
7340 2000 7360 2000 1265152
640 6000 660 6000 1265152
7340 6000 7360 6000 1265152
2000 660 2000 680 1126728
2000 7320 2000 7340 1126728
6000 660 6000 680 1126728
6000 7320 6000 7340 1126728
660 2000 680 2000 1126728
7320 2000 7340 2000 1126728
660 6000 680 6000 1126728
7320 6000 7340 6000 1126728
2000 680 2000 700 2096431
2000 7300 2000 7320 2096431
6000 680 6000 700 2096431
6000 7300 6000 7320 2096431
680 2000 700 2000 2096431
7300 2000 7320 2000 2096431
680 6000 700 6000 2096431
7300 6000 7320 6000 2096431
2000 700 2000 720 437104
2000 7280 2000 7300 437104
6000 700 6000 720 437104
6000 7280 6000 7300 437104
700 2000 720 2000 437104
7280 2000 7300 2000 437104
700 6000 720 6000 437104
7280 6000 7300 6000 437104
2000 720 2000 740 1694708
2000 7260 2000 7280 1694708
6000 720 6000 740 1694708
6000 7260 6000 7280 1694708
720 2000 740 2000 1694708
7260 2000 7280 2000 1694708
720 6000 740 6000 1694708
7260 6000 7280 6000 1694708
2000 740 2000 760 1955382
2000 7240 2000 7260 1955382
6000 740 6000 760 1955382
6000 7240 6000 7260 1955382
740 2000 760 2000 1955382
7240 2000 7260 2000 1955382
740 6000 760 6000 1955382
7240 6000 7260 6000 1955382
2000 760 2000 780 1897939
2000 7220 2000 7240 1897939
6000 760 6000 780 1897939
6000 7220 6000 7240 1897939
760 2000 780 2000 1897939
7220 2000 7240 2000 1897939
760 6000 780 6000 1897939
7220 6000 7240 6000 1897939
2000 780 2000 800 1456592
2000 7200 2000 7220 1456592
6000 780 6000 800 1456592
6000 7200 6000 7220 1456592
780 2000 800 2000 1456592
7200 2000 7220 2000 1456592
780 6000 800 6000 1456592
7200 6000 7220 6000 1456592
2000 800 2000 820 1827119
2000 7180 2000 7200 1827119
6000 800 6000 820 1827119
6000 7180 6000 7200 1827119
800 2000 820 2000 1827119
7180 2000 7200 2000 1827119
800 6000 820 6000 1827119
7180 6000 7200 6000 1827119
2000 820 2000 840 1888913
2000 7160 2000 7180 1888913
6000 820 6000 840 1888913
6000 7160 6000 7180 1888913
820 2000 840 2000 1888913
7160 2000 7180 2000 1888913
820 6000 840 6000 1888913
7160 6000 7180 6000 1888913
2000 840 2000 860 1938618
2000 7140 2000 7160 1938618
6000 840 6000 860 1938618
6000 7140 6000 7160 1938618
840 2000 860 2000 1938618
7140 2000 7160 2000 1938618
840 6000 860 6000 1938618
7140 6000 7160 6000 1938618
2000 860 2000 880 3349264
2000 7120 2000 7140 3349264
6000 860 6000 880 3349264
6000 7120 6000 7140 3349264
860 2000 880 2000 3349264
7120 2000 7140 2000 3349264
860 6000 880 6000 3349264
7120 6000 7140 6000 3349264
2000 880 2000 900 1499205
2000 7100 2000 7120 1499205
6000 880 6000 900 1499205
6000 7100 6000 7120 1499205
880 2000 900 2000 1499205
7100 2000 7120 2000 1499205
880 6000 900 6000 1499205
7100 6000 7120 6000 1499205
2000 900 2000 920 2937613
2000 7080 2000 7100 2937613
6000 900 6000 920 2937613
6000 7080 6000 7100 2937613
900 2000 920 2000 2937613
7080 2000 7100 2000 2937613
900 6000 920 6000 2937613
7080 6000 7100 6000 2937613
2000 920 2000 940 1206406
2000 7060 2000 7080 1206406
6000 920 6000 940 1206406
6000 7060 6000 7080 1206406
920 2000 940 2000 1206406
7060 2000 7080 2000 1206406
920 6000 940 6000 1206406
7060 6000 7080 6000 1206406
2000 940 2000 960 3582131
2000 7040 2000 7060 3582131
6000 940 6000 960 3582131
6000 7040 6000 7060 3582131
940 2000 960 2000 3582131
7040 2000 7060 2000 3582131
940 6000 960 6000 3582131
7040 6000 7060 6000 3582131
2000 960 2000 980 1848073
2000 7020 2000 7040 1848073
6000 960 6000 980 1848073
6000 7020 6000 7040 1848073
960 2000 980 2000 1848073
7020 2000 7040 2000 1848073
960 6000 980 6000 1848073
7020 6000 7040 6000 1848073
2000 980 2000 1000 9068292
2000 7000 2000 7020 9068292
6000 980 6000 1000 9068292
6000 7000 6000 7020 9068292
980 2000 1000 2000 9068292
7000 2000 7020 2000 9068292
980 6000 1000 6000 9068292
7000 6000 7020 6000 9068292
2000 1000 2000 1020 2
2000 6980 2000 7000 2
6000 1000 6000 1020 2
6000 6980 6000 7000 2
1000 2000 1020 2000 2
6980 2000 7000 2000 2
1000 6000 1020 6000 2
6980 6000 7000 6000 2
2000 1020 2000 1040 58041
2000 6960 2000 6980 58041
6000 1020 6000 1040 58041
6000 6960 6000 6980 58041
1020 2000 1040 2000 58041
6960 2000 6980 2000 58041
1020 6000 1040 6000 58041
6960 6000 6980 6000 58041
2000 1040 2000 1060 153667
2000 6940 2000 6960 153667
6000 1040 6000 1060 153667
6000 6940 6000 6960 153667
1040 2000 1060 2000 153667
6940 2000 6960 2000 153667
1040 6000 1060 6000 153667
6940 6000 6960 6000 153667
2000 1060 2000 1080 188525
2000 6920 2000 6940 188525
6000 1060 6000 1080 188525
6000 6920 6000 6940 188525
1060 2000 1080 2000 188525
6920 2000 6940 2000 188525
1060 6000 1080 6000 188525
6920 6000 6940 6000 188525
2000 1080 2000 1100 327643
2000 6900 2000 6920 327643
6000 1080 6000 1100 327643
6000 6900 6000 6920 327643
1080 2000 1100 2000 327643
6900 2000 6920 2000 327643
1080 6000 1100 6000 327643
6900 6000 6920 6000 327643
2000 1100 2000 1120 269980
2000 6880 2000 6900 269980
6000 1100 6000 1120 269980
6000 6880 6000 6900 269980
1100 2000 1120 2000 269980
6880 2000 6900 2000 269980
1100 6000 1120 6000 269980
6880 6000 6900 6000 269980
2000 1120 2000 1140 307811
2000 6860 2000 6880 307811
6000 1120 6000 1140 307811
6000 6860 6000 6880 307811
1120 2000 1140 2000 307811
6860 2000 6880 2000 307811
1120 6000 1140 6000 307811
6860 6000 6880 6000 307811
2000 1140 2000 1160 151260
2000 6840 2000 6860 151260
6000 1140 6000 1160 151260
6000 6840 6000 6860 151260
1140 2000 1160 2000 151260
6840 2000 6860 2000 151260
1140 6000 1160 6000 151260
6840 6000 6860 6000 151260
2000 1160 2000 1180 361100
2000 6820 2000 6840 361100
6000 1160 6000 1180 361100
6000 6820 6000 6840 361100
1160 2000 1180 2000 361100
6820 2000 6840 2000 361100
1160 6000 1180 6000 361100
6820 6000 6840 6000 361100
2000 1180 2000 1200 418493
2000 6800 2000 6820 418493
6000 1180 6000 1200 418493
6000 6800 6000 6820 418493
1180 2000 1200 2000 418493
6800 2000 6820 2000 418493
1180 6000 1200 6000 418493
6800 6000 6820 6000 418493
2000 1200 2000 1220 495924
2000 6780 2000 6800 495924
6000 1200 6000 1220 495924
6000 6780 6000 6800 495924
1200 2000 1220 2000 495924
6780 2000 6800 2000 495924
1200 6000 1220 6000 495924
6780 6000 6800 6000 495924
2000 1220 2000 1240 599736
2000 6760 2000 6780 599736
6000 1220 6000 1240 599736
6000 6760 6000 6780 599736
1220 2000 1240 2000 599736
6760 2000 6780 2000 599736
1220 6000 1240 6000 599736
6760 6000 6780 6000 599736
2000 1240 2000 1260 390656
2000 6740 2000 6760 390656
6000 1240 6000 1260 390656
6000 6740 6000 6760 390656
1240 2000 1260 2000 390656
6740 2000 6760 2000 390656
1240 6000 1260 6000 390656
6740 6000 6760 6000 390656
2000 1260 2000 1280 1120505
2000 6720 2000 6740 1120505
6000 1260 6000 1280 1120505
6000 6720 6000 6740 1120505
1260 2000 1280 2000 1120505
6720 2000 6740 2000 1120505
1260 6000 1280 6000 1120505
6720 6000 6740 6000 1120505
2000 1280 2000 1300 1017848
2000 6700 2000 6720 1017848
6000 1280 6000 1300 1017848
6000 6700 6000 6720 1017848
1280 2000 1300 2000 1017848
6700 2000 6720 2000 1017848
1280 6000 1300 6000 1017848
6700 6000 6720 6000 1017848
2000 1300 2000 1320 1182520
2000 6680 2000 6700 1182520
6000 1300 6000 1320 1182520
6000 6680 6000 6700 1182520
1300 2000 1320 2000 1182520
6680 2000 6700 2000 1182520
1300 6000 1320 6000 1182520
6680 6000 6700 6000 1182520
2000 1320 2000 1340 931245
2000 6660 2000 6680 931245
6000 1320 6000 1340 931245
6000 6660 6000 6680 931245
1320 2000 1340 2000 931245
6660 2000 6680 2000 931245
1320 6000 1340 6000 931245
6660 6000 6680 6000 931245
2000 1340 2000 1360 1033108
2000 6640 2000 6660 1033108
6000 1340 6000 1360 1033108
6000 6640 6000 6660 1033108
1340 2000 1360 2000 1033108
6640 2000 6660 2000 1033108
1340 6000 1360 6000 1033108
6640 6000 6660 6000 1033108
2000 1360 2000 1380 1012487
2000 6620 2000 6640 1012487
6000 1360 6000 1380 1012487
6000 6620 6000 6640 1012487
1360 2000 1380 2000 1012487
6620 2000 6640 2000 1012487
1360 6000 1380 6000 1012487
6620 6000 6640 6000 1012487
2000 1380 2000 1400 882288
2000 6600 2000 6620 882288
6000 1380 6000 1400 882288
6000 6600 6000 6620 882288
1380 2000 1400 2000 882288
6600 2000 6620 2000 882288
1380 6000 1400 6000 882288
6600 6000 6620 6000 882288
2000 1400 2000 1420 1029107
2000 6580 2000 6600 1029107
6000 1400 6000 1420 1029107
6000 6580 6000 6600 1029107
1400 2000 1420 2000 1029107
6580 2000 6600 2000 1029107
1400 6000 1420 6000 1029107
6580 6000 6600 6000 1029107
2000 1420 2000 1440 750994
2000 6560 2000 6580 750994
6000 1420 6000 1440 750994
6000 6560 6000 6580 750994
1420 2000 1440 2000 750994
6560 2000 6580 2000 750994
1420 6000 1440 6000 750994
6560 6000 6580 6000 750994
2000 1440 2000 1460 817640
2000 6540 2000 6560 817640
6000 1440 6000 1460 817640
6000 6540 6000 6560 817640
1440 2000 1460 2000 817640
6540 2000 6560 2000 817640
1440 6000 1460 6000 817640
6540 6000 6560 6000 817640
2000 1460 2000 1480 943040
2000 6520 2000 6540 943040
6000 1460 6000 1480 943040
6000 6520 6000 6540 943040
1460 2000 1480 2000 943040
6520 2000 6540 2000 943040
1460 6000 1480 6000 943040
6520 6000 6540 6000 943040
2000 1480 2000 1500 835165
2000 6500 2000 6520 835165
6000 1480 6000 1500 835165
6000 6500 6000 6520 835165
1480 2000 1500 2000 835165
6500 2000 6520 2000 835165
1480 6000 1500 6000 835165
6500 6000 6520 6000 835165
2000 1500 2000 1520 1061728
2000 6480 2000 6500 1061728
6000 1500 6000 1520 1061728
6000 6480 6000 6500 1061728
1500 2000 1520 2000 1061728
6480 2000 6500 2000 1061728
1500 6000 1520 6000 1061728
6480 6000 6500 6000 1061728
2000 1520 2000 1540 1058087
2000 6460 2000 6480 1058087
6000 1520 6000 1540 1058087
6000 6460 6000 6480 1058087
1520 2000 1540 2000 1058087
6460 2000 6480 2000 1058087
1520 6000 1540 6000 1058087
6460 6000 6480 6000 1058087
2000 1540 2000 1560 945027
2000 6440 2000 6460 945027
6000 1540 6000 1560 945027
6000 6440 6000 6460 945027
1540 2000 1560 2000 945027
6440 2000 6460 2000 945027
1540 6000 1560 6000 945027
6440 6000 6460 6000 945027
2000 1560 2000 1580 832120
2000 6420 2000 6440 832120
6000 1560 6000 1580 832120
6000 6420 6000 6440 832120
1560 2000 1580 2000 832120
6420 2000 6440 2000 832120
1560 6000 1580 6000 832120
6420 6000 6440 6000 832120
2000 1580 2000 1600 933015
2000 6400 2000 6420 933015
6000 1580 6000 1600 933015
6000 6400 6000 6420 933015
1580 2000 1600 2000 933015
6400 2000 6420 2000 933015
1580 6000 1600 6000 933015
6400 6000 6420 6000 933015
2000 1600 2000 1620 920524
2000 6380 2000 6400 920524
6000 1600 6000 1620 920524
6000 6380 6000 6400 920524
1600 2000 1620 2000 920524
6380 2000 6400 2000 920524
1600 6000 1620 6000 920524
6380 6000 6400 6000 920524
2000 1620 2000 1640 231719
2000 6360 2000 6380 231719
6000 1620 6000 1640 231719
6000 6360 6000 6380 231719
1620 2000 1640 2000 231719
6360 2000 6380 2000 231719
1620 6000 1640 6000 231719
6360 6000 6380 6000 231719
2000 1640 2000 1660 837845
2000 6340 2000 6360 837845
6000 1640 6000 1660 837845
6000 6340 6000 6360 837845
1640 2000 1660 2000 837845
6340 2000 6360 2000 837845
1640 6000 1660 6000 837845
6340 6000 6360 6000 837845
2000 1660 2000 1680 941889
2000 6320 2000 6340 941889
6000 1660 6000 1680 941889
6000 6320 6000 6340 941889
1660 2000 1680 2000 941889
6320 2000 6340 2000 941889
1660 6000 1680 6000 941889
6320 6000 6340 6000 941889
2000 1680 2000 1700 932632
2000 6300 2000 6320 932632
6000 1680 6000 1700 932632
6000 6300 6000 6320 932632
1680 2000 1700 2000 932632
6300 2000 6320 2000 932632
1680 6000 1700 6000 932632
6300 6000 6320 6000 932632
2000 1700 2000 1720 1142491
2000 6280 2000 6300 1142491
6000 1700 6000 1720 1142491
6000 6280 6000 6300 1142491
1700 2000 1720 2000 1142491
6280 2000 6300 2000 1142491
1700 6000 1720 6000 1142491
6280 6000 6300 6000 1142491
2000 1720 2000 1740 171462
2000 6260 2000 6280 171462
6000 1720 6000 1740 171462
6000 6260 6000 6280 171462
1720 2000 1740 2000 171462
6260 2000 6280 2000 171462
1720 6000 1740 6000 171462
6260 6000 6280 6000 171462
2000 1740 2000 1760 1119863
2000 6240 2000 6260 1119863
6000 1740 6000 1760 1119863
6000 6240 6000 6260 1119863
1740 2000 1760 2000 1119863
6240 2000 6260 2000 1119863
1740 6000 1760 6000 1119863
6240 6000 6260 6000 1119863
2000 1760 2000 1780 1028675
2000 6220 2000 6240 1028675
6000 1760 6000 1780 1028675
6000 6220 6000 6240 1028675
1760 2000 1780 2000 1028675
6220 2000 6240 2000 1028675
1760 6000 1780 6000 1028675
6220 6000 6240 6000 1028675
2000 1780 2000 1800 459896
2000 6200 2000 6220 459896
6000 1780 6000 1800 459896
6000 6200 6000 6220 459896
1780 2000 1800 2000 459896
6200 2000 6220 2000 459896
1780 6000 1800 6000 459896
6200 6000 6220 6000 459896
2000 1800 2000 1820 1398197
2000 6180 2000 6200 1398197
6000 1800 6000 1820 1398197
6000 6180 6000 6200 1398197
1800 2000 1820 2000 1398197
6180 2000 6200 2000 1398197
1800 6000 1820 6000 1398197
6180 6000 6200 6000 1398197
2000 1820 2000 1840 540120
2000 6160 2000 6180 540120
6000 1820 6000 1840 540120
6000 6160 6000 6180 540120
1820 2000 1840 2000 540120
6160 2000 6180 2000 540120
1820 6000 1840 6000 540120
6160 6000 6180 6000 540120
2000 1840 2000 1860 463069
2000 6140 2000 6160 463069
6000 1840 6000 1860 463069
6000 6140 6000 6160 463069
1840 2000 1860 2000 463069
6140 2000 6160 2000 463069
1840 6000 1860 6000 463069
6140 6000 6160 6000 463069
2000 1860 2000 1880 911960
2000 6120 2000 6140 911960
6000 1860 6000 1880 911960
6000 6120 6000 6140 911960
1860 2000 1880 2000 911960
6120 2000 6140 2000 911960
1860 6000 1880 6000 911960
6120 6000 6140 6000 911960
2000 1880 2000 1900 704529
2000 6100 2000 6120 704529
6000 1880 6000 1900 704529
6000 6100 6000 6120 704529
1880 2000 1900 2000 704529
6100 2000 6120 2000 704529
1880 6000 1900 6000 704529
6100 6000 6120 6000 704529
2000 1900 2000 1920 804623
2000 6080 2000 6100 804623
6000 1900 6000 1920 804623
6000 6080 6000 6100 804623
1900 2000 1920 2000 804623
6080 2000 6100 2000 804623
1900 6000 1920 6000 804623
6080 6000 6100 6000 804623
2000 1920 2000 1940 982661
2000 6060 2000 6080 982661
6000 1920 6000 1940 982661
6000 6060 6000 6080 982661
1920 2000 1940 2000 982661
6060 2000 6080 2000 982661
1920 6000 1940 6000 982661
6060 6000 6080 6000 982661
2000 1940 2000 1960 806384
2000 6040 2000 6060 806384
6000 1940 6000 1960 806384
6000 6040 6000 6060 806384
1940 2000 1960 2000 806384
6040 2000 6060 2000 806384
1940 6000 1960 6000 806384
6040 6000 6060 6000 806384
2000 1960 2000 1980 768565
2000 6020 2000 6040 768565
6000 1960 6000 1980 768565
6000 6020 6000 6040 768565
1960 2000 1980 2000 768565
6020 2000 6040 2000 768565
1960 6000 1980 6000 768565
6020 6000 6040 6000 768565
2000 1980 2000 2000 999060
2000 6000 2000 6020 999060
6000 1980 6000 2000 999060
6000 6000 6000 6020 999060
1980 2000 2000 2000 999060
6000 2000 6020 2000 999060
1980 6000 2000 6000 999060
6000 6000 6020 6000 999060
2000 2000 2000 2020 175279
2000 5980 2000 6000 175279
6000 2000 6000 2020 175279
6000 5980 6000 6000 175279
2000 2000 2020 2000 175279
5980 2000 6000 2000 175279
2000 6000 2020 6000 175279
5980 6000 6000 6000 175279
2000 2020 2000 2040 250632
2000 5960 2000 5980 250632
6000 2020 6000 2040 250632
6000 5960 6000 5980 250632
2020 2000 2040 2000 250632
5960 2000 5980 2000 250632
2020 6000 2040 6000 250632
5960 6000 5980 6000 250632
2000 2040 2000 2060 244818
2000 5940 2000 5960 244818
6000 2040 6000 2060 244818
6000 5940 6000 5960 244818
2040 2000 2060 2000 244818
5940 2000 5960 2000 244818
2040 6000 2060 6000 244818
5940 6000 5960 6000 244818
2000 2060 2000 2080 245525
2000 5920 2000 5940 245525
6000 2060 6000 2080 245525
6000 5920 6000 5940 245525
2060 2000 2080 2000 245525
5920 2000 5940 2000 245525
2060 6000 2080 6000 245525
5920 6000 5940 6000 245525
2000 2080 2000 2100 319885
2000 5900 2000 5920 319885
6000 2080 6000 2100 319885
6000 5900 6000 5920 319885
2080 2000 2100 2000 319885
5900 2000 5920 2000 319885
2080 6000 2100 6000 319885
5900 6000 5920 6000 319885
2000 2100 2000 2120 299302
2000 5880 2000 5900 299302
6000 2100 6000 2120 299302
6000 5880 6000 5900 299302
2100 2000 2120 2000 299302
5880 2000 5900 2000 299302
2100 6000 2120 6000 299302
5880 6000 5900 6000 299302
2000 2120 2000 2140 329804
2000 5860 2000 5880 329804
6000 2120 6000 2140 329804
6000 5860 6000 5880 329804
2120 2000 2140 2000 329804
5860 2000 5880 2000 329804
2120 6000 2140 6000 329804
5860 6000 5880 6000 329804
2000 2140 2000 2160 363109
2000 5840 2000 5860 363109
6000 2140 6000 2160 363109
6000 5840 6000 5860 363109
2140 2000 2160 2000 363109
5840 2000 5860 2000 363109
2140 6000 2160 6000 363109
5840 6000 5860 6000 363109
2000 2160 2000 2180 408331
2000 5820 2000 5840 408331
6000 2160 6000 2180 408331
6000 5820 6000 5840 408331
2160 2000 2180 2000 408331
5820 2000 5840 2000 408331
2160 6000 2180 6000 408331
5820 6000 5840 6000 408331
2000 2180 2000 2200 364548
2000 5800 2000 5820 364548
6000 2180 6000 2200 364548
6000 5800 6000 5820 364548
2180 2000 2200 2000 364548
5800 2000 5820 2000 364548
2180 6000 2200 6000 364548
5800 6000 5820 6000 364548
2000 2200 2000 2220 437441
2000 5780 2000 5800 437441
6000 2200 6000 2220 437441
6000 5780 6000 5800 437441
2200 2000 2220 2000 437441
5780 2000 5800 2000 437441
2200 6000 2220 6000 437441
5780 6000 5800 6000 437441
2000 2220 2000 2240 437164
2000 5760 2000 5780 437164
6000 2220 6000 2240 437164
6000 5760 6000 5780 437164
2220 2000 2240 2000 437164
5760 2000 5780 2000 437164
2220 6000 2240 6000 437164
5760 6000 5780 6000 437164
2000 2240 2000 2260 538065
2000 5740 2000 5760 538065
6000 2240 6000 2260 538065
6000 5740 6000 5760 538065
2240 2000 2260 2000 538065
5740 2000 5760 2000 538065
2240 6000 2260 6000 538065
5740 6000 5760 6000 538065
2000 2260 2000 2280 489803
2000 5720 2000 5740 489803
6000 2260 6000 2280 489803
6000 5720 6000 5740 489803
2260 2000 2280 2000 489803
5720 2000 5740 2000 489803
2260 6000 2280 6000 489803
5720 6000 5740 6000 489803
2000 2280 2000 2300 601376
2000 5700 2000 5720 601376
6000 2280 6000 2300 601376
6000 5700 6000 5720 601376
2280 2000 2300 2000 601376
5700 2000 5720 2000 601376
2280 6000 2300 6000 601376
5700 6000 5720 6000 601376
2000 2300 2000 2320 858880
2000 5680 2000 5700 858880
6000 2300 6000 2320 858880
6000 5680 6000 5700 858880
2300 2000 2320 2000 858880
5680 2000 5700 2000 858880
2300 6000 2320 6000 858880
5680 6000 5700 6000 858880
2000 2320 2000 2340 611616
2000 5660 2000 5680 611616
6000 2320 6000 2340 611616
6000 5660 6000 5680 611616
2320 2000 2340 2000 611616
5660 2000 5680 2000 611616
2320 6000 2340 6000 611616
5660 6000 5680 6000 611616
2000 2340 2000 2360 643333
2000 5640 2000 5660 643333
6000 2340 6000 2360 643333
6000 5640 6000 5660 643333
2340 2000 2360 2000 643333
5640 2000 5660 2000 643333
2340 6000 2360 6000 643333
5640 6000 5660 6000 643333
2000 2360 2000 2380 767293
2000 5620 2000 5640 767293
6000 2360 6000 2380 767293
6000 5620 6000 5640 767293
2360 2000 2380 2000 767293
5620 2000 5640 2000 767293
2360 6000 2380 6000 767293
5620 6000 5640 6000 767293
2000 2380 2000 2400 847802
2000 5600 2000 5620 847802
6000 2380 6000 2400 847802
6000 5600 6000 5620 847802
2380 2000 2400 2000 847802
5600 2000 5620 2000 847802
2380 6000 2400 6000 847802
5600 6000 5620 6000 847802
2000 2400 2000 2420 794062
2000 5580 2000 5600 794062
6000 2400 6000 2420 794062
6000 5580 6000 5600 794062
2400 2000 2420 2000 794062
5580 2000 5600 2000 794062
2400 6000 2420 6000 794062
5580 6000 5600 6000 794062
2000 2420 2000 2440 960440
2000 5560 2000 5580 960440
6000 2420 6000 2440 960440
6000 5560 6000 5580 960440
2420 2000 2440 2000 960440
5560 2000 5580 2000 960440
2420 6000 2440 6000 960440
5560 6000 5580 6000 960440
2000 2440 2000 2460 805777
2000 5540 2000 5560 805777
6000 2440 6000 2460 805777
6000 5540 6000 5560 805777
2440 2000 2460 2000 805777
5540 2000 5560 2000 805777
2440 6000 2460 6000 805777
5540 6000 5560 6000 805777
2000 2460 2000 2480 893778
2000 5520 2000 5540 893778
6000 2460 6000 2480 893778
6000 5520 6000 5540 893778
2460 2000 2480 2000 893778
5520 2000 5540 2000 893778
2460 6000 2480 6000 893778
5520 6000 5540 6000 893778
2000 2480 2000 2500 704232
2000 5500 2000 5520 704232
6000 2480 6000 2500 704232
6000 5500 6000 5520 704232
2480 2000 2500 2000 704232
5500 2000 5520 2000 704232
2480 6000 2500 6000 704232
5500 6000 5520 6000 704232
2000 2500 2000 2520 994918
2000 5480 2000 5500 994918
6000 2500 6000 2520 994918
6000 5480 6000 5500 994918
2500 2000 2520 2000 994918
5480 2000 5500 2000 994918
2500 6000 2520 6000 994918
5480 6000 5500 6000 994918
2000 2520 2000 2540 746593
2000 5460 2000 5480 746593
6000 2520 6000 2540 746593
6000 5460 6000 5480 746593
2520 2000 2540 2000 746593
5460 2000 5480 2000 746593
2520 6000 2540 6000 746593
5460 6000 5480 6000 746593
2000 2540 2000 2560 900759
2000 5440 2000 5460 900759
6000 2540 6000 2560 900759
6000 5440 6000 5460 900759
2540 2000 2560 2000 900759
5440 2000 5460 2000 900759
2540 6000 2560 6000 900759
5440 6000 5460 6000 900759
2000 2560 2000 2580 806155
2000 5420 2000 5440 806155
6000 2560 6000 2580 806155
6000 5420 6000 5440 806155
2560 2000 2580 2000 806155
5420 2000 5440 2000 806155
2560 6000 2580 6000 806155
5420 6000 5440 6000 806155
2000 2580 2000 2600 722528
2000 5400 2000 5420 722528
6000 2580 6000 2600 722528
6000 5400 6000 5420 722528
2580 2000 2600 2000 722528
5400 2000 5420 2000 722528
2580 6000 2600 6000 722528
5400 6000 5420 6000 722528
2000 2600 2000 2620 1162786
2000 5380 2000 5400 1162786
6000 2600 6000 2620 1162786
6000 5380 6000 5400 1162786
2600 2000 2620 2000 1162786
5380 2000 5400 2000 1162786
2600 6000 2620 6000 1162786
5380 6000 5400 6000 1162786
2000 2620 2000 2640 660946
2000 5360 2000 5380 660946
6000 2620 6000 2640 660946
6000 5360 6000 5380 660946
2620 2000 2640 2000 660946
5360 2000 5380 2000 660946
2620 6000 2640 6000 660946
5360 6000 5380 6000 660946
2000 2640 2000 2660 1180367
2000 5340 2000 5360 1180367
6000 2640 6000 2660 1180367
6000 5340 6000 5360 1180367
2640 2000 2660 2000 1180367
5340 2000 5360 2000 1180367
2640 6000 2660 6000 1180367
5340 6000 5360 6000 1180367
2000 2660 2000 2680 649180
2000 5320 2000 5340 649180
6000 2660 6000 2680 649180
6000 5320 6000 5340 649180
2660 2000 2680 2000 649180
5320 2000 5340 2000 649180
2660 6000 2680 6000 649180
5320 6000 5340 6000 649180
2000 2680 2000 2700 1146943
2000 5300 2000 5320 1146943
6000 2680 6000 2700 1146943
6000 5300 6000 5320 1146943
2680 2000 2700 2000 1146943
5300 2000 5320 2000 1146943
2680 6000 2700 6000 1146943
5300 6000 5320 6000 1146943
2000 2700 2000 2720 699311
2000 5280 2000 5300 699311
6000 2700 6000 2720 699311
6000 5280 6000 5300 699311
2700 2000 2720 2000 699311
5280 2000 5300 2000 699311
2700 6000 2720 6000 699311
5280 6000 5300 6000 699311
2000 2720 2000 2740 1475953
2000 5260 2000 5280 1475953
6000 2720 6000 2740 1475953
6000 5260 6000 5280 1475953
2720 2000 2740 2000 1475953
5260 2000 5280 2000 1475953
2720 6000 2740 6000 1475953
5260 6000 5280 6000 1475953
2000 2740 2000 2760 869542
2000 5240 2000 5260 869542
6000 2740 6000 2760 869542
6000 5240 6000 5260 869542
2740 2000 2760 2000 869542
5240 2000 5260 2000 869542
2740 6000 2760 6000 869542
5240 6000 5260 6000 869542
2000 2760 2000 2780 691077
2000 5220 2000 5240 691077
6000 2760 6000 2780 691077
6000 5220 6000 5240 691077
2760 2000 2780 2000 691077
5220 2000 5240 2000 691077
2760 6000 2780 6000 691077
5220 6000 5240 6000 691077
2000 2780 2000 2800 798617
2000 5200 2000 5220 798617
6000 2780 6000 2800 798617
6000 5200 6000 5220 798617
2780 2000 2800 2000 798617
5200 2000 5220 2000 798617
2780 6000 2800 6000 798617
5200 6000 5220 6000 798617
2000 2800 2000 2820 396442
2000 5180 2000 5200 396442
6000 2800 6000 2820 396442
6000 5180 6000 5200 396442
2800 2000 2820 2000 396442
5180 2000 5200 2000 396442
2800 6000 2820 6000 396442
5180 6000 5200 6000 396442
2000 2820 2000 2840 484875
2000 5160 2000 5180 484875
6000 2820 6000 2840 484875
6000 5160 6000 5180 484875
2820 2000 2840 2000 484875
5160 2000 5180 2000 484875
2820 6000 2840 6000 484875
5160 6000 5180 6000 484875
2000 2840 2000 2860 428792
2000 5140 2000 5160 428792
6000 2840 6000 2860 428792
6000 5140 6000 5160 428792
2840 2000 2860 2000 428792
5140 2000 5160 2000 428792
2840 6000 2860 6000 428792
5140 6000 5160 6000 428792
2000 2860 2000 2880 324254
2000 5120 2000 5140 324254
6000 2860 6000 2880 324254
6000 5120 6000 5140 324254
2860 2000 2880 2000 324254
5120 2000 5140 2000 324254
2860 6000 2880 6000 324254
5120 6000 5140 6000 324254
2000 2880 2000 2900 401011
2000 5100 2000 5120 401011
6000 2880 6000 2900 401011
6000 5100 6000 5120 401011
2880 2000 2900 2000 401011
5100 2000 5120 2000 401011
2880 6000 2900 6000 401011
5100 6000 5120 6000 401011
2000 2900 2000 2920 416522
2000 5080 2000 5100 416522
6000 2900 6000 2920 416522
6000 5080 6000 5100 416522
2900 2000 2920 2000 416522
5080 2000 5100 2000 416522
2900 6000 2920 6000 416522
5080 6000 5100 6000 416522
2000 2920 2000 2940 370920
2000 5060 2000 5080 370920
6000 2920 6000 2940 370920
6000 5060 6000 5080 370920
2920 2000 2940 2000 370920
5060 2000 5080 2000 370920
2920 6000 2940 6000 370920
5060 6000 5080 6000 370920
2000 2940 2000 2960 288528
2000 5040 2000 5060 288528
6000 2940 6000 2960 288528
6000 5040 6000 5060 288528
2940 2000 2960 2000 288528
5040 2000 5060 2000 288528
2940 6000 2960 6000 288528
5040 6000 5060 6000 288528
2000 2960 2000 2980 597451
2000 5020 2000 5040 597451
6000 2960 6000 2980 597451
6000 5020 6000 5040 597451
2960 2000 2980 2000 597451
5020 2000 5040 2000 597451
2960 6000 2980 6000 597451
5020 6000 5040 6000 597451
2000 2980 2000 3000 435511
2000 5000 2000 5020 435511
6000 2980 6000 3000 435511
6000 5000 6000 5020 435511
2980 2000 3000 2000 435511
5000 2000 5020 2000 435511
2980 6000 3000 6000 435511
5000 6000 5020 6000 435511
2000 3000 2000 3020 174653
2000 4980 2000 5000 174653
6000 3000 6000 3020 174653
6000 4980 6000 5000 174653
3000 2000 3020 2000 174653
4980 2000 5000 2000 174653
3000 6000 3020 6000 174653
4980 6000 5000 6000 174653
2000 3020 2000 3040 192052
2000 4960 2000 4980 192052
6000 3020 6000 3040 192052
6000 4960 6000 4980 192052
3020 2000 3040 2000 192052
4960 2000 4980 2000 192052
3020 6000 3040 6000 192052
4960 6000 4980 6000 192052
2000 3040 2000 3060 409144
2000 4940 2000 4960 409144
6000 3040 6000 3060 409144
6000 4940 6000 4960 409144
3040 2000 3060 2000 409144
4940 2000 4960 2000 409144
3040 6000 3060 6000 409144
4940 6000 4960 6000 409144
2000 3060 2000 3080 207766
2000 4920 2000 4940 207766
6000 3060 6000 3080 207766
6000 4920 6000 4940 207766
3060 2000 3080 2000 207766
4920 2000 4940 2000 207766
3060 6000 3080 6000 207766
4920 6000 4940 6000 207766
2000 3080 2000 3100 247952
2000 4900 2000 4920 247952
6000 3080 6000 3100 247952
6000 4900 6000 4920 247952
3080 2000 3100 2000 247952
4900 2000 4920 2000 247952
3080 6000 3100 6000 247952
4900 6000 4920 6000 247952
2000 3100 2000 3120 224003
2000 4880 2000 4900 224003
6000 3100 6000 3120 224003
6000 4880 6000 4900 224003
3100 2000 3120 2000 224003
4880 2000 4900 2000 224003
3100 6000 3120 6000 224003
4880 6000 4900 6000 224003
2000 3120 2000 3140 286660
2000 4860 2000 4880 286660
6000 3120 6000 3140 286660
6000 4860 6000 4880 286660
3120 2000 3140 2000 286660
4860 2000 4880 2000 286660
3120 6000 3140 6000 286660
4860 6000 4880 6000 286660
2000 3140 2000 3160 445104
2000 4840 2000 4860 445104
6000 3140 6000 3160 445104
6000 4840 6000 4860 445104
3140 2000 3160 2000 445104
4840 2000 4860 2000 445104
3140 6000 3160 6000 445104
4840 6000 4860 6000 445104
2000 3160 2000 3180 439751
2000 4820 2000 4840 439751
6000 3160 6000 3180 439751
6000 4820 6000 4840 439751
3160 2000 3180 2000 439751
4820 2000 4840 2000 439751
3160 6000 3180 6000 439751
4820 6000 4840 6000 439751
2000 3180 2000 3200 486969
2000 4800 2000 4820 486969
6000 3180 6000 3200 486969
6000 4800 6000 4820 486969
3180 2000 3200 2000 486969
4800 2000 4820 2000 486969
3180 6000 3200 6000 486969
4800 6000 4820 6000 486969
2000 3200 2000 3220 646198
2000 4780 2000 4800 646198
6000 3200 6000 3220 646198
6000 4780 6000 4800 646198
3200 2000 3220 2000 646198
4780 2000 4800 2000 646198
3200 6000 3220 6000 646198
4780 6000 4800 6000 646198
2000 3220 2000 3240 611222
2000 4760 2000 4780 611222
6000 3220 6000 3240 611222
6000 4760 6000 4780 611222
3220 2000 3240 2000 611222
4760 2000 4780 2000 611222
3220 6000 3240 6000 611222
4760 6000 4780 6000 611222
2000 3240 2000 3260 635116
2000 4740 2000 4760 635116
6000 3240 6000 3260 635116
6000 4740 6000 4760 635116
3240 2000 3260 2000 635116
4740 2000 4760 2000 635116
3240 6000 3260 6000 635116
4740 6000 4760 6000 635116
2000 3260 2000 3280 728435
2000 4720 2000 4740 728435
6000 3260 6000 3280 728435
6000 4720 6000 4740 728435
3260 2000 3280 2000 728435
4720 2000 4740 2000 728435
3260 6000 3280 6000 728435
4720 6000 4740 6000 728435
2000 3280 2000 3300 663961
2000 4700 2000 4720 663961
6000 3280 6000 3300 663961
6000 4700 6000 4720 663961
3280 2000 3300 2000 663961
4700 2000 4720 2000 663961
3280 6000 3300 6000 663961
4700 6000 4720 6000 663961
2000 3300 2000 3320 827124
2000 4680 2000 4700 827124
6000 3300 6000 3320 827124
6000 4680 6000 4700 827124
3300 2000 3320 2000 827124
4680 2000 4700 2000 827124
3300 6000 3320 6000 827124
4680 6000 4700 6000 827124
2000 3320 2000 3340 727645
2000 4660 2000 4680 727645
6000 3320 6000 3340 727645
6000 4660 6000 4680 727645
3320 2000 3340 2000 727645
4660 2000 4680 2000 727645
3320 6000 3340 6000 727645
4660 6000 4680 6000 727645
2000 3340 2000 3360 695262
2000 4640 2000 4660 695262
6000 3340 6000 3360 695262
6000 4640 6000 4660 695262
3340 2000 3360 2000 695262
4640 2000 4660 2000 695262
3340 6000 3360 6000 695262
4640 6000 4660 6000 695262
2000 3360 2000 3380 822777
2000 4620 2000 4640 822777
6000 3360 6000 3380 822777
6000 4620 6000 4640 822777
3360 2000 3380 2000 822777
4620 2000 4640 2000 822777
3360 6000 3380 6000 822777
4620 6000 4640 6000 822777
2000 3380 2000 3400 813436
2000 4600 2000 4620 813436
6000 3380 6000 3400 813436
6000 4600 6000 4620 813436
3380 2000 3400 2000 813436
4600 2000 4620 2000 813436
3380 6000 3400 6000 813436
4600 6000 4620 6000 813436
2000 3400 2000 3420 501845
2000 4580 2000 4600 501845
6000 3400 6000 3420 501845
6000 4580 6000 4600 501845
3400 2000 3420 2000 501845
4580 2000 4600 2000 501845
3400 6000 3420 6000 501845
4580 6000 4600 6000 501845
2000 3420 2000 3440 782923
2000 4560 2000 4580 782923
6000 3420 6000 3440 782923
6000 4560 6000 4580 782923
3420 2000 3440 2000 782923
4560 2000 4580 2000 782923
3420 6000 3440 6000 782923
4560 6000 4580 6000 782923
2000 3440 2000 3460 784352
2000 4540 2000 4560 784352
6000 3440 6000 3460 784352
6000 4540 6000 4560 784352
3440 2000 3460 2000 784352
4540 2000 4560 2000 784352
3440 6000 3460 6000 784352
4540 6000 4560 6000 784352
2000 3460 2000 3480 1025942
2000 4520 2000 4540 1025942
6000 3460 6000 3480 1025942
6000 4520 6000 4540 1025942
3460 2000 3480 2000 1025942
4520 2000 4540 2000 1025942
3460 6000 3480 6000 1025942
4520 6000 4540 6000 1025942
2000 3480 2000 3500 980536
2000 4500 2000 4520 980536
6000 3480 6000 3500 980536
6000 4500 6000 4520 980536
3480 2000 3500 2000 980536
4500 2000 4520 2000 980536
3480 6000 3500 6000 980536
4500 6000 4520 6000 980536
2000 3500 2000 3520 988986
2000 4480 2000 4500 988986
6000 3500 6000 3520 988986
6000 4480 6000 4500 988986
3500 2000 3520 2000 988986
4480 2000 4500 2000 988986
3500 6000 3520 6000 988986
4480 6000 4500 6000 988986
2000 3520 2000 3540 961394
2000 4460 2000 4480 961394
6000 3520 6000 3540 961394
6000 4460 6000 4480 961394
3520 2000 3540 2000 961394
4460 2000 4480 2000 961394
3520 6000 3540 6000 961394
4460 6000 4480 6000 961394
2000 3540 2000 3560 778970
2000 4440 2000 4460 778970
6000 3540 6000 3560 778970
6000 4440 6000 4460 778970
3540 2000 3560 2000 778970
4440 2000 4460 2000 778970
3540 6000 3560 6000 778970
4440 6000 4460 6000 778970
2000 3560 2000 3580 994029
2000 4420 2000 4440 994029
6000 3560 6000 3580 994029
6000 4420 6000 4440 994029
3560 2000 3580 2000 994029
4420 2000 4440 2000 994029
3560 6000 3580 6000 994029
4420 6000 4440 6000 994029
2000 3580 2000 3600 859202
2000 4400 2000 4420 859202
6000 3580 6000 3600 859202
6000 4400 6000 4420 859202
3580 2000 3600 2000 859202
4400 2000 4420 2000 859202
3580 6000 3600 6000 859202
4400 6000 4420 6000 859202
2000 3600 2000 3620 1205287
2000 4380 2000 4400 1205287
6000 3600 6000 3620 1205287
6000 4380 6000 4400 1205287
3600 2000 3620 2000 1205287
4380 2000 4400 2000 1205287
3600 6000 3620 6000 1205287
4380 6000 4400 6000 1205287
2000 3620 2000 3640 633652
2000 4360 2000 4380 633652
6000 3620 6000 3640 633652
6000 4360 6000 4380 633652
3620 2000 3640 2000 633652
4360 2000 4380 2000 633652
3620 6000 3640 6000 633652
4360 6000 4380 6000 633652
2000 3640 2000 3660 839186
2000 4340 2000 4360 839186
6000 3640 6000 3660 839186
6000 4340 6000 4360 839186
3640 2000 3660 2000 839186
4340 2000 4360 2000 839186
3640 6000 3660 6000 839186
4340 6000 4360 6000 839186
2000 3660 2000 3680 538976
2000 4320 2000 4340 538976
6000 3660 6000 3680 538976
6000 4320 6000 4340 538976
3660 2000 3680 2000 538976
4320 2000 4340 2000 538976
3660 6000 3680 6000 538976
4320 6000 4340 6000 538976
2000 3680 2000 3700 874765
2000 4300 2000 4320 874765
6000 3680 6000 3700 874765
6000 4300 6000 4320 874765
3680 2000 3700 2000 874765
4300 2000 4320 2000 874765
3680 6000 3700 6000 874765
4300 6000 4320 6000 874765
2000 3700 2000 3720 627457
2000 4280 2000 4300 627457
6000 3700 6000 3720 627457
6000 4280 6000 4300 627457
3700 2000 3720 2000 627457
4280 2000 4300 2000 627457
3700 6000 3720 6000 627457
4280 6000 4300 6000 627457
2000 3720 2000 3740 705541
2000 4260 2000 4280 705541
6000 3720 6000 3740 705541
6000 4260 6000 4280 705541
3720 2000 3740 2000 705541
4260 2000 4280 2000 705541
3720 6000 3740 6000 705541
4260 6000 4280 6000 705541
2000 3740 2000 3760 646798
2000 4240 2000 4260 646798
6000 3740 6000 3760 646798
6000 4240 6000 4260 646798
3740 2000 3760 2000 646798
4240 2000 4260 2000 646798
3740 6000 3760 6000 646798
4240 6000 4260 6000 646798
2000 3760 2000 3780 576792
2000 4220 2000 4240 576792
6000 3760 6000 3780 576792
6000 4220 6000 4240 576792
3760 2000 3780 2000 576792
4220 2000 4240 2000 576792
3760 6000 3780 6000 576792
4220 6000 4240 6000 576792
2000 3780 2000 3800 499700
2000 4200 2000 4220 499700
6000 3780 6000 3800 499700
6000 4200 6000 4220 499700
3780 2000 3800 2000 499700
4200 2000 4220 2000 499700
3780 6000 3800 6000 499700
4200 6000 4220 6000 499700
2000 3800 2000 3820 691995
2000 4180 2000 4200 691995
6000 3800 6000 3820 691995
6000 4180 6000 4200 691995
3800 2000 3820 2000 691995
4180 2000 4200 2000 691995
3800 6000 3820 6000 691995
4180 6000 4200 6000 691995
2000 3820 2000 3840 462277
2000 4160 2000 4180 462277
6000 3820 6000 3840 462277
6000 4160 6000 4180 462277
3820 2000 3840 2000 462277
4160 2000 4180 2000 462277
3820 6000 3840 6000 462277
4160 6000 4180 6000 462277
2000 3840 2000 3860 334219
2000 4140 2000 4160 334219
6000 3840 6000 3860 334219
6000 4140 6000 4160 334219
3840 2000 3860 2000 334219
4140 2000 4160 2000 334219
3840 6000 3860 6000 334219
4140 6000 4160 6000 334219
2000 3860 2000 3880 381578
2000 4120 2000 4140 381578
6000 3860 6000 3880 381578
6000 4120 6000 4140 381578
3860 2000 3880 2000 381578
4120 2000 4140 2000 381578
3860 6000 3880 6000 381578
4120 6000 4140 6000 381578
2000 3880 2000 3900 199360
2000 4100 2000 4120 199360
6000 3880 6000 3900 199360
6000 4100 6000 4120 199360
3880 2000 3900 2000 199360
4100 2000 4120 2000 199360
3880 6000 3900 6000 199360
4100 6000 4120 6000 199360
2000 3900 2000 3920 293943
2000 4080 2000 4100 293943
6000 3900 6000 3920 293943
6000 4080 6000 4100 293943
3900 2000 3920 2000 293943
4080 2000 4100 2000 293943
3900 6000 3920 6000 293943
4080 6000 4100 6000 293943
2000 3920 2000 3940 255921
2000 4060 2000 4080 255921
6000 3920 6000 3940 255921
6000 4060 6000 4080 255921
3920 2000 3940 2000 255921
4060 2000 4080 2000 255921
3920 6000 3940 6000 255921
4060 6000 4080 6000 255921
2000 3940 2000 3960 242589
2000 4040 2000 4060 242589
6000 3940 6000 3960 242589
6000 4040 6000 4060 242589
3940 2000 3960 2000 242589
4040 2000 4060 2000 242589
3940 6000 3960 6000 242589
4040 6000 4060 6000 242589
2000 3960 2000 3980 243170
2000 4020 2000 4040 243170
6000 3960 6000 3980 243170
6000 4020 6000 4040 243170
3960 2000 3980 2000 243170
4020 2000 4040 2000 243170
3960 6000 3980 6000 243170
4020 6000 4040 6000 243170
2000 3980 2000 4000 209084
2000 4000 2000 4020 209084
6000 3980 6000 4000 209084
6000 4000 6000 4020 209084
3980 2000 4000 2000 209084
4000 2000 4020 2000 209084
3980 6000 4000 6000 209084
4000 6000 4020 6000 209084
3000 300 3000 320 502776
3000 7680 3000 7700 502776
5000 300 5000 320 502776
5000 7680 5000 7700 502776
300 3000 320 3000 502776
7680 3000 7700 3000 502776
300 5000 320 5000 502776
7680 5000 7700 5000 502776
3000 320 3000 340 2118
3000 7660 3000 7680 2118
5000 320 5000 340 2118
5000 7660 5000 7680 2118
320 3000 340 3000 2118
7660 3000 7680 3000 2118
320 5000 340 5000 2118
7660 5000 7680 5000 2118
3000 340 3000 360 68446
3000 7640 3000 7660 68446
5000 340 5000 360 68446
5000 7640 5000 7660 68446
340 3000 360 3000 68446
7640 3000 7660 3000 68446
340 5000 360 5000 68446
7640 5000 7660 5000 68446
3000 360 3000 380 152428
3000 7620 3000 7640 152428
5000 360 5000 380 152428
5000 7620 5000 7640 152428
360 3000 380 3000 152428
7620 3000 7640 3000 152428
360 5000 380 5000 152428
7620 5000 7640 5000 152428
3000 380 3000 400 165000
3000 7600 3000 7620 165000
5000 380 5000 400 165000
5000 7600 5000 7620 165000
380 3000 400 3000 165000
7600 3000 7620 3000 165000
380 5000 400 5000 165000
7600 5000 7620 5000 165000
3000 400 3000 420 251552
3000 7580 3000 7600 251552
5000 400 5000 420 251552
5000 7580 5000 7600 251552
400 3000 420 3000 251552
7580 3000 7600 3000 251552
400 5000 420 5000 251552
7580 5000 7600 5000 251552
3000 420 3000 440 2
3000 7560 3000 7580 2
5000 420 5000 440 2
5000 7560 5000 7580 2
420 3000 440 3000 2
7560 3000 7580 3000 2
420 5000 440 5000 2
7560 5000 7580 5000 2
3000 440 3000 460 878
3000 7540 3000 7560 878
5000 440 5000 460 878
5000 7540 5000 7560 878
440 3000 460 3000 878
7540 3000 7560 3000 878
440 5000 460 5000 878
7540 5000 7560 5000 878
3000 460 3000 480 165712
3000 7520 3000 7540 165712
5000 460 5000 480 165712
5000 7520 5000 7540 165712
460 3000 480 3000 165712
7520 3000 7540 3000 165712
460 5000 480 5000 165712
7520 5000 7540 5000 165712
3000 480 3000 500 652881
3000 7500 3000 7520 652881
5000 480 5000 500 652881
5000 7500 5000 7520 652881
480 3000 500 3000 652881
7500 3000 7520 3000 652881
480 5000 500 5000 652881
7500 5000 7520 5000 652881
3000 500 3000 520 732204
3000 7480 3000 7500 732204
5000 500 5000 520 732204
5000 7480 5000 7500 732204
500 3000 520 3000 732204
7480 3000 7500 3000 732204
500 5000 520 5000 732204
7480 5000 7500 5000 732204
3000 520 3000 540 819649
3000 7460 3000 7480 819649
5000 520 5000 540 819649
5000 7460 5000 7480 819649
520 3000 540 3000 819649
7460 3000 7480 3000 819649
520 5000 540 5000 819649
7460 5000 7480 5000 819649
3000 540 3000 560 1422052
3000 7440 3000 7460 1422052
5000 540 5000 560 1422052
5000 7440 5000 7460 1422052
540 3000 560 3000 1422052
7440 3000 7460 3000 1422052
540 5000 560 5000 1422052
7440 5000 7460 5000 1422052
3000 560 3000 580 535351
3000 7420 3000 7440 535351
5000 560 5000 580 535351
5000 7420 5000 7440 535351
560 3000 580 3000 535351
7420 3000 7440 3000 535351
560 5000 580 5000 535351
7420 5000 7440 5000 535351
3000 580 3000 600 888834
3000 7400 3000 7420 888834
5000 580 5000 600 888834
5000 7400 5000 7420 888834
580 3000 600 3000 888834
7400 3000 7420 3000 888834
580 5000 600 5000 888834
7400 5000 7420 5000 888834
3000 600 3000 620 1515633
3000 7380 3000 7400 1515633
5000 600 5000 620 1515633
5000 7380 5000 7400 1515633
600 3000 620 3000 1515633
7380 3000 7400 3000 1515633
600 5000 620 5000 1515633
7380 5000 7400 5000 1515633
3000 620 3000 640 865487
3000 7360 3000 7380 865487
5000 620 5000 640 865487
5000 7360 5000 7380 865487
620 3000 640 3000 865487
7360 3000 7380 3000 865487
620 5000 640 5000 865487
7360 5000 7380 5000 865487
3000 640 3000 660 1246022
3000 7340 3000 7360 1246022
5000 640 5000 660 1246022
5000 7340 5000 7360 1246022
640 3000 660 3000 1246022
7340 3000 7360 3000 1246022
640 5000 660 5000 1246022
7340 5000 7360 5000 1246022
3000 660 3000 680 1294520
3000 7320 3000 7340 1294520
5000 660 5000 680 1294520
5000 7320 5000 7340 1294520
660 3000 680 3000 1294520
7320 3000 7340 3000 1294520
660 5000 680 5000 1294520
7320 5000 7340 5000 1294520
3000 680 3000 700 1928782
3000 7300 3000 7320 1928782
5000 680 5000 700 1928782
5000 7300 5000 7320 1928782
680 3000 700 3000 1928782
7300 3000 7320 3000 1928782
680 5000 700 5000 1928782
7300 5000 7320 5000 1928782
3000 700 3000 720 438313
3000 7280 3000 7300 438313
5000 700 5000 720 438313
5000 7280 5000 7300 438313
700 3000 720 3000 438313
7280 3000 7300 3000 438313
700 5000 720 5000 438313
7280 5000 7300 5000 438313
3000 720 3000 740 1863158
3000 7260 3000 7280 1863158
5000 720 5000 740 1863158
5000 7260 5000 7280 1863158
720 3000 740 3000 1863158
7260 3000 7280 3000 1863158
720 5000 740 5000 1863158
7260 5000 7280 5000 1863158
3000 740 3000 760 1778304
3000 7240 3000 7260 1778304
5000 740 5000 760 1778304
5000 7240 5000 7260 1778304
740 3000 760 3000 1778304
7240 3000 7260 3000 1778304
740 5000 760 5000 1778304
7240 5000 7260 5000 1778304
3000 760 3000 780 2032500
3000 7220 3000 7240 2032500
5000 760 5000 780 2032500
5000 7220 5000 7240 2032500
760 3000 780 3000 2032500
7220 3000 7240 3000 2032500
760 5000 780 5000 2032500
7220 5000 7240 5000 2032500
3000 780 3000 800 1324757
3000 7200 3000 7220 1324757
5000 780 5000 800 1324757
5000 7200 5000 7220 1324757
780 3000 800 3000 1324757
7200 3000 7220 3000 1324757
780 5000 800 5000 1324757
7200 5000 7220 5000 1324757
3000 800 3000 820 2001791
3000 7180 3000 7200 2001791
5000 800 5000 820 2001791
5000 7180 5000 7200 2001791
800 3000 820 3000 2001791
7180 3000 7200 3000 2001791
800 5000 820 5000 2001791
7180 5000 7200 5000 2001791
3000 820 3000 840 1888621
3000 7160 3000 7180 1888621
5000 820 5000 840 1888621
5000 7160 5000 7180 1888621
820 3000 840 3000 1888621
7160 3000 7180 3000 1888621
820 5000 840 5000 1888621
7160 5000 7180 5000 1888621
3000 840 3000 860 1831002
3000 7140 3000 7160 1831002
5000 840 5000 860 1831002
5000 7140 5000 7160 1831002
840 3000 860 3000 1831002
7140 3000 7160 3000 1831002
840 5000 860 5000 1831002
7140 5000 7160 5000 1831002
3000 860 3000 880 3324088
3000 7120 3000 7140 3324088
5000 860 5000 880 3324088
5000 7120 5000 7140 3324088
860 3000 880 3000 3324088
7120 3000 7140 3000 3324088
860 5000 880 5000 3324088
7120 5000 7140 5000 3324088
3000 880 3000 900 1503011
3000 7100 3000 7120 1503011
5000 880 5000 900 1503011
5000 7100 5000 7120 1503011
880 3000 900 3000 1503011
7100 3000 7120 3000 1503011
880 5000 900 5000 1503011
7100 5000 7120 5000 1503011
3000 900 3000 920 2888769
3000 7080 3000 7100 2888769
5000 900 5000 920 2888769
5000 7080 5000 7100 2888769
900 3000 920 3000 2888769
7080 3000 7100 3000 2888769
900 5000 920 5000 2888769
7080 5000 7100 5000 2888769
3000 920 3000 940 1203111
3000 7060 3000 7080 1203111
5000 920 5000 940 1203111
5000 7060 5000 7080 1203111
920 3000 940 3000 1203111
7060 3000 7080 3000 1203111
920 5000 940 5000 1203111
7060 5000 7080 5000 1203111
3000 940 3000 960 3578983
3000 7040 3000 7060 3578983
5000 940 5000 960 3578983
5000 7040 5000 7060 3578983
940 3000 960 3000 3578983
7040 3000 7060 3000 3578983
940 5000 960 5000 3578983
7040 5000 7060 5000 3578983
3000 960 3000 980 1819024
3000 7020 3000 7040 1819024
5000 960 5000 980 1819024
5000 7020 5000 7040 1819024
960 3000 980 3000 1819024
7020 3000 7040 3000 1819024
960 5000 980 5000 1819024
7020 5000 7040 5000 1819024
3000 980 3000 1000 9222978
3000 7000 3000 7020 9222978
5000 980 5000 1000 9222978
5000 7000 5000 7020 9222978
980 3000 1000 3000 9222978
7000 3000 7020 3000 9222978
980 5000 1000 5000 9222978
7000 5000 7020 5000 9222978
3000 1020 3000 1040 59155
3000 6960 3000 6980 59155
5000 1020 5000 1040 59155
5000 6960 5000 6980 59155
1020 3000 1040 3000 59155
6960 3000 6980 3000 59155
1020 5000 1040 5000 59155
6960 5000 6980 5000 59155
3000 1040 3000 1060 152687
3000 6940 3000 6960 152687
5000 1040 5000 1060 152687
5000 6940 5000 6960 152687
1040 3000 1060 3000 152687
6940 3000 6960 3000 152687
1040 5000 1060 5000 152687
6940 5000 6960 5000 152687
3000 1060 3000 1080 191083
3000 6920 3000 6940 191083
5000 1060 5000 1080 191083
5000 6920 5000 6940 191083
1060 3000 1080 3000 191083
6920 3000 6940 3000 191083
1060 5000 1080 5000 191083
6920 5000 6940 5000 191083
3000 1080 3000 1100 327999
3000 6900 3000 6920 327999
5000 1080 5000 1100 327999
5000 6900 5000 6920 327999
1080 3000 1100 3000 327999
6900 3000 6920 3000 327999
1080 5000 1100 5000 327999
6900 5000 6920 5000 327999
3000 1100 3000 1120 269900
3000 6880 3000 6900 269900
5000 1100 5000 1120 269900
5000 6880 5000 6900 269900
1100 3000 1120 3000 269900
6880 3000 6900 3000 269900
1100 5000 1120 5000 269900
6880 5000 6900 5000 269900
3000 1120 3000 1140 307151
3000 6860 3000 6880 307151
5000 1120 5000 1140 307151
5000 6860 5000 6880 307151
1120 3000 1140 3000 307151
6860 3000 6880 3000 307151
1120 5000 1140 5000 307151
6860 5000 6880 5000 307151
3000 1140 3000 1160 151620
3000 6840 3000 6860 151620
5000 1140 5000 1160 151620
5000 6840 5000 6860 151620
1140 3000 1160 3000 151620
6840 3000 6860 3000 151620
1140 5000 1160 5000 151620
6840 5000 6860 5000 151620
3000 1160 3000 1180 358521
3000 6820 3000 6840 358521
5000 1160 5000 1180 358521
5000 6820 5000 6840 358521
1160 3000 1180 3000 358521
6820 3000 6840 3000 358521
1160 5000 1180 5000 358521
6820 5000 6840 5000 358521
3000 1180 3000 1200 423130
3000 6800 3000 6820 423130
5000 1180 5000 1200 423130
5000 6800 5000 6820 423130
1180 3000 1200 3000 423130
6800 3000 6820 3000 423130
1180 5000 1200 5000 423130
6800 5000 6820 5000 423130
3000 1200 3000 1220 433542
3000 6780 3000 6800 433542
5000 1200 5000 1220 433542
5000 6780 5000 6800 433542
1200 3000 1220 3000 433542
6780 3000 6800 3000 433542
1200 5000 1220 5000 433542
6780 5000 6800 5000 433542
3000 1220 3000 1240 283428
3000 6760 3000 6780 283428
5000 1220 5000 1240 283428
5000 6760 5000 6780 283428
1220 3000 1240 3000 283428
6760 3000 6780 3000 283428
1220 5000 1240 5000 283428
6760 5000 6780 5000 283428
3000 1240 3000 1260 749261
3000 6740 3000 6760 749261
5000 1240 5000 1260 749261
5000 6740 5000 6760 749261
1240 3000 1260 3000 749261
6740 3000 6760 3000 749261
1240 5000 1260 5000 749261
6740 5000 6760 5000 749261
3000 1260 3000 1280 828528
3000 6720 3000 6740 828528
5000 1260 5000 1280 828528
5000 6720 5000 6740 828528
1260 3000 1280 3000 828528
6720 3000 6740 3000 828528
1260 5000 1280 5000 828528
6720 5000 6740 5000 828528
3000 1280 3000 1300 791609
3000 6700 3000 6720 791609
5000 1280 5000 1300 791609
5000 6700 5000 6720 791609
1280 3000 1300 3000 791609
6700 3000 6720 3000 791609
1280 5000 1300 5000 791609
6700 5000 6720 5000 791609
3000 1300 3000 1320 1218482
3000 6680 3000 6700 1218482
5000 1300 5000 1320 1218482
5000 6680 5000 6700 1218482
1300 3000 1320 3000 1218482
6680 3000 6700 3000 1218482
1300 5000 1320 5000 1218482
6680 5000 6700 5000 1218482
3000 1320 3000 1340 697244
3000 6660 3000 6680 697244
5000 1320 5000 1340 697244
5000 6660 5000 6680 697244
1320 3000 1340 3000 697244
6660 3000 6680 3000 697244
1320 5000 1340 5000 697244
6660 5000 6680 5000 697244
3000 1340 3000 1360 1108213
3000 6640 3000 6660 1108213
5000 1340 5000 1360 1108213
5000 6640 5000 6660 1108213
1340 3000 1360 3000 1108213
6640 3000 6660 3000 1108213
1340 5000 1360 5000 1108213
6640 5000 6660 5000 1108213
3000 1360 3000 1380 923825
3000 6620 3000 6640 923825
5000 1360 5000 1380 923825
5000 6620 5000 6640 923825
1360 3000 1380 3000 923825
6620 3000 6640 3000 923825
1360 5000 1380 5000 923825
6620 5000 6640 5000 923825
3000 1380 3000 1400 672860
3000 6600 3000 6620 672860
5000 1380 5000 1400 672860
5000 6600 5000 6620 672860
1380 3000 1400 3000 672860
6600 3000 6620 3000 672860
1380 5000 1400 5000 672860
6600 5000 6620 5000 672860
3000 1400 3000 1420 952450
3000 6580 3000 6600 952450
5000 1400 5000 1420 952450
5000 6580 5000 6600 952450
1400 3000 1420 3000 952450
6580 3000 6600 3000 952450
1400 5000 1420 5000 952450
6580 5000 6600 5000 952450
3000 1420 3000 1440 759691
3000 6560 3000 6580 759691
5000 1420 5000 1440 759691
5000 6560 5000 6580 759691
1420 3000 1440 3000 759691
6560 3000 6580 3000 759691
1420 5000 1440 5000 759691
6560 5000 6580 5000 759691
3000 1440 3000 1460 933247
3000 6540 3000 6560 933247
5000 1440 5000 1460 933247
5000 6540 5000 6560 933247
1440 3000 1460 3000 933247
6540 3000 6560 3000 933247
1440 5000 1460 5000 933247
6540 5000 6560 5000 933247
3000 1460 3000 1480 962769
3000 6520 3000 6540 962769
5000 1460 5000 1480 962769
5000 6520 5000 6540 962769
1460 3000 1480 3000 962769
6520 3000 6540 3000 962769
1460 5000 1480 5000 962769
6520 5000 6540 5000 962769
3000 1480 3000 1500 890415
3000 6500 3000 6520 890415
5000 1480 5000 1500 890415
5000 6500 5000 6520 890415
1480 3000 1500 3000 890415
6500 3000 6520 3000 890415
1480 5000 1500 5000 890415
6500 5000 6520 5000 890415
3000 1500 3000 1520 555945
3000 6480 3000 6500 555945
5000 1500 5000 1520 555945
5000 6480 5000 6500 555945
1500 3000 1520 3000 555945
6480 3000 6500 3000 555945
1500 5000 1520 5000 555945
6480 5000 6500 5000 555945
3000 1520 3000 1540 1058688
3000 6460 3000 6480 1058688
5000 1520 5000 1540 1058688
5000 6460 5000 6480 1058688
1520 3000 1540 3000 1058688
6460 3000 6480 3000 1058688
1520 5000 1540 5000 1058688
6460 5000 6480 5000 1058688
3000 1540 3000 1560 946201
3000 6440 3000 6460 946201
5000 1540 5000 1560 946201
5000 6440 5000 6460 946201
1540 3000 1560 3000 946201
6440 3000 6460 3000 946201
1540 5000 1560 5000 946201
6440 5000 6460 5000 946201
3000 1560 3000 1580 831312
3000 6420 3000 6440 831312
5000 1560 5000 1580 831312
5000 6420 5000 6440 831312
1560 3000 1580 3000 831312
6420 3000 6440 3000 831312
1560 5000 1580 5000 831312
6420 5000 6440 5000 831312
3000 1580 3000 1600 1103006
3000 6400 3000 6420 1103006
5000 1580 5000 1600 1103006
5000 6400 5000 6420 1103006
1580 3000 1600 3000 1103006
6400 3000 6420 3000 1103006
1580 5000 1600 5000 1103006
6400 5000 6420 5000 1103006
3000 1600 3000 1620 826870
3000 6380 3000 6400 826870
5000 1600 5000 1620 826870
5000 6380 5000 6400 826870
1600 3000 1620 3000 826870
6380 3000 6400 3000 826870
1600 5000 1620 5000 826870
6380 5000 6400 5000 826870
3000 1620 3000 1640 1166513
3000 6360 3000 6380 1166513
5000 1620 5000 1640 1166513
5000 6360 5000 6380 1166513
1620 3000 1640 3000 1166513
6360 3000 6380 3000 1166513
1620 5000 1640 5000 1166513
6360 5000 6380 5000 1166513
3000 1640 3000 1660 884739
3000 6340 3000 6360 884739
5000 1640 5000 1660 884739
5000 6340 5000 6360 884739
1640 3000 1660 3000 884739
6340 3000 6360 3000 884739
1640 5000 1660 5000 884739
6340 5000 6360 5000 884739
3000 1660 3000 1680 1231516
3000 6320 3000 6340 1231516
5000 1660 5000 1680 1231516
5000 6320 5000 6340 1231516
1660 3000 1680 3000 1231516
6320 3000 6340 3000 1231516
1660 5000 1680 5000 1231516
6320 5000 6340 5000 1231516
3000 1680 3000 1700 624823
3000 6300 3000 6320 624823
5000 1680 5000 1700 624823
5000 6300 5000 6320 624823
1680 3000 1700 3000 624823
6300 3000 6320 3000 624823
1680 5000 1700 5000 624823
6300 5000 6320 5000 624823
3000 1700 3000 1720 950582
3000 6280 3000 6300 950582
5000 1700 5000 1720 950582
5000 6280 5000 6300 950582
1700 3000 1720 3000 950582
6280 3000 6300 3000 950582
1700 5000 1720 5000 950582
6280 5000 6300 5000 950582
3000 1720 3000 1740 669282
3000 6260 3000 6280 669282
5000 1720 5000 1740 669282
5000 6260 5000 6280 669282
1720 3000 1740 3000 669282
6260 3000 6280 3000 669282
1720 5000 1740 5000 669282
6260 5000 6280 5000 669282
3000 1740 3000 1760 630576
3000 6240 3000 6260 630576
5000 1740 5000 1760 630576
5000 6240 5000 6260 630576
1740 3000 1760 3000 630576
6240 3000 6260 3000 630576
1740 5000 1760 5000 630576
6240 5000 6260 5000 630576
3000 1760 3000 1780 737541
3000 6220 3000 6240 737541
5000 1760 5000 1780 737541
5000 6220 5000 6240 737541
1760 3000 1780 3000 737541
6220 3000 6240 3000 737541
1760 5000 1780 5000 737541
6220 5000 6240 5000 737541
3000 1780 3000 1800 914741
3000 6200 3000 6220 914741
5000 1780 5000 1800 914741
5000 6200 5000 6220 914741
1780 3000 1800 3000 914741
6200 3000 6220 3000 914741
1780 5000 1800 5000 914741
6200 5000 6220 5000 914741
3000 1800 3000 1820 653051
3000 6180 3000 6200 653051
5000 1800 5000 1820 653051
5000 6180 5000 6200 653051
1800 3000 1820 3000 653051
6180 3000 6200 3000 653051
1800 5000 1820 5000 653051
6180 5000 6200 5000 653051
3000 1820 3000 1840 877798
3000 6160 3000 6180 877798
5000 1820 5000 1840 877798
5000 6160 5000 6180 877798
1820 3000 1840 3000 877798
6160 3000 6180 3000 877798
1820 5000 1840 5000 877798
6160 5000 6180 5000 877798
3000 1840 3000 1860 534835
3000 6140 3000 6160 534835
5000 1840 5000 1860 534835
5000 6140 5000 6160 534835
1840 3000 1860 3000 534835
6140 3000 6160 3000 534835
1840 5000 1860 5000 534835
6140 5000 6160 5000 534835
3000 1860 3000 1880 718270
3000 6120 3000 6140 718270
5000 1860 5000 1880 718270
5000 6120 5000 6140 718270
1860 3000 1880 3000 718270
6120 3000 6140 3000 718270
1860 5000 1880 5000 718270
6120 5000 6140 5000 718270
3000 1880 3000 1900 803913
3000 6100 3000 6120 803913
5000 1880 5000 1900 803913
5000 6100 5000 6120 803913
1880 3000 1900 3000 803913
6100 3000 6120 3000 803913
1880 5000 1900 5000 803913
6100 5000 6120 5000 803913
3000 1900 3000 1920 789308
3000 6080 3000 6100 789308
5000 1900 5000 1920 789308
5000 6080 5000 6100 789308
1900 3000 1920 3000 789308
6080 3000 6100 3000 789308
1900 5000 1920 5000 789308
6080 5000 6100 5000 789308
3000 1920 3000 1940 571657
3000 6060 3000 6080 571657
5000 1920 5000 1940 571657
5000 6060 5000 6080 571657
1920 3000 1940 3000 571657
6060 3000 6080 3000 571657
1920 5000 1940 5000 571657
6060 5000 6080 5000 571657
3000 1940 3000 1960 877147
3000 6040 3000 6060 877147
5000 1940 5000 1960 877147
5000 6040 5000 6060 877147
1940 3000 1960 3000 877147
6040 3000 6060 3000 877147
1940 5000 1960 5000 877147
6040 5000 6060 5000 877147
3000 1960 3000 1980 605783
3000 6020 3000 6040 605783
5000 1960 5000 1980 605783
5000 6020 5000 6040 605783
1960 3000 1980 3000 605783
6020 3000 6040 3000 605783
1960 5000 1980 5000 605783
6020 5000 6040 5000 605783
3000 1980 3000 2000 1106239
3000 6000 3000 6020 1106239
5000 1980 5000 2000 1106239
5000 6000 5000 6020 1106239
1980 3000 2000 3000 1106239
6000 3000 6020 3000 1106239
1980 5000 2000 5000 1106239
6000 5000 6020 5000 1106239
3000 2000 3000 2020 179288
3000 5980 3000 6000 179288
5000 2000 5000 2020 179288
5000 5980 5000 6000 179288
2000 3000 2020 3000 179288
5980 3000 6000 3000 179288
2000 5000 2020 5000 179288
5980 5000 6000 5000 179288
3000 2020 3000 2040 194319
3000 5960 3000 5980 194319
5000 2020 5000 2040 194319
5000 5960 5000 5980 194319
2020 3000 2040 3000 194319
5960 3000 5980 3000 194319
2020 5000 2040 5000 194319
5960 5000 5980 5000 194319
3000 2040 3000 2060 301706
3000 5940 3000 5960 301706
5000 2040 5000 2060 301706
5000 5940 5000 5960 301706
2040 3000 2060 3000 301706
5940 3000 5960 3000 301706
2040 5000 2060 5000 301706
5940 5000 5960 5000 301706
3000 2060 3000 2080 221687
3000 5920 3000 5940 221687
5000 2060 5000 2080 221687
5000 5920 5000 5940 221687
2060 3000 2080 3000 221687
5920 3000 5940 3000 221687
2060 5000 2080 5000 221687
5920 5000 5940 5000 221687
3000 2080 3000 2100 272369
3000 5900 3000 5920 272369
5000 2080 5000 2100 272369
5000 5900 5000 5920 272369
2080 3000 2100 3000 272369
5900 3000 5920 3000 272369
2080 5000 2100 5000 272369
5900 5000 5920 5000 272369
3000 2100 3000 2120 290557
3000 5880 3000 5900 290557
5000 2100 5000 2120 290557
5000 5880 5000 5900 290557
2100 3000 2120 3000 290557
5880 3000 5900 3000 290557
2100 5000 2120 5000 290557
5880 5000 5900 5000 290557
3000 2120 3000 2140 316809
3000 5860 3000 5880 316809
5000 2120 5000 2140 316809
5000 5860 5000 5880 316809
2120 3000 2140 3000 316809
5860 3000 5880 3000 316809
2120 5000 2140 5000 316809
5860 5000 5880 5000 316809
3000 2140 3000 2160 457837
3000 5840 3000 5860 457837
5000 2140 5000 2160 457837
5000 5840 5000 5860 457837
2140 3000 2160 3000 457837
5840 3000 5860 3000 457837
2140 5000 2160 5000 457837
5840 5000 5860 5000 457837
3000 2160 3000 2180 384356
3000 5820 3000 5840 384356
5000 2160 5000 2180 384356
5000 5820 5000 5840 384356
2160 3000 2180 3000 384356
5820 3000 5840 3000 384356
2160 5000 2180 5000 384356
5820 5000 5840 5000 384356
3000 2180 3000 2200 388340
3000 5800 3000 5820 388340
5000 2180 5000 2200 388340
5000 5800 5000 5820 388340
2180 3000 2200 3000 388340
5800 3000 5820 3000 388340
2180 5000 2200 5000 388340
5800 5000 5820 5000 388340
3000 2200 3000 2220 424022
3000 5780 3000 5800 424022
5000 2200 5000 2220 424022
5000 5780 5000 5800 424022
2200 3000 2220 3000 424022
5780 3000 5800 3000 424022
2200 5000 2220 5000 424022
5780 5000 5800 5000 424022
3000 2220 3000 2240 451420
3000 5760 3000 5780 451420
5000 2220 5000 2240 451420
5000 5760 5000 5780 451420
2220 3000 2240 3000 451420
5760 3000 5780 3000 451420
2220 5000 2240 5000 451420
5760 5000 5780 5000 451420
3000 2240 3000 2260 538240
3000 5740 3000 5760 538240
5000 2240 5000 2260 538240
5000 5740 5000 5760 538240
2240 3000 2260 3000 538240
5740 3000 5760 3000 538240
2240 5000 2260 5000 538240
5740 5000 5760 5000 538240
3000 2260 3000 2280 391557
3000 5720 3000 5740 391557
5000 2260 5000 2280 391557
5000 5720 5000 5740 391557
2260 3000 2280 3000 391557
5720 3000 5740 3000 391557
2260 5000 2280 5000 391557
5720 5000 5740 5000 391557
3000 2280 3000 2300 479731
3000 5700 3000 5720 479731
5000 2280 5000 2300 479731
5000 5700 5000 5720 479731
2280 3000 2300 3000 479731
5700 3000 5720 3000 479731
2280 5000 2300 5000 479731
5700 5000 5720 5000 479731
3000 2300 3000 2320 525071
3000 5680 3000 5700 525071
5000 2300 5000 2320 525071
5000 5680 5000 5700 525071
2300 3000 2320 3000 525071
5680 3000 5700 3000 525071
2300 5000 2320 5000 525071
5680 5000 5700 5000 525071
3000 2320 3000 2340 667598
3000 5660 3000 5680 667598
5000 2320 5000 2340 667598
5000 5660 5000 5680 667598
2320 3000 2340 3000 667598
5660 3000 5680 3000 667598
2320 5000 2340 5000 667598
5660 5000 5680 5000 667598
3000 2340 3000 2360 671844
3000 5640 3000 5660 671844
5000 2340 5000 2360 671844
5000 5640 5000 5660 671844
2340 3000 2360 3000 671844
5640 3000 5660 3000 671844
2340 5000 2360 5000 671844
5640 5000 5660 5000 671844
3000 2360 3000 2380 644458
3000 5620 3000 5640 644458
5000 2360 5000 2380 644458
5000 5620 5000 5640 644458
2360 3000 2380 3000 644458
5620 3000 5640 3000 644458
2360 5000 2380 5000 644458
5620 5000 5640 5000 644458
3000 2380 3000 2400 458770
3000 5600 3000 5620 458770
5000 2380 5000 2400 458770
5000 5600 5000 5620 458770
2380 3000 2400 3000 458770
5600 3000 5620 3000 458770
2380 5000 2400 5000 458770
5600 5000 5620 5000 458770
3000 2400 3000 2420 783367
3000 5580 3000 5600 783367
5000 2400 5000 2420 783367
5000 5580 5000 5600 783367
2400 3000 2420 3000 783367
5580 3000 5600 3000 783367
2400 5000 2420 5000 783367
5580 5000 5600 5000 783367
3000 2420 3000 2440 929658
3000 5560 3000 5580 929658
5000 2420 5000 2440 929658
5000 5560 5000 5580 929658
2420 3000 2440 3000 929658
5560 3000 5580 3000 929658
2420 5000 2440 5000 929658
5560 5000 5580 5000 929658
3000 2440 3000 2460 806082
3000 5540 3000 5560 806082
5000 2440 5000 2460 806082
5000 5540 5000 5560 806082
2440 3000 2460 3000 806082
5540 3000 5560 3000 806082
2440 5000 2460 5000 806082
5540 5000 5560 5000 806082
3000 2460 3000 2480 894315
3000 5520 3000 5540 894315
5000 2460 5000 2480 894315
5000 5520 5000 5540 894315
2460 3000 2480 3000 894315
5520 3000 5540 3000 894315
2460 5000 2480 5000 894315
5520 5000 5540 5000 894315
3000 2480 3000 2500 707846
3000 5500 3000 5520 707846
5000 2480 5000 2500 707846
5000 5500 5000 5520 707846
2480 3000 2500 3000 707846
5500 3000 5520 3000 707846
2480 5000 2500 5000 707846
5500 5000 5520 5000 707846
3000 2500 3000 2520 990587
3000 5480 3000 5500 990587
5000 2500 5000 2520 990587
5000 5480 5000 5500 990587
2500 3000 2520 3000 990587
5480 3000 5500 3000 990587
2500 5000 2520 5000 990587
5480 5000 5500 5000 990587
3000 2520 3000 2540 747023
3000 5460 3000 5480 747023
5000 2520 5000 2540 747023
5000 5460 5000 5480 747023
2520 3000 2540 3000 747023
5460 3000 5480 3000 747023
2520 5000 2540 5000 747023
5460 5000 5480 5000 747023
3000 2540 3000 2560 900476
3000 5440 3000 5460 900476
5000 2540 5000 2560 900476
5000 5440 5000 5460 900476
2540 3000 2560 3000 900476
5440 3000 5460 3000 900476
2540 5000 2560 5000 900476
5440 5000 5460 5000 900476
3000 2560 3000 2580 807078
3000 5420 3000 5440 807078
5000 2560 5000 2580 807078
5000 5420 5000 5440 807078
2560 3000 2580 3000 807078
5420 3000 5440 3000 807078
2560 5000 2580 5000 807078
5420 5000 5440 5000 807078
3000 2580 3000 2600 720622
3000 5400 3000 5420 720622
5000 2580 5000 2600 720622
5000 5400 5000 5420 720622
2580 3000 2600 3000 720622
5400 3000 5420 3000 720622
2580 5000 2600 5000 720622
5400 5000 5420 5000 720622
3000 2600 3000 2620 1162213
3000 5380 3000 5400 1162213
5000 2600 5000 2620 1162213
5000 5380 5000 5400 1162213
2600 3000 2620 3000 1162213
5380 3000 5400 3000 1162213
2600 5000 2620 5000 1162213
5380 5000 5400 5000 1162213
3000 2620 3000 2640 854053
3000 5360 3000 5380 854053
5000 2620 5000 2640 854053
5000 5360 5000 5380 854053
2620 3000 2640 3000 854053
5360 3000 5380 3000 854053
2620 5000 2640 5000 854053
5360 5000 5380 5000 854053
3000 2640 3000 2660 1293983
3000 5340 3000 5360 1293983
5000 2640 5000 2660 1293983
5000 5340 5000 5360 1293983
2640 3000 2660 3000 1293983
5340 3000 5360 3000 1293983
2640 5000 2660 5000 1293983
5340 5000 5360 5000 1293983
3000 2660 3000 2680 937585
3000 5320 3000 5340 937585
5000 2660 5000 2680 937585
5000 5320 5000 5340 937585
2660 3000 2680 3000 937585
5320 3000 5340 3000 937585
2660 5000 2680 5000 937585
5320 5000 5340 5000 937585
3000 2680 3000 2700 806877
3000 5300 3000 5320 806877
5000 2680 5000 2700 806877
5000 5300 5000 5320 806877
2680 3000 2700 3000 806877
5300 3000 5320 3000 806877
2680 5000 2700 5000 806877
5300 5000 5320 5000 806877
3000 2700 3000 2720 1477803
3000 5280 3000 5300 1477803
5000 2700 5000 2720 1477803
5000 5280 5000 5300 1477803
2700 3000 2720 3000 1477803
5280 3000 5300 3000 1477803
2700 5000 2720 5000 1477803
5280 5000 5300 5000 1477803
3000 2720 3000 2740 1072737
3000 5260 3000 5280 1072737
5000 2720 5000 2740 1072737
5000 5260 5000 5280 1072737
2720 3000 2740 3000 1072737
5260 3000 5280 3000 1072737
2720 5000 2740 5000 1072737
5260 5000 5280 5000 1072737
3000 2740 3000 2760 511889
3000 5240 3000 5260 511889
5000 2740 5000 2760 511889
5000 5240 5000 5260 511889
2740 3000 2760 3000 511889
5240 3000 5260 3000 511889
2740 5000 2760 5000 511889
5240 5000 5260 5000 511889
3000 2760 3000 2780 621376
3000 5220 3000 5240 621376
5000 2760 5000 2780 621376
5000 5220 5000 5240 621376
2760 3000 2780 3000 621376
5220 3000 5240 3000 621376
2760 5000 2780 5000 621376
5220 5000 5240 5000 621376
3000 2780 3000 2800 657537
3000 5200 3000 5220 657537
5000 2780 5000 2800 657537
5000 5200 5000 5220 657537
2780 3000 2800 3000 657537
5200 3000 5220 3000 657537
2780 5000 2800 5000 657537
5200 5000 5220 5000 657537
3000 2800 3000 2820 366908
3000 5180 3000 5200 366908
5000 2800 5000 2820 366908
5000 5180 5000 5200 366908
2800 3000 2820 3000 366908
5180 3000 5200 3000 366908
2800 5000 2820 5000 366908
5180 5000 5200 5000 366908
3000 2820 3000 2840 565685
3000 5160 3000 5180 565685
5000 2820 5000 2840 565685
5000 5160 5000 5180 565685
2820 3000 2840 3000 565685
5160 3000 5180 3000 565685
2820 5000 2840 5000 565685
5160 5000 5180 5000 565685
3000 2840 3000 2860 377484
3000 5140 3000 5160 377484
5000 2840 5000 2860 377484
5000 5140 5000 5160 377484
2840 3000 2860 3000 377484
5140 3000 5160 3000 377484
2840 5000 2860 5000 377484
5140 5000 5160 5000 377484
3000 2860 3000 2880 338216
3000 5120 3000 5140 338216
5000 2860 5000 2880 338216
5000 5120 5000 5140 338216
2860 3000 2880 3000 338216
5120 3000 5140 3000 338216
2860 5000 2880 5000 338216
5120 5000 5140 5000 338216
3000 2880 3000 2900 473329
3000 5100 3000 5120 473329
5000 2880 5000 2900 473329
5000 5100 5000 5120 473329
2880 3000 2900 3000 473329
5100 3000 5120 3000 473329
2880 5000 2900 5000 473329
5100 5000 5120 5000 473329
3000 2900 3000 2920 364243
3000 5080 3000 5100 364243
5000 2900 5000 2920 364243
5000 5080 5000 5100 364243
2900 3000 2920 3000 364243
5080 3000 5100 3000 364243
2900 5000 2920 5000 364243
5080 5000 5100 5000 364243
3000 2920 3000 2940 438965
3000 5060 3000 5080 438965
5000 2920 5000 2940 438965
5000 5060 5000 5080 438965
2920 3000 2940 3000 438965
5060 3000 5080 3000 438965
2920 5000 2940 5000 438965
5060 5000 5080 5000 438965
3000 2940 3000 2960 239254
3000 5040 3000 5060 239254
5000 2940 5000 2960 239254
5000 5040 5000 5060 239254
2940 3000 2960 3000 239254
5040 3000 5060 3000 239254
2940 5000 2960 5000 239254
5040 5000 5060 5000 239254
3000 2960 3000 2980 493583
3000 5020 3000 5040 493583
5000 2960 5000 2980 493583
5000 5020 5000 5040 493583
2960 3000 2980 3000 493583
5020 3000 5040 3000 493583
2960 5000 2980 5000 493583
5020 5000 5040 5000 493583
3000 2980 3000 3000 432719
3000 5000 3000 5020 432719
5000 2980 5000 3000 432719
5000 5000 5000 5020 432719
2980 3000 3000 3000 432719
5000 3000 5020 3000 432719
2980 5000 3000 5000 432719
5000 5000 5020 5000 432719
3000 3000 3000 3020 187405
3000 4980 3000 5000 187405
5000 3000 5000 3020 187405
5000 4980 5000 5000 187405
3000 3000 3020 3000 187405
4980 3000 5000 3000 187405
3000 5000 3020 5000 187405
4980 5000 5000 5000 187405
3000 3020 3000 3040 304700
3000 4960 3000 4980 304700
5000 3020 5000 3040 304700
5000 4960 5000 4980 304700
3020 3000 3040 3000 304700
4960 3000 4980 3000 304700
3020 5000 3040 5000 304700
4960 5000 4980 5000 304700
3000 3040 3000 3060 292386
3000 4940 3000 4960 292386
5000 3040 5000 3060 292386
5000 4940 5000 4960 292386
3040 3000 3060 3000 292386
4940 3000 4960 3000 292386
3040 5000 3060 5000 292386
4940 5000 4960 5000 292386
3000 3060 3000 3080 224704
3000 4920 3000 4940 224704
5000 3060 5000 3080 224704
5000 4920 5000 4940 224704
3060 3000 3080 3000 224704
4920 3000 4940 3000 224704
3060 5000 3080 5000 224704
4920 5000 4940 5000 224704
3000 3080 3000 3100 302724
3000 4900 3000 4920 302724
5000 3080 5000 3100 302724
5000 4900 5000 4920 302724
3080 3000 3100 3000 302724
4900 3000 4920 3000 302724
3080 5000 3100 5000 302724
4900 5000 4920 5000 302724
3000 3100 3000 3120 232862
3000 4880 3000 4900 232862
5000 3100 5000 3120 232862
5000 4880 5000 4900 232862
3100 3000 3120 3000 232862
4880 3000 4900 3000 232862
3100 5000 3120 5000 232862
4880 5000 4900 5000 232862
3000 3120 3000 3140 371041
3000 4860 3000 4880 371041
5000 3120 5000 3140 371041
5000 4860 5000 4880 371041
3120 3000 3140 3000 371041
4860 3000 4880 3000 371041
3120 5000 3140 5000 371041
4860 5000 4880 5000 371041
3000 3140 3000 3160 412960
3000 4840 3000 4860 412960
5000 3140 5000 3160 412960
5000 4840 5000 4860 412960
3140 3000 3160 3000 412960
4840 3000 4860 3000 412960
3140 5000 3160 5000 412960
4840 5000 4860 5000 412960
3000 3160 3000 3180 472625
3000 4820 3000 4840 472625
5000 3160 5000 3180 472625
5000 4820 5000 4840 472625
3160 3000 3180 3000 472625
4820 3000 4840 3000 472625
3160 5000 3180 5000 472625
4820 5000 4840 5000 472625
3000 3180 3000 3200 487850
3000 4800 3000 4820 487850
5000 3180 5000 3200 487850
5000 4800 5000 4820 487850
3180 3000 3200 3000 487850
4800 3000 4820 3000 487850
3180 5000 3200 5000 487850
4800 5000 4820 5000 487850
3000 3200 3000 3220 646842
3000 4780 3000 4800 646842
5000 3200 5000 3220 646842
5000 4780 5000 4800 646842
3200 3000 3220 3000 646842
4780 3000 4800 3000 646842
3200 5000 3220 5000 646842
4780 5000 4800 5000 646842
3000 3220 3000 3240 594910
3000 4760 3000 4780 594910
5000 3220 5000 3240 594910
5000 4760 5000 4780 594910
3220 3000 3240 3000 594910
4760 3000 4780 3000 594910
3220 5000 3240 5000 594910
4760 5000 4780 5000 594910
3000 3240 3000 3260 561421
3000 4740 3000 4760 561421
5000 3240 5000 3260 561421
5000 4740 5000 4760 561421
3240 3000 3260 3000 561421
4740 3000 4760 3000 561421
3240 5000 3260 5000 561421
4740 5000 4760 5000 561421
3000 3260 3000 3280 605819
3000 4720 3000 4740 605819
5000 3260 5000 3280 605819
5000 4720 5000 4740 605819
3260 3000 3280 3000 605819
4720 3000 4740 3000 605819
3260 5000 3280 5000 605819
4720 5000 4740 5000 605819
3000 3280 3000 3300 642206
3000 4700 3000 4720 642206
5000 3280 5000 3300 642206
5000 4700 5000 4720 642206
3280 3000 3300 3000 642206
4700 3000 4720 3000 642206
3280 5000 3300 5000 642206
4700 5000 4720 5000 642206
3000 3300 3000 3320 500070
3000 4680 3000 4700 500070
5000 3300 5000 3320 500070
5000 4680 5000 4700 500070
3300 3000 3320 3000 500070
4680 3000 4700 3000 500070
3300 5000 3320 5000 500070
4680 5000 4700 5000 500070
3000 3320 3000 3340 693428
3000 4660 3000 4680 693428
5000 3320 5000 3340 693428
5000 4660 5000 4680 693428
3320 3000 3340 3000 693428
4660 3000 4680 3000 693428
3320 5000 3340 5000 693428
4660 5000 4680 5000 693428
3000 3340 3000 3360 669850
3000 4640 3000 4660 669850
5000 3340 5000 3360 669850
5000 4640 5000 4660 669850
3340 3000 3360 3000 669850
4640 3000 4660 3000 669850
3340 5000 3360 5000 669850
4640 5000 4660 5000 669850
3000 3360 3000 3380 822131
3000 4620 3000 4640 822131
5000 3360 5000 3380 822131
5000 4620 5000 4640 822131
3360 3000 3380 3000 822131
4620 3000 4640 3000 822131
3360 5000 3380 5000 822131
4620 5000 4640 5000 822131
3000 3380 3000 3400 813713
3000 4600 3000 4620 813713
5000 3380 5000 3400 813713
5000 4600 5000 4620 813713
3380 3000 3400 3000 813713
4600 3000 4620 3000 813713
3380 5000 3400 5000 813713
4600 5000 4620 5000 813713
3000 3400 3000 3420 766610
3000 4580 3000 4600 766610
5000 3400 5000 3420 766610
5000 4580 5000 4600 766610
3400 3000 3420 3000 766610
4580 3000 4600 3000 766610
3400 5000 3420 5000 766610
4580 5000 4600 5000 766610
3000 3420 3000 3440 821565
3000 4560 3000 4580 821565
5000 3420 5000 3440 821565
5000 4560 5000 4580 821565
3420 3000 3440 3000 821565
4560 3000 4580 3000 821565
3420 5000 3440 5000 821565
4560 5000 4580 5000 821565
3000 3440 3000 3460 1028186
3000 4540 3000 4560 1028186
5000 3440 5000 3460 1028186
5000 4540 5000 4560 1028186
3440 3000 3460 3000 1028186
4540 3000 4560 3000 1028186
3440 5000 3460 5000 1028186
4540 5000 4560 5000 1028186
3000 3460 3000 3480 608184
3000 4520 3000 4540 608184
5000 3460 5000 3480 608184
5000 4520 5000 4540 608184
3460 3000 3480 3000 608184
4520 3000 4540 3000 608184
3460 5000 3480 5000 608184
4520 5000 4540 5000 608184
3000 3480 3000 3500 1058543
3000 4500 3000 4520 1058543
5000 3480 5000 3500 1058543
5000 4500 5000 4520 1058543
3480 3000 3500 3000 1058543
4500 3000 4520 3000 1058543
3480 5000 3500 5000 1058543
4500 5000 4520 5000 1058543
3000 3500 3000 3520 779558
3000 4480 3000 4500 779558
5000 3500 5000 3520 779558
5000 4480 5000 4500 779558
3500 3000 3520 3000 779558
4480 3000 4500 3000 779558
3500 5000 3520 5000 779558
4480 5000 4500 5000 779558
3000 3520 3000 3540 965660
3000 4460 3000 4480 965660
5000 3520 5000 3540 965660
5000 4460 5000 4480 965660
3520 3000 3540 3000 965660
4460 3000 4480 3000 965660
3520 5000 3540 5000 965660
4460 5000 4480 5000 965660
3000 3540 3000 3560 976507
3000 4440 3000 4460 976507
5000 3540 5000 3560 976507
5000 4440 5000 4460 976507
3540 3000 3560 3000 976507
4440 3000 4460 3000 976507
3540 5000 3560 5000 976507
4440 5000 4460 5000 976507
3000 3560 3000 3580 1228735
3000 4420 3000 4440 1228735
5000 3560 5000 3580 1228735
5000 4420 5000 4440 1228735
3560 3000 3580 3000 1228735
4420 3000 4440 3000 1228735
3560 5000 3580 5000 1228735
4420 5000 4440 5000 1228735
3000 3580 3000 3600 899047
3000 4400 3000 4420 899047
5000 3580 5000 3600 899047
5000 4400 5000 4420 899047
3580 3000 3600 3000 899047
4400 3000 4420 3000 899047
3580 5000 3600 5000 899047
4400 5000 4420 5000 899047
3000 3600 3000 3620 726295
3000 4380 3000 4400 726295
5000 3600 5000 3620 726295
5000 4380 5000 4400 726295
3600 3000 3620 3000 726295
4380 3000 4400 3000 726295
3600 5000 3620 5000 726295
4380 5000 4400 5000 726295
3000 3620 3000 3640 1263944
3000 4360 3000 4380 1263944
5000 3620 5000 3640 1263944
5000 4360 5000 4380 1263944
3620 3000 3640 3000 1263944
4360 3000 4380 3000 1263944
3620 5000 3640 5000 1263944
4360 5000 4380 5000 1263944
3000 3640 3000 3660 778156
3000 4340 3000 4360 778156
5000 3640 5000 3660 778156
5000 4340 5000 4360 778156
3640 3000 3660 3000 778156
4340 3000 4360 3000 778156
3640 5000 3660 5000 778156
4340 5000 4360 5000 778156
3000 3660 3000 3680 596765
3000 4320 3000 4340 596765
5000 3660 5000 3680 596765
5000 4320 5000 4340 596765
3660 3000 3680 3000 596765
4320 3000 4340 3000 596765
3660 5000 3680 5000 596765
4320 5000 4340 5000 596765
3000 3680 3000 3700 874921
3000 4300 3000 4320 874921
5000 3680 5000 3700 874921
5000 4300 5000 4320 874921
3680 3000 3700 3000 874921
4300 3000 4320 3000 874921
3680 5000 3700 5000 874921
4300 5000 4320 5000 874921
3000 3700 3000 3720 561108
3000 4280 3000 4300 561108
5000 3700 5000 3720 561108
5000 4280 5000 4300 561108
3700 3000 3720 3000 561108
4280 3000 4300 3000 561108
3700 5000 3720 5000 561108
4280 5000 4300 5000 561108
3000 3720 3000 3740 609402
3000 4260 3000 4280 609402
5000 3720 5000 3740 609402
5000 4260 5000 4280 609402
3720 3000 3740 3000 609402
4260 3000 4280 3000 609402
3720 5000 3740 5000 609402
4260 5000 4280 5000 609402
3000 3740 3000 3760 333222
3000 4240 3000 4260 333222
5000 3740 5000 3760 333222
5000 4240 5000 4260 333222
3740 3000 3760 3000 333222
4240 3000 4260 3000 333222
3740 5000 3760 5000 333222
4240 5000 4260 5000 333222
3000 3760 3000 3780 713617
3000 4220 3000 4240 713617
5000 3760 5000 3780 713617
5000 4220 5000 4240 713617
3760 3000 3780 3000 713617
4220 3000 4240 3000 713617
3760 5000 3780 5000 713617
4220 5000 4240 5000 713617
3000 3780 3000 3800 293009
3000 4200 3000 4220 293009
5000 3780 5000 3800 293009
5000 4200 5000 4220 293009
3780 3000 3800 3000 293009
4200 3000 4220 3000 293009
3780 5000 3800 5000 293009
4200 5000 4220 5000 293009
3000 3800 3000 3820 617428
3000 4180 3000 4200 617428
5000 3800 5000 3820 617428
5000 4180 5000 4200 617428
3800 3000 3820 3000 617428
4180 3000 4200 3000 617428
3800 5000 3820 5000 617428
4180 5000 4200 5000 617428
3000 3820 3000 3840 464097
3000 4160 3000 4180 464097
5000 3820 5000 3840 464097
5000 4160 5000 4180 464097
3820 3000 3840 3000 464097
4160 3000 4180 3000 464097
3820 5000 3840 5000 464097
4160 5000 4180 5000 464097
3000 3840 3000 3860 334627
3000 4140 3000 4160 334627
5000 3840 5000 3860 334627
5000 4140 5000 4160 334627
3840 3000 3860 3000 334627
4140 3000 4160 3000 334627
3840 5000 3860 5000 334627
4140 5000 4160 5000 334627
3000 3860 3000 3880 381881
3000 4120 3000 4140 381881
5000 3860 5000 3880 381881
5000 4120 5000 4140 381881
3860 3000 3880 3000 381881
4120 3000 4140 3000 381881
3860 5000 3880 5000 381881
4120 5000 4140 5000 381881
3000 3880 3000 3900 275345
3000 4100 3000 4120 275345
5000 3880 5000 3900 275345
5000 4100 5000 4120 275345
3880 3000 3900 3000 275345
4100 3000 4120 3000 275345
3880 5000 3900 5000 275345
4100 5000 4120 5000 275345
3000 3900 3000 3920 266360
3000 4080 3000 4100 266360
5000 3900 5000 3920 266360
5000 4080 5000 4100 266360
3900 3000 3920 3000 266360
4080 3000 4100 3000 266360
3900 5000 3920 5000 266360
4080 5000 4100 5000 266360
3000 3920 3000 3940 326895
3000 4060 3000 4080 326895
5000 3920 5000 3940 326895
5000 4060 5000 4080 326895
3920 3000 3940 3000 326895
4060 3000 4080 3000 326895
3920 5000 3940 5000 326895
4060 5000 4080 5000 326895
3000 3940 3000 3960 141910
3000 4040 3000 4060 141910
5000 3940 5000 3960 141910
5000 4040 5000 4060 141910
3940 3000 3960 3000 141910
4040 3000 4060 3000 141910
3940 5000 3960 5000 141910
4040 5000 4060 5000 141910
3000 3960 3000 3980 323017
3000 4020 3000 4040 323017
5000 3960 5000 3980 323017
5000 4020 5000 4040 323017
3960 3000 3980 3000 323017
4020 3000 4040 3000 323017
3960 5000 3980 5000 323017
4020 5000 4040 5000 323017
3000 3980 3000 4000 121820
3000 4000 3000 4020 121820
5000 3980 5000 4000 121820
5000 4000 5000 4020 121820
3980 3000 4000 3000 121820
4000 3000 4020 3000 121820
3980 5000 4000 5000 121820
4000 5000 4020 5000 121820
4000 300 4000 320 505318
4000 7680 4000 7700 505318
300 4000 320 4000 505318
7680 4000 7700 4000 505318
4000 320 4000 340 2
4000 7660 4000 7680 2
320 4000 340 4000 2
7660 4000 7680 4000 2
4000 340 4000 360 44384
4000 7640 4000 7660 44384
340 4000 360 4000 44384
7640 4000 7660 4000 44384
4000 360 4000 380 167368
4000 7620 4000 7640 167368
360 4000 380 4000 167368
7620 4000 7640 4000 167368
4000 380 4000 400 138291
4000 7600 4000 7620 138291
380 4000 400 4000 138291
7600 4000 7620 4000 138291
4000 400 4000 420 234919
4000 7580 4000 7600 234919
400 4000 420 4000 234919
7580 4000 7600 4000 234919
4000 420 4000 440 52357
4000 7560 4000 7580 52357
420 4000 440 4000 52357
7560 4000 7580 4000 52357
4000 440 4000 460 1481
4000 7540 4000 7560 1481
440 4000 460 4000 1481
7540 4000 7560 4000 1481
4000 460 4000 480 169066
4000 7520 4000 7540 169066
460 4000 480 4000 169066
7520 4000 7540 4000 169066
4000 480 4000 500 619991
4000 7500 4000 7520 619991
480 4000 500 4000 619991
7500 4000 7520 4000 619991
4000 500 4000 520 722566
4000 7480 4000 7500 722566
500 4000 520 4000 722566
7480 4000 7500 4000 722566
4000 520 4000 540 819076
4000 7460 4000 7480 819076
520 4000 540 4000 819076
7460 4000 7480 4000 819076
4000 540 4000 560 1422177
4000 7440 4000 7460 1422177
540 4000 560 4000 1422177
7440 4000 7460 4000 1422177
4000 560 4000 580 537058
4000 7420 4000 7440 537058
560 4000 580 4000 537058
7420 4000 7440 4000 537058
4000 580 4000 600 886821
4000 7400 4000 7420 886821
580 4000 600 4000 886821
7400 4000 7420 4000 886821
4000 600 4000 620 1514918
4000 7380 4000 7400 1514918
600 4000 620 4000 1514918
7380 4000 7400 4000 1514918
4000 620 4000 640 866590
4000 7360 4000 7380 866590
620 4000 640 4000 866590
7360 4000 7380 4000 866590
4000 640 4000 660 1244162
4000 7340 4000 7360 1244162
640 4000 660 4000 1244162
7340 4000 7360 4000 1244162
4000 660 4000 680 1295397
4000 7320 4000 7340 1295397
660 4000 680 4000 1295397
7320 4000 7340 4000 1295397
4000 680 4000 700 1926504
4000 7300 4000 7320 1926504
680 4000 700 4000 1926504
7300 4000 7320 4000 1926504
4000 700 4000 720 445916
4000 7280 4000 7300 445916
700 4000 720 4000 445916
7280 4000 7300 4000 445916
4000 720 4000 740 1856351
4000 7260 4000 7280 1856351
720 4000 740 4000 1856351
7260 4000 7280 4000 1856351
4000 740 4000 760 1777114
4000 7240 4000 7260 1777114
740 4000 760 4000 1777114
7240 4000 7260 4000 1777114
4000 760 4000 780 2006661
4000 7220 4000 7240 2006661
760 4000 780 4000 2006661
7220 4000 7240 4000 2006661
4000 780 4000 800 1410390
4000 7200 4000 7220 1410390
780 4000 800 4000 1410390
7200 4000 7220 4000 1410390
4000 800 4000 820 2004216
4000 7180 4000 7200 2004216
800 4000 820 4000 2004216
7180 4000 7200 4000 2004216
4000 820 4000 840 1826882
4000 7160 4000 7180 1826882
820 4000 840 4000 1826882
7160 4000 7180 4000 1826882
4000 840 4000 860 1828507
4000 7140 4000 7160 1828507
840 4000 860 4000 1828507
7140 4000 7160 4000 1828507
4000 860 4000 880 3322031
4000 7120 4000 7140 3322031
860 4000 880 4000 3322031
7120 4000 7140 4000 3322031
4000 880 4000 900 1507296
4000 7100 4000 7120 1507296
880 4000 900 4000 1507296
7100 4000 7120 4000 1507296
4000 900 4000 920 2887611
4000 7080 4000 7100 2887611
900 4000 920 4000 2887611
7080 4000 7100 4000 2887611
4000 920 4000 940 1170854
4000 7060 4000 7080 1170854
920 4000 940 4000 1170854
7060 4000 7080 4000 1170854
4000 940 4000 960 3682187
4000 7040 4000 7060 3682187
940 4000 960 4000 3682187
7040 4000 7060 4000 3682187
4000 960 4000 980 1683982
4000 7020 4000 7040 1683982
960 4000 980 4000 1683982
7020 4000 7040 4000 1683982
4000 980 4000 1000 9279869
4000 7000 4000 7020 9279869
980 4000 1000 4000 9279869
7000 4000 7020 4000 9279869
4000 1020 4000 1040 60261
4000 6960 4000 6980 60261
1020 4000 1040 4000 60261
6960 4000 6980 4000 60261
4000 1040 4000 1060 153348
4000 6940 4000 6960 153348
1040 4000 1060 4000 153348
6940 4000 6960 4000 153348
4000 1060 4000 1080 192007
4000 6920 4000 6940 192007
1060 4000 1080 4000 192007
6920 4000 6940 4000 192007
4000 1080 4000 1100 199969
4000 6900 4000 6920 199969
1080 4000 1100 4000 199969
6900 4000 6920 4000 199969
4000 1100 4000 1120 256512
4000 6880 4000 6900 256512
1100 4000 1120 4000 256512
6880 4000 6900 4000 256512
4000 1120 4000 1140 448880
4000 6860 4000 6880 448880
1120 4000 1140 4000 448880
6860 4000 6880 4000 448880
4000 1140 4000 1160 151274
4000 6840 4000 6860 151274
1140 4000 1160 4000 151274
6840 4000 6860 4000 151274
4000 1160 4000 1180 359888
4000 6820 4000 6840 359888
1160 4000 1180 4000 359888
6820 4000 6840 4000 359888
4000 1180 4000 1200 355164
4000 6800 4000 6820 355164
1180 4000 1200 4000 355164
6800 4000 6820 4000 355164
4000 1200 4000 1220 501451
4000 6780 4000 6800 501451
1200 4000 1220 4000 501451
6780 4000 6800 4000 501451
4000 1220 4000 1240 284845
4000 6760 4000 6780 284845
1220 4000 1240 4000 284845
6760 4000 6780 4000 284845
4000 1240 4000 1260 684352
4000 6740 4000 6760 684352
1240 4000 1260 4000 684352
6740 4000 6760 4000 684352
4000 1260 4000 1280 781216
4000 6720 4000 6740 781216
1260 4000 1280 4000 781216
6720 4000 6740 4000 781216
4000 1280 4000 1300 899126
4000 6700 4000 6720 899126
1280 4000 1300 4000 899126
6700 4000 6720 4000 899126
4000 1300 4000 1320 1227533
4000 6680 4000 6700 1227533
1300 4000 1320 4000 1227533
6680 4000 6700 4000 1227533
4000 1320 4000 1340 696852
4000 6660 4000 6680 696852
1320 4000 1340 4000 696852
6660 4000 6680 4000 696852
4000 1340 4000 1360 1037812
4000 6640 4000 6660 1037812
1340 4000 1360 4000 1037812
6640 4000 6660 4000 1037812
4000 1360 4000 1380 993343
4000 6620 4000 6640 993343
1360 4000 1380 4000 993343
6620 4000 6640 4000 993343
4000 1380 4000 1400 258754
4000 6600 4000 6620 258754
1380 4000 1400 4000 258754
6600 4000 6620 4000 258754
4000 1400 4000 1420 1297374
4000 6580 4000 6600 1297374
1400 4000 1420 4000 1297374
6580 4000 6600 4000 1297374
4000 1420 4000 1440 659159
4000 6560 4000 6580 659159
1420 4000 1440 4000 659159
6560 4000 6580 4000 659159
4000 1440 4000 1460 548752
4000 6540 4000 6560 548752
1440 4000 1460 4000 548752
6540 4000 6560 4000 548752
4000 1460 4000 1480 1520717
4000 6520 4000 6540 1520717
1460 4000 1480 4000 1520717
6520 4000 6540 4000 1520717
4000 1480 4000 1500 879581
4000 6500 4000 6520 879581
1480 4000 1500 4000 879581
6500 4000 6520 4000 879581
4000 1500 4000 1520 84216
4000 6480 4000 6500 84216
1500 4000 1520 4000 84216
6480 4000 6500 4000 84216
4000 1520 4000 1540 1337529
4000 6460 4000 6480 1337529
1520 4000 1540 4000 1337529
6460 4000 6480 4000 1337529
4000 1540 4000 1560 1147787
4000 6440 4000 6460 1147787
1540 4000 1560 4000 1147787
6440 4000 6460 4000 1147787
4000 1560 4000 1580 831219
4000 6420 4000 6440 831219
1560 4000 1580 4000 831219
6420 4000 6440 4000 831219
4000 1580 4000 1600 1102855
4000 6400 4000 6420 1102855
1580 4000 1600 4000 1102855
6400 4000 6420 4000 1102855
4000 1600 4000 1620 827341
4000 6380 4000 6400 827341
1600 4000 1620 4000 827341
6380 4000 6400 4000 827341
4000 1620 4000 1640 1152652
4000 6360 4000 6380 1152652
1620 4000 1640 4000 1152652
6360 4000 6380 4000 1152652
4000 1640 4000 1660 636182
4000 6340 4000 6360 636182
1640 4000 1660 4000 636182
6340 4000 6360 4000 636182
4000 1660 4000 1680 983905
4000 6320 4000 6340 983905
1660 4000 1680 4000 983905
6320 4000 6340 4000 983905
4000 1680 4000 1700 1135202
4000 6300 4000 6320 1135202
1680 4000 1700 4000 1135202
6300 4000 6320 4000 1135202
4000 1700 4000 1720 588054
4000 6280 4000 6300 588054
1700 4000 1720 4000 588054
6280 4000 6300 4000 588054
4000 1720 4000 1740 862499
4000 6260 4000 6280 862499
1720 4000 1740 4000 862499
6260 4000 6280 4000 862499
4000 1740 4000 1760 797091
4000 6240 4000 6260 797091
1740 4000 1760 4000 797091
6240 4000 6260 4000 797091
4000 1760 4000 1780 186979
4000 6220 4000 6240 186979
1760 4000 1780 4000 186979
6220 4000 6240 4000 186979
4000 1780 4000 1800 1132569
4000 6200 4000 6220 1132569
1780 4000 1800 4000 1132569
6200 4000 6220 4000 1132569
4000 1800 4000 1820 436858
4000 6180 4000 6200 436858
1800 4000 1820 4000 436858
6180 4000 6200 4000 436858
4000 1820 4000 1840 898872
4000 6160 4000 6180 898872
1820 4000 1840 4000 898872
6160 4000 6180 4000 898872
4000 1840 4000 1860 699966
4000 6140 4000 6160 699966
1840 4000 1860 4000 699966
6140 4000 6160 4000 699966
4000 1860 4000 1880 532228
4000 6120 4000 6140 532228
1860 4000 1880 4000 532228
6120 4000 6140 4000 532228
4000 1880 4000 1900 803549
4000 6100 4000 6120 803549
1880 4000 1900 4000 803549
6100 4000 6120 4000 803549
4000 1900 4000 1920 789477
4000 6080 4000 6100 789477
1900 4000 1920 4000 789477
6080 4000 6100 4000 789477
4000 1920 4000 1940 771438
4000 6060 4000 6080 771438
1920 4000 1940 4000 771438
6060 4000 6080 4000 771438
4000 1940 4000 1960 758070
4000 6040 4000 6060 758070
1940 4000 1960 4000 758070
6040 4000 6060 4000 758070
4000 1960 4000 1980 522380
4000 6020 4000 6040 522380
1960 4000 1980 4000 522380
6020 4000 6040 4000 522380
4000 1980 4000 2000 1482811
4000 6000 4000 6020 1482811
1980 4000 2000 4000 1482811
6000 4000 6020 4000 1482811
4000 2000 4000 2020 81132
4000 5980 4000 6000 81132
2000 4000 2020 4000 81132
5980 4000 6000 4000 81132
4000 2020 4000 2040 294484
4000 5960 4000 5980 294484
2020 4000 2040 4000 294484
5960 4000 5980 4000 294484
4000 2040 4000 2060 185083
4000 5940 4000 5960 185083
2040 4000 2060 4000 185083
5940 4000 5960 4000 185083
4000 2060 4000 2080 196060
4000 5920 4000 5940 196060
2060 4000 2080 4000 196060
5920 4000 5940 4000 196060
4000 2080 4000 2100 346413
4000 5900 4000 5920 346413
2080 4000 2100 4000 346413
5900 4000 5920 4000 346413
4000 2100 4000 2120 240255
4000 5880 4000 5900 240255
2100 4000 2120 4000 240255
5880 4000 5900 4000 240255
4000 2120 4000 2140 436859
4000 5860 4000 5880 436859
2120 4000 2140 4000 436859
5860 4000 5880 4000 436859
4000 2140 4000 2160 457552
4000 5840 4000 5860 457552
2140 4000 2160 4000 457552
5840 4000 5860 4000 457552
4000 2160 4000 2180 356180
4000 5820 4000 5840 356180
2160 4000 2180 4000 356180
5820 4000 5840 4000 356180
4000 2180 4000 2200 394510
4000 5800 4000 5820 394510
2180 4000 2200 4000 394510
5800 4000 5820 4000 394510
4000 2200 4000 2220 437329
4000 5780 4000 5800 437329
2200 4000 2220 4000 437329
5780 4000 5800 4000 437329
4000 2220 4000 2240 345328
4000 5760 4000 5780 345328
2220 4000 2240 4000 345328
5760 4000 5780 4000 345328
4000 2240 4000 2260 613548
4000 5740 4000 5760 613548
2240 4000 2260 4000 613548
5740 4000 5760 4000 613548
4000 2260 4000 2280 371892
4000 5720 4000 5740 371892
2260 4000 2280 4000 371892
5720 4000 5740 4000 371892
4000 2280 4000 2300 540040
4000 5700 4000 5720 540040
2280 4000 2300 4000 540040
5700 4000 5720 4000 540040
4000 2300 4000 2320 525742
4000 5680 4000 5700 525742
2300 4000 2320 4000 525742
5680 4000 5700 4000 525742
4000 2320 4000 2340 539006
4000 5660 4000 5680 539006
2320 4000 2340 4000 539006
5660 4000 5680 4000 539006
4000 2340 4000 2360 673175
4000 5640 4000 5660 673175
2340 4000 2360 4000 673175
5640 4000 5660 4000 673175
4000 2360 4000 2380 358661
4000 5620 4000 5640 358661
2360 4000 2380 4000 358661
5620 4000 5640 4000 358661
4000 2380 4000 2400 597260
4000 5600 4000 5620 597260
2380 4000 2400 4000 597260
5600 4000 5620 4000 597260
4000 2400 4000 2420 716434
4000 5580 4000 5600 716434
2400 4000 2420 4000 716434
5580 4000 5600 4000 716434
4000 2420 4000 2440 855570
4000 5560 4000 5580 855570
2420 4000 2440 4000 855570
5560 4000 5580 4000 855570
4000 2440 4000 2460 806274
4000 5540 4000 5560 806274
2440 4000 2460 4000 806274
5540 4000 5560 4000 806274
4000 2460 4000 2480 892649
4000 5520 4000 5540 892649
2460 4000 2480 4000 892649
5520 4000 5540 4000 892649
4000 2480 4000 2500 1129626
4000 5500 4000 5520 1129626
2480 4000 2500 4000 1129626
5500 4000 5520 4000 1129626
4000 2500 4000 2520 569893
4000 5480 4000 5500 569893
2500 4000 2520 4000 569893
5480 4000 5500 4000 569893
4000 2520 4000 2540 821789
4000 5460 4000 5480 821789
2520 4000 2540 4000 821789
5460 4000 5480 4000 821789
4000 2540 4000 2560 831750
4000 5440 4000 5460 831750
2540 4000 2560 4000 831750
5440 4000 5460 4000 831750
4000 2560 4000 2580 963111
4000 5420 4000 5440 963111
2560 4000 2580 4000 963111
5420 4000 5440 4000 963111
4000 2580 4000 2600 558196
4000 5400 4000 5420 558196
2580 4000 2600 4000 558196
5400 4000 5420 4000 558196
4000 2600 4000 2620 1161511
4000 5380 4000 5400 1161511
2600 4000 2620 4000 1161511
5380 4000 5400 4000 1161511
4000 2620 4000 2640 857549
4000 5360 4000 5380 857549
2620 4000 2640 4000 857549
5360 4000 5380 4000 857549
4000 2640 4000 2660 1430182
4000 5340 4000 5360 1430182
2640 4000 2660 4000 1430182
5340 4000 5360 4000 1430182
4000 2660 4000 2680 799336
4000 5320 4000 5340 799336
2660 4000 2680 4000 799336
5320 4000 5340 4000 799336
4000 2680 4000 2700 801886
4000 5300 4000 5320 801886
2680 4000 2700 4000 801886
5300 4000 5320 4000 801886
4000 2700 4000 2720 1907374
4000 5280 4000 5300 1907374
2700 4000 2720 4000 1907374
5280 4000 5300 4000 1907374
4000 2720 4000 2740 1065599
4000 5260 4000 5280 1065599
2720 4000 2740 4000 1065599
5260 4000 5280 4000 1065599
4000 2740 4000 2760 497174
4000 5240 4000 5260 497174
2740 4000 2760 4000 497174
5240 4000 5260 4000 497174
4000 2760 4000 2780 539591
4000 5220 4000 5240 539591
2760 4000 2780 4000 539591
5220 4000 5240 4000 539591
4000 2780 4000 2800 564714
4000 5200 4000 5220 564714
2780 4000 2800 4000 564714
5200 4000 5220 4000 564714
4000 2800 4000 2820 308687
4000 5180 4000 5200 308687
2800 4000 2820 4000 308687
5180 4000 5200 4000 308687
4000 2820 4000 2840 620349
4000 5160 4000 5180 620349
2820 4000 2840 4000 620349
5160 4000 5180 4000 620349
4000 2840 4000 2860 316990
4000 5140 4000 5160 316990
2840 4000 2860 4000 316990
5140 4000 5160 4000 316990
4000 2860 4000 2880 431959
4000 5120 4000 5140 431959
2860 4000 2880 4000 431959
5120 4000 5140 4000 431959
4000 2880 4000 2900 516895
4000 5100 4000 5120 516895
2880 4000 2900 4000 516895
5100 4000 5120 4000 516895
4000 2900 4000 2920 416888
4000 5080 4000 5100 416888
2900 4000 2920 4000 416888
5080 4000 5100 4000 416888
4000 2920 4000 2940 400278
4000 5060 4000 5080 400278
2920 4000 2940 4000 400278
5060 4000 5080 4000 400278
4000 2940 4000 2960 337656
4000 5040 4000 5060 337656
2940 4000 2960 4000 337656
5040 4000 5060 4000 337656
4000 2960 4000 2980 366949
4000 5020 4000 5040 366949
2960 4000 2980 4000 366949
5020 4000 5040 4000 366949
4000 2980 4000 3000 409987
4000 5000 4000 5020 409987
2980 4000 3000 4000 409987
5000 4000 5020 4000 409987
4000 3000 4000 3020 182089
4000 4980 4000 5000 182089
3000 4000 3020 4000 182089
4980 4000 5000 4000 182089
4000 3020 4000 3040 312092
4000 4960 4000 4980 312092
3020 4000 3040 4000 312092
4960 4000 4980 4000 312092
4000 3040 4000 3060 162851
4000 4940 4000 4960 162851
3040 4000 3060 4000 162851
4940 4000 4960 4000 162851
4000 3060 4000 3080 260382
4000 4920 4000 4940 260382
3060 4000 3080 4000 260382
4920 4000 4940 4000 260382
4000 3080 4000 3100 261083
4000 4900 4000 4920 261083
3080 4000 3100 4000 261083
4900 4000 4920 4000 261083
4000 3100 4000 3120 369064
4000 4880 4000 4900 369064
3100 4000 3120 4000 369064
4880 4000 4900 4000 369064
4000 3120 4000 3140 345020
4000 4860 4000 4880 345020
3120 4000 3140 4000 345020
4860 4000 4880 4000 345020
4000 3140 4000 3160 431876
4000 4840 4000 4860 431876
3140 4000 3160 4000 431876
4840 4000 4860 4000 431876
4000 3160 4000 3180 480910
4000 4820 4000 4840 480910
3160 4000 3180 4000 480910
4820 4000 4840 4000 480910
4000 3180 4000 3200 488677
4000 4800 4000 4820 488677
3180 4000 3200 4000 488677
4800 4000 4820 4000 488677
4000 3200 4000 3220 587655
4000 4780 4000 4800 587655
3200 4000 3220 4000 587655
4780 4000 4800 4000 587655
4000 3220 4000 3240 513138
4000 4760 4000 4780 513138
3220 4000 3240 4000 513138
4760 4000 4780 4000 513138
4000 3240 4000 3260 616760
4000 4740 4000 4760 616760
3240 4000 3260 4000 616760
4740 4000 4760 4000 616760
4000 3260 4000 3280 550294
4000 4720 4000 4740 550294
3260 4000 3280 4000 550294
4720 4000 4740 4000 550294
4000 3280 4000 3300 642025
4000 4700 4000 4720 642025
3280 4000 3300 4000 642025
4700 4000 4720 4000 642025
4000 3300 4000 3320 642444
4000 4680 4000 4700 642444
3300 4000 3320 4000 642444
4680 4000 4700 4000 642444
4000 3320 4000 3340 684529
4000 4660 4000 4680 684529
3320 4000 3340 4000 684529
4660 4000 4680 4000 684529
4000 3340 4000 3360 679580
4000 4640 4000 4660 679580
3340 4000 3360 4000 679580
4640 4000 4660 4000 679580
4000 3360 4000 3380 676488
4000 4620 4000 4640 676488
3360 4000 3380 4000 676488
4620 4000 4640 4000 676488
4000 3380 4000 3400 938061
4000 4600 4000 4620 938061
3380 4000 3400 4000 938061
4600 4000 4620 4000 938061
4000 3400 4000 3420 642557
4000 4580 4000 4600 642557
3400 4000 3420 4000 642557
4580 4000 4600 4000 642557
4000 3420 4000 3440 937739
4000 4560 4000 4580 937739
3420 4000 3440 4000 937739
4560 4000 4580 4000 937739
4000 3440 4000 3460 1058166
4000 4540 4000 4560 1058166
3440 4000 3460 4000 1058166
4540 4000 4560 4000 1058166
4000 3460 4000 3480 461556
4000 4520 4000 4540 461556
3460 4000 3480 4000 461556
4520 4000 4540 4000 461556
4000 3480 4000 3500 1198249
4000 4500 4000 4520 1198249
3480 4000 3500 4000 1198249
4500 4000 4520 4000 1198249
4000 3500 4000 3520 676123
4000 4480 4000 4500 676123
3500 4000 3520 4000 676123
4480 4000 4500 4000 676123
4000 3520 4000 3540 927885
4000 4460 4000 4480 927885
3520 4000 3540 4000 927885
4460 4000 4480 4000 927885
4000 3540 4000 3560 1128223
4000 4440 4000 4460 1128223
3540 4000 3560 4000 1128223
4440 4000 4460 4000 1128223
4000 3560 4000 3580 1227540
4000 4420 4000 4440 1227540
3560 4000 3580 4000 1227540
4420 4000 4440 4000 1227540
4000 3580 4000 3600 896498
4000 4400 4000 4420 896498
3580 4000 3600 4000 896498
4400 4000 4420 4000 896498
4000 3600 4000 3620 728082
4000 4380 4000 4400 728082
3600 4000 3620 4000 728082
4380 4000 4400 4000 728082
4000 3620 4000 3640 1264252
4000 4360 4000 4380 1264252
3620 4000 3640 4000 1264252
4360 4000 4380 4000 1264252
4000 3640 4000 3660 774777
4000 4340 4000 4360 774777
3640 4000 3660 4000 774777
4340 4000 4360 4000 774777
4000 3660 4000 3680 597223
4000 4320 4000 4340 597223
3660 4000 3680 4000 597223
4320 4000 4340 4000 597223
4000 3680 4000 3700 874770
4000 4300 4000 4320 874770
3680 4000 3700 4000 874770
4300 4000 4320 4000 874770
4000 3700 4000 3720 559751
4000 4280 4000 4300 559751
3700 4000 3720 4000 559751
4280 4000 4300 4000 559751
4000 3720 4000 3740 585298
4000 4260 4000 4280 585298
3720 4000 3740 4000 585298
4260 4000 4280 4000 585298
4000 3740 4000 3760 315050
4000 4240 4000 4260 315050
3740 4000 3760 4000 315050
4240 4000 4260 4000 315050
4000 3760 4000 3780 615511
4000 4220 4000 4240 615511
3760 4000 3780 4000 615511
4220 4000 4240 4000 615511
4000 3780 4000 3800 370183
4000 4200 4000 4220 370183
3780 4000 3800 4000 370183
4200 4000 4220 4000 370183
4000 3800 4000 3820 540216
4000 4180 4000 4200 540216
3800 4000 3820 4000 540216
4180 4000 4200 4000 540216
4000 3820 4000 3840 465549
4000 4160 4000 4180 465549
3820 4000 3840 4000 465549
4160 4000 4180 4000 465549
4000 3840 4000 3860 335060
4000 4140 4000 4160 335060
3840 4000 3860 4000 335060
4140 4000 4160 4000 335060
4000 3860 4000 3880 382176
4000 4120 4000 4140 382176
3860 4000 3880 4000 382176
4120 4000 4140 4000 382176
4000 3880 4000 3900 275475
4000 4100 4000 4120 275475
3880 4000 3900 4000 275475
4100 4000 4120 4000 275475
4000 3900 4000 3920 361255
4000 4080 4000 4100 361255
3900 4000 3920 4000 361255
4080 4000 4100 4000 361255
4000 3920 4000 3940 236208
4000 4060 4000 4080 236208
3920 4000 3940 4000 236208
4060 4000 4080 4000 236208
4000 3940 4000 3960 158034
4000 4040 4000 4060 158034
3940 4000 3960 4000 158034
4040 4000 4060 4000 158034
4000 3960 4000 3980 409289
4000 4020 4000 4040 409289
3960 4000 3980 4000 409289
4020 4000 4040 4000 409289
4000 3980 4000 4000 19276
4000 4000 4000 4020 19276
3980 4000 4000 4000 19276
4000 4000 4020 4000 19276
0
