mixed 1
# scaled by 1019/1000 from lc_s20lb_C_r5.txt
2443 500
1000
100000000
12864
250 1000 2
250 3886 2
1000 250 2
1000 4636 2
3886 250 2
3886 4636 2
4636 1000 2
4636 3886 2
286 986 2
286 3900 2
986 286 2
986 4600 2
3900 286 2
3900 4600 2
4600 986 2
4600 3900 2
286 1000 2
286 3886 2
1000 286 2
1000 4600 2
3886 286 2
3886 4600 2
4600 1000 2
4600 3886 2
300 936 2
300 3950 2
936 300 2
936 4586 2
3950 300 2
3950 4586 2
4586 936 2
4586 3950 2
300 950 2
300 3936 2
950 300 2
950 4586 2
3936 300 2
3936 4586 2
4586 950 2
4586 3936 2
300 986 2
300 3900 2
986 300 2
986 4586 2
3900 300 2
3900 4586 2
4586 986 2
4586 3900 2
300 1000 2
300 3886 2
1000 300 2
1000 4586 2
3886 300 2
3886 4586 2
4586 1000 2
4586 3886 2
336 850 2
336 4036 2
850 336 2
850 4550 2
4036 336 2
4036 4550 2
4550 850 2
4550 4036 2
336 886 2
336 4000 2
886 336 2
886 4550 2
4000 336 2
4000 4550 2
4550 886 2
4550 4000 2
336 900 2
336 3986 2
900 336 2
900 4550 2
3986 336 2
3986 4550 2
4550 900 2
4550 3986 2
336 936 2
336 3950 2
936 336 2
936 4550 2
3950 336 2
3950 4550 2
4550 936 2
4550 3950 2
336 950 2
336 3936 2
950 336 2
950 4550 2
3936 336 2
3936 4550 2
4550 950 2
4550 3936 2
336 986 2
336 3900 2
986 336 2
986 4550 2
3900 336 2
3900 4550 2
4550 986 2
4550 3900 2
336 1000 2
336 3886 2
1000 336 2
1000 4550 2
3886 336 2
3886 4550 2
4550 1000 2
4550 3886 2
350 836 2
350 4050 2
836 350 2
836 4536 2
4050 350 2
4050 4536 2
4536 836 2
4536 4050 2
350 850 2
350 4036 2
850 350 2
850 4536 2
4036 350 2
4036 4536 2
4536 850 2
4536 4036 2
350 886 2
350 4000 2
886 350 2
886 4536 2
4000 350 2
4000 4536 2
4536 886 2
4536 4000 2
350 900 2
350 3986 2
900 350 2
900 4536 2
3986 350 2
3986 4536 2
4536 900 2
4536 3986 2
350 936 2
350 3950 2
936 350 2
936 4536 2
3950 350 2
3950 4536 2
4536 936 2
4536 3950 2
350 950 2
350 3936 2
950 350 2
950 4536 2
3936 350 2
3936 4536 2
4536 950 2
4536 3936 2
350 986 2
350 3900 2
986 350 2
986 4536 2
3900 350 2
3900 4536 2
4536 986 2
4536 3900 2
350 1000 388803
350 3886 388803
1000 350 388803
1000 4536 388803
3886 350 388803
3886 4536 388803
4536 1000 388803
4536 3886 388803
386 786 2
386 4100 2
786 386 2
786 4500 2
4100 386 2
4100 4500 2
4500 786 2
4500 4100 2
386 800 2
386 4086 2
800 386 2
800 4500 2
4086 386 2
4086 4500 2
4500 800 2
4500 4086 2
386 836 2
386 4050 2
836 386 2
836 4500 2
4050 386 2
4050 4500 2
4500 836 2
4500 4050 2
386 850 2
386 4036 2
850 386 2
850 4500 2
4036 386 2
4036 4500 2
4500 850 2
4500 4036 2
386 886 2
386 4000 2
886 386 2
886 4500 2
4000 386 2
4000 4500 2
4500 886 2
4500 4000 2
386 900 2
386 3986 2
900 386 2
900 4500 2
3986 386 2
3986 4500 2
4500 900 2
4500 3986 2
386 936 2
386 3950 2
936 386 2
936 4500 2
3950 386 2
3950 4500 2
4500 936 2
4500 3950 2
386 950 2
386 3936 2
950 386 2
950 4500 2
3936 386 2
3936 4500 2
4500 950 2
4500 3936 2
386 986 2
386 3900 2
986 386 2
986 4500 2
3900 386 2
3900 4500 2
4500 986 2
4500 3900 2
386 1000 116138
386 3886 116138
1000 386 116138
1000 4500 116138
3886 386 116138
3886 4500 116138
4500 1000 116138
4500 3886 116138
400 786 2
400 4100 2
786 400 2
786 4486 2
4100 400 2
4100 4486 2
4486 786 2
4486 4100 2
400 800 2
400 4086 2
800 400 2
800 4486 2
4086 400 2
4086 4486 2
4486 800 2
4486 4086 2
400 836 2
400 4050 2
836 400 2
836 4486 2
4050 400 2
4050 4486 2
4486 836 2
4486 4050 2
400 850 2
400 4036 2
850 400 2
850 4486 2
4036 400 2
4036 4486 2
4486 850 2
4486 4036 2
400 886 2
400 4000 2
886 400 2
886 4486 2
4000 400 2
4000 4486 2
4486 886 2
4486 4000 2
400 900 2
400 3986 2
900 400 2
900 4486 2
3986 400 2
3986 4486 2
4486 900 2
4486 3986 2
400 936 2
400 3950 2
936 400 2
936 4486 2
3950 400 2
3950 4486 2
4486 936 2
4486 3950 2
400 950 2
400 3936 2
950 400 2
950 4486 2
3936 400 2
3936 4486 2
4486 950 2
4486 3936 2
400 986 2
400 3900 2
986 400 2
986 4486 2
3900 400 2
3900 4486 2
4486 986 2
4486 3900 2
400 1000 5377
400 3886 5377
1000 400 5377
1000 4486 5377
3886 400 5377
3886 4486 5377
4486 1000 5377
4486 3886 5377
436 786 2
436 4100 2
786 436 2
786 4450 2
4100 436 2
4100 4450 2
4450 786 2
4450 4100 2
436 800 2
436 4086 2
800 436 2
800 4450 2
4086 436 2
4086 4450 2
4450 800 2
4450 4086 2
436 836 2
436 4050 2
836 436 2
836 4450 2
4050 436 2
4050 4450 2
4450 836 2
4450 4050 2
436 850 2
436 4036 2
850 436 2
850 4450 2
4036 436 2
4036 4450 2
4450 850 2
4450 4036 2
436 886 2
436 4000 2
886 436 2
886 4450 2
4000 436 2
4000 4450 2
4450 886 2
4450 4000 2
436 900 2
436 3986 2
900 436 2
900 4450 2
3986 436 2
3986 4450 2
4450 900 2
4450 3986 2
436 936 2
436 3950 2
936 436 2
936 4450 2
3950 436 2
3950 4450 2
4450 936 2
4450 3950 2
436 950 2
436 3936 2
950 436 2
950 4450 2
3936 436 2
3936 4450 2
4450 950 2
4450 3936 2
436 986 6261
436 3900 6261
986 436 6261
986 4450 6261
3900 436 6261
3900 4450 6261
4450 986 6261
4450 3900 6261
436 1000 927005
436 3886 927005
1000 436 927005
1000 4450 927005
3886 436 927005
3886 4450 927005
4450 1000 927005
4450 3886 927005
436 2000 2
436 2886 2
2000 436 2
2000 4450 2
2886 436 2
2886 4450 2
4450 2000 2
4450 2886 2
450 786 2
450 4100 2
786 450 2
786 4436 2
4100 450 2
4100 4436 2
4436 786 2
4436 4100 2
450 800 2
450 4086 2
800 450 2
800 4436 2
4086 450 2
4086 4436 2
4436 800 2
4436 4086 2
450 836 2
450 4050 2
836 450 2
836 4436 2
4050 450 2
4050 4436 2
4436 836 2
4436 4050 2
450 850 2
450 4036 2
850 450 2
850 4436 2
4036 450 2
4036 4436 2
4436 850 2
4436 4036 2
450 886 2
450 4000 2
886 450 2
886 4436 2
4000 450 2
4000 4436 2
4436 886 2
4436 4000 2
450 900 2
450 3986 2
900 450 2
900 4436 2
3986 450 2
3986 4436 2
4436 900 2
4436 3986 2
450 936 2
450 3950 2
936 450 2
936 4436 2
3950 450 2
3950 4436 2
4436 936 2
4436 3950 2
450 950 1170
450 3936 1170
950 450 1170
950 4436 1170
3936 450 1170
3936 4436 1170
4436 950 1170
4436 3936 1170
450 986 5792
450 3900 5792
986 450 5792
986 4436 5792
3900 450 5792
3900 4436 5792
4436 986 5792
4436 3900 5792
450 1000 50564
450 3886 50564
1000 450 50564
1000 4436 50564
3886 450 50564
3886 4436 50564
4436 1000 50564
4436 3886 50564
450 2000 6
450 2886 6
2000 450 6
2000 4436 6
2886 450 6
2886 4436 6
4436 2000 6
4436 2886 6
486 800 2
486 4086 2
800 486 2
800 4400 2
4086 486 2
4086 4400 2
4400 800 2
4400 4086 2
486 836 2
486 4050 2
836 486 2
836 4400 2
4050 486 2
4050 4400 2
4400 836 2
4400 4050 2
486 850 2
486 4036 2
850 486 2
850 4400 2
4036 486 2
4036 4400 2
4400 850 2
4400 4036 2
486 886 2
486 4000 2
886 486 2
886 4400 2
4000 486 2
4000 4400 2
4400 886 2
4400 4000 2
486 900 940
486 3986 940
900 486 940
900 4400 940
3986 486 940
3986 4400 940
4400 900 940
4400 3986 940
486 936 1258
486 3950 1258
936 486 1258
936 4400 1258
3950 486 1258
3950 4400 1258
4400 936 1258
4400 3950 1258
486 950 1344
486 3936 1344
950 486 1344
950 4400 1344
3936 486 1344
3936 4400 1344
4400 950 1344
4400 3936 1344
486 986 3659
486 3900 3659
986 486 3659
986 4400 3659
3900 486 3659
3900 4400 3659
4400 986 3659
4400 3900 3659
486 1000 33782
486 3886 33782
1000 486 33782
1000 4400 33782
3886 486 33782
3886 4400 33782
4400 1000 33782
4400 3886 33782
486 2000 365172
486 2886 365172
2000 486 365172
2000 4400 365172
2886 486 365172
2886 4400 365172
4400 2000 365172
4400 2886 365172
500 836 2
500 4050 2
836 500 2
836 4386 2
4050 500 2
4050 4386 2
4386 836 2
4386 4050 2
500 850 2
500 4036 2
850 500 2
850 4386 2
4036 500 2
4036 4386 2
4386 850 2
4386 4036 2
500 886 908
500 4000 908
886 500 908
886 4386 908
4000 500 908
4000 4386 908
4386 886 908
4386 4000 908
500 900 991
500 3986 991
900 500 991
900 4386 991
3986 500 991
3986 4386 991
4386 900 991
4386 3986 991
500 936 1270
500 3950 1270
936 500 1270
936 4386 1270
3950 500 1270
3950 4386 1270
4386 936 1270
4386 3950 1270
500 950 2228
500 3936 2228
950 500 2228
950 4386 2228
3936 500 2228
3936 4386 2228
4386 950 2228
4386 3936 2228
500 986 4008
500 3900 4008
986 500 4008
986 4386 4008
3900 500 4008
3900 4386 4008
4386 986 4008
4386 3900 4008
500 1000 67894
500 3886 67894
1000 500 67894
1000 4386 67894
3886 500 67894
3886 4386 67894
4386 1000 67894
4386 3886 67894
500 1986 2
500 2900 2
1986 500 2
1986 4386 2
2900 500 2
2900 4386 2
4386 1986 2
4386 2900 2
500 2000 260695
500 2886 260695
2000 500 260695
2000 4386 260695
2886 500 260695
2886 4386 260695
4386 2000 260695
4386 2886 260695
536 836 658
536 4050 658
836 536 658
836 4350 658
4050 536 658
4050 4350 658
4350 836 658
4350 4050 658
536 850 768
536 4036 768
850 536 768
850 4350 768
4036 536 768
4036 4350 768
4350 850 768
4350 4036 768
536 886 959
536 4000 959
886 536 959
886 4350 959
4000 536 959
4000 4350 959
4350 886 959
4350 4000 959
536 900 1017
536 3986 1017
900 536 1017
900 4350 1017
3986 536 1017
3986 4350 1017
4350 900 1017
4350 3986 1017
536 936 2093
536 3950 2093
936 536 2093
936 4350 2093
3950 536 2093
3950 4350 2093
4350 936 2093
4350 3950 2093
536 950 2282
536 3936 2282
950 536 2282
950 4350 2282
3936 536 2282
3936 4350 2282
4350 950 2282
4350 3936 2282
536 986 6208
536 3900 6208
986 536 6208
986 4350 6208
3900 536 6208
3900 4350 6208
4350 986 6208
4350 3900 6208
536 1000 326530
536 3886 326530
1000 536 326530
1000 4350 326530
3886 536 326530
3886 4350 326530
4350 1000 326530
4350 3886 326530
536 1986 2
536 2900 2
1986 536 2
1986 4350 2
2900 536 2
2900 4350 2
4350 1986 2
4350 2900 2
536 2000 665786
536 2886 665786
2000 536 665786
2000 4350 665786
2886 536 665786
2886 4350 665786
4350 2000 665786
4350 2886 665786
550 836 673
550 4050 673
836 550 673
836 4336 673
4050 550 673
4050 4336 673
4336 836 673
4336 4050 673
550 850 760
550 4036 760
850 550 760
850 4336 760
4036 550 760
4036 4336 760
4336 850 760
4336 4036 760
550 886 964
550 4000 964
886 550 964
886 4336 964
4000 550 964
4000 4336 964
4336 886 964
4336 4000 964
550 900 1103
550 3986 1103
900 550 1103
900 4336 1103
3986 550 1103
3986 4336 1103
4336 900 1103
4336 3986 1103
550 936 2034
550 3950 2034
936 550 2034
936 4336 2034
3950 550 2034
3950 4336 2034
4336 936 2034
4336 3950 2034
550 950 2484
550 3936 2484
950 550 2484
950 4336 2484
3936 550 2484
3936 4336 2484
4336 950 2484
4336 3936 2484
550 986 14833
550 3900 14833
986 550 14833
986 4336 14833
3900 550 14833
3900 4336 14833
4336 986 14833
4336 3900 14833
550 1000 1109339
550 3886 1109339
1000 550 1109339
1000 4336 1109339
3886 550 1109339
3886 4336 1109339
4336 1000 1109339
4336 3886 1109339
550 1986 2
550 2900 2
1986 550 2
1986 4336 2
2900 550 2
2900 4336 2
4336 1986 2
4336 2900 2
550 2000 762378
550 2886 762378
2000 550 762378
2000 4336 762378
2886 550 762378
2886 4336 762378
4336 2000 762378
4336 2886 762378
586 836 2
586 4050 2
836 586 2
836 4300 2
4050 586 2
4050 4300 2
4300 836 2
4300 4050 2
586 850 704
586 4036 704
850 586 704
850 4300 704
4036 586 704
4036 4300 704
4300 850 704
4300 4036 704
586 886 936
586 4000 936
886 586 936
886 4300 936
4000 586 936
4000 4300 936
4300 886 936
4300 4000 936
586 900 1136
586 3986 1136
900 586 1136
900 4300 1136
3986 586 1136
3986 4300 1136
4300 900 1136
4300 3986 1136
586 936 2089
586 3950 2089
936 586 2089
936 4300 2089
3950 586 2089
3950 4300 2089
4300 936 2089
4300 3950 2089
586 950 2827
586 3936 2827
950 586 2827
950 4300 2827
3936 586 2827
3936 4300 2827
4300 950 2827
4300 3936 2827
586 986 18099
586 3900 18099
986 586 18099
986 4300 18099
3900 586 18099
3900 4300 18099
4300 986 18099
4300 3900 18099
586 1000 1546610
586 3886 1546610
1000 586 1546610
1000 4300 1546610
3886 586 1546610
3886 4300 1546610
4300 1000 1546610
4300 3886 1546610
586 1950 2
586 2936 2
1950 586 2
1950 4300 2
2936 586 2
2936 4300 2
4300 1950 2
4300 2936 2
586 1986 2
586 2900 2
1986 586 2
1986 4300 2
2900 586 2
2900 4300 2
4300 1986 2
4300 2900 2
586 2000 1085572
586 2886 1085572
2000 586 1085572
2000 4300 1085572
2886 586 1085572
2886 4300 1085572
4300 2000 1085572
4300 2886 1085572
600 836 2
600 4050 2
836 600 2
836 4286 2
4050 600 2
4050 4286 2
4286 836 2
4286 4050 2
600 850 702
600 4036 702
850 600 702
850 4286 702
4036 600 702
4036 4286 702
4286 850 702
4286 4036 702
600 886 936
600 4000 936
886 600 936
886 4286 936
4000 600 936
4000 4286 936
4286 886 936
4286 4000 936
600 900 1142
600 3986 1142
900 600 1142
900 4286 1142
3986 600 1142
3986 4286 1142
4286 900 1142
4286 3986 1142
600 936 2191
600 3950 2191
936 600 2191
936 4286 2191
3950 600 2191
3950 4286 2191
4286 936 2191
4286 3950 2191
600 950 2881
600 3936 2881
950 600 2881
950 4286 2881
3936 600 2881
3936 4286 2881
4286 950 2881
4286 3936 2881
600 986 33054
600 3900 33054
986 600 33054
986 4286 33054
3900 600 33054
3900 4286 33054
4286 986 33054
4286 3900 33054
600 1000 5959056
600 3886 5959056
1000 600 5959056
1000 4286 5959056
3886 600 5959056
3886 4286 5959056
4286 1000 5959056
4286 3886 5959056
600 1936 2
600 2950 2
1936 600 2
1936 4286 2
2950 600 2
2950 4286 2
4286 1936 2
4286 2950 2
600 1950 2
600 2936 2
1950 600 2
1950 4286 2
2936 600 2
2936 4286 2
4286 1950 2
4286 2936 2
600 1986 440668
600 2900 440668
1986 600 440668
1986 4286 440668
2900 600 440668
2900 4286 440668
4286 1986 440668
4286 2900 440668
600 2000 612666
600 2886 612666
2000 600 612666
2000 4286 612666
2886 600 612666
2886 4286 612666
4286 2000 612666
4286 2886 612666
636 850 2
636 4036 2
850 636 2
850 4250 2
4036 636 2
4036 4250 2
4250 850 2
4250 4036 2
636 886 902
636 4000 902
886 636 902
886 4250 902
4000 636 902
4000 4250 902
4250 886 902
4250 4000 902
636 900 1037
636 3986 1037
900 636 1037
900 4250 1037
3986 636 1037
3986 4250 1037
4250 900 1037
4250 3986 1037
636 936 2697
636 3950 2697
936 636 2697
936 4250 2697
3950 636 2697
3950 4250 2697
4250 936 2697
4250 3950 2697
636 950 6506
636 3936 6506
950 636 6506
950 4250 6506
3936 636 6506
3936 4250 6506
4250 950 6506
4250 3936 6506
636 986 24614
636 3900 24614
986 636 24614
986 4250 24614
3900 636 24614
3900 4250 24614
4250 986 24614
4250 3900 24614
636 1000 1429531
636 3886 1429531
1000 636 1429531
1000 4250 1429531
3886 636 1429531
3886 4250 1429531
4250 1000 1429531
4250 3886 1429531
636 1936 425910
636 2950 425910
1936 636 425910
1936 4250 425910
2950 636 425910
2950 4250 425910
4250 1936 425910
4250 2950 425910
636 1950 2
636 2936 2
1950 636 2
1950 4250 2
2936 636 2
2936 4250 2
4250 1950 2
4250 2936 2
636 1986 158000
636 2900 158000
1986 636 158000
1986 4250 158000
2900 636 158000
2900 4250 158000
4250 1986 158000
4250 2900 158000
636 2000 309284
636 2886 309284
2000 636 309284
2000 4250 309284
2886 636 309284
2886 4250 309284
4250 2000 309284
4250 2886 309284
650 886 902
650 4000 902
886 650 902
886 4236 902
4000 650 902
4000 4236 902
4236 886 902
4236 4000 902
650 900 994
650 3986 994
900 650 994
900 4236 994
3986 650 994
3986 4236 994
4236 900 994
4236 3986 994
650 936 2925
650 3950 2925
936 650 2925
936 4236 2925
3950 650 2925
3950 4236 2925
4236 936 2925
4236 3950 2925
650 950 7040
650 3936 7040
950 650 7040
950 4236 7040
3936 650 7040
3936 4236 7040
4236 950 7040
4236 3936 7040
650 986 25906
650 3900 25906
986 650 25906
986 4236 25906
3900 650 25906
3900 4236 25906
4236 986 25906
4236 3900 25906
650 1000 1911697
650 3886 1911697
1000 650 1911697
1000 4236 1911697
3886 650 1911697
3886 4236 1911697
4236 1000 1911697
4236 3886 1911697
650 1900 2
650 2986 2
1900 650 2
1900 4236 2
2986 650 2
2986 4236 2
4236 1900 2
4236 2986 2
650 1936 704192
650 2950 704192
1936 650 704192
1936 4236 704192
2950 650 704192
2950 4236 704192
4236 1936 704192
4236 2950 704192
650 1950 161019
650 2936 161019
1950 650 161019
1950 4236 161019
2936 650 161019
2936 4236 161019
4236 1950 161019
4236 2936 161019
650 1986 190785
650 2900 190785
1986 650 190785
1986 4236 190785
2900 650 190785
2900 4236 190785
4236 1986 190785
4236 2900 190785
650 2000 694270
650 2886 694270
2000 650 694270
2000 4236 694270
2886 650 694270
2886 4236 694270
4236 2000 694270
4236 2886 694270
686 886 856
686 4000 856
886 686 856
886 4200 856
4000 686 856
4000 4200 856
4200 886 856
4200 4000 856
686 900 1389
686 3986 1389
900 686 1389
900 4200 1389
3986 686 1389
3986 4200 1389
4200 900 1389
4200 3986 1389
686 936 6088
686 3950 6088
936 686 6088
936 4200 6088
3950 686 6088
3950 4200 6088
4200 936 6088
4200 3950 6088
686 950 9291
686 3936 9291
950 686 9291
950 4200 9291
3936 686 9291
3936 4200 9291
4200 950 9291
4200 3936 9291
686 986 25010
686 3900 25010
986 686 25010
986 4200 25010
3900 686 25010
3900 4200 25010
4200 986 25010
4200 3900 25010
686 1000 2824028
686 3886 2824028
1000 686 2824028
1000 4200 2824028
3886 686 2824028
3886 4200 2824028
4200 1000 2824028
4200 3886 2824028
686 1900 2
686 2986 2
1900 686 2
1900 4200 2
2986 686 2
2986 4200 2
4200 1900 2
4200 2986 2
686 1936 1276761
686 2950 1276761
1936 686 1276761
1936 4200 1276761
2950 686 1276761
2950 4200 1276761
4200 1936 1276761
4200 2950 1276761
686 1950 11365
686 2936 11365
1950 686 11365
1950 4200 11365
2936 686 11365
2936 4200 11365
4200 1950 11365
4200 2936 11365
686 1986 26028
686 2900 26028
1986 686 26028
1986 4200 26028
2900 686 26028
2900 4200 26028
4200 1986 26028
4200 2900 26028
686 2000 549933
686 2886 549933
2000 686 549933
2000 4200 549933
2886 686 549933
2886 4200 549933
4200 2000 549933
4200 2886 549933
700 886 1067
700 4000 1067
886 700 1067
886 4186 1067
4000 700 1067
4000 4186 1067
4186 886 1067
4186 4000 1067
700 900 1402
700 3986 1402
900 700 1402
900 4186 1402
3986 700 1402
3986 4186 1402
4186 900 1402
4186 3986 1402
700 936 4119
700 3950 4119
936 700 4119
936 4186 4119
3950 700 4119
3950 4186 4119
4186 936 4119
4186 3950 4119
700 950 8372
700 3936 8372
950 700 8372
950 4186 8372
3936 700 8372
3936 4186 8372
4186 950 8372
4186 3936 8372
700 986 20879
700 3900 20879
986 700 20879
986 4186 20879
3900 700 20879
3900 4186 20879
4186 986 20879
4186 3900 20879
700 1000 658206
700 3886 658206
1000 700 658206
1000 4186 658206
3886 700 658206
3886 4186 658206
4186 1000 658206
4186 3886 658206
700 1900 53722
700 2986 53722
1900 700 53722
1900 4186 53722
2986 700 53722
2986 4186 53722
4186 1900 53722
4186 2986 53722
700 1936 1528486
700 2950 1528486
1936 700 1528486
1936 4186 1528486
2950 700 1528486
2950 4186 1528486
4186 1936 1528486
4186 2950 1528486
700 1950 10803
700 2936 10803
1950 700 10803
1950 4186 10803
2936 700 10803
2936 4186 10803
4186 1950 10803
4186 2936 10803
700 1986 180557
700 2900 180557
1986 700 180557
1986 4186 180557
2900 700 180557
2900 4186 180557
4186 1986 180557
4186 2900 180557
700 2000 64577
700 2886 64577
2000 700 64577
2000 4186 64577
2886 700 64577
2886 4186 64577
4186 2000 64577
4186 2886 64577
700 2436 2
700 2450 2
2436 700 2
2436 4186 2
2450 700 2
2450 4186 2
4186 2436 2
4186 2450 2
736 886 2
736 4000 2
886 736 2
886 4150 2
4000 736 2
4000 4150 2
4150 886 2
4150 4000 2
736 900 1221
736 3986 1221
900 736 1221
900 4150 1221
3986 736 1221
3986 4150 1221
4150 900 1221
4150 3986 1221
736 936 2961
736 3950 2961
936 736 2961
936 4150 2961
3950 736 2961
3950 4150 2961
4150 936 2961
4150 3950 2961
736 950 4645
736 3936 4645
950 736 4645
950 4150 4645
3936 736 4645
3936 4150 4645
4150 950 4645
4150 3936 4645
736 986 17646
736 3900 17646
986 736 17646
986 4150 17646
3900 736 17646
3900 4150 17646
4150 986 17646
4150 3900 17646
736 1000 201561
736 3886 201561
1000 736 201561
1000 4150 201561
3886 736 201561
3886 4150 201561
4150 1000 201561
4150 3886 201561
736 1886 2
736 3000 2
1886 736 2
1886 4150 2
3000 736 2
3000 4150 2
4150 1886 2
4150 3000 2
736 1900 4981
736 2986 4981
1900 736 4981
1900 4150 4981
2986 736 4981
2986 4150 4981
4150 1900 4981
4150 2986 4981
736 1936 14656
736 2950 14656
1936 736 14656
1936 4150 14656
2950 736 14656
2950 4150 14656
4150 1936 14656
4150 2950 14656
736 1950 55924
736 2936 55924
1950 736 55924
1950 4150 55924
2936 736 55924
2936 4150 55924
4150 1950 55924
4150 2936 55924
736 1986 1008701
736 2900 1008701
1986 736 1008701
1986 4150 1008701
2900 736 1008701
2900 4150 1008701
4150 1986 1008701
4150 2900 1008701
736 2000 719032
736 2886 719032
2000 736 719032
2000 4150 719032
2886 736 719032
2886 4150 719032
4150 2000 719032
4150 2886 719032
736 2436 163541
736 2450 163541
2436 736 163541
2436 4150 163541
2450 736 163541
2450 4150 163541
4150 2436 163541
4150 2450 163541
750 886 2
750 4000 2
886 750 2
886 4136 2
4000 750 2
4000 4136 2
4136 886 2
4136 4000 2
750 900 2
750 3986 2
900 750 2
900 4136 2
3986 750 2
3986 4136 2
4136 900 2
4136 3986 2
750 936 2840
750 3950 2840
936 750 2840
936 4136 2840
3950 750 2840
3950 4136 2840
4136 936 2840
4136 3950 2840
750 950 4155
750 3936 4155
950 750 4155
950 4136 4155
3936 750 4155
3936 4136 4155
4136 950 4155
4136 3936 4155
750 986 17827
750 3900 17827
986 750 17827
986 4136 17827
3900 750 17827
3900 4136 17827
4136 986 17827
4136 3900 17827
750 1000 4528424
750 3886 4528424
1000 750 4528424
1000 4136 4528424
3886 750 4528424
3886 4136 4528424
4136 1000 4528424
4136 3886 4528424
750 1886 2
750 3000 2
1886 750 2
1886 4136 2
3000 750 2
3000 4136 2
4136 1886 2
4136 3000 2
750 1900 829402
750 2986 829402
1900 750 829402
1900 4136 829402
2986 750 829402
2986 4136 829402
4136 1900 829402
4136 2986 829402
750 1936 200469
750 2950 200469
1936 750 200469
1936 4136 200469
2950 750 200469
2950 4136 200469
4136 1936 200469
4136 2950 200469
750 1950 73691
750 2936 73691
1950 750 73691
1950 4136 73691
2936 750 73691
2936 4136 73691
4136 1950 73691
4136 2936 73691
750 1986 160928
750 2900 160928
1986 750 160928
1986 4136 160928
2900 750 160928
2900 4136 160928
4136 1986 160928
4136 2900 160928
750 2000 1750275
750 2886 1750275
2000 750 1750275
2000 4136 1750275
2886 750 1750275
2886 4136 1750275
4136 2000 1750275
4136 2886 1750275
750 2436 100611
750 2450 100611
2436 750 100611
2436 4136 100611
2450 750 100611
2450 4136 100611
4136 2436 100611
4136 2450 100611
786 900 2
786 3986 2
900 786 2
900 4100 2
3986 786 2
3986 4100 2
4100 900 2
4100 3986 2
786 936 3169
786 3950 3169
936 786 3169
936 4100 3169
3950 786 3169
3950 4100 3169
4100 936 3169
4100 3950 3169
786 950 3044
786 3936 3044
950 786 3044
950 4100 3044
3936 786 3044
3936 4100 3044
4100 950 3044
4100 3936 3044
786 986 17485
786 3900 17485
986 786 17485
986 4100 17485
3900 786 17485
3900 4100 17485
4100 986 17485
4100 3900 17485
786 1000 2111795
786 3886 2111795
1000 786 2111795
1000 4100 2111795
3886 786 2111795
3886 4100 2111795
4100 1000 2111795
4100 3886 2111795
786 1886 2
786 3000 2
1886 786 2
1886 4100 2
3000 786 2
3000 4100 2
4100 1886 2
4100 3000 2
786 1900 2
786 2986 2
1900 786 2
1900 4100 2
2986 786 2
2986 4100 2
4100 1900 2
4100 2986 2
786 1936 770455
786 2950 770455
1936 786 770455
1936 4100 770455
2950 786 770455
2950 4100 770455
4100 1936 770455
4100 2950 770455
786 1950 177127
786 2936 177127
1950 786 177127
1950 4100 177127
2936 786 177127
2936 4100 177127
4100 1950 177127
4100 2936 177127
786 1986 2672451
786 2900 2672451
1986 786 2672451
1986 4100 2672451
2900 786 2672451
2900 4100 2672451
4100 1986 2672451
4100 2900 2672451
786 2000 242715
786 2886 242715
2000 786 242715
2000 4100 242715
2886 786 242715
2886 4100 242715
4100 2000 242715
4100 2886 242715
786 2386 2
786 2500 2
2386 786 2
2386 4100 2
2500 786 2
2500 4100 2
4100 2386 2
4100 2500 2
786 2400 162690
786 2486 162690
2400 786 162690
2400 4100 162690
2486 786 162690
2486 4100 162690
4100 2400 162690
4100 2486 162690
786 2436 2
786 2450 2
2436 786 2
2436 4100 2
2450 786 2
2450 4100 2
4100 2436 2
4100 2450 2
800 900 2
800 3986 2
900 800 2
900 4086 2
3986 800 2
3986 4086 2
4086 900 2
4086 3986 2
800 936 3105
800 3950 3105
936 800 3105
936 4086 3105
3950 800 3105
3950 4086 3105
4086 936 3105
4086 3950 3105
800 950 4067
800 3936 4067
950 800 4067
950 4086 4067
3936 800 4067
3936 4086 4067
4086 950 4067
4086 3936 4067
800 986 24806
800 3900 24806
986 800 24806
986 4086 24806
3900 800 24806
3900 4086 24806
4086 986 24806
4086 3900 24806
800 1000 137801
800 3886 137801
1000 800 137801
1000 4086 137801
3886 800 137801
3886 4086 137801
4086 1000 137801
4086 3886 137801
800 1900 2
800 2986 2
1900 800 2
1900 4086 2
2986 800 2
2986 4086 2
4086 1900 2
4086 2986 2
800 1936 824002
800 2950 824002
1936 800 824002
1936 4086 824002
2950 800 824002
2950 4086 824002
4086 1936 824002
4086 2950 824002
800 1950 885667
800 2936 885667
1950 800 885667
1950 4086 885667
2936 800 885667
2936 4086 885667
4086 1950 885667
4086 2936 885667
800 1986 44013
800 2900 44013
1986 800 44013
1986 4086 44013
2900 800 44013
2900 4086 44013
4086 1986 44013
4086 2900 44013
800 2000 706306
800 2886 706306
2000 800 706306
2000 4086 706306
2886 800 706306
2886 4086 706306
4086 2000 706306
4086 2886 706306
800 2386 2
800 2500 2
2386 800 2
2386 4086 2
2500 800 2
2500 4086 2
4086 2386 2
4086 2500 2
800 2400 2
800 2486 2
2400 800 2
2400 4086 2
2486 800 2
2486 4086 2
4086 2400 2
4086 2486 2
800 2436 2
800 2450 2
2436 800 2
2436 4086 2
2450 800 2
2450 4086 2
4086 2436 2
4086 2450 2
836 936 2
836 3950 2
936 836 2
936 4050 2
3950 836 2
3950 4050 2
4050 936 2
4050 3950 2
836 950 539754
836 3936 539754
950 836 539754
950 4050 539754
3936 836 539754
3936 4050 539754
4050 950 539754
4050 3936 539754
836 986 8545
836 3900 8545
986 836 8545
986 4050 8545
3900 836 8545
3900 4050 8545
4050 986 8545
4050 3900 8545
836 1000 39169
836 3886 39169
1000 836 39169
1000 4050 39169
3886 836 39169
3886 4050 39169
4050 1000 39169
4050 3886 39169
836 1936 2
836 2950 2
1936 836 2
1936 4050 2
2950 836 2
2950 4050 2
4050 1936 2
4050 2950 2
836 1950 22796
836 2936 22796
1950 836 22796
1950 4050 22796
2936 836 22796
2936 4050 22796
4050 1950 22796
4050 2936 22796
836 1986 66244
836 2900 66244
1986 836 66244
1986 4050 66244
2900 836 66244
2900 4050 66244
4050 1986 66244
4050 2900 66244
836 2000 212595
836 2886 212595
2000 836 212595
2000 4050 212595
2886 836 212595
2886 4050 212595
4050 2000 212595
4050 2886 212595
836 2386 2
836 2500 2
2386 836 2
2386 4050 2
2500 836 2
2500 4050 2
4050 2386 2
4050 2500 2
836 2400 266124
836 2486 266124
2400 836 266124
2400 4050 266124
2486 836 266124
2486 4050 266124
4050 2400 266124
4050 2486 266124
836 2436 348352
836 2450 348352
2436 836 348352
2436 4050 348352
2450 836 348352
2450 4050 348352
4050 2436 348352
4050 2450 348352
850 936 2
850 3950 2
936 850 2
936 4036 2
3950 850 2
3950 4036 2
4036 936 2
4036 3950 2
850 950 17009
850 3936 17009
950 850 17009
950 4036 17009
3936 850 17009
3936 4036 17009
4036 950 17009
4036 3936 17009
850 986 5068
850 3900 5068
986 850 5068
986 4036 5068
3900 850 5068
3900 4036 5068
4036 986 5068
4036 3900 5068
850 1000 5837194
850 3886 5837194
1000 850 5837194
1000 4036 5837194
3886 850 5837194
3886 4036 5837194
4036 1000 5837194
4036 3886 5837194
850 1936 2
850 2950 2
1936 850 2
1936 4036 2
2950 850 2
2950 4036 2
4036 1936 2
4036 2950 2
850 1950 2
850 2936 2
1950 850 2
1950 4036 2
2936 850 2
2936 4036 2
4036 1950 2
4036 2936 2
850 1986 28062
850 2900 28062
1986 850 28062
1986 4036 28062
2900 850 28062
2900 4036 28062
4036 1986 28062
4036 2900 28062
850 2000 276402
850 2886 276402
2000 850 276402
2000 4036 276402
2886 850 276402
2886 4036 276402
4036 2000 276402
4036 2886 276402
850 2386 70849
850 2500 70849
2386 850 70849
2386 4036 70849
2500 850 70849
2500 4036 70849
4036 2386 70849
4036 2500 70849
850 2400 234470
850 2486 234470
2400 850 234470
2400 4036 234470
2486 850 234470
2486 4036 234470
4036 2400 234470
4036 2486 234470
850 2436 53716
850 2450 53716
2436 850 53716
2436 4036 53716
2450 850 53716
2450 4036 53716
4036 2436 53716
4036 2450 53716
886 950 2
886 3936 2
950 886 2
950 4000 2
3936 886 2
3936 4000 2
4000 950 2
4000 3936 2
886 986 200098
886 3900 200098
986 886 200098
986 4000 200098
3900 886 200098
3900 4000 200098
4000 986 200098
4000 3900 200098
886 1000 24272
886 3886 24272
1000 886 24272
1000 4000 24272
3886 886 24272
3886 4000 24272
4000 1000 24272
4000 3886 24272
886 1236 2
886 3650 2
1236 886 2
1236 4000 2
3650 886 2
3650 4000 2
4000 1236 2
4000 3650 2
886 1250 2
886 3636 2
1250 886 2
1250 4000 2
3636 886 2
3636 4000 2
4000 1250 2
4000 3636 2
886 1286 2
886 3600 2
1286 886 2
1286 4000 2
3600 886 2
3600 4000 2
4000 1286 2
4000 3600 2
886 1300 2
886 3586 2
1300 886 2
1300 4000 2
3586 886 2
3586 4000 2
4000 1300 2
4000 3586 2
886 1336 51415
886 3550 51415
1336 886 51415
1336 4000 51415
3550 886 51415
3550 4000 51415
4000 1336 51415
4000 3550 51415
886 1950 2
886 2936 2
1950 886 2
1950 4000 2
2936 886 2
2936 4000 2
4000 1950 2
4000 2936 2
886 1986 3
886 2900 3
1986 886 3
1986 4000 3
2900 886 3
2900 4000 3
4000 1986 3
4000 2900 3
886 2000 351025
886 2886 351025
2000 886 351025
2000 4000 351025
2886 886 351025
2886 4000 351025
4000 2000 351025
4000 2886 351025
886 2336 2
886 2550 2
2336 886 2
2336 4000 2
2550 886 2
2550 4000 2
4000 2336 2
4000 2550 2
886 2350 2
886 2536 2
2350 886 2
2350 4000 2
2536 886 2
2536 4000 2
4000 2350 2
4000 2536 2
886 2386 71482
886 2500 71482
2386 886 71482
2386 4000 71482
2500 886 71482
2500 4000 71482
4000 2386 71482
4000 2500 71482
886 2400 22378
886 2486 22378
2400 886 22378
2400 4000 22378
2486 886 22378
2486 4000 22378
4000 2400 22378
4000 2486 22378
900 986 1578971
900 3900 1578971
986 900 1578971
986 3986 1578971
3900 900 1578971
3900 3986 1578971
3986 986 1578971
3986 3900 1578971
900 1000 240318
900 3886 240318
1000 900 240318
1000 3986 240318
3886 900 240318
3886 3986 240318
3986 1000 240318
3986 3886 240318
900 1186 2
900 3700 2
1186 900 2
1186 3986 2
3700 900 2
3700 3986 2
3986 1186 2
3986 3700 2
900 1200 2
900 3686 2
1200 900 2
1200 3986 2
3686 900 2
3686 3986 2
3986 1200 2
3986 3686 2
900 1236 27412
900 3650 27412
1236 900 27412
1236 3986 27412
3650 900 27412
3650 3986 27412
3986 1236 27412
3986 3650 27412
900 1250 207342
900 3636 207342
1250 900 207342
1250 3986 207342
3636 900 207342
3636 3986 207342
3986 1250 207342
3986 3636 207342
900 1286 295587
900 3600 295587
1286 900 295587
1286 3986 295587
3600 900 295587
3600 3986 295587
3986 1286 295587
3986 3600 295587
900 1300 2
900 3586 2
1300 900 2
1300 3986 2
3586 900 2
3586 3986 2
3986 1300 2
3986 3586 2
900 1336 2
900 3550 2
1336 900 2
1336 3986 2
3550 900 2
3550 3986 2
3986 1336 2
3986 3550 2
900 1350 2
900 3536 2
1350 900 2
1350 3986 2
3536 900 2
3536 3986 2
3986 1350 2
3986 3536 2
900 1386 2
900 3500 2
1386 900 2
1386 3986 2
3500 900 2
3500 3986 2
3986 1386 2
3986 3500 2
900 1436 2
900 3450 2
1436 900 2
1436 3986 2
3450 900 2
3450 3986 2
3986 1436 2
3986 3450 2
900 1600 2
900 3286 2
1600 900 2
1600 3986 2
3286 900 2
3286 3986 2
3986 1600 2
3986 3286 2
900 1650 2
900 3236 2
1650 900 2
1650 3986 2
3236 900 2
3236 3986 2
3986 1650 2
3986 3236 2
900 1886 2
900 3000 2
1886 900 2
1886 3986 2
3000 900 2
3000 3986 2
3986 1886 2
3986 3000 2
900 1986 2
900 2900 2
1986 900 2
1986 3986 2
2900 900 2
2900 3986 2
3986 1986 2
3986 2900 2
900 2000 9956
900 2886 9956
2000 900 9956
2000 3986 9956
2886 900 9956
2886 3986 9956
3986 2000 9956
3986 2886 9956
900 2350 16992
900 2536 16992
2350 900 16992
2350 3986 16992
2536 900 16992
2536 3986 16992
3986 2350 16992
3986 2536 16992
900 2386 2
900 2500 2
2386 900 2
2386 3986 2
2500 900 2
2500 3986 2
3986 2386 2
3986 2500 2
936 936 2
936 3950 2
3950 936 2
3950 3950 2
936 950 2
936 3936 2
950 936 2
950 3950 2
3936 936 2
3936 3950 2
3950 950 2
3950 3936 2
936 986 335270
936 3900 335270
986 936 335270
986 3950 335270
3900 936 335270
3900 3950 335270
3950 986 335270
3950 3900 335270
936 1000 621813
936 3886 621813
1000 936 621813
1000 3950 621813
3886 936 621813
3886 3950 621813
3950 1000 621813
3950 3886 621813
936 1136 2
936 3750 2
1136 936 2
1136 3950 2
3750 936 2
3750 3950 2
3950 1136 2
3950 3750 2
936 1150 2
936 3736 2
1150 936 2
1150 3950 2
3736 936 2
3736 3950 2
3950 1150 2
3950 3736 2
936 1186 2
936 3700 2
1186 936 2
1186 3950 2
3700 936 2
3700 3950 2
3950 1186 2
3950 3700 2
936 1200 976
936 3686 976
1200 936 976
1200 3950 976
3686 936 976
3686 3950 976
3950 1200 976
3950 3686 976
936 1236 2072
936 3650 2072
1236 936 2072
1236 3950 2072
3650 936 2072
3650 3950 2072
3950 1236 2072
3950 3650 2072
936 1250 4927
936 3636 4927
1250 936 4927
1250 3950 4927
3636 936 4927
3636 3950 4927
3950 1250 4927
3950 3636 4927
936 1286 4866
936 3600 4866
1286 936 4866
1286 3950 4866
3600 936 4866
3600 3950 4866
3950 1286 4866
3950 3600 4866
936 1300 5161
936 3586 5161
1300 936 5161
1300 3950 5161
3586 936 5161
3586 3950 5161
3950 1300 5161
3950 3586 5161
936 1336 69972
936 3550 69972
1336 936 69972
1336 3950 69972
3550 936 69972
3550 3950 69972
3950 1336 69972
3950 3550 69972
936 1350 43433
936 3536 43433
1350 936 43433
1350 3950 43433
3536 936 43433
3536 3950 43433
3950 1350 43433
3950 3536 43433
936 1386 53810
936 3500 53810
1386 936 53810
1386 3950 53810
3500 936 53810
3500 3950 53810
3950 1386 53810
3950 3500 53810
936 1400 35704
936 3486 35704
1400 936 35704
1400 3950 35704
3486 936 35704
3486 3950 35704
3950 1400 35704
3950 3486 35704
936 1486 2
936 3400 2
1486 936 2
1486 3950 2
3400 936 2
3400 3950 2
3950 1486 2
3950 3400 2
936 1586 2
936 3300 2
1586 936 2
1586 3950 2
3300 936 2
3300 3950 2
3950 1586 2
3950 3300 2
936 1636 97760
936 3250 97760
1636 936 97760
1636 3950 97760
3250 936 97760
3250 3950 97760
3950 1636 97760
3950 3250 97760
936 1650 128429
936 3236 128429
1650 936 128429
1650 3950 128429
3236 936 128429
3236 3950 128429
3950 1650 128429
3950 3236 128429
936 1686 2
936 3200 2
1686 936 2
1686 3950 2
3200 936 2
3200 3950 2
3950 1686 2
3950 3200 2
936 1700 2
936 3186 2
1700 936 2
1700 3950 2
3186 936 2
3186 3950 2
3950 1700 2
3950 3186 2
936 1736 2
936 3150 2
1736 936 2
1736 3950 2
3150 936 2
3150 3950 2
3950 1736 2
3950 3150 2
936 1750 2
936 3136 2
1750 936 2
1750 3950 2
3136 936 2
3136 3950 2
3950 1750 2
3950 3136 2
936 1886 357293
936 3000 357293
1886 936 357293
1886 3950 357293
3000 936 357293
3000 3950 357293
3950 1886 357293
3950 3000 357293
936 1900 473296
936 2986 473296
1900 936 473296
1900 3950 473296
2986 936 473296
2986 3950 473296
3950 1900 473296
3950 2986 473296
936 1986 20163
936 2900 20163
1986 936 20163
1986 3950 20163
2900 936 20163
2900 3950 20163
3950 1986 20163
3950 2900 20163
936 2000 818308
936 2886 818308
2000 936 818308
2000 3950 818308
2886 936 818308
2886 3950 818308
3950 2000 818308
3950 2886 818308
936 2236 2
936 2650 2
2236 936 2
2236 3950 2
2650 936 2
2650 3950 2
3950 2236 2
3950 2650 2
936 2250 2
936 2636 2
2250 936 2
2250 3950 2
2636 936 2
2636 3950 2
3950 2250 2
3950 2636 2
936 2300 39806
936 2586 39806
2300 936 39806
2300 3950 39806
2586 936 39806
2586 3950 39806
3950 2300 39806
3950 2586 39806
936 2336 2
936 2550 2
2336 936 2
2336 3950 2
2550 936 2
2550 3950 2
3950 2336 2
3950 2550 2
936 2350 16732
936 2536 16732
2350 936 16732
2350 3950 16732
2536 936 16732
2536 3950 16732
3950 2350 16732
3950 2536 16732
936 2386 2
936 2500 2
2386 936 2
2386 3950 2
2500 936 2
2500 3950 2
3950 2386 2
3950 2500 2
950 950 13264
950 3936 13264
3936 950 13264
3936 3936 13264
950 986 2
950 3900 2
986 950 2
986 3936 2
3900 950 2
3900 3936 2
3936 986 2
3936 3900 2
950 1000 1710491
950 3886 1710491
1000 950 1710491
1000 3936 1710491
3886 950 1710491
3886 3936 1710491
3936 1000 1710491
3936 3886 1710491
950 1136 2
950 3750 2
1136 950 2
1136 3936 2
3750 950 2
3750 3936 2
3936 1136 2
3936 3750 2
950 1150 2
950 3736 2
1150 950 2
1150 3936 2
3736 950 2
3736 3936 2
3936 1150 2
3936 3736 2
950 1186 2
950 3700 2
1186 950 2
1186 3936 2
3700 950 2
3700 3936 2
3936 1186 2
3936 3700 2
950 1200 997
950 3686 997
1200 950 997
1200 3936 997
3686 950 997
3686 3936 997
3936 1200 997
3936 3686 997
950 1236 1743
950 3650 1743
1236 950 1743
1236 3936 1743
3650 950 1743
3650 3936 1743
3936 1236 1743
3936 3650 1743
950 1250 9069
950 3636 9069
1250 950 9069
1250 3936 9069
3636 950 9069
3636 3936 9069
3936 1250 9069
3936 3636 9069
950 1286 5712
950 3600 5712
1286 950 5712
1286 3936 5712
3600 950 5712
3600 3936 5712
3936 1286 5712
3936 3600 5712
950 1300 5275
950 3586 5275
1300 950 5275
1300 3936 5275
3586 950 5275
3586 3936 5275
3936 1300 5275
3936 3586 5275
950 1336 41676
950 3550 41676
1336 950 41676
1336 3936 41676
3550 950 41676
3550 3936 41676
3936 1336 41676
3936 3550 41676
950 1350 77480
950 3536 77480
1350 950 77480
1350 3936 77480
3536 950 77480
3536 3936 77480
3936 1350 77480
3936 3536 77480
950 1386 157196
950 3500 157196
1386 950 157196
1386 3936 157196
3500 950 157196
3500 3936 157196
3936 1386 157196
3936 3500 157196
950 1400 67096
950 3486 67096
1400 950 67096
1400 3936 67096
3486 950 67096
3486 3936 67096
3936 1400 67096
3936 3486 67096
950 1436 97112
950 3450 97112
1436 950 97112
1436 3936 97112
3450 950 97112
3450 3936 97112
3936 1436 97112
3936 3450 97112
950 1450 30955
950 3436 30955
1450 950 30955
1450 3936 30955
3436 950 30955
3436 3936 30955
3936 1450 30955
3936 3436 30955
950 1486 23799
950 3400 23799
1486 950 23799
1486 3936 23799
3400 950 23799
3400 3936 23799
3936 1486 23799
3936 3400 23799
950 1500 2
950 3386 2
1500 950 2
1500 3936 2
3386 950 2
3386 3936 2
3936 1500 2
3936 3386 2
950 1586 2
950 3300 2
1586 950 2
1586 3936 2
3300 950 2
3300 3936 2
3936 1586 2
3936 3300 2
950 1600 2
950 3286 2
1600 950 2
1600 3936 2
3286 950 2
3286 3936 2
3936 1600 2
3936 3286 2
950 1636 25853
950 3250 25853
1636 950 25853
1636 3936 25853
3250 950 25853
3250 3936 25853
3936 1636 25853
3936 3250 25853
950 1650 159825
950 3236 159825
1650 950 159825
1650 3936 159825
3236 950 159825
3236 3936 159825
3936 1650 159825
3936 3236 159825
950 1686 158031
950 3200 158031
1686 950 158031
1686 3936 158031
3200 950 158031
3200 3936 158031
3936 1686 158031
3936 3200 158031
950 1700 75201
950 3186 75201
1700 950 75201
1700 3936 75201
3186 950 75201
3186 3936 75201
3936 1700 75201
3936 3186 75201
950 1736 111316
950 3150 111316
1736 950 111316
1736 3936 111316
3150 950 111316
3150 3936 111316
3936 1736 111316
3936 3150 111316
950 1750 119000
950 3136 119000
1750 950 119000
1750 3936 119000
3136 950 119000
3136 3936 119000
3936 1750 119000
3936 3136 119000
950 1886 2481
950 3000 2481
1886 950 2481
1886 3936 2481
3000 950 2481
3000 3936 2481
3936 1886 2481
3936 3000 2481
950 1900 1914
950 2986 1914
1900 950 1914
1900 3936 1914
2986 950 1914
2986 3936 1914
3936 1900 1914
3936 2986 1914
950 1936 2
950 2950 2
1936 950 2
1936 3936 2
2950 950 2
2950 3936 2
3936 1936 2
3936 2950 2
950 1986 104480
950 2900 104480
1986 950 104480
1986 3936 104480
2900 950 104480
2900 3936 104480
3936 1986 104480
3936 2900 104480
950 2000 1212118
950 2886 1212118
2000 950 1212118
2000 3936 1212118
2886 950 1212118
2886 3936 1212118
3936 2000 1212118
3936 2886 1212118
950 2186 2
950 2700 2
2186 950 2
2186 3936 2
2700 950 2
2700 3936 2
3936 2186 2
3936 2700 2
950 2200 2
950 2686 2
2200 950 2
2200 3936 2
2686 950 2
2686 3936 2
3936 2200 2
3936 2686 2
950 2250 2
950 2636 2
2250 950 2
2250 3936 2
2636 950 2
2636 3936 2
3936 2250 2
3936 2636 2
950 2286 2
950 2600 2
2286 950 2
2286 3936 2
2600 950 2
2600 3936 2
3936 2286 2
3936 2600 2
950 2300 2
950 2586 2
2300 950 2
2300 3936 2
2586 950 2
2586 3936 2
3936 2300 2
3936 2586 2
950 2336 164171
950 2550 164171
2336 950 164171
2336 3936 164171
2550 950 164171
2550 3936 164171
3936 2336 164171
3936 2550 164171
950 2350 74637
950 2536 74637
2350 950 74637
2350 3936 74637
2536 950 74637
2536 3936 74637
3936 2350 74637
3936 2536 74637
950 2386 2
950 2500 2
2386 950 2
2386 3936 2
2500 950 2
2500 3936 2
3936 2386 2
3936 2500 2
986 986 43125
986 3900 43125
3900 986 43125
3900 3900 43125
986 1000 3485060
986 3886 3485060
1000 986 3485060
1000 3900 3485060
3886 986 3485060
3886 3900 3485060
3900 1000 3485060
3900 3886 3485060
986 1036 3
986 3850 3
1036 986 3
1036 3900 3
3850 986 3
3850 3900 3
3900 1036 3
3900 3850 3
986 1050 2
986 3836 2
1050 986 2
1050 3900 2
3836 986 2
3836 3900 2
3900 1050 2
3900 3836 2
986 1086 2
986 3800 2
1086 986 2
1086 3900 2
3800 986 2
3800 3900 2
3900 1086 2
3900 3800 2
986 1100 2
986 3786 2
1100 986 2
1100 3900 2
3786 986 2
3786 3900 2
3900 1100 2
3900 3786 2
986 1136 2
986 3750 2
1136 986 2
1136 3900 2
3750 986 2
3750 3900 2
3900 1136 2
3900 3750 2
986 1150 2
986 3736 2
1150 986 2
1150 3900 2
3736 986 2
3736 3900 2
3900 1150 2
3900 3736 2
986 1186 2
986 3700 2
1186 986 2
1186 3900 2
3700 986 2
3700 3900 2
3900 1186 2
3900 3700 2
986 1200 2
986 3686 2
1200 986 2
1200 3900 2
3686 986 2
3686 3900 2
3900 1200 2
3900 3686 2
986 1236 1091
986 3650 1091
1236 986 1091
1236 3900 1091
3650 986 1091
3650 3900 1091
3900 1236 1091
3900 3650 1091
986 1250 1537
986 3636 1537
1250 986 1537
1250 3900 1537
3636 986 1537
3636 3900 1537
3900 1250 1537
3900 3636 1537
986 1286 26735
986 3600 26735
1286 986 26735
1286 3900 26735
3600 986 26735
3600 3900 26735
3900 1286 26735
3900 3600 26735
986 1300 845827
986 3586 845827
1300 986 845827
1300 3900 845827
3586 986 845827
3586 3900 845827
3900 1300 845827
3900 3586 845827
986 1336 17774
986 3550 17774
1336 986 17774
1336 3900 17774
3550 986 17774
3550 3900 17774
3900 1336 17774
3900 3550 17774
986 1350 187515
986 3536 187515
1350 986 187515
1350 3900 187515
3536 986 187515
3536 3900 187515
3900 1350 187515
3900 3536 187515
986 1386 2
986 3500 2
1386 986 2
1386 3900 2
3500 986 2
3500 3900 2
3900 1386 2
3900 3500 2
986 1400 238330
986 3486 238330
1400 986 238330
1400 3900 238330
3486 986 238330
3486 3900 238330
3900 1400 238330
3900 3486 238330
986 1436 81698
986 3450 81698
1436 986 81698
1436 3900 81698
3450 986 81698
3450 3900 81698
3900 1436 81698
3900 3450 81698
986 1450 2
986 3436 2
1450 986 2
1450 3900 2
3436 986 2
3436 3900 2
3900 1450 2
3900 3436 2
986 1486 23251
986 3400 23251
1486 986 23251
1486 3900 23251
3400 986 23251
3400 3900 23251
3900 1486 23251
3900 3400 23251
986 1536 73251
986 3350 73251
1536 986 73251
1536 3900 73251
3350 986 73251
3350 3900 73251
3900 1536 73251
3900 3350 73251
986 1586 43637
986 3300 43637
1586 986 43637
1586 3900 43637
3300 986 43637
3300 3900 43637
3900 1586 43637
3900 3300 43637
986 1600 189987
986 3286 189987
1600 986 189987
1600 3900 189987
3286 986 189987
3286 3900 189987
3900 1600 189987
3900 3286 189987
986 1636 2
986 3250 2
1636 986 2
1636 3900 2
3250 986 2
3250 3900 2
3900 1636 2
3900 3250 2
986 1650 176206
986 3236 176206
1650 986 176206
1650 3900 176206
3236 986 176206
3236 3900 176206
3900 1650 176206
3900 3236 176206
986 1686 208864
986 3200 208864
1686 986 208864
1686 3900 208864
3200 986 208864
3200 3900 208864
3900 1686 208864
3900 3200 208864
986 1700 307996
986 3186 307996
1700 986 307996
1700 3900 307996
3186 986 307996
3186 3900 307996
3900 1700 307996
3900 3186 307996
986 1736 2
986 3150 2
1736 986 2
1736 3900 2
3150 986 2
3150 3900 2
3900 1736 2
3900 3150 2
986 1750 33889
986 3136 33889
1750 986 33889
1750 3900 33889
3136 986 33889
3136 3900 33889
3900 1750 33889
3900 3136 33889
986 1786 51783
986 3100 51783
1786 986 51783
1786 3900 51783
3100 986 51783
3100 3900 51783
3900 1786 51783
3900 3100 51783
986 1800 128626
986 3086 128626
1800 986 128626
1800 3900 128626
3086 986 128626
3086 3900 128626
3900 1800 128626
3900 3086 128626
986 1836 441159
986 3050 441159
1836 986 441159
1836 3900 441159
3050 986 441159
3050 3900 441159
3900 1836 441159
3900 3050 441159
986 1850 127111
986 3036 127111
1850 986 127111
1850 3900 127111
3036 986 127111
3036 3900 127111
3900 1850 127111
3900 3036 127111
986 1886 781187
986 3000 781187
1886 986 781187
1886 3900 781187
3000 986 781187
3000 3900 781187
3900 1886 781187
3900 3000 781187
986 1900 2
986 2986 2
1900 986 2
1900 3900 2
2986 986 2
2986 3900 2
3900 1900 2
3900 2986 2
986 1950 2
986 2936 2
1950 986 2
1950 3900 2
2936 986 2
2936 3900 2
3900 1950 2
3900 2936 2
986 1986 2
986 2900 2
1986 986 2
1986 3900 2
2900 986 2
2900 3900 2
3900 1986 2
3900 2900 2
986 2000 393812
986 2886 393812
2000 986 393812
2000 3900 393812
2886 986 393812
2886 3900 393812
3900 2000 393812
3900 2886 393812
986 2086 14337
986 2800 14337
2086 986 14337
2086 3900 14337
2800 986 14337
2800 3900 14337
3900 2086 14337
3900 2800 14337
986 2100 41436
986 2786 41436
2100 986 41436
2100 3900 41436
2786 986 41436
2786 3900 41436
3900 2100 41436
3900 2786 41436
986 2136 104527
986 2750 104527
2136 986 104527
2136 3900 104527
2750 986 104527
2750 3900 104527
3900 2136 104527
3900 2750 104527
986 2150 2
986 2736 2
2150 986 2
2150 3900 2
2736 986 2
2736 3900 2
3900 2150 2
3900 2736 2
986 2186 3
986 2700 3
2186 986 3
2186 3900 3
2700 986 3
2700 3900 3
3900 2186 3
3900 2700 3
986 2200 26290
986 2686 26290
2200 986 26290
2200 3900 26290
2686 986 26290
2686 3900 26290
3900 2200 26290
3900 2686 26290
986 2236 45506
986 2650 45506
2236 986 45506
2236 3900 45506
2650 986 45506
2650 3900 45506
3900 2236 45506
3900 2650 45506
986 2250 2
986 2636 2
2250 986 2
2250 3900 2
2636 986 2
2636 3900 2
3900 2250 2
3900 2636 2
986 2286 253799
986 2600 253799
2286 986 253799
2286 3900 253799
2600 986 253799
2600 3900 253799
3900 2286 253799
3900 2600 253799
986 2300 165898
986 2586 165898
2300 986 165898
2300 3900 165898
2586 986 165898
2586 3900 165898
3900 2300 165898
3900 2586 165898
986 2336 173815
986 2550 173815
2336 986 173815
2336 3900 173815
2550 986 173815
2550 3900 173815
3900 2336 173815
3900 2550 173815
986 2350 29029
986 2536 29029
2350 986 29029
2350 3900 29029
2536 986 29029
2536 3900 29029
3900 2350 29029
3900 2536 29029
986 2386 89206
986 2500 89206
2386 986 89206
2386 3900 89206
2500 986 89206
2500 3900 89206
3900 2386 89206
3900 2500 89206
986 2400 9247
986 2486 9247
2400 986 9247
2400 3900 9247
2486 986 9247
2486 3900 9247
3900 2400 9247
3900 2486 9247
1000 1036 2
1000 3850 2
1036 1000 2
1036 3886 2
3850 1000 2
3850 3886 2
3886 1036 2
3886 3850 2
1000 1050 2
1000 3836 2
1050 1000 2
1050 3886 2
3836 1000 2
3836 3886 2
3886 1050 2
3886 3836 2
1000 1086 2
1000 3800 2
1086 1000 2
1086 3886 2
3800 1000 2
3800 3886 2
3886 1086 2
3886 3800 2
1000 1100 2
1000 3786 2
1100 1000 2
1100 3886 2
3786 1000 2
3786 3886 2
3886 1100 2
3886 3786 2
1000 1136 184414
1000 3750 184414
1136 1000 184414
1136 3886 184414
3750 1000 184414
3750 3886 184414
3886 1136 184414
3886 3750 184414
1000 1150 336958
1000 3736 336958
1150 1000 336958
1150 3886 336958
3736 1000 336958
3736 3886 336958
3886 1150 336958
3886 3736 336958
1000 1186 180530
1000 3700 180530
1186 1000 180530
1186 3886 180530
3700 1000 180530
3700 3886 180530
3886 1186 180530
3886 3700 180530
1000 1200 388803
1000 3686 388803
1200 1000 388803
1200 3886 388803
3686 1000 388803
3686 3886 388803
3886 1200 388803
3886 3686 388803
1000 1236 311316
1000 3650 311316
1236 1000 311316
1236 3886 311316
3650 1000 311316
3650 3886 311316
3886 1236 311316
3886 3650 311316
1000 1250 520454
1000 3636 520454
1250 1000 520454
1250 3886 520454
3636 1000 520454
3636 3886 520454
3886 1250 520454
3886 3636 520454
1000 1286 23139
1000 3600 23139
1286 1000 23139
1286 3886 23139
3600 1000 23139
3600 3886 23139
3886 1286 23139
3886 3600 23139
1000 1300 1280035
1000 3586 1280035
1300 1000 1280035
1300 3886 1280035
3586 1000 1280035
3586 3886 1280035
3886 1300 1280035
3886 3586 1280035
1000 1336 1895682
1000 3550 1895682
1336 1000 1895682
1336 3886 1895682
3550 1000 1895682
3550 3886 1895682
3886 1336 1895682
3886 3550 1895682
1000 1350 35585
1000 3536 35585
1350 1000 35585
1350 3886 35585
3536 1000 35585
3536 3886 35585
3886 1350 35585
3886 3536 35585
1000 1386 1358185
1000 3500 1358185
1386 1000 1358185
1386 3886 1358185
3500 1000 1358185
3500 3886 1358185
3886 1386 1358185
3886 3500 1358185
1000 1400 1155214
1000 3486 1155214
1400 1000 1155214
1400 3886 1155214
3486 1000 1155214
3486 3886 1155214
3886 1400 1155214
3886 3486 1155214
1000 1436 124567
1000 3450 124567
1436 1000 124567
1436 3886 124567
3450 1000 124567
3450 3886 124567
3886 1436 124567
3886 3450 124567
1000 1450 829900
1000 3436 829900
1450 1000 829900
1450 3886 829900
3436 1000 829900
3436 3886 829900
3886 1450 829900
3886 3436 829900
1000 1486 825648
1000 3400 825648
1486 1000 825648
1486 3886 825648
3400 1000 825648
3400 3886 825648
3886 1486 825648
3886 3400 825648
1000 1500 440834
1000 3386 440834
1500 1000 440834
1500 3886 440834
3386 1000 440834
3386 3886 440834
3886 1500 440834
3886 3386 440834
1000 1536 2
1000 3350 2
1536 1000 2
1536 3886 2
3350 1000 2
3350 3886 2
3886 1536 2
3886 3350 2
1000 1550 522588
1000 3336 522588
1550 1000 522588
1550 3886 522588
3336 1000 522588
3336 3886 522588
3886 1550 522588
3886 3336 522588
1000 1586 127752
1000 3300 127752
1586 1000 127752
1586 3886 127752
3300 1000 127752
3300 3886 127752
3886 1586 127752
3886 3300 127752
1000 1600 2
1000 3286 2
1600 1000 2
1600 3886 2
3286 1000 2
3286 3886 2
3886 1600 2
3886 3286 2
1000 1636 40212
1000 3250 40212
1636 1000 40212
1636 3886 40212
3250 1000 40212
3250 3886 40212
3886 1636 40212
3886 3250 40212
1000 1650 2
1000 3236 2
1650 1000 2
1650 3886 2
3236 1000 2
3236 3886 2
3886 1650 2
3886 3236 2
1000 1686 153085
1000 3200 153085
1686 1000 153085
1686 3886 153085
3200 1000 153085
3200 3886 153085
3886 1686 153085
3886 3200 153085
1000 1700 18170
1000 3186 18170
1700 1000 18170
1700 3886 18170
3186 1000 18170
3186 3886 18170
3886 1700 18170
3886 3186 18170
1000 1736 54793
1000 3150 54793
1736 1000 54793
1736 3886 54793
3150 1000 54793
3150 3886 54793
3886 1736 54793
3886 3150 54793
1000 1750 214045
1000 3136 214045
1750 1000 214045
1750 3886 214045
3136 1000 214045
3136 3886 214045
3886 1750 214045
3886 3136 214045
1000 1786 544407
1000 3100 544407
1786 1000 544407
1786 3886 544407
3100 1000 544407
3100 3886 544407
3886 1786 544407
3886 3100 544407
1000 1800 13850
1000 3086 13850
1800 1000 13850
1800 3886 13850
3086 1000 13850
3086 3886 13850
3886 1800 13850
3886 3086 13850
1000 1836 93166
1000 3050 93166
1836 1000 93166
1836 3886 93166
3050 1000 93166
3050 3886 93166
3886 1836 93166
3886 3050 93166
1000 1850 391855
1000 3036 391855
1850 1000 391855
1850 3886 391855
3036 1000 391855
3036 3886 391855
3886 1850 391855
3886 3036 391855
1000 1886 679315
1000 3000 679315
1886 1000 679315
1886 3886 679315
3000 1000 679315
3000 3886 679315
3886 1886 679315
3886 3000 679315
1000 1900 727925
1000 2986 727925
1900 1000 727925
1900 3886 727925
2986 1000 727925
2986 3886 727925
3886 1900 727925
3886 2986 727925
1000 1936 876318
1000 2950 876318
1936 1000 876318
1936 3886 876318
2950 1000 876318
2950 3886 876318
3886 1936 876318
3886 2950 876318
1000 1950 2846864
1000 2936 2846864
1950 1000 2846864
1950 3886 2846864
2936 1000 2846864
2936 3886 2846864
3886 1950 2846864
3886 2936 2846864
1000 1986 885576
1000 2900 885576
1986 1000 885576
1986 3886 885576
2900 1000 885576
2900 3886 885576
3886 1986 885576
3886 2900 885576
1000 2000 2
1000 2886 2
2000 1000 2
2000 3886 2
2886 1000 2
2886 3886 2
3886 2000 2
3886 2886 2
1000 2036 2
1000 2850 2
2036 1000 2
2036 3886 2
2850 1000 2
2850 3886 2
3886 2036 2
3886 2850 2
1000 2050 2
1000 2836 2
2050 1000 2
2050 3886 2
2836 1000 2
2836 3886 2
3886 2050 2
3886 2836 2
1000 2086 284279
1000 2800 284279
2086 1000 284279
2086 3886 284279
2800 1000 284279
2800 3886 284279
3886 2086 284279
3886 2800 284279
1000 2100 987834
1000 2786 987834
2100 1000 987834
2100 3886 987834
2786 1000 987834
2786 3886 987834
3886 2100 987834
3886 2786 987834
1000 2136 665289
1000 2750 665289
2136 1000 665289
2136 3886 665289
2750 1000 665289
2750 3886 665289
3886 2136 665289
3886 2750 665289
1000 2150 430571
1000 2736 430571
2150 1000 430571
2150 3886 430571
2736 1000 430571
2736 3886 430571
3886 2150 430571
3886 2736 430571
1000 2186 246832
1000 2700 246832
2186 1000 246832
2186 3886 246832
2700 1000 246832
2700 3886 246832
3886 2186 246832
3886 2700 246832
1000 2200 301028
1000 2686 301028
2200 1000 301028
2200 3886 301028
2686 1000 301028
2686 3886 301028
3886 2200 301028
3886 2686 301028
1000 2236 231435
1000 2650 231435
2236 1000 231435
2236 3886 231435
2650 1000 231435
2650 3886 231435
3886 2236 231435
3886 2650 231435
1000 2250 13850
1000 2636 13850
2250 1000 13850
2250 3886 13850
2636 1000 13850
2636 3886 13850
3886 2250 13850
3886 2636 13850
1000 2286 201193
1000 2600 201193
2286 1000 201193
2286 3886 201193
2600 1000 201193
2600 3886 201193
3886 2286 201193
3886 2600 201193
1000 2300 265022
1000 2586 265022
2300 1000 265022
2300 3886 265022
2586 1000 265022
2586 3886 265022
3886 2300 265022
3886 2586 265022
1000 2336 198845
1000 2550 198845
2336 1000 198845
2336 3886 198845
2550 1000 198845
2550 3886 198845
3886 2336 198845
3886 2550 198845
1000 2350 108465
1000 2536 108465
2350 1000 108465
2350 3886 108465
2536 1000 108465
2536 3886 108465
3886 2350 108465
3886 2536 108465
1000 2386 138043
1000 2500 138043
2386 1000 138043
2386 3886 138043
2500 1000 138043
2500 3886 138043
3886 2386 138043
3886 2500 138043
1000 2400 157142
1000 2486 157142
2400 1000 157142
2400 3886 157142
2486 1000 157142
2486 3886 157142
3886 2400 157142
3886 2486 157142
1000 2436 82521
1000 2450 82521
2436 1000 82521
2436 3886 82521
2450 1000 82521
2450 3886 82521
3886 2436 82521
3886 2450 82521
1100 1936 42121
1100 2950 42121
1936 1100 42121
1936 3786 42121
2950 1100 42121
2950 3786 42121
3786 1936 42121
3786 2950 42121
1100 1950 110712
1100 2936 110712
1950 1100 110712
1950 3786 110712
2936 1100 110712
2936 3786 110712
3786 1950 110712
3786 2936 110712
1136 1950 35629
1136 2936 35629
1950 1136 35629
1950 3750 35629
2936 1136 35629
2936 3750 35629
3750 1950 35629
3750 2936 35629
1136 1986 2
1136 2900 2
1986 1136 2
1986 3750 2
2900 1136 2
2900 3750 2
3750 1986 2
3750 2900 2
1150 1986 36179
1150 2900 36179
1986 1150 36179
1986 3736 36179
2900 1150 36179
2900 3736 36179
3736 1986 36179
3736 2900 36179
1150 2000 91001
1150 2886 91001
2000 1150 91001
2000 3736 91001
2886 1150 91001
2886 3736 91001
3736 2000 91001
3736 2886 91001
1186 2000 74604
1186 2886 74604
2000 1186 74604
2000 3700 74604
2886 1186 74604
2886 3700 74604
3700 2000 74604
3700 2886 74604
1200 1986 13347
1200 2900 13347
1986 1200 13347
1986 3686 13347
2900 1200 13347
2900 3686 13347
3686 1986 13347
3686 2900 13347
1200 2000 289721
1200 2886 289721
2000 1200 289721
2000 3686 289721
2886 1200 289721
2886 3686 289721
3686 2000 289721
3686 2886 289721
1236 2000 94711
1236 2886 94711
2000 1236 94711
2000 3650 94711
2886 1236 94711
2886 3650 94711
3650 2000 94711
3650 2886 94711
1250 1986 2
1250 2900 2
1986 1250 2
1986 3636 2
2900 1250 2
2900 3636 2
3636 1986 2
3636 2900 2
1250 2000 156684
1250 2886 156684
2000 1250 156684
2000 3636 156684
2886 1250 156684
2886 3636 156684
3636 2000 156684
3636 2886 156684
1336 1950 143837
1336 2936 143837
1950 1336 143837
1950 3550 143837
2936 1336 143837
2936 3550 143837
3550 1950 143837
3550 2936 143837
1350 1836 2
1350 3050 2
1836 1350 2
1836 3536 2
3050 1350 2
3050 3536 2
3536 1836 2
3536 3050 2
1350 1950 327157
1350 2936 327157
1950 1350 327157
1950 3536 327157
2936 1350 327157
2936 3536 327157
3536 1950 327157
3536 2936 327157
1386 1836 2
1386 3050 2
1836 1386 2
1836 3500 2
3050 1386 2
3050 3500 2
3500 1836 2
3500 3050 2
1386 2000 2
1386 2886 2
2000 1386 2
2000 3500 2
2886 1386 2
2886 3500 2
3500 2000 2
3500 2886 2
1400 1850 2
1400 3036 2
1850 1400 2
1850 3486 2
3036 1400 2
3036 3486 2
3486 1850 2
3486 3036 2
1400 1886 2
1400 3000 2
1886 1400 2
1886 3486 2
3000 1400 2
3000 3486 2
3486 1886 2
3486 3000 2
1400 1900 2
1400 2986 2
1900 1400 2
1900 3486 2
2986 1400 2
2986 3486 2
3486 1900 2
3486 2986 2
1400 1950 2
1400 2936 2
1950 1400 2
1950 3486 2
2936 1400 2
2936 3486 2
3486 1950 2
3486 2936 2
1400 2000 2
1400 2886 2
2000 1400 2
2000 3486 2
2886 1400 2
2886 3486 2
3486 2000 2
3486 2886 2
1436 1886 764679
1436 3000 764679
1886 1436 764679
1886 3450 764679
3000 1436 764679
3000 3450 764679
3450 1886 764679
3450 3000 764679
1436 1900 2
1436 2986 2
1900 1436 2
1900 3450 2
2986 1436 2
2986 3450 2
3450 1900 2
3450 2986 2
1436 1986 2
1436 2900 2
1986 1436 2
1986 3450 2
2900 1436 2
2900 3450 2
3450 1986 2
3450 2900 2
1436 2000 295451
1436 2886 295451
2000 1436 295451
2000 3450 295451
2886 1436 295451
2886 3450 295451
3450 2000 295451
3450 2886 295451
1450 1886 234023
1450 3000 234023
1886 1450 234023
1886 3436 234023
3000 1450 234023
3000 3436 234023
3436 1886 234023
3436 3000 234023
1450 2000 464260
1450 2886 464260
2000 1450 464260
2000 3436 464260
2886 1450 464260
2886 3436 464260
3436 2000 464260
3436 2886 464260
1486 1886 19445
1486 3000 19445
1886 1486 19445
1886 3400 19445
3000 1486 19445
3000 3400 19445
3400 1886 19445
3400 3000 19445
1486 1900 5
1486 2986 5
1900 1486 5
1900 3400 5
2986 1486 5
2986 3400 5
3400 1900 5
3400 2986 5
1486 2000 987661
1486 2886 987661
2000 1486 987661
2000 3400 987661
2886 1486 987661
2886 3400 987661
3400 2000 987661
3400 2886 987661
1486 2100 508
1486 2786 508
2100 1486 508
2100 3400 508
2786 1486 508
2786 3400 508
3400 2100 508
3400 2786 508
1500 1850 116476
1500 3036 116476
1850 1500 116476
1850 3386 116476
3036 1500 116476
3036 3386 116476
3386 1850 116476
3386 3036 116476
1500 1900 66423
1500 2986 66423
1900 1500 66423
1900 3386 66423
2986 1500 66423
2986 3386 66423
3386 1900 66423
3386 2986 66423
1500 2000 679454
1500 2886 679454
2000 1500 679454
2000 3386 679454
2886 1500 679454
2886 3386 679454
3386 2000 679454
3386 2886 679454
1500 2086 108353
1500 2800 108353
2086 1500 108353
2086 3386 108353
2800 1500 108353
2800 3386 108353
3386 2086 108353
3386 2800 108353
1500 2100 2
1500 2786 2
2100 1500 2
2100 3386 2
2786 1500 2
2786 3386 2
3386 2100 2
3386 2786 2
1536 1836 2
1536 3050 2
1836 1536 2
1836 3350 2
3050 1536 2
3050 3350 2
3350 1836 2
3350 3050 2
1536 2000 57825
1536 2886 57825
2000 1536 57825
2000 3350 57825
2886 1536 57825
2886 3350 57825
3350 2000 57825
3350 2886 57825
1536 2036 2
1536 2850 2
2036 1536 2
2036 3350 2
2850 1536 2
2850 3350 2
3350 2036 2
3350 2850 2
1536 2050 33
1536 2836 33
2050 1536 33
2050 3350 33
2836 1536 33
2836 3350 33
3350 2050 33
3350 2836 33
1536 2086 2
1536 2800 2
2086 1536 2
2086 3350 2
2800 1536 2
2800 3350 2
3350 2086 2
3350 2800 2
1536 2100 2
1536 2786 2
2100 1536 2
2100 3350 2
2786 1536 2
2786 3350 2
3350 2100 2
3350 2786 2
1550 2000 548818
1550 2886 548818
2000 1550 548818
2000 3336 548818
2886 1550 548818
2886 3336 548818
3336 2000 548818
3336 2886 548818
1550 2100 2
1550 2786 2
2100 1550 2
2100 3336 2
2786 1550 2
2786 3336 2
3336 2100 2
3336 2786 2
1586 1786 2
1586 3100 2
1786 1586 2
1786 3300 2
3100 1586 2
3100 3300 2
3300 1786 2
3300 3100 2
1586 1800 363764
1586 3086 363764
1800 1586 363764
1800 3300 363764
3086 1586 363764
3086 3300 363764
3300 1800 363764
3300 3086 363764
1586 1950 2
1586 2936 2
1950 1586 2
1950 3300 2
2936 1586 2
2936 3300 2
3300 1950 2
3300 2936 2
1586 1986 2
1586 2900 2
1986 1586 2
1986 3300 2
2900 1586 2
2900 3300 2
3300 1986 2
3300 2900 2
1586 2000 191477
1586 2886 191477
2000 1586 191477
2000 3300 191477
2886 1586 191477
2886 3300 191477
3300 2000 191477
3300 2886 191477
1586 2136 2
1586 2750 2
2136 1586 2
2136 3300 2
2750 1586 2
2750 3300 2
3300 2136 2
3300 2750 2
1586 2150 200748
1586 2736 200748
2150 1586 200748
2150 3300 200748
2736 1586 200748
2736 3300 200748
3300 2150 200748
3300 2736 200748
1586 2386 13897
1586 2500 13897
2386 1586 13897
2386 3300 13897
2500 1586 13897
2500 3300 13897
3300 2386 13897
3300 2500 13897
1586 2400 2
1586 2486 2
2400 1586 2
2400 3300 2
2486 1586 2
2486 3300 2
3300 2400 2
3300 2486 2
1586 2436 2
1586 2450 2
2436 1586 2
2436 3300 2
2450 1586 2
2450 3300 2
3300 2436 2
3300 2450 2
1600 1786 2
1600 3100 2
1786 1600 2
1786 3286 2
3100 1600 2
3100 3286 2
3286 1786 2
3286 3100 2
1600 1800 2
1600 3086 2
1800 1600 2
1800 3286 2
3086 1600 2
3086 3286 2
3286 1800 2
3286 3086 2
1600 1936 41211
1600 2950 41211
1936 1600 41211
1936 3286 41211
2950 1600 41211
2950 3286 41211
3286 1936 41211
3286 2950 41211
1600 1950 2
1600 2936 2
1950 1600 2
1950 3286 2
2936 1600 2
2936 3286 2
3286 1950 2
3286 2936 2
1600 2000 133878
1600 2886 133878
2000 1600 133878
2000 3286 133878
2886 1600 133878
2886 3286 133878
3286 2000 133878
3286 2886 133878
1600 2086 2
1600 2800 2
2086 1600 2
2086 3286 2
2800 1600 2
2800 3286 2
3286 2086 2
3286 2800 2
1600 2100 2
1600 2786 2
2100 1600 2
2100 3286 2
2786 1600 2
2786 3286 2
3286 2100 2
3286 2786 2
1600 2136 2
1600 2750 2
2136 1600 2
2136 3286 2
2750 1600 2
2750 3286 2
3286 2136 2
3286 2750 2
1600 2150 2
1600 2736 2
2150 1600 2
2150 3286 2
2736 1600 2
2736 3286 2
3286 2150 2
3286 2736 2
1600 2186 2
1600 2700 2
2186 1600 2
2186 3286 2
2700 1600 2
2700 3286 2
3286 2186 2
3286 2700 2
1600 2386 2
1600 2500 2
2386 1600 2
2386 3286 2
2500 1600 2
2500 3286 2
3286 2386 2
3286 2500 2
1600 2400 2
1600 2486 2
2400 1600 2
2400 3286 2
2486 1600 2
2486 3286 2
3286 2400 2
3286 2486 2
1600 2436 4490
1600 2450 4490
2436 1600 4490
2436 3286 4490
2450 1600 4490
2450 3286 4490
3286 2436 4490
3286 2450 4490
1636 1750 2
1636 3136 2
1750 1636 2
1750 3250 2
3136 1636 2
3136 3250 2
3250 1750 2
3250 3136 2
1636 1900 2
1636 2986 2
1900 1636 2
1900 3250 2
2986 1636 2
2986 3250 2
3250 1900 2
3250 2986 2
1636 1936 2
1636 2950 2
1936 1636 2
1936 3250 2
2950 1636 2
2950 3250 2
3250 1936 2
3250 2950 2
1636 1950 2
1636 2936 2
1950 1636 2
1950 3250 2
2936 1636 2
2936 3250 2
3250 1950 2
3250 2936 2
1636 1986 2
1636 2900 2
1986 1636 2
1986 3250 2
2900 1636 2
2900 3250 2
3250 1986 2
3250 2900 2
1636 2000 250404
1636 2886 250404
2000 1636 250404
2000 3250 250404
2886 1636 250404
2886 3250 250404
3250 2000 250404
3250 2886 250404
1636 2136 2
1636 2750 2
2136 1636 2
2136 3250 2
2750 1636 2
2750 3250 2
3250 2136 2
3250 2750 2
1636 2150 2
1636 2736 2
2150 1636 2
2150 3250 2
2736 1636 2
2736 3250 2
3250 2150 2
3250 2736 2
1636 2186 102174
1636 2700 102174
2186 1636 102174
2186 3250 102174
2700 1636 102174
2700 3250 102174
3250 2186 102174
3250 2700 102174
1636 2200 28726
1636 2686 28726
2200 1636 28726
2200 3250 28726
2686 1636 28726
2686 3250 28726
3250 2200 28726
3250 2686 28726
1636 2336 2
1636 2550 2
2336 1636 2
2336 3250 2
2550 1636 2
2550 3250 2
3250 2336 2
3250 2550 2
1636 2350 2
1636 2536 2
2350 1636 2
2350 3250 2
2536 1636 2
2536 3250 2
3250 2350 2
3250 2536 2
1636 2386 2
1636 2500 2
2386 1636 2
2386 3250 2
2500 1636 2
2500 3250 2
3250 2386 2
3250 2500 2
1636 2400 2
1636 2486 2
2400 1636 2
2400 3250 2
2486 1636 2
2486 3250 2
3250 2400 2
3250 2486 2
1636 2436 362648
1636 2450 362648
2436 1636 362648
2436 3250 362648
2450 1636 362648
2450 3250 362648
3250 2436 362648
3250 2450 362648
1650 1736 2
1650 3150 2
1736 1650 2
1736 3236 2
3150 1650 2
3150 3236 2
3236 1736 2
3236 3150 2
1650 1750 76404
1650 3136 76404
1750 1650 76404
1750 3236 76404
3136 1650 76404
3136 3236 76404
3236 1750 76404
3236 3136 76404
1650 1900 2
1650 2986 2
1900 1650 2
1900 3236 2
2986 1650 2
2986 3236 2
3236 1900 2
3236 2986 2
1650 1936 303723
1650 2950 303723
1936 1650 303723
1936 3236 303723
2950 1650 303723
2950 3236 303723
3236 1936 303723
3236 2950 303723
1650 1950 2
1650 2936 2
1950 1650 2
1950 3236 2
2936 1650 2
2936 3236 2
3236 1950 2
3236 2936 2
1650 1986 162335
1650 2900 162335
1986 1650 162335
1986 3236 162335
2900 1650 162335
2900 3236 162335
3236 1986 162335
3236 2900 162335
1650 2000 2
1650 2886 2
2000 1650 2
2000 3236 2
2886 1650 2
2886 3236 2
3236 2000 2
3236 2886 2
1650 2136 2
1650 2750 2
2136 1650 2
2136 3236 2
2750 1650 2
2750 3236 2
3236 2136 2
3236 2750 2
1650 2150 2
1650 2736 2
2150 1650 2
2150 3236 2
2736 1650 2
2736 3236 2
3236 2150 2
3236 2736 2
1650 2186 2
1650 2700 2
2186 1650 2
2186 3236 2
2700 1650 2
2700 3236 2
3236 2186 2
3236 2700 2
1650 2200 155834
1650 2686 155834
2200 1650 155834
2200 3236 155834
2686 1650 155834
2686 3236 155834
3236 2200 155834
3236 2686 155834
1650 2336 117169
1650 2550 117169
2336 1650 117169
2336 3236 117169
2550 1650 117169
2550 3236 117169
3236 2336 117169
3236 2550 117169
1650 2350 2
1650 2536 2
2350 1650 2
2350 3236 2
2536 1650 2
2536 3236 2
3236 2350 2
3236 2536 2
1650 2386 435486
1650 2500 435486
2386 1650 435486
2386 3236 435486
2500 1650 435486
2500 3236 435486
3236 2386 435486
3236 2500 435486
1650 2400 196737
1650 2486 196737
2400 1650 196737
2400 3236 196737
2486 1650 196737
2486 3236 196737
3236 2400 196737
3236 2486 196737
1650 2436 48867
1650 2450 48867
2436 1650 48867
2436 3236 48867
2450 1650 48867
2450 3236 48867
3236 2436 48867
3236 2450 48867
1686 1686 2
1686 3200 2
3200 1686 2
3200 3200 2
1686 1700 63404
1686 3186 63404
1700 1686 63404
1700 3200 63404
3186 1686 63404
3186 3200 63404
3200 1700 63404
3200 3186 63404
1686 1936 2
1686 2950 2
1936 1686 2
1936 3200 2
2950 1686 2
2950 3200 2
3200 1936 2
3200 2950 2
1686 1950 2
1686 2936 2
1950 1686 2
1950 3200 2
2936 1686 2
2936 3200 2
3200 1950 2
3200 2936 2
1686 1986 2
1686 2900 2
1986 1686 2
1986 3200 2
2900 1686 2
2900 3200 2
3200 1986 2
3200 2900 2
1686 2000 107977
1686 2886 107977
2000 1686 107977
2000 3200 107977
2886 1686 107977
2886 3200 107977
3200 2000 107977
3200 2886 107977
1686 2186 2
1686 2700 2
2186 1686 2
2186 3200 2
2700 1686 2
2700 3200 2
3200 2186 2
3200 2700 2
1686 2300 2
1686 2586 2
2300 1686 2
2300 3200 2
2586 1686 2
2586 3200 2
3200 2300 2
3200 2586 2
1686 2336 387260
1686 2550 387260
2336 1686 387260
2336 3200 387260
2550 1686 387260
2550 3200 387260
3200 2336 387260
3200 2550 387260
1686 2350 81194
1686 2536 81194
2350 1686 81194
2350 3200 81194
2536 1686 81194
2536 3200 81194
3200 2350 81194
3200 2536 81194
1686 2386 60897
1686 2500 60897
2386 1686 60897
2386 3200 60897
2500 1686 60897
2500 3200 60897
3200 2386 60897
3200 2500 60897
1686 2400 423004
1686 2486 423004
2400 1686 423004
2400 3200 423004
2486 1686 423004
2486 3200 423004
3200 2400 423004
3200 2486 423004
1686 2436 208849
1686 2450 208849
2436 1686 208849
2436 3200 208849
2450 1686 208849
2450 3200 208849
3200 2436 208849
3200 2450 208849
1700 1700 2
1700 3186 2
3186 1700 2
3186 3186 2
1700 1886 2
1700 3000 2
1886 1700 2
1886 3186 2
3000 1700 2
3000 3186 2
3186 1886 2
3186 3000 2
1700 1900 77796
1700 2986 77796
1900 1700 77796
1900 3186 77796
2986 1700 77796
2986 3186 77796
3186 1900 77796
3186 2986 77796
1700 1936 219565
1700 2950 219565
1936 1700 219565
1936 3186 219565
2950 1700 219565
2950 3186 219565
3186 1936 219565
3186 2950 219565
1700 1950 2
1700 2936 2
1950 1700 2
1950 3186 2
2936 1700 2
2936 3186 2
3186 1950 2
3186 2936 2
1700 1986 98110
1700 2900 98110
1986 1700 98110
1986 3186 98110
2900 1700 98110
2900 3186 98110
3186 1986 98110
3186 2900 98110
1700 2000 156624
1700 2886 156624
2000 1700 156624
2000 3186 156624
2886 1700 156624
2886 3186 156624
3186 2000 156624
3186 2886 156624
1700 2186 2
1700 2700 2
2186 1700 2
2186 3186 2
2700 1700 2
2700 3186 2
3186 2186 2
3186 2700 2
1700 2286 44112
1700 2600 44112
2286 1700 44112
2286 3186 44112
2600 1700 44112
2600 3186 44112
3186 2286 44112
3186 2600 44112
1700 2300 2
1700 2586 2
2300 1700 2
2300 3186 2
2586 1700 2
2586 3186 2
3186 2300 2
3186 2586 2
1700 2336 131173
1700 2550 131173
2336 1700 131173
2336 3186 131173
2550 1700 131173
2550 3186 131173
3186 2336 131173
3186 2550 131173
1700 2350 353619
1700 2536 353619
2350 1700 353619
2350 3186 353619
2536 1700 353619
2536 3186 353619
3186 2350 353619
3186 2536 353619
1700 2386 2
1700 2500 2
2386 1700 2
2386 3186 2
2500 1700 2
2500 3186 2
3186 2386 2
3186 2500 2
1700 2400 2
1700 2486 2
2400 1700 2
2400 3186 2
2486 1700 2
2486 3186 2
3186 2400 2
3186 2486 2
1700 2436 2
1700 2450 2
2436 1700 2
2436 3186 2
2450 1700 2
2450 3186 2
3186 2436 2
3186 2450 2
1736 1900 2
1736 2986 2
1900 1736 2
1900 3150 2
2986 1736 2
2986 3150 2
3150 1900 2
3150 2986 2
1736 1936 2
1736 2950 2
1936 1736 2
1936 3150 2
2950 1736 2
2950 3150 2
3150 1936 2
3150 2950 2
1736 1950 12
1736 2936 12
1950 1736 12
1950 3150 12
2936 1736 12
2936 3150 12
3150 1950 12
3150 2936 12
1736 1986 412165
1736 2900 412165
1986 1736 412165
1986 3150 412165
2900 1736 412165
2900 3150 412165
3150 1986 412165
3150 2900 412165
1736 2000 155822
1736 2886 155822
2000 1736 155822
2000 3150 155822
2886 1736 155822
2886 3150 155822
3150 2000 155822
3150 2886 155822
1736 2236 2
1736 2650 2
2236 1736 2
2236 3150 2
2650 1736 2
2650 3150 2
3150 2236 2
3150 2650 2
1736 2286 148600
1736 2600 148600
2286 1736 148600
2286 3150 148600
2600 1736 148600
2600 3150 148600
3150 2286 148600
3150 2600 148600
1736 2300 2
1736 2586 2
2300 1736 2
2300 3150 2
2586 1736 2
2586 3150 2
3150 2300 2
3150 2586 2
1736 2336 2
1736 2550 2
2336 1736 2
2336 3150 2
2550 1736 2
2550 3150 2
3150 2336 2
3150 2550 2
1736 2350 74406
1736 2536 74406
2350 1736 74406
2350 3150 74406
2536 1736 74406
2536 3150 74406
3150 2350 74406
3150 2536 74406
1736 2386 219670
1736 2500 219670
2386 1736 219670
2386 3150 219670
2500 1736 219670
2500 3150 219670
3150 2386 219670
3150 2500 219670
1736 2400 2
1736 2486 2
2400 1736 2
2400 3150 2
2486 1736 2
2486 3150 2
3150 2400 2
3150 2486 2
1736 2436 31229
1736 2450 31229
2436 1736 31229
2436 3150 31229
2450 1736 31229
2450 3150 31229
3150 2436 31229
3150 2450 31229
1750 1936 2
1750 2950 2
1936 1750 2
1936 3136 2
2950 1750 2
2950 3136 2
3136 1936 2
3136 2950 2
1750 1950 2
1750 2936 2
1950 1750 2
1950 3136 2
2936 1750 2
2936 3136 2
3136 1950 2
3136 2936 2
1750 1986 373482
1750 2900 373482
1986 1750 373482
1986 3136 373482
2900 1750 373482
2900 3136 373482
3136 1986 373482
3136 2900 373482
1750 2000 219380
1750 2886 219380
2000 1750 219380
2000 3136 219380
2886 1750 219380
2886 3136 219380
3136 2000 219380
3136 2886 219380
1750 2236 38320
1750 2650 38320
2236 1750 38320
2236 3136 38320
2650 1750 38320
2650 3136 38320
3136 2236 38320
3136 2650 38320
1750 2286 19239
1750 2600 19239
2286 1750 19239
2286 3136 19239
2600 1750 19239
2600 3136 19239
3136 2286 19239
3136 2600 19239
1750 2300 2
1750 2586 2
2300 1750 2
2300 3136 2
2586 1750 2
2586 3136 2
3136 2300 2
3136 2586 2
1750 2336 2
1750 2550 2
2336 1750 2
2336 3136 2
2550 1750 2
2550 3136 2
3136 2336 2
3136 2550 2
1750 2350 70936
1750 2536 70936
2350 1750 70936
2350 3136 70936
2536 1750 70936
2536 3136 70936
3136 2350 70936
3136 2536 70936
1750 2386 134857
1750 2500 134857
2386 1750 134857
2386 3136 134857
2500 1750 134857
2500 3136 134857
3136 2386 134857
3136 2500 134857
1750 2400 2
1750 2486 2
2400 1750 2
2400 3136 2
2486 1750 2
2486 3136 2
3136 2400 2
3136 2486 2
1750 2436 2
1750 2450 2
2436 1750 2
2436 3136 2
2450 1750 2
2450 3136 2
3136 2436 2
3136 2450 2
1786 1936 48178
1786 2950 48178
1936 1786 48178
1936 3100 48178
2950 1786 48178
2950 3100 48178
3100 1936 48178
3100 2950 48178
1786 1950 7910
1786 2936 7910
1950 1786 7910
1950 3100 7910
2936 1786 7910
2936 3100 7910
3100 1950 7910
3100 2936 7910
1786 1986 261090
1786 2900 261090
1986 1786 261090
1986 3100 261090
2900 1786 261090
2900 3100 261090
3100 1986 261090
3100 2900 261090
1786 2000 415593
1786 2886 415593
2000 1786 415593
2000 3100 415593
2886 1786 415593
2886 3100 415593
3100 2000 415593
3100 2886 415593
1786 2286 296938
1786 2600 296938
2286 1786 296938
2286 3100 296938
2600 1786 296938
2600 3100 296938
3100 2286 296938
3100 2600 296938
1786 2350 2
1786 2536 2
2350 1786 2
2350 3100 2
2536 1786 2
2536 3100 2
3100 2350 2
3100 2536 2
1786 2386 12914
1786 2500 12914
2386 1786 12914
2386 3100 12914
2500 1786 12914
2500 3100 12914
3100 2386 12914
3100 2500 12914
1786 2400 2
1786 2486 2
2400 1786 2
2400 3100 2
2486 1786 2
2486 3100 2
3100 2400 2
3100 2486 2
1786 2436 2
1786 2450 2
2436 1786 2
2436 3100 2
2450 1786 2
2450 3100 2
3100 2436 2
3100 2450 2
1800 1936 2
1800 2950 2
1936 1800 2
1936 3086 2
2950 1800 2
2950 3086 2
3086 1936 2
3086 2950 2
1800 1950 2
1800 2936 2
1950 1800 2
1950 3086 2
2936 1800 2
2936 3086 2
3086 1950 2
3086 2936 2
1800 1986 215532
1800 2900 215532
1986 1800 215532
1986 3086 215532
2900 1800 215532
2900 3086 215532
3086 1986 215532
3086 2900 215532
1800 2000 123148
1800 2886 123148
2000 1800 123148
2000 3086 123148
2886 1800 123148
2886 3086 123148
3086 2000 123148
3086 2886 123148
1800 2300 17175
1800 2586 17175
2300 1800 17175
2300 3086 17175
2586 1800 17175
2586 3086 17175
3086 2300 17175
3086 2586 17175
1800 2336 2
1800 2550 2
2336 1800 2
2336 3086 2
2550 1800 2
2550 3086 2
3086 2336 2
3086 2550 2
1800 2386 2
1800 2500 2
2386 1800 2
2386 3086 2
2500 1800 2
2500 3086 2
3086 2386 2
3086 2500 2
1800 2400 2
1800 2486 2
2400 1800 2
2400 3086 2
2486 1800 2
2486 3086 2
3086 2400 2
3086 2486 2
1800 2436 39928
1800 2450 39928
2436 1800 39928
2436 3086 39928
2450 1800 39928
2450 3086 39928
3086 2436 39928
3086 2450 39928
1836 1986 238200
1836 2900 238200
1986 1836 238200
1986 3050 238200
2900 1836 238200
2900 3050 238200
3050 1986 238200
3050 2900 238200
1836 2000 23020
1836 2886 23020
2000 1836 23020
2000 3050 23020
2886 1836 23020
2886 3050 23020
3050 2000 23020
3050 2886 23020
1836 2436 2
1836 2450 2
2436 1836 2
2436 3050 2
2450 1836 2
2450 3050 2
3050 2436 2
3050 2450 2
1850 1986 47195
1850 2900 47195
1986 1850 47195
1986 3036 47195
2900 1850 47195
2900 3036 47195
3036 1986 47195
3036 2900 47195
1850 2000 2
1850 2886 2
2000 1850 2
2000 3036 2
2886 1850 2
2886 3036 2
3036 2000 2
3036 2886 2
1850 2386 2
1850 2500 2
2386 1850 2
2386 3036 2
2500 1850 2
2500 3036 2
3036 2386 2
3036 2500 2
1850 2436 50522
1850 2450 50522
2436 1850 50522
2436 3036 50522
2450 1850 50522
2450 3036 50522
3036 2436 50522
3036 2450 50522
1886 1900 2
1886 2986 2
1900 1886 2
1900 3000 2
2986 1886 2
2986 3000 2
3000 1900 2
3000 2986 2
1886 1936 2
1886 2950 2
1936 1886 2
1936 3000 2
2950 1886 2
2950 3000 2
3000 1936 2
3000 2950 2
1886 1950 152910
1886 2936 152910
1950 1886 152910
1950 3000 152910
2936 1886 152910
2936 3000 152910
3000 1950 152910
3000 2936 152910
1886 1986 222447
1886 2900 222447
1986 1886 222447
1986 3000 222447
2900 1886 222447
2900 3000 222447
3000 1986 222447
3000 2900 222447
1886 2000 398038
1886 2886 398038
2000 1886 398038
2000 3000 398038
2886 1886 398038
2886 3000 398038
3000 2000 398038
3000 2886 398038
1886 2150 2
1886 2736 2
2150 1886 2
2150 3000 2
2736 1886 2
2736 3000 2
3000 2150 2
3000 2736 2
1886 2400 56141
1886 2486 56141
2400 1886 56141
2400 3000 56141
2486 1886 56141
2486 3000 56141
3000 2400 56141
3000 2486 56141
1886 2436 1548644
1886 2450 1548644
2436 1886 1548644
2436 3000 1548644
2450 1886 1548644
2450 3000 1548644
3000 2436 1548644
3000 2450 1548644
1900 1936 302
1900 2950 302
1936 1900 302
1936 2986 302
2950 1900 302
2950 2986 302
2986 1936 302
2986 2950 302
1900 1950 19113
1900 2936 19113
1950 1900 19113
1950 2986 19113
2936 1900 19113
2936 2986 19113
2986 1950 19113
2986 2936 19113
1900 1986 2
1900 2900 2
1986 1900 2
1986 2986 2
2900 1900 2
2900 2986 2
2986 1986 2
2986 2900 2
1900 2000 285207
1900 2886 285207
2000 1900 285207
2000 2986 285207
2886 1900 285207
2886 2986 285207
2986 2000 285207
2986 2886 285207
1900 2136 147410
1900 2750 147410
2136 1900 147410
2136 2986 147410
2750 1900 147410
2750 2986 147410
2986 2136 147410
2986 2750 147410
1900 2150 105800
1900 2736 105800
2150 1900 105800
2150 2986 105800
2736 1900 105800
2736 2986 105800
2986 2150 105800
2986 2736 105800
1900 2400 2
1900 2486 2
2400 1900 2
2400 2986 2
2486 1900 2
2486 2986 2
2986 2400 2
2986 2486 2
1900 2436 16081
1900 2450 16081
2436 1900 16081
2436 2986 16081
2450 1900 16081
2450 2986 16081
2986 2436 16081
2986 2450 16081
1936 1950 2
1936 2936 2
1950 1936 2
1950 2950 2
2936 1936 2
2936 2950 2
2950 1950 2
2950 2936 2
1936 1986 43670
1936 2900 43670
1986 1936 43670
1986 2950 43670
2900 1936 43670
2900 2950 43670
2950 1986 43670
2950 2900 43670
1936 2000 198708
1936 2886 198708
2000 1936 198708
2000 2950 198708
2886 1936 198708
2886 2950 198708
2950 2000 198708
2950 2886 198708
1936 2100 71712
1936 2786 71712
2100 1936 71712
2100 2950 71712
2786 1936 71712
2786 2950 71712
2950 2100 71712
2950 2786 71712
1936 2136 233820
1936 2750 233820
2136 1936 233820
2136 2950 233820
2750 1936 233820
2750 2950 233820
2950 2136 233820
2950 2750 233820
1936 2436 234023
1936 2450 234023
2436 1936 234023
2436 2950 234023
2450 1936 234023
2450 2950 234023
2950 2436 234023
2950 2450 234023
1950 1986 86978
1950 2900 86978
1986 1950 86978
1986 2936 86978
2900 1950 86978
2900 2936 86978
2936 1986 86978
2936 2900 86978
1950 2000 65142
1950 2886 65142
2000 1950 65142
2000 2936 65142
2886 1950 65142
2886 2936 65142
2936 2000 65142
2936 2886 65142
1950 2100 2
1950 2786 2
2100 1950 2
2100 2936 2
2786 1950 2
2786 2936 2
2936 2100 2
2936 2786 2
1950 2136 2
1950 2750 2
2136 1950 2
2136 2936 2
2750 1950 2
2750 2936 2
2936 2136 2
2936 2750 2
1950 2286 2
1950 2600 2
2286 1950 2
2286 2936 2
2600 1950 2
2600 2936 2
2936 2286 2
2936 2600 2
1950 2300 48205
1950 2586 48205
2300 1950 48205
2300 2936 48205
2586 1950 48205
2586 2936 48205
2936 2300 48205
2936 2586 48205
1986 2000 164879
1986 2886 164879
2000 1986 164879
2000 2900 164879
2886 1986 164879
2886 2900 164879
2900 2000 164879
2900 2886 164879
1986 2100 2
1986 2786 2
2100 1986 2
2100 2900 2
2786 1986 2
2786 2900 2
2900 2100 2
2900 2786 2
1986 2136 2
1986 2750 2
2136 1986 2
2136 2900 2
2750 1986 2
2750 2900 2
2900 2136 2
2900 2750 2
1986 2150 87799
1986 2736 87799
2150 1986 87799
2150 2900 87799
2736 1986 87799
2736 2900 87799
2900 2150 87799
2900 2736 87799
1986 2250 2
1986 2636 2
2250 1986 2
2250 2900 2
2636 1986 2
2636 2900 2
2900 2250 2
2900 2636 2
1986 2336 2
1986 2550 2
2336 1986 2
2336 2900 2
2550 1986 2
2550 2900 2
2900 2336 2
2900 2550 2
1986 2350 2
1986 2536 2
2350 1986 2
2350 2900 2
2536 1986 2
2536 2900 2
2900 2350 2
2900 2536 2
1986 2400 2098
1986 2486 2098
2400 1986 2098
2400 2900 2098
2486 1986 2098
2486 2900 2098
2900 2400 2098
2900 2486 2098
1986 2436 2
1986 2450 2
2436 1986 2
2436 2900 2
2450 1986 2
2450 2900 2
2900 2436 2
2900 2450 2
2000 2000 96931
2000 2886 96931
2886 2000 96931
2886 2886 96931
2000 2136 278278
2000 2750 278278
2136 2000 278278
2136 2886 278278
2750 2000 278278
2750 2886 278278
2886 2136 278278
2886 2750 278278
2000 2150 157433
2000 2736 157433
2150 2000 157433
2150 2886 157433
2736 2000 157433
2736 2886 157433
2886 2150 157433
2886 2736 157433
2000 2186 2
2000 2700 2
2186 2000 2
2186 2886 2
2700 2000 2
2700 2886 2
2886 2186 2
2886 2700 2
2000 2200 85164
2000 2686 85164
2200 2000 85164
2200 2886 85164
2686 2000 85164
2686 2886 85164
2886 2200 85164
2886 2686 85164
2000 2236 2
2000 2650 2
2236 2000 2
2236 2886 2
2650 2000 2
2650 2886 2
2886 2236 2
2886 2650 2
2000 2250 163283
2000 2636 163283
2250 2000 163283
2250 2886 163283
2636 2000 163283
2636 2886 163283
2886 2250 163283
2886 2636 163283
2000 2286 273265
2000 2600 273265
2286 2000 273265
2286 2886 273265
2600 2000 273265
2600 2886 273265
2886 2286 273265
2886 2600 273265
2000 2300 247157
2000 2586 247157
2300 2000 247157
2300 2886 247157
2586 2000 247157
2586 2886 247157
2886 2300 247157
2886 2586 247157
2000 2350 152793
2000 2536 152793
2350 2000 152793
2350 2886 152793
2536 2000 152793
2536 2886 152793
2886 2350 152793
2886 2536 152793
2000 2386 8584
2000 2500 8584
2386 2000 8584
2386 2886 8584
2500 2000 8584
2500 2886 8584
2886 2386 8584
2886 2500 8584
2000 2400 181145
2000 2486 181145
2400 2000 181145
2400 2886 181145
2486 2000 181145
2486 2886 181145
2886 2400 181145
2886 2486 181145
2000 2436 420669
2000 2450 420669
2436 2000 420669
2436 2886 420669
2450 2000 420669
2450 2886 420669
2886 2436 420669
2886 2450 420669
2036 2136 2
2036 2750 2
2136 2036 2
2136 2850 2
2750 2036 2
2750 2850 2
2850 2136 2
2850 2750 2
2036 2150 26728
2036 2736 26728
2150 2036 26728
2150 2850 26728
2736 2036 26728
2736 2850 26728
2850 2150 26728
2850 2736 26728
2050 2150 74344
2050 2736 74344
2150 2050 74344
2150 2836 74344
2736 2050 74344
2736 2836 74344
2836 2150 74344
2836 2736 74344
2050 2186 47169
2050 2700 47169
2186 2050 47169
2186 2836 47169
2700 2050 47169
2700 2836 47169
2836 2186 47169
2836 2700 47169
2050 2436 2
2050 2450 2
2436 2050 2
2436 2836 2
2450 2050 2
2450 2836 2
2836 2436 2
2836 2450 2
2086 2386 2
2086 2500 2
2386 2086 2
2386 2800 2
2500 2086 2
2500 2800 2
2800 2386 2
2800 2500 2
2086 2400 52371
2086 2486 52371
2400 2086 52371
2400 2800 52371
2486 2086 52371
2486 2800 52371
2800 2400 52371
2800 2486 52371
2086 2436 2
2086 2450 2
2436 2086 2
2436 2800 2
2450 2086 2
2450 2800 2
2800 2436 2
2800 2450 2
2100 2386 2
2100 2500 2
2386 2100 2
2386 2786 2
2500 2100 2
2500 2786 2
2786 2386 2
2786 2500 2
2100 2400 95966
2100 2486 95966
2400 2100 95966
2400 2786 95966
2486 2100 95966
2486 2786 95966
2786 2400 95966
2786 2486 95966
2100 2436 2
2100 2450 2
2436 2100 2
2436 2786 2
2450 2100 2
2450 2786 2
2786 2436 2
2786 2450 2
2136 2336 2
2136 2550 2
2336 2136 2
2336 2750 2
2550 2136 2
2550 2750 2
2750 2336 2
2750 2550 2
2136 2350 2
2136 2536 2
2350 2136 2
2350 2750 2
2536 2136 2
2536 2750 2
2750 2350 2
2750 2536 2
2136 2386 2
2136 2500 2
2386 2136 2
2386 2750 2
2500 2136 2
2500 2750 2
2750 2386 2
2750 2500 2
2136 2400 2
2136 2486 2
2400 2136 2
2400 2750 2
2486 2136 2
2486 2750 2
2750 2400 2
2750 2486 2
2136 2436 2
2136 2450 2
2436 2136 2
2436 2750 2
2450 2136 2
2450 2750 2
2750 2436 2
2750 2450 2
2150 2336 27281
2150 2550 27281
2336 2150 27281
2336 2736 27281
2550 2150 27281
2550 2736 27281
2736 2336 27281
2736 2550 27281
2150 2350 2
2150 2536 2
2350 2150 2
2350 2736 2
2536 2150 2
2536 2736 2
2736 2350 2
2736 2536 2
2150 2386 2
2150 2500 2
2386 2150 2
2386 2736 2
2500 2150 2
2500 2736 2
2736 2386 2
2736 2500 2
2150 2400 2
2150 2486 2
2400 2150 2
2400 2736 2
2486 2150 2
2486 2736 2
2736 2400 2
2736 2486 2
2150 2436 2
2150 2450 2
2436 2150 2
2436 2736 2
2450 2150 2
2450 2736 2
2736 2436 2
2736 2450 2
2186 2300 2
2186 2586 2
2300 2186 2
2300 2700 2
2586 2186 2
2586 2700 2
2700 2300 2
2700 2586 2
2186 2336 5
2186 2550 5
2336 2186 5
2336 2700 5
2550 2186 5
2550 2700 5
2700 2336 5
2700 2550 5
2186 2350 134174
2186 2536 134174
2350 2186 134174
2350 2700 134174
2536 2186 134174
2536 2700 134174
2700 2350 134174
2700 2536 134174
2186 2386 139437
2186 2500 139437
2386 2186 139437
2386 2700 139437
2500 2186 139437
2500 2700 139437
2700 2386 139437
2700 2500 139437
2186 2400 2
2186 2486 2
2400 2186 2
2400 2700 2
2486 2186 2
2486 2700 2
2700 2400 2
2700 2486 2
2186 2436 2
2186 2450 2
2436 2186 2
2436 2700 2
2450 2186 2
2450 2700 2
2700 2436 2
2700 2450 2
2200 2300 2
2200 2586 2
2300 2200 2
2300 2686 2
2586 2200 2
2586 2686 2
2686 2300 2
2686 2586 2
2200 2336 82961
2200 2550 82961
2336 2200 82961
2336 2686 82961
2550 2200 82961
2550 2686 82961
2686 2336 82961
2686 2550 82961
2200 2350 134858
2200 2536 134858
2350 2200 134858
2350 2686 134858
2536 2200 134858
2536 2686 134858
2686 2350 134858
2686 2536 134858
2200 2386 2
2200 2500 2
2386 2200 2
2386 2686 2
2500 2200 2
2500 2686 2
2686 2386 2
2686 2500 2
2200 2400 2
2200 2486 2
2400 2200 2
2400 2686 2
2486 2200 2
2486 2686 2
2686 2400 2
2686 2486 2
2200 2436 2
2200 2450 2
2436 2200 2
2436 2686 2
2450 2200 2
2450 2686 2
2686 2436 2
2686 2450 2
2236 2336 2
2236 2550 2
2336 2236 2
2336 2650 2
2550 2236 2
2550 2650 2
2650 2336 2
2650 2550 2
2236 2350 2
2236 2536 2
2350 2236 2
2350 2650 2
2536 2236 2
2536 2650 2
2650 2350 2
2650 2536 2
2236 2386 21
2236 2500 21
2386 2236 21
2386 2650 21
2500 2236 21
2500 2650 21
2650 2386 21
2650 2500 21
2236 2400 2
2236 2486 2
2400 2236 2
2400 2650 2
2486 2236 2
2486 2650 2
2650 2400 2
2650 2486 2
2236 2436 2
2236 2450 2
2436 2236 2
2436 2650 2
2450 2236 2
2450 2650 2
2650 2436 2
2650 2450 2
2250 2336 2
2250 2550 2
2336 2250 2
2336 2636 2
2550 2250 2
2550 2636 2
2636 2336 2
2636 2550 2
2250 2350 2
2250 2536 2
2350 2250 2
2350 2636 2
2536 2250 2
2536 2636 2
2636 2350 2
2636 2536 2
2250 2386 185701
2250 2500 185701
2386 2250 185701
2386 2636 185701
2500 2250 185701
2500 2636 185701
2636 2386 185701
2636 2500 185701
2250 2400 48226
2250 2486 48226
2400 2250 48226
2400 2636 48226
2486 2250 48226
2486 2636 48226
2636 2400 48226
2636 2486 48226
2250 2436 2
2250 2450 2
2436 2250 2
2436 2636 2
2450 2250 2
2450 2636 2
2636 2436 2
2636 2450 2
2286 2386 2
2286 2500 2
2386 2286 2
2386 2600 2
2500 2286 2
2500 2600 2
2600 2386 2
2600 2500 2
2286 2400 2
2286 2486 2
2400 2286 2
2400 2600 2
2486 2286 2
2486 2600 2
2600 2400 2
2600 2486 2
2286 2436 237530
2286 2450 237530
2436 2286 237530
2436 2600 237530
2450 2286 237530
2450 2600 237530
2600 2436 237530
2600 2450 237530
2300 2386 76339
2300 2500 76339
2386 2300 76339
2386 2586 76339
2500 2300 76339
2500 2586 76339
2586 2386 76339
2586 2500 76339
2300 2400 2
2300 2486 2
2400 2300 2
2400 2586 2
2486 2300 2
2486 2586 2
2586 2400 2
2586 2486 2
2300 2436 226699
2300 2450 226699
2436 2300 226699
2436 2586 226699
2450 2300 226699
2450 2586 226699
2586 2436 226699
2586 2450 226699
2336 2400 2
2336 2486 2
2400 2336 2
2400 2550 2
2486 2336 2
2486 2550 2
2550 2400 2
2550 2486 2
2350 2436 2
2350 2450 2
2436 2350 2
2436 2536 2
2450 2350 2
2450 2536 2
2536 2436 2
2536 2450 2
990 1767 241266
990 3119 241266
1767 990 241266
1767 3896 241266
3119 990 241266
3119 3896 241266
3896 1767 241266
3896 3119 241266
998 1101 55770
998 3785 55770
1101 998 55770
1101 3888 55770
3785 998 55770
3785 3888 55770
3888 1101 55770
3888 3785 55770
990 1112 2
990 3774 2
1112 990 2
1112 3896 2
3774 990 2
3774 3896 2
3896 1112 2
3896 3774 2
1700 1999 169811
1700 2887 169811
1999 1700 169811
1999 3186 169811
2887 1700 169811
2887 3186 169811
3186 1999 169811
3186 2887 169811
997 1129 2
997 3757 2
1129 997 2
1129 3889 2
3757 997 2
3757 3889 2
3889 1129 2
3889 3757 2
1402 1899 2
1402 2987 2
1899 1402 2
1899 3484 2
2987 1402 2
2987 3484 2
3484 1899 2
3484 2987 2
1256 1987 2
1256 2899 2
1987 1256 2
1987 3630 2
2899 1256 2
2899 3630 2
3630 1987 2
3630 2899 2
1282 1979 2
1282 2907 2
1979 1282 2
1979 3604 2
2907 1282 2
2907 3604 2
3604 1979 2
3604 2907 2
1310 1970 2
1310 2916 2
1970 1310 2
1970 3576 2
2916 1310 2
2916 3576 2
3576 1970 2
3576 2916 2
1394 1929 2
1394 2957 2
1929 1394 2
1929 3492 2
2957 1394 2
2957 3492 2
3492 1929 2
3492 2957 2
1470 1894 2
1470 2992 2
1894 1470 2
1894 3416 2
2992 1470 2
2992 3416 2
3416 1894 2
3416 2992 2
1415 1886 530693
1415 3000 530693
1886 1415 530693
1886 3471 530693
3000 1415 530693
3000 3471 530693
3471 1886 530693
3471 3000 530693
999 1630 2
999 3256 2
1630 999 2
1630 3887 2
3256 999 2
3256 3887 2
3887 1630 2
3887 3256 2
994 1620 2
994 3266 2
1620 994 2
1620 3892 2
3266 994 2
3266 3892 2
3892 1620 2
3892 3266 2
1893 2436 240142
1893 2450 240142
2436 1893 240142
2436 2993 240142
2450 1893 240142
2450 2993 240142
2993 2436 240142
2993 2450 240142
1525 1996 2
1525 2890 2
1996 1525 2
1996 3361 2
2890 1525 2
2890 3361 2
3361 1996 2
3361 2890 2
998 2415 81556
998 2471 81556
2415 998 81556
2415 3888 81556
2471 998 81556
2471 3888 81556
3888 2415 81556
3888 2471 81556
1000 2420 203176
1000 2466 203176
2420 1000 203176
2420 3886 203176
2466 1000 203176
2466 3886 203176
3886 2420 203176
3886 2466 203176
1636 1972 2
1636 2914 2
1972 1636 2
1972 3250 2
2914 1636 2
2914 3250 2
3250 1972 2
3250 2914 2
1963 2000 68898
1963 2886 68898
2000 1963 68898
2000 2923 68898
2886 1963 68898
2886 2923 68898
2923 2000 68898
2923 2886 68898
1940 1968 80532
1940 2918 80532
1968 1940 80532
1968 2946 80532
2918 1940 80532
2918 2946 80532
2946 1968 80532
2946 2918 80532
1939 1970 2
1939 2916 2
1970 1939 2
1970 2947 2
2916 1939 2
2916 2947 2
2947 1970 2
2947 2916 2
1508 2000 697235
1508 2886 697235
2000 1508 697235
2000 3378 697235
2886 1508 697235
2886 3378 697235
3378 2000 697235
3378 2886 697235
1886 2420 2
1886 2466 2
2420 1886 2
2420 3000 2
2466 1886 2
2466 3000 2
3000 2420 2
3000 2466 2
1940 1980 143121
1940 2906 143121
1980 1940 143121
1980 2946 143121
2906 1940 143121
2906 2946 143121
2946 1980 143121
2946 2906 143121
1621 1993 214040
1621 2893 214040
1993 1621 214040
1993 3265 214040
2893 1621 214040
2893 3265 214040
3265 1993 214040
3265 2893 214040
1377 1852 2
1377 3034 2
1852 1377 2
1852 3509 2
3034 1377 2
3034 3509 2
3509 1852 2
3509 3034 2
1000 1110 3
1000 3776 3
1110 1000 3
1110 3886 3
3776 1000 3
3776 3886 3
3886 1110 3
3886 3776 3
1626 1960 2
1626 2926 2
1960 1626 2
1960 3260 2
2926 1626 2
2926 3260 2
3260 1960 2
3260 2926 2
1910 1944 257665
1910 2942 257665
1944 1910 257665
1944 2976 257665
2942 1910 257665
2942 2976 257665
2976 1944 257665
2976 2942 257665
1000 1120 2
1000 3766 2
1120 1000 2
1120 3886 2
3766 1000 2
3766 3886 2
3886 1120 2
3886 3766 2
1711 1988 555565
1711 2898 555565
1988 1711 555565
1988 3175 555565
2898 1711 555565
2898 3175 555565
3175 1988 555565
3175 2898 555565
1000 1995 1460765
1000 2891 1460765
1995 1000 1460765
1995 3886 1460765
2891 1000 1460765
2891 3886 1460765
3886 1995 1460765
3886 2891 1460765
1458 2000 393641
1458 2886 393641
2000 1458 393641
2000 3428 393641
2886 1458 393641
2886 3428 393641
3428 2000 393641
3428 2886 393641
505 2000 54867
505 2886 54867
2000 505 54867
2000 4381 54867
2886 505 54867
2886 4381 54867
4381 2000 54867
4381 2886 54867
509 1000 1468274
509 3886 1468274
1000 509 1468274
1000 4377 1468274
3886 509 1468274
3886 4377 1468274
4377 1000 1468274
4377 3886 1468274
991 2262 149049
991 2624 149049
2262 991 149049
2262 3895 149049
2624 991 149049
2624 3895 149049
3895 2262 149049
3895 2624 149049
1701 1974 273948
1701 2912 273948
1974 1701 273948
1974 3185 273948
2912 1701 273948
2912 3185 273948
3185 1974 273948
3185 2912 273948
996 2135 2
996 2751 2
2135 996 2
2135 3890 2
2751 996 2
2751 3890 2
3890 2135 2
3890 2751 2
1000 2370 72187
1000 2516 72187
2370 1000 72187
2370 3886 72187
2516 1000 72187
2516 3886 72187
3886 2370 72187
3886 2516 72187
1000 2367 107389
1000 2519 107389
2367 1000 107389
2367 3886 107389
2519 1000 107389
2519 3886 107389
3886 2367 107389
3886 2519 107389
997 2129 274899
997 2757 274899
2129 997 274899
2129 3889 274899
2757 997 274899
2757 3889 274899
3889 2129 274899
3889 2757 274899
1000 1538 127138
1000 3348 127138
1538 1000 127138
1538 3886 127138
3348 1000 127138
3348 3886 127138
3886 1538 127138
3886 3348 127138
1000 1177 34577
1000 3709 34577
1177 1000 34577
1177 3886 34577
3709 1000 34577
3709 3886 34577
3886 1177 34577
3886 3709 34577
995 1513 43073
995 3373 43073
1513 995 43073
1513 3891 43073
3373 995 43073
3373 3891 43073
3891 1513 43073
3891 3373 43073
1000 1470 322084
1000 3416 322084
1470 1000 322084
1470 3886 322084
3416 1000 322084
3416 3886 322084
3886 1470 322084
3886 3416 322084
999 1471 218047
999 3415 218047
1471 999 218047
1471 3887 218047
3415 999 218047
3415 3887 218047
3887 1471 218047
3887 3415 218047
1000 1824 151262
1000 3062 151262
1824 1000 151262
1824 3886 151262
3062 1000 151262
3062 3886 151262
3886 1824 151262
3886 3062 151262
999 1872 94916
999 3014 94916
1872 999 94916
1872 3887 94916
3014 999 94916
3014 3887 94916
3887 1872 94916
3887 3014 94916
999 1870 93844
999 3016 93844
1870 999 93844
1870 3887 93844
3016 999 93844
3016 3887 93844
3887 1870 93844
3887 3016 93844
1417 1998 2
1417 2888 2
1998 1417 2
1998 3469 2
2888 1417 2
2888 3469 2
3469 1998 2
3469 2888 2
1943 2000 167172
1943 2886 167172
2000 1943 167172
2000 2943 167172
2886 1943 167172
2886 2943 167172
2943 2000 167172
2943 2886 167172
1975 2000 142403
1975 2886 142403
2000 1975 142403
2000 2911 142403
2886 1975 142403
2886 2911 142403
2911 2000 142403
2911 2886 142403
1420 1990 11646
1420 2896 11646
1990 1420 11646
1990 3466 11646
2896 1420 11646
2896 3466 11646
3466 1990 11646
3466 2896 11646
996 2036 3
996 2850 3
2036 996 3
2036 3890 3
2850 996 3
2850 3890 3
3890 2036 3
3890 2850 3
1560 1999 57814
1560 2887 57814
1999 1560 57814
1999 3326 57814
2887 1560 57814
2887 3326 57814
3326 1999 57814
3326 2887 57814
1115 1956 150333
1115 2930 150333
1956 1115 150333
1956 3771 150333
2930 1115 150333
2930 3771 150333
3771 1956 150333
3771 2930 150333
1920 2000 95676
1920 2886 95676
2000 1920 95676
2000 2966 95676
2886 1920 95676
2886 2966 95676
2966 2000 95676
2966 2886 95676
1000 1560 82830
1000 3326 82830
1560 1000 82830
1560 3886 82830
3326 1000 82830
3326 3886 82830
3886 1560 82830
3886 3326 82830
1997 2428 49227
1997 2458 49227
2428 1997 49227
2428 2889 49227
2458 1997 49227
2458 2889 49227
2889 2428 49227
2889 2458 49227
1886 1995 117310
1886 2891 117310
1995 1886 117310
1995 3000 117310
2891 1886 117310
2891 3000 117310
3000 1995 117310
3000 2891 117310
1115 1950 5609
1115 2936 5609
1950 1115 5609
1950 3771 5609
2936 1115 5609
2936 3771 5609
3771 1950 5609
3771 2936 5609
978 2000 365172
978 2886 365172
2000 978 365172
2000 3908 365172
2886 978 365172
2886 3908 365172
3908 2000 365172
3908 2886 365172
1415 1909 558649
1415 2977 558649
1909 1415 558649
1909 3471 558649
2977 1415 558649
2977 3471 558649
3471 1909 558649
3471 2977 558649
980 2000 2
980 2886 2
2000 980 2
2000 3906 2
2886 980 2
2886 3906 2
3906 2000 2
3906 2886 2
992 1520 15993
992 3366 15993
1520 992 15993
1520 3894 15993
3366 992 15993
3366 3894 15993
3894 1520 15993
3894 3366 15993
1409 1912 2
1409 2974 2
1912 1409 2
1912 3477 2
2974 1409 2
2974 3477 2
3477 1912 2
3477 2974 2
1999 2419 296275
1999 2467 296275
2419 1999 296275
2419 2887 296275
2467 1999 296275
2467 2887 296275
2887 2419 296275
2887 2467 296275
1417 1897 2
1417 2989 2
1897 1417 2
1897 3469 2
2989 1417 2
2989 3469 2
3469 1897 2
3469 2989 2
978 1568 9706
978 3318 9706
1568 978 9706
1568 3908 9706
3318 978 9706
3318 3908 9706
3908 1568 9706
3908 3318 9706
974 1725 2
974 3161 2
1725 974 2
1725 3912 2
3161 974 2
3161 3912 2
3912 1725 2
3912 3161 2
981 1754 2
981 3132 2
1754 981 2
1754 3905 2
3132 981 2
3132 3905 2
3905 1754 2
3905 3132 2
937 1410 2
937 3476 2
1410 937 2
1410 3949 2
3476 937 2
3476 3949 2
3949 1410 2
3949 3476 2
931 1402 156684
931 3484 156684
1402 931 156684
1402 3955 156684
3484 931 156684
3484 3955 156684
3955 1402 156684
3955 3484 156684
970 1396 2
970 3490 2
1396 970 2
1396 3916 2
3490 970 2
3490 3916 2
3916 1396 2
3916 3490 2
969 1396 2
969 3490 2
1396 969 2
1396 3917 2
3490 969 2
3490 3917 2
3917 1396 2
3917 3490 2
999 2000 1473841
999 2886 1473841
2000 999 1473841
2000 3887 1473841
2886 999 1473841
2886 3887 1473841
3887 2000 1473841
3887 2886 1473841
2000 2269 172334
2000 2617 172334
2269 2000 172334
2269 2886 172334
2617 2000 172334
2617 2886 172334
2886 2269 172334
2886 2617 172334
1000 2225 124978
1000 2661 124978
2225 1000 124978
2225 3886 124978
2661 1000 124978
2661 3886 124978
3886 2225 124978
3886 2661 124978
982 1652 62767
982 3234 62767
1652 982 62767
1652 3904 62767
3234 982 62767
3234 3904 62767
3904 1652 62767
3904 3234 62767
1000 1458 883038
1000 3428 883038
1458 1000 883038
1458 3886 883038
3428 1000 883038
3428 3886 883038
3886 1458 883038
3886 3428 883038
1000 1918 983210
1000 2968 983210
1918 1000 983210
1918 3886 983210
2968 1000 983210
2968 3886 983210
3886 1918 983210
3886 2968 983210
991 1369 247376
991 3517 247376
1369 991 247376
1369 3895 247376
3517 991 247376
3517 3895 247376
3895 1369 247376
3895 3517 247376
971 1346 9989
971 3540 9989
1346 971 9989
1346 3915 9989
3540 971 9989
3540 3915 9989
3915 1346 9989
3915 3540 9989
987 1029 2
987 3857 2
1029 987 2
1029 3899 2
3857 987 2
3857 3899 2
3899 1029 2
3899 3857 2
998 1012 2
998 3874 2
1012 998 2
1012 3888 2
3874 998 2
3874 3888 2
3888 1012 2
3888 3874 2
995 2019 3
995 2867 3
2019 995 3
2019 3891 3
2867 995 3
2867 3891 3
3891 2019 3
3891 2867 3
1000 1882 2
1000 3004 2
1882 1000 2
1882 3886 2
3004 1000 2
3004 3886 2
3886 1882 2
3886 3004 2
1470 2000 303046
1470 2886 303046
2000 1470 303046
2000 3416 303046
2886 1470 303046
2886 3416 303046
3416 2000 303046
3416 2886 303046
1515 1996 2
1515 2890 2
1996 1515 2
1996 3371 2
2890 1515 2
2890 3371 2
3371 1996 2
3371 2890 2
1436 1893 631702
1436 2993 631702
1893 1436 631702
1893 3450 631702
2993 1436 631702
2993 3450 631702
3450 1893 631702
3450 2993 631702
1426 1888 830651
1426 2998 830651
1888 1426 830651
1888 3460 830651
2998 1426 830651
2998 3460 830651
3460 1888 830651
3460 2998 830651
1916 1986 2
1916 2900 2
1986 1916 2
1986 2970 2
2900 1916 2
2900 2970 2
2970 1986 2
2970 2900 2
1897 1970 31240
1897 2916 31240
1970 1897 31240
1970 2989 31240
2916 1897 31240
2916 2989 31240
2989 1970 31240
2989 2916 31240
1893 1965 2
1893 2921 2
1965 1893 2
1965 2993 2
2921 1893 2
2921 2993 2
2993 1965 2
2993 2921 2
1000 2427 220157
1000 2459 220157
2427 1000 220157
2427 3886 220157
2459 1000 220157
2459 3886 220157
3886 2427 220157
3886 2459 220157
1520 2000 313418
1520 2886 313418
2000 1520 313418
2000 3366 313418
2886 1520 313418
2886 3366 313418
3366 2000 313418
3366 2886 313418
1886 1956 63522
1886 2930 63522
1956 1886 63522
1956 3000 63522
2930 1886 63522
2930 3000 63522
3000 1956 63522
3000 2930 63522
1997 2000 228504
1997 2886 228504
2000 1997 228504
2000 2889 228504
2886 1997 228504
2886 2889 228504
2889 2000 228504
2889 2886 228504
1390 1916 2
1390 2970 2
1916 1390 2
1916 3496 2
2970 1390 2
2970 3496 2
3496 1916 2
3496 2970 2
1863 1995 153376
1863 2891 153376
1995 1863 153376
1995 3023 153376
2891 1863 153376
2891 3023 153376
3023 1995 153376
3023 2891 153376
1890 2443 2
2443 1890 2
2443 2996 2
2996 2443 2
1920 1990 4504
1920 2896 4504
1990 1920 4504
1990 2966 4504
2896 1920 4504
2896 2966 4504
2966 1990 4504
2966 2896 4504
1662 1736 2
1662 3150 2
1736 1662 2
1736 3224 2
3150 1662 2
3150 3224 2
3224 1736 2
3224 3150 2
1903 2425 274462
1903 2461 274462
2425 1903 274462
2425 2983 274462
2461 1903 274462
2461 2983 274462
2983 2425 274462
2983 2461 274462
1900 2431 3071
1900 2455 3071
2431 1900 3071
2431 2986 3071
2455 1900 3071
2455 2986 3071
2986 2431 3071
2986 2455 3071
1911 2405 2
1911 2481 2
2405 1911 2
2405 2975 2
2481 1911 2
2481 2975 2
2975 2405 2
2975 2481 2
1918 2389 104481
1918 2497 104481
2389 1918 104481
2389 2968 104481
2497 1918 104481
2497 2968 104481
2968 2389 104481
2968 2497 104481
1410 1997 2
1410 2889 2
1997 1410 2
1997 3476 2
2889 1410 2
2889 3476 2
3476 1997 2
3476 2889 2
1395 1922 101190
1395 2964 101190
1922 1395 101190
1922 3491 101190
2964 1395 101190
2964 3491 101190
3491 1922 101190
3491 2964 101190
1000 1970 2728634
1000 2916 2728634
1970 1000 2728634
1970 3886 2728634
2916 1000 2728634
2916 3886 2728634
3886 1970 2728634
3886 2916 2728634
1000 1966 610210
1000 2920 610210
1966 1000 610210
1966 3886 610210
2920 1000 610210
2920 3886 610210
3886 1966 610210
3886 2920 610210
990 2312 2
990 2574 2
2312 990 2
2312 3896 2
2574 990 2
2574 3896 2
3896 2312 2
3896 2574 2
989 2311 2
989 2575 2
2311 989 2
2311 3897 2
2575 989 2
2575 3897 2
3897 2311 2
3897 2575 2
1000 1419 802872
1000 3467 802872
1419 1000 802872
1419 3886 802872
3467 1000 802872
3467 3886 802872
3886 1419 802872
3886 3467 802872
967 1453 47741
967 3433 47741
1453 967 47741
1453 3919 47741
3433 967 47741
3433 3919 47741
3919 1453 47741
3919 3433 47741
1972 1989 6250
1972 2897 6250
1989 1972 6250
1989 2914 6250
2897 1972 6250
2897 2914 6250
2914 1989 6250
2914 2897 6250
1971 1990 29246
1971 2896 29246
1990 1971 29246
1990 2915 29246
2896 1971 29246
2896 2915 29246
2915 1990 29246
2915 2896 29246
1286 1971 109967
1286 2915 109967
1971 1286 109967
1971 3600 109967
2915 1286 109967
2915 3600 109967
3600 1971 109967
3600 2915 109967
1472 1888 167095
1472 2998 167095
1888 1472 167095
1888 3414 167095
2998 1472 167095
2998 3414 167095
3414 1888 167095
3414 2998 167095
1958 1975 189405
1958 2911 189405
1975 1958 189405
1975 2928 189405
2911 1958 189405
2911 2928 189405
2928 1975 189405
2928 2911 189405
1000 2404 184044
1000 2482 184044
2404 1000 184044
2404 3886 184044
2482 1000 184044
2482 3886 184044
3886 2404 184044
3886 2482 184044
999 2320 253425
999 2566 253425
2320 999 253425
2320 3887 253425
2566 999 253425
2566 3887 253425
3887 2320 253425
3887 2566 253425
989 2309 220003
989 2577 220003
2309 989 220003
2309 3897 220003
2577 989 220003
2577 3897 220003
3897 2309 220003
3897 2577 220003
1910 2118 2
1910 2768 2
2118 1910 2
2118 2976 2
2768 1910 2
2768 2976 2
2976 2118 2
2976 2768 2
1909 2118 129119
1909 2768 129119
2118 1909 129119
2118 2977 129119
2768 1909 129119
2768 2977 129119
2977 2118 129119
2977 2768 129119
1284 1969 2
1284 2917 2
1969 1284 2
1969 3602 2
2917 1284 2
2917 3602 2
3602 1969 2
3602 2917 2
1420 1987 23799
1420 2899 23799
1987 1420 23799
1987 3466 23799
2899 1420 23799
2899 3466 23799
3466 1987 23799
3466 2899 23799
971 2302 127684
971 2584 127684
2302 971 127684
2302 3915 127684
2584 971 127684
2584 3915 127684
3915 2302 127684
3915 2584 127684
966 1998 260692
966 2888 260692
1998 966 260692
1998 3920 260692
2888 966 260692
2888 3920 260692
3920 1998 260692
3920 2888 260692
964 1449 153871
964 3437 153871
1449 964 153871
1449 3922 153871
3437 964 153871
3437 3922 153871
3922 1449 153871
3922 3437 153871
998 1492 568473
998 3394 568473
1492 998 568473
1492 3888 568473
3394 998 568473
3394 3888 568473
3888 1492 568473
3888 3394 568473
1898 2114 2
1898 2772 2
2114 1898 2
2114 2988 2
2772 1898 2
2772 2988 2
2988 2114 2
2988 2772 2
996 1490 2
996 3396 2
1490 996 2
1490 3890 2
3396 996 2
3396 3890 2
3890 1490 2
3890 3396 2
976 2418 31159
976 2468 31159
2418 976 31159
2418 3910 31159
2468 976 31159
2468 3910 31159
3910 2418 31159
3910 2468 31159
1983 2109 59850
1983 2777 59850
2109 1983 59850
2109 2903 59850
2777 1983 59850
2777 2903 59850
2903 2109 59850
2903 2777 59850
957 1440 2
957 3446 2
1440 957 2
1440 3929 2
3446 957 2
3446 3929 2
3929 1440 2
3929 3446 2
985 1464 67109
985 3422 67109
1464 985 67109
1464 3901 67109
3422 985 67109
3422 3901 67109
3901 1464 67109
3901 3422 67109
970 1455 411023
970 3431 411023
1455 970 411023
1455 3916 411023
3431 970 411023
3431 3916 411023
3916 1455 411023
3916 3431 411023
999 1565 5
999 3321 5
1565 999 5
1565 3887 5
3321 999 5
3321 3887 5
3887 1565 5
3887 3321 5
973 2420 107389
973 2466 107389
2420 973 107389
2420 3913 107389
2466 973 107389
2466 3913 107389
3913 2420 107389
3913 2466 107389
2001 2312 2
2001 2574 2
2312 2001 2
2312 2885 2
2574 2001 2
2574 2885 2
2885 2312 2
2885 2574 2
1178 2000 85764
1178 2886 85764
2000 1178 85764
2000 3708 85764
2886 1178 85764
2886 3708 85764
3708 2000 85764
3708 2886 85764
998 1512 145705
998 3374 145705
1512 998 145705
1512 3888 145705
3374 998 145705
3374 3888 145705
3888 1512 145705
3888 3374 145705
1220 1989 46216
1220 2897 46216
1989 1220 46216
1989 3666 46216
2897 1220 46216
2897 3666 46216
3666 1989 46216
3666 2897 46216
1222 1990 12327
1222 2896 12327
1990 1222 12327
1990 3664 12327
2896 1222 12327
2896 3664 12327
3664 1990 12327
3664 2896 12327
1098 1953 2
1098 2933 2
1953 1098 2
1953 3788 2
2933 1098 2
2933 3788 2
3788 1953 2
3788 2933 2
1265 1977 2
1265 2909 2
1977 1265 2
1977 3621 2
2909 1265 2
2909 3621 2
3621 1977 2
3621 2909 2
1160 2000 148197
1160 2886 148197
2000 1160 148197
2000 3726 148197
2886 1160 148197
2886 3726 148197
3726 2000 148197
3726 2886 148197
974 1652 2
974 3234 2
1652 974 2
1652 3912 2
3234 974 2
3234 3912 2
3912 1652 2
3912 3234 2
976 1576 193634
976 3310 193634
1576 976 193634
1576 3910 193634
3310 976 193634
3310 3910 193634
3910 1576 193634
3910 3310 193634
967 1648 36698
967 3238 36698
1648 967 36698
1648 3919 36698
3238 967 36698
3238 3919 36698
3919 1648 36698
3919 3238 36698
963 1639 2
963 3247 2
1639 963 2
1639 3923 2
3247 963 2
3247 3923 2
3923 1639 2
3923 3247 2
971 1583 118733
971 3303 118733
1583 971 118733
1583 3915 118733
3303 971 118733
3303 3915 118733
3915 1583 118733
3915 3303 118733
952 1612 2
952 3274 2
1612 952 2
1612 3934 2
3274 952 2
3274 3934 2
3934 1612 2
3934 3274 2
854 2442 2
854 2444 2
2442 854 2
2442 4032 2
2444 854 2
2444 4032 2
4032 2442 2
4032 2444 2
959 1638 2
959 3248 2
1638 959 2
1638 3927 2
3248 959 2
3248 3927 2
3927 1638 2
3927 3248 2
969 1585 54104
969 3301 54104
1585 969 54104
1585 3917 54104
3301 969 54104
3301 3917 54104
3917 1585 54104
3917 3301 54104
800 2413 15291
800 2473 15291
2413 800 15291
2413 4086 15291
2473 800 15291
2473 4086 15291
4086 2413 15291
4086 2473 15291
795 2419 397207
795 2467 397207
2419 795 397207
2419 4091 397207
2467 795 397207
2467 4091 397207
4091 2419 397207
4091 2467 397207
820 2418 124545
820 2468 124545
2418 820 124545
2418 4066 124545
2468 820 124545
2468 4066 124545
4066 2418 124545
4066 2468 124545
984 2371 94710
984 2515 94710
2371 984 94710
2371 3902 94710
2515 984 94710
2515 3902 94710
3902 2371 94710
3902 2515 94710
1578 1999 529150
1578 2887 529150
1999 1578 529150
1999 3308 529150
2887 1578 529150
2887 3308 529150
3308 1999 529150
3308 2887 529150
983 1596 177677
983 3290 177677
1596 983 177677
1596 3903 177677
3290 983 177677
3290 3903 177677
3903 1596 177677
3903 3290 177677
1605 1786 2
1605 3100 2
1786 1605 2
1786 3281 2
3100 1605 2
3100 3281 2
3281 1786 2
3281 3100 2
1313 1953 41557
1313 2933 41557
1953 1313 41557
1953 3573 41557
2933 1313 41557
2933 3573 41557
3573 1953 41557
3573 2933 41557
939 1671 20602
939 3215 20602
1671 939 20602
1671 3947 20602
3215 939 20602
3215 3947 20602
3947 1671 20602
3947 3215 20602
934 1666 2
934 3220 2
1666 934 2
1666 3952 2
3220 934 2
3220 3952 2
3952 1666 2
3952 3220 2
959 2353 30705
959 2533 30705
2353 959 30705
2353 3927 30705
2533 959 30705
2533 3927 30705
3927 2353 30705
3927 2533 30705
924 1637 71226
924 3249 71226
1637 924 71226
1637 3962 71226
3249 924 71226
3249 3962 71226
3962 1637 71226
3962 3249 71226
1000 1999 1109191
1000 2887 1109191
1999 1000 1109191
1999 3886 1109191
2887 1000 1109191
2887 3886 1109191
3886 1999 1109191
3886 2887 1109191
999 2004 2
999 2882 2
2004 999 2
2004 3887 2
2882 999 2
2882 3887 2
3887 2004 2
3887 2882 2
1943 1989 2
1943 2897 2
1989 1943 2
1989 2943 2
2897 1943 2
2897 2943 2
2943 1989 2
2943 2897 2
1939 1992 2
1939 2894 2
1992 1939 2
1992 2947 2
2894 1939 2
2894 2947 2
2947 1992 2
2947 2894 2
999 1880 2
999 3006 2
1880 999 2
1880 3887 2
3006 999 2
3006 3887 2
3887 1880 2
3887 3006 2
1427 2000 112001
1427 2886 112001
2000 1427 112001
2000 3459 112001
2886 1427 112001
2886 3459 112001
3459 2000 112001
3459 2886 112001
1886 1946 2
1886 2940 2
1946 1886 2
1946 3000 2
2940 1886 2
2940 3000 2
3000 1946 2
3000 2940 2
1000 2381 80595
1000 2505 80595
2381 1000 80595
2381 3886 80595
2505 1000 80595
2505 3886 80595
3886 2381 80595
3886 2505 80595
1994 2125 79198
1994 2761 79198
2125 1994 79198
2125 2892 79198
2761 1994 79198
2761 2892 79198
2892 2125 79198
2892 2761 79198
1000 1527 2
1000 3359 2
1527 1000 2
1527 3886 2
3359 1000 2
3359 3886 2
3886 1527 2
3886 3359 2
1684 1716 52082
1684 3170 52082
1716 1684 52082
1716 3202 52082
3170 1684 52082
3170 3202 52082
3202 1716 52082
3202 3170 52082
1527 2020 2
1527 2866 2
2020 1527 2
2020 3359 2
2866 1527 2
2866 3359 2
3359 2020 2
3359 2866 2
1430 1998 69977
1430 2888 69977
1998 1430 69977
1998 3456 69977
2888 1430 69977
2888 3456 69977
3456 1998 69977
3456 2888 69977
1909 1998 171465
1909 2888 171465
1998 1909 171465
1998 2977 171465
2888 1909 171465
2888 2977 171465
2977 1998 171465
2977 2888 171465
1618 2000 158553
1618 2886 158553
2000 1618 158553
2000 3268 158553
2886 1618 158553
2886 3268 158553
3268 2000 158553
3268 2886 158553
1961 1970 2
1961 2916 2
1970 1961 2
1970 2925 2
2916 1961 2
2916 2925 2
2925 1970 2
2925 2916 2
1944 2438 228876
1944 2448 228876
2438 1944 228876
2438 2942 228876
2448 1944 228876
2448 2942 228876
2942 2438 228876
2942 2448 228876
1986 2122 67928
1986 2764 67928
2122 1986 67928
2122 2900 67928
2764 1986 67928
2764 2900 67928
2900 2122 67928
2900 2764 67928
1403 1908 2
1403 2978 2
1908 1403 2
1908 3483 2
2978 1403 2
2978 3483 2
3483 1908 2
3483 2978 2
2000 2217 2
2000 2669 2
2217 2000 2
2217 2886 2
2669 2000 2
2669 2886 2
2886 2217 2
2886 2669 2
1000 1530 314780
1000 3356 314780
1530 1000 314780
1530 3886 314780
3356 1000 314780
3356 3886 314780
3886 1530 314780
3886 3356 314780
1404 1980 2
1404 2906 2
1980 1404 2
1980 3482 2
2906 1404 2
2906 3482 2
3482 1980 2
3482 2906 2
995 2343 133573
995 2543 133573
2343 995 133573
2343 3891 133573
2543 995 133573
2543 3891 133573
3891 2343 133573
3891 2543 133573
970 1497 2
970 3389 2
1497 970 2
1497 3916 2
3389 970 2
3389 3916 2
3916 1497 2
3916 3389 2
1093 1938 2
1093 2948 2
1938 1093 2
1938 3793 2
2948 1093 2
2948 3793 2
3793 1938 2
3793 2948 2
972 1505 1576
972 3381 1576
1505 972 1576
1505 3914 1576
3381 972 1576
3381 3914 1576
3914 1505 1576
3914 3381 1576
1397 1908 2
1397 2978 2
1908 1397 2
1908 3489 2
2978 1397 2
2978 3489 2
3489 1908 2
3489 2978 2
991 1575 189870
991 3311 189870
1575 991 189870
1575 3895 189870
3311 991 189870
3311 3895 189870
3895 1575 189870
3895 3311 189870
1399 1910 105186
1399 2976 105186
1910 1399 105186
1910 3487 105186
2976 1399 105186
2976 3487 105186
3487 1910 105186
3487 2976 105186
968 2348 439605
968 2538 439605
2348 968 439605
2348 3918 439605
2538 968 439605
2538 3918 439605
3918 2348 439605
3918 2538 439605
1886 1977 52752
1886 2909 52752
1977 1886 52752
1977 3000 52752
2909 1886 52752
2909 3000 52752
3000 1977 52752
3000 2909 52752
1996 2443 109275
2443 1996 109275
2443 2890 109275
2890 2443 109275
984 1553 2
984 3333 2
1553 984 2
1553 3902 2
3333 984 2
3333 3902 2
3902 1553 2
3902 3333 2
1496 1898 144559
1496 2988 144559
1898 1496 144559
1898 3390 144559
2988 1496 144559
2988 3390 144559
3390 1898 144559
3390 2988 144559
981 1706 2
981 3180 2
1706 981 2
1706 3905 2
3180 981 2
3180 3905 2
3905 1706 2
3905 3180 2
806 2443 412371
2443 806 412371
2443 4080 412371
4080 2443 412371
950 1671 177464
950 3215 177464
1671 950 177464
1671 3936 177464
3215 950 177464
3215 3936 177464
3936 1671 177464
3936 3215 177464
2000 2429 373620
2000 2457 373620
2429 2000 373620
2429 2886 373620
2457 2000 373620
2457 2886 373620
2886 2429 373620
2886 2457 373620
971 2354 59070
971 2532 59070
2354 971 59070
2354 3915 59070
2532 971 59070
2532 3915 59070
3915 2354 59070
3915 2532 59070
950 1670 9510
950 3216 9510
1670 950 9510
1670 3936 9510
3216 950 9510
3216 3936 9510
3936 1670 9510
3936 3216 9510
998 2410 181420
998 2476 181420
2410 998 181420
2410 3888 181420
2476 998 181420
2476 3888 181420
3888 2410 181420
3888 2476 181420
975 1695 150798
975 3191 150798
1695 975 150798
1695 3911 150798
3191 975 150798
3191 3911 150798
3911 1695 150798
3911 3191 150798
2000 2392 361226
2000 2494 361226
2392 2000 361226
2392 2886 361226
2494 2000 361226
2494 2886 361226
2886 2392 361226
2886 2494 361226
1999 2412 175670
1999 2474 175670
2412 1999 175670
2412 2887 175670
2474 1999 175670
2474 2887 175670
2887 2412 175670
2887 2474 175670
1000 1479 1014723
1000 3407 1014723
1479 1000 1014723
1479 3886 1014723
3407 1000 1014723
3407 3886 1014723
3886 1479 1014723
3886 3407 1014723
937 2310 2
937 2576 2
2310 937 2
2310 3949 2
2576 937 2
2576 3949 2
3949 2310 2
3949 2576 2
937 2309 2
937 2577 2
2309 937 2
2309 3949 2
2577 937 2
2577 3949 2
3949 2309 2
3949 2577 2
947 2313 2
947 2573 2
2313 947 2
2313 3939 2
2573 947 2
2573 3939 2
3939 2313 2
3939 2573 2
1993 2000 187045
1993 2886 187045
2000 1993 187045
2000 2893 187045
2886 1993 187045
2886 2893 187045
2893 2000 187045
2893 2886 187045
820 2412 2
820 2474 2
2412 820 2
2412 4066 2
2474 820 2
2474 4066 2
4066 2412 2
4066 2474 2
859 2424 2
859 2462 2
2424 859 2
2424 4027 2
2462 859 2
2462 4027 2
4027 2424 2
4027 2462 2
1125 1987 2
1125 2899 2
1987 1125 2
1987 3761 2
2899 1125 2
2899 3761 2
3761 1987 2
3761 2899 2
968 1739 211477
968 3147 211477
1739 968 211477
1739 3918 211477
3147 968 211477
3147 3918 211477
3918 1739 211477
3918 3147 211477
1890 2399 2
1890 2487 2
2399 1890 2
2399 2996 2
2487 1890 2
2487 2996 2
2996 2399 2
2996 2487 2
922 2367 2
922 2519 2
2367 922 2
2367 3964 2
2519 922 2
2519 3964 2
3964 2367 2
3964 2519 2
1168 2000 230986
1168 2886 230986
2000 1168 230986
2000 3718 230986
2886 1168 230986
2886 3718 230986
3718 2000 230986
3718 2886 230986
969 1740 167945
969 3146 167945
1740 969 167945
1740 3917 167945
3146 969 167945
3146 3917 167945
3917 1740 167945
3917 3146 167945
983 1785 379395
983 3101 379395
1785 983 379395
1785 3903 379395
3101 983 379395
3101 3903 379395
3903 1785 379395
3903 3101 379395
1173 1968 59747
1173 2918 59747
1968 1173 59747
1968 3713 59747
2918 1173 59747
2918 3713 59747
3713 1968 59747
3713 2918 59747
1571 2069 2
1571 2817 2
2069 1571 2
2069 3315 2
2817 1571 2
2817 3315 2
3315 2069 2
3315 2817 2
729 2434 2
729 2452 2
2434 729 2
2434 4157 2
2452 729 2
2452 4157 2
4157 2434 2
4157 2452 2
1765 2245 99270
1765 2641 99270
2245 1765 99270
2245 3121 99270
2641 1765 99270
2641 3121 99270
3121 2245 99270
3121 2641 99270
1597 1973 2
1597 2913 2
1973 1597 2
1973 3289 2
2913 1597 2
2913 3289 2
3289 1973 2
3289 2913 2
958 2300 127392
958 2586 127392
2300 958 127392
2300 3928 127392
2586 958 127392
2586 3928 127392
3928 2300 127392
3928 2586 127392
730 2435 63263
730 2451 63263
2435 730 63263
2435 4156 63263
2451 730 63263
2451 4156 63263
4156 2435 63263
4156 2451 63263
955 2326 30885
955 2560 30885
2326 955 30885
2326 3931 30885
2560 955 30885
2560 3931 30885
3931 2326 30885
3931 2560 30885
1000 2340 313691
1000 2546 313691
2340 1000 313691
2340 3886 313691
2546 1000 313691
2546 3886 313691
3886 2340 313691
3886 2546 313691
976 1760 272948
976 3126 272948
1760 976 272948
1760 3910 272948
3126 976 272948
3126 3910 272948
3910 1760 272948
3910 3126 272948
957 1724 200750
957 3162 200750
1724 957 200750
1724 3929 200750
3162 957 200750
3162 3929 200750
3929 1724 200750
3929 3162 200750
947 1711 80592
947 3175 80592
1711 947 80592
1711 3939 80592
3175 947 80592
3175 3939 80592
3939 1711 80592
3939 3175 80592
850 2419 2
850 2467 2
2419 850 2
2419 4036 2
2467 850 2
2467 4036 2
4036 2419 2
4036 2467 2
978 2335 2
978 2551 2
2335 978 2
2335 3908 2
2551 978 2
2551 3908 2
3908 2335 2
3908 2551 2
988 1073 2
988 3813 2
1073 988 2
1073 3898 2
3813 988 2
3813 3898 2
3898 1073 2
3898 3813 2
990 1073 55769
990 3813 55769
1073 990 55769
1073 3896 55769
3813 990 55769
3813 3896 55769
3896 1073 55769
3896 3813 55769
970 2328 27369
970 2558 27369
2328 970 27369
2328 3916 27369
2558 970 27369
2558 3916 27369
3916 2328 27369
3916 2558 27369
1949 2109 58965
1949 2777 58965
2109 1949 58965
2109 2937 58965
2777 1949 58965
2777 2937 58965
2937 2109 58965
2937 2777 58965
1518 1846 2
1518 3040 2
1846 1518 2
1846 3368 2
3040 1518 2
3040 3368 2
3368 1846 2
3368 3040 2
982 1431 171952
982 3455 171952
1431 982 171952
1431 3904 171952
3455 982 171952
3455 3904 171952
3904 1431 171952
3904 3455 171952
1240 1993 82997
1240 2893 82997
1993 1240 82997
1993 3646 82997
2893 1240 82997
2893 3646 82997
3646 1993 82997
3646 2893 82997
939 1660 64717
939 3226 64717
1660 939 64717
1660 3947 64717
3226 939 64717
3226 3947 64717
3947 1660 64717
3947 3226 64717
976 2149 239793
976 2737 239793
2149 976 239793
2149 3910 239793
2737 976 239793
2737 3910 239793
3910 2149 239793
3910 2737 239793
976 2150 111918
976 2736 111918
2150 976 111918
2150 3910 111918
2736 976 111918
2736 3910 111918
3910 2150 111918
3910 2736 111918
970 2153 45631
970 2733 45631
2153 970 45631
2153 3916 45631
2733 970 45631
2733 3916 45631
3916 2153 45631
3916 2733 45631
986 1441 331043
986 3445 331043
1441 986 331043
1441 3900 331043
3445 986 331043
3445 3900 331043
3900 1441 331043
3900 3445 331043
777 2431 2
777 2455 2
2431 777 2
2431 4109 2
2455 777 2
2455 4109 2
4109 2431 2
4109 2455 2
997 1981 885663
997 2905 885663
1981 997 885663
1981 3889 885663
2905 997 885663
2905 3889 885663
3889 1981 885663
3889 2905 885663
999 2276 199705
999 2610 199705
2276 999 199705
2276 3887 199705
2610 999 199705
2610 3887 199705
3887 2276 199705
3887 2610 199705
996 2170 224958
996 2716 224958
2170 996 224958
2170 3890 224958
2716 996 224958
2716 3890 224958
3890 2170 224958
3890 2716 224958
996 2169 70523
996 2717 70523
2169 996 70523
2169 3890 70523
2717 996 70523
2717 3890 70523
3890 2169 70523
3890 2717 70523
1000 1932 1073594
1000 2954 1073594
1932 1000 1073594
1932 3886 1073594
2954 1000 1073594
2954 3886 1073594
3886 1932 1073594
3886 2954 1073594
1000 1925 1193365
1000 2961 1193365
1925 1000 1193365
1925 3886 1193365
2961 1000 1193365
2961 3886 1193365
3886 1925 1193365
3886 2961 1193365
920 1298 10035
920 3588 10035
1298 920 10035
1298 3966 10035
3588 920 10035
3588 3966 10035
3966 1298 10035
3966 3588 10035
980 1640 2
980 3246 2
1640 980 2
1640 3906 2
3246 980 2
3246 3906 2
3906 1640 2
3906 3246 2
999 1882 2
999 3004 2
1882 999 2
1882 3887 2
3004 999 2
3004 3887 2
3887 1882 2
3887 3004 2
1528 2000 546040
1528 2886 546040
2000 1528 546040
2000 3358 546040
2886 1528 546040
2886 3358 546040
3358 2000 546040
3358 2886 546040
1069 1941 2
1069 2945 2
1941 1069 2
1941 3817 2
2945 1069 2
2945 3817 2
3817 1941 2
3817 2945 2
1476 2000 556888
1476 2886 556888
2000 1476 556888
2000 3410 556888
2886 1476 556888
2886 3410 556888
3410 2000 556888
3410 2886 556888
1903 2429 2
1903 2457 2
2429 1903 2
2429 2983 2
2457 1903 2
2457 2983 2
2983 2429 2
2983 2457 2
1480 2000 11
1480 2886 11
2000 1480 11
2000 3406 11
2886 1480 11
2886 3406 11
3406 2000 11
3406 2886 11
1217 2000 100986
1217 2886 100986
2000 1217 100986
2000 3669 100986
2886 1217 100986
2886 3669 100986
3669 2000 100986
3669 2886 100986
1000 2390 94711
1000 2496 94711
2390 1000 94711
2390 3886 94711
2496 1000 94711
2496 3886 94711
3886 2390 94711
3886 2496 94711
1463 2000 308234
1463 2886 308234
2000 1463 308234
2000 3423 308234
2886 1463 308234
2886 3423 308234
3423 2000 308234
3423 2886 308234
1961 1987 58406
1961 2899 58406
1987 1961 58406
1987 2925 58406
2899 1961 58406
2899 2925 58406
2925 1987 58406
2925 2899 58406
999 2359 132162
999 2527 132162
2359 999 132162
2359 3887 132162
2527 999 132162
2527 3887 132162
3887 2359 132162
3887 2527 132162
1960 1986 31394
1960 2900 31394
1986 1960 31394
1986 2926 31394
2900 1960 31394
2900 2926 31394
2926 1986 31394
2926 2900 31394
1222 2000 49924
1222 2886 49924
2000 1222 49924
2000 3664 49924
2886 1222 49924
2886 3664 49924
3664 2000 49924
3664 2886 49924
1412 1887 104481
1412 2999 104481
1887 1412 104481
1887 3474 104481
2999 1412 104481
2999 3474 104481
3474 1887 104481
3474 2999 104481
1466 1889 2
1466 2997 2
1889 1466 2
1889 3420 2
2997 1466 2
2997 3420 2
3420 1889 2
3420 2997 2
1953 1996 124118
1953 2890 124118
1996 1953 124118
1996 2933 124118
2890 1953 124118
2890 2933 124118
2933 1996 124118
2933 2890 124118
1442 2000 145705
1442 2886 145705
2000 1442 145705
2000 3444 145705
2886 1442 145705
2886 3444 145705
3444 2000 145705
3444 2886 145705
1421 2000 171952
1421 2886 171952
2000 1421 171952
2000 3465 171952
2886 1421 171952
2886 3465 171952
3465 2000 171952
3465 2886 171952
1950 1996 4
1950 2890 4
1996 1950 4
1996 2936 4
2890 1950 4
2890 2936 4
2936 1996 4
2936 2890 4
1210 1989 8917
1210 2897 8917
1989 1210 8917
1989 3676 8917
2897 1210 8917
2897 3676 8917
3676 1989 8917
3676 2897 8917
1517 2000 164767
1517 2886 164767
2000 1517 164767
2000 3369 164767
2886 1517 164767
2886 3369 164767
3369 2000 164767
3369 2886 164767
1928 1994 155490
1928 2892 155490
1994 1928 155490
1994 2958 155490
2892 1928 155490
2892 2958 155490
2958 1994 155490
2958 2892 155490
1000 2443 25031
2443 1000 25031
2443 3886 25031
3886 2443 25031
970 2408 20083
970 2478 20083
2408 970 20083
2408 3916 20083
2478 970 20083
2478 3916 20083
3916 2408 20083
3916 2478 20083
1367 1948 2
1367 2938 2
1948 1367 2
1948 3519 2
2938 1367 2
2938 3519 2
3519 1948 2
3519 2938 2
1000 2411 45807
1000 2475 45807
2411 1000 45807
2411 3886 45807
2475 1000 45807
2475 3886 45807
3886 2411 45807
3886 2475 45807
1000 2433 169003
1000 2453 169003
2433 1000 169003
2433 3886 169003
2453 1000 169003
2453 3886 169003
3886 2433 169003
3886 2453 169003
1128 1950 2
1128 2936 2
1950 1128 2
1950 3758 2
2936 1128 2
2936 3758 2
3758 1950 2
3758 2936 2
1984 2096 36510
1984 2790 36510
2096 1984 36510
2096 2902 36510
2790 1984 36510
2790 2902 36510
2902 2096 36510
2902 2790 36510
1913 1999 115666
1913 2887 115666
1999 1913 115666
1999 2973 115666
2887 1913 115666
2887 2973 115666
2973 1999 115666
2973 2887 115666
1531 2038 6
1531 2848 6
2038 1531 6
2038 3355 6
2848 1531 6
2848 3355 6
3355 2038 6
3355 2848 6
982 1604 166912
982 3282 166912
1604 982 166912
1604 3904 166912
3282 982 166912
3282 3904 166912
3904 1604 166912
3904 3282 166912
1130 1950 2
1130 2936 2
1950 1130 2
1950 3756 2
2936 1130 2
2936 3756 2
3756 1950 2
3756 2936 2
1889 2417 115608
1889 2469 115608
2417 1889 115608
2417 2997 115608
2469 1889 115608
2469 2997 115608
2997 2417 115608
2997 2469 115608
1000 1505 362499
1000 3381 362499
1505 1000 362499
1505 3886 362499
3381 1000 362499
3381 3886 362499
3886 1505 362499
3886 3381 362499
972 1622 94710
972 3264 94710
1622 972 94710
1622 3914 94710
3264 972 94710
3264 3914 94710
3914 1622 94710
3914 3264 94710
972 2282 35404
972 2604 35404
2282 972 35404
2282 3914 35404
2604 972 35404
2604 3914 35404
3914 2282 35404
3914 2604 35404
988 1524 67334
988 3362 67334
1524 988 67334
1524 3898 67334
3362 988 67334
3362 3898 67334
3898 1524 67334
3898 3362 67334
969 1617 2
969 3269 2
1617 969 2
1617 3917 2
3269 969 2
3269 3917 2
3917 1617 2
3917 3269 2
997 2301 125670
997 2585 125670
2301 997 125670
2301 3889 125670
2585 997 125670
2585 3889 125670
3889 2301 125670
3889 2585 125670
1353 1948 25443
1353 2938 25443
1948 1353 25443
1948 3533 25443
2938 1353 25443
2938 3533 25443
3533 1948 25443
3533 2938 25443
1943 2334 2
1943 2552 2
2334 1943 2
2334 2943 2
2552 1943 2
2552 2943 2
2943 2334 2
2943 2552 2
2000 2111 2
2000 2775 2
2111 2000 2
2111 2886 2
2775 2000 2
2775 2886 2
2886 2111 2
2886 2775 2
990 1526 82581
990 3360 82581
1526 990 82581
1526 3896 82581
3360 990 82581
3360 3896 82581
3896 1526 82581
3896 3360 82581
1107 1941 2
1107 2945 2
1941 1107 2
1941 3779 2
2945 1107 2
2945 3779 2
3779 1941 2
3779 2945 2
1893 2398 2
1893 2488 2
2398 1893 2
2398 2993 2
2488 1893 2
2488 2993 2
2993 2398 2
2993 2488 2
2000 2443 193599
2443 2000 193599
2443 2886 193599
2886 2443 193599
969 1728 69949
969 3158 69949
1728 969 69949
1728 3917 69949
3158 969 69949
3158 3917 69949
3917 1728 69949
3917 3158 69949
1994 2364 10193
1994 2522 10193
2364 1994 10193
2364 2892 10193
2522 1994 10193
2522 2892 10193
2892 2364 10193
2892 2522 10193
2000 2322 385118
2000 2564 385118
2322 2000 385118
2322 2886 385118
2564 2000 385118
2564 2886 385118
2886 2322 385118
2886 2564 385118
1996 2304 2
1996 2582 2
2304 1996 2
2304 2890 2
2582 1996 2
2582 2890 2
2890 2304 2
2890 2582 2
970 2280 35969
970 2606 35969
2280 970 35969
2280 3916 35969
2606 970 35969
2606 3916 35969
3916 2280 35969
3916 2606 35969
1870 1995 126568
1870 2891 126568
1995 1870 126568
1995 3016 126568
2891 1870 126568
2891 3016 126568
3016 1995 126568
3016 2891 126568
1669 1987 2
1669 2899 2
1987 1669 2
1987 3217 2
2899 1669 2
2899 3217 2
3217 1987 2
3217 2899 2
1689 1711 2
1689 3175 2
1711 1689 2
1711 3197 2
3175 1689 2
3175 3197 2
3197 1711 2
3197 3175 2
1690 1710 61805
1690 3176 61805
1710 1690 61805
1710 3196 61805
3176 1690 61805
3176 3196 61805
3196 1710 61805
3196 3176 61805
996 1420 2
996 3466 2
1420 996 2
1420 3890 2
3466 996 2
3466 3890 2
3890 1420 2
3890 3466 2
956 2367 93098
956 2519 93098
2367 956 93098
2367 3930 93098
2519 956 93098
2519 3930 93098
3930 2367 93098
3930 2519 93098
1946 2320 2
1946 2566 2
2320 1946 2
2320 2940 2
2566 1946 2
2566 2940 2
2940 2320 2
2940 2566 2
1197 1997 2
1197 2889 2
1997 1197 2
1997 3689 2
2889 1197 2
2889 3689 2
3689 1997 2
3689 2889 2
2000 2260 372203
2000 2626 372203
2260 2000 372203
2260 2886 372203
2626 2000 372203
2626 2886 372203
2886 2260 372203
2886 2626 372203
991 1587 2
991 3299 2
1587 991 2
1587 3895 2
3299 991 2
3299 3895 2
3895 1587 2
3895 3299 2
950 1706 184188
950 3180 184188
1706 950 184188
1706 3936 184188
3180 950 184188
3180 3936 184188
3936 1706 184188
3936 3180 184188
1000 1982 281762
1000 2904 281762
1982 1000 281762
1982 3886 281762
2904 1000 281762
2904 3886 281762
3886 1982 281762
3886 2904 281762
997 1908 2
997 2978 2
1908 997 2
1908 3889 2
2978 997 2
2978 3889 2
3889 1908 2
3889 2978 2
994 2327 352083
994 2559 352083
2327 994 352083
2327 3892 352083
2559 994 352083
2559 3892 352083
3892 2327 352083
3892 2559 352083
940 1696 287102
940 3190 287102
1696 940 287102
1696 3946 287102
3190 940 287102
3190 3946 287102
3946 1696 287102
3946 3190 287102
999 1576 2
999 3310 2
1576 999 2
1576 3887 2
3310 999 2
3310 3887 2
3887 1576 2
3887 3310 2
983 2264 2
983 2622 2
2264 983 2
2264 3903 2
2622 983 2
2622 3903 2
3903 2264 2
3903 2622 2
980 2260 2
980 2626 2
2260 980 2
2260 3906 2
2626 980 2
2626 3906 2
3906 2260 2
3906 2626 2
1304 1965 2
1304 2921 2
1965 1304 2
1965 3582 2
2921 1304 2
2921 3582 2
3582 1965 2
3582 2921 2
929 1685 2
929 3201 2
1685 929 2
1685 3957 2
3201 929 2
3201 3957 2
3957 1685 2
3957 3201 2
1906 2195 2
1906 2691 2
2195 1906 2
2195 2980 2
2691 1906 2
2691 2980 2
2980 2195 2
2980 2691 2
990 1580 193464
990 3306 193464
1580 990 193464
1580 3896 193464
3306 990 193464
3306 3896 193464
3896 1580 193464
3896 3306 193464
1670 1989 2
1670 2897 2
1989 1670 2
1989 3216 2
2897 1670 2
2897 3216 2
3216 1989 2
3216 2897 2
918 1997 879767
918 2889 879767
1997 918 879767
1997 3968 879767
2889 918 879767
2889 3968 879767
3968 1997 879767
3968 2889 879767
920 1998 19818
920 2888 19818
1998 920 19818
1998 3966 19818
2888 920 19818
2888 3966 19818
3966 1998 19818
3966 2888 19818
925 1680 63964
925 3206 63964
1680 925 63964
1680 3961 63964
3206 925 63964
3206 3961 63964
3961 1680 63964
3961 3206 63964
1147 1997 2
1147 2889 2
1997 1147 2
1997 3739 2
2889 1147 2
2889 3739 2
3739 1997 2
3739 2889 2
1662 1994 2
1662 2892 2
1994 1662 2
1994 3224 2
2892 1662 2
2892 3224 2
3224 1994 2
3224 2892 2
988 1610 3
988 3276 3
1610 988 3
1610 3898 3
3276 988 3
3276 3898 3
3898 1610 3
3898 3276 3
1164 1972 2
1164 2914 2
1972 1164 2
1972 3722 2
2914 1164 2
2914 3722 2
3722 1972 2
3722 2914 2
1527 2077 106242
1527 2809 106242
2077 1527 106242
2077 3359 106242
2809 1527 106242
2809 3359 106242
3359 2077 106242
3359 2809 106242
1823 2000 70756
1823 2886 70756
2000 1823 70756
2000 3063 70756
2886 1823 70756
2886 3063 70756
3063 2000 70756
3063 2886 70756
999 1357 247512
999 3529 247512
1357 999 247512
1357 3887 247512
3529 999 247512
3529 3887 247512
3887 1357 247512
3887 3529 247512
996 1360 249674
996 3526 249674
1360 996 249674
1360 3890 249674
3526 996 249674
3526 3890 249674
3890 1360 249674
3890 3526 249674
1906 2190 2
1906 2696 2
2190 1906 2
2190 2980 2
2696 1906 2
2696 2980 2
2980 2190 2
2980 2696 2
1928 2090 2
1928 2796 2
2090 1928 2
2090 2958 2
2796 1928 2
2796 2958 2
2958 2090 2
2958 2796 2
2000 2227 2
2000 2659 2
2227 2000 2
2227 2886 2
2659 2000 2
2659 2886 2
2886 2227 2
2886 2659 2
974 1597 48535
974 3289 48535
1597 974 48535
1597 3912 48535
3289 974 48535
3289 3912 48535
3912 1597 48535
3912 3289 48535
1625 2106 332755
1625 2780 332755
2106 1625 332755
2106 3261 332755
2780 1625 332755
2780 3261 332755
3261 2106 332755
3261 2780 332755
819 2400 92923
819 2486 92923
2400 819 92923
2400 4067 92923
2486 819 92923
2486 4067 92923
4067 2400 92923
4067 2486 92923
959 1383 48758
959 3503 48758
1383 959 48758
1383 3927 48758
3503 959 48758
3503 3927 48758
3927 1383 48758
3927 3503 48758
511 2000 735492
511 2886 735492
2000 511 735492
2000 4375 735492
2886 511 735492
2886 4375 735492
4375 2000 735492
4375 2886 735492
981 1764 56231
981 3122 56231
1764 981 56231
1764 3905 56231
3122 981 56231
3122 3905 56231
3905 1764 56231
3905 3122 56231
992 2069 55770
992 2817 55770
2069 992 55770
2069 3894 55770
2817 992 55770
2817 3894 55770
3894 2069 55770
3894 2817 55770
1633 1991 2
1633 2895 2
1991 1633 2
1991 3253 2
2895 1633 2
2895 3253 2
3253 1991 2
3253 2895 2
2071 2387 2
2071 2499 2
2387 2071 2
2387 2815 2
2499 2071 2
2499 2815 2
2815 2387 2
2815 2499 2
942 1414 2
942 3472 2
1414 942 2
1414 3944 2
3472 942 2
3472 3944 2
3944 1414 2
3944 3472 2
1719 2000 17262
1719 2886 17262
2000 1719 17262
2000 3167 17262
2886 1719 17262
2886 3167 17262
3167 2000 17262
3167 2886 17262
971 2000 1620073
971 2886 1620073
2000 971 1620073
2000 3915 1620073
2886 971 1620073
2886 3915 1620073
3915 2000 1620073
3915 2886 1620073
989 2211 397576
989 2675 397576
2211 989 397576
2211 3897 397576
2675 989 397576
2675 3897 397576
3897 2211 397576
3897 2675 397576
1778 2269 520906
1778 2617 520906
2269 1778 520906
2269 3108 520906
2617 1778 520906
2617 3108 520906
3108 2269 520906
3108 2617 520906
1263 1981 156684
1263 2905 156684
1981 1263 156684
1981 3623 156684
2905 1263 156684
2905 3623 156684
3623 1981 156684
3623 2905 156684
999 1638 145287
999 3248 145287
1638 999 145287
1638 3887 145287
3248 999 145287
3248 3887 145287
3887 1638 145287
3887 3248 145287
1777 1997 165872
1777 2889 165872
1997 1777 165872
1997 3109 165872
2889 1777 165872
2889 3109 165872
3109 1997 165872
3109 2889 165872
998 2008 2
998 2878 2
2008 998 2
2008 3888 2
2878 998 2
2878 3888 2
3888 2008 2
3888 2878 2
1000 2394 202335
1000 2492 202335
2394 1000 202335
2394 3886 202335
2492 1000 202335
2492 3886 202335
3886 2394 202335
3886 2492 202335
1893 1999 87107
1893 2887 87107
1999 1893 87107
1999 2993 87107
2887 1893 87107
2887 2993 87107
2993 1999 87107
2993 2887 87107
1933 2429 2
1933 2457 2
2429 1933 2
2429 2953 2
2457 1933 2
2457 2953 2
2953 2429 2
2953 2457 2
1946 2443 2
2443 1946 2
2443 2940 2
2940 2443 2
1569 1996 217598
1569 2890 217598
1996 1569 217598
1996 3317 217598
2890 1569 217598
2890 3317 217598
3317 1996 217598
3317 2890 217598
1445 1887 1039811
1445 2999 1039811
1887 1445 1039811
1887 3441 1039811
2999 1445 1039811
2999 3441 1039811
3441 1887 1039811
3441 2999 1039811
1277 1976 2
1277 2910 2
1976 1277 2
1976 3609 2
2910 1277 2
2910 3609 2
3609 1976 2
3609 2910 2
1906 2425 50265
1906 2461 50265
2425 1906 50265
2425 2980 50265
2461 1906 50265
2461 2980 50265
2980 2425 50265
2980 2461 50265
1422 1900 2
1422 2986 2
1900 1422 2
1900 3464 2
2986 1422 2
2986 3464 2
3464 1900 2
3464 2986 2
1967 1988 54077
1967 2898 54077
1988 1967 54077
1988 2919 54077
2898 1967 54077
2898 2919 54077
2919 1988 54077
2919 2898 54077
1409 1903 2
1409 2983 2
1903 1409 2
1903 3477 2
2983 1409 2
2983 3477 2
3477 1903 2
3477 2983 2
1929 2435 2
1929 2451 2
2435 1929 2
2435 2957 2
2451 1929 2
2451 2957 2
2957 2435 2
2957 2451 2
1122 1947 2
1122 2939 2
1947 1122 2
1947 3764 2
2939 1122 2
2939 3764 2
3764 1947 2
3764 2939 2
1404 1887 321214
1404 2999 321214
1887 1404 321214
1887 3482 321214
2999 1404 321214
2999 3482 321214
3482 1887 321214
3482 2999 321214
1980 2000 53295
1980 2886 53295
2000 1980 53295
2000 2906 53295
2886 1980 53295
2886 2906 53295
2906 2000 53295
2906 2886 53295
1456 1886 869728
1456 3000 869728
1886 1456 869728
1886 3430 869728
3000 1456 869728
3000 3430 869728
3430 1886 869728
3430 3000 869728
1490 2000 222243
1490 2886 222243
2000 1490 222243
2000 3396 222243
2886 1490 222243
2886 3396 222243
3396 2000 222243
3396 2886 222243
1357 1834 2
1357 3052 2
1834 1357 2
1834 3529 2
3052 1357 2
3052 3529 2
3529 1834 2
3529 3052 2
1961 1995 55279
1961 2891 55279
1995 1961 55279
1995 2925 55279
2891 1961 55279
2891 2925 55279
2925 1995 55279
2925 2891 55279
1336 1945 585867
1336 2941 585867
1945 1336 585867
1945 3550 585867
2941 1336 585867
2941 3550 585867
3550 1945 585867
3550 2941 585867
1000 2440 269819
1000 2446 269819
2440 1000 269819
2440 3886 269819
2446 1000 269819
2446 3886 269819
3886 2440 269819
3886 2446 269819
1597 1997 170869
1597 2889 170869
1997 1597 170869
1997 3289 170869
2889 1597 170869
2889 3289 170869
3289 1997 170869
3289 2889 170869
1606 2000 2
1606 2886 2
2000 1606 2
2000 3280 2
2886 1606 2
2886 3280 2
3280 2000 2
3280 2886 2
980 1612 2
980 3274 2
1612 980 2
1612 3906 2
3274 980 2
3274 3906 2
3906 1612 2
3906 3274 2
958 1599 2
958 3287 2
1599 958 2
1599 3928 2
3287 958 2
3287 3928 2
3928 1599 2
3928 3287 2
978 1610 2
978 3276 2
1610 978 2
1610 3908 2
3276 978 2
3276 3908 2
3908 1610 2
3908 3276 2
1106 1955 194726
1106 2931 194726
1955 1106 194726
1955 3780 194726
2931 1106 194726
2931 3780 194726
3780 1955 194726
3780 2931 194726
1886 2422 620605
1886 2464 620605
2422 1886 620605
2422 3000 620605
2464 1886 620605
2464 3000 620605
3000 2422 620605
3000 2464 620605
1258 1985 48535
1258 2901 48535
1985 1258 48535
1985 3628 48535
2901 1258 48535
2901 3628 48535
3628 1985 48535
3628 2901 48535
1912 2110 27440
1912 2776 27440
2110 1912 27440
2110 2974 27440
2776 1912 27440
2776 2974 27440
2974 2110 27440
2974 2776 27440
832 2443 2
2443 832 2
2443 4054 2
4054 2443 2
1326 1950 2
1326 2936 2
1950 1326 2
1950 3560 2
2936 1326 2
2936 3560 2
3560 1950 2
3560 2936 2
1890 1965 2
1890 2921 2
1965 1890 2
1965 2996 2
2921 1890 2
2921 2996 2
2996 1965 2
2996 2921 2
990 2400 2
990 2486 2
2400 990 2
2400 3896 2
2486 990 2
2486 3896 2
3896 2400 2
3896 2486 2
830 2443 2
2443 830 2
2443 4056 2
4056 2443 2
1000 1463 419744
1000 3423 419744
1463 1000 419744
1463 3886 419744
3423 1000 419744
3423 3886 419744
3886 1463 419744
3886 3423 419744
1097 1959 230201
1097 2927 230201
1959 1097 230201
1959 3789 230201
2927 1097 230201
2927 3789 230201
3789 1959 230201
3789 2927 230201
983 2273 104105
983 2613 104105
2273 983 104105
2273 3903 104105
2613 983 104105
2613 3903 104105
3903 2273 104105
3903 2613 104105
1413 1990 143121
1413 2896 143121
1990 1413 143121
1990 3473 143121
2896 1413 143121
2896 3473 143121
3473 1990 143121
3473 2896 143121
1952 1965 48523
1952 2921 48523
1965 1952 48523
1965 2934 48523
2921 1952 48523
2921 2934 48523
2934 1965 48523
2934 2921 48523
989 1594 271797
989 3292 271797
1594 989 271797
1594 3897 271797
3292 989 271797
3292 3897 271797
3897 1594 271797
3897 3292 271797
1930 1954 2
1930 2932 2
1954 1930 2
1954 2956 2
2932 1930 2
2932 2956 2
2956 1954 2
2956 2932 2
1922 1946 2
1922 2940 2
1946 1922 2
1946 2964 2
2940 1922 2
2940 2964 2
2964 1946 2
2964 2940 2
951 1628 76468
951 3258 76468
1628 951 76468
1628 3935 76468
3258 951 76468
3258 3935 76468
3935 1628 76468
3935 3258 76468
1292 1969 50266
1292 2917 50266
1969 1292 50266
1969 3594 50266
2917 1292 50266
2917 3594 50266
3594 1969 50266
3594 2917 50266
1923 2105 31187
1923 2781 31187
2105 1923 31187
2105 2963 31187
2781 1923 31187
2781 2963 31187
2963 2105 31187
2963 2781 31187
949 1627 69995
949 3259 69995
1627 949 69995
1627 3937 69995
3259 949 69995
3259 3937 69995
3937 1627 69995
3937 3259 69995
1980 2097 87454
1980 2789 87454
2097 1980 87454
2097 2906 87454
2789 1980 87454
2789 2906 87454
2906 2097 87454
2906 2789 87454
933 1610 2
933 3276 2
1610 933 2
1610 3953 2
3276 933 2
3276 3953 2
3953 1610 2
3953 3276 2
930 1608 2
930 3278 2
1608 930 2
1608 3956 2
3278 930 2
3278 3956 2
3956 1608 2
3956 3278 2
1974 2130 2
1974 2756 2
2130 1974 2
2130 2912 2
2756 1974 2
2756 2912 2
2912 2130 2
2912 2756 2
1973 2129 107977
1973 2757 107977
2129 1973 107977
2129 2913 107977
2757 1973 107977
2757 2913 107977
2913 2129 107977
2913 2757 107977
1980 2128 96836
1980 2758 96836
2128 1980 96836
2128 2906 96836
2758 1980 96836
2758 2906 96836
2906 2128 96836
2906 2758 96836
992 2339 33600
992 2547 33600
2339 992 33600
2339 3894 33600
2547 992 33600
2547 3894 33600
3894 2339 33600
3894 2547 33600
1999 2380 9
1999 2506 9
2380 1999 9
2380 2887 9
2506 1999 9
2506 2887 9
2887 2380 9
2887 2506 9
1000 2287 68492
1000 2599 68492
2287 1000 68492
2287 3886 68492
2599 1000 68492
2599 3886 68492
3886 2287 68492
3886 2599 68492
959 1484 125539
959 3402 125539
1484 959 125539
1484 3927 125539
3402 959 125539
3402 3927 125539
3927 1484 125539
3927 3402 125539
974 1636 83074
974 3250 83074
1636 974 83074
1636 3912 83074
3250 974 83074
3250 3912 83074
3912 1636 83074
3912 3250 83074
1942 1997 6
1942 2889 6
1997 1942 6
1997 2944 6
2889 1942 6
2889 2944 6
2944 1997 6
2944 2889 6
986 1654 24250
986 3232 24250
1654 986 24250
1654 3900 24250
3232 986 24250
3232 3900 24250
3900 1654 24250
3900 3232 24250
1600 1990 2
1600 2896 2
1990 1600 2
1990 3286 2
2896 1600 2
2896 3286 2
3286 1990 2
3286 2896 2
972 1436 144403
972 3450 144403
1436 972 144403
1436 3914 144403
3450 972 144403
3450 3914 144403
3914 1436 144403
3914 3450 144403
998 1514 5784
998 3372 5784
1514 998 5784
1514 3888 5784
3372 998 5784
3372 3888 5784
3888 1514 5784
3888 3372 5784
2000 2270 118184
2000 2616 118184
2270 2000 118184
2270 2886 118184
2616 2000 118184
2616 2886 118184
2886 2270 118184
2886 2616 118184
1000 1430 319364
1000 3456 319364
1430 1000 319364
1430 3886 319364
3456 1000 319364
3456 3886 319364
3886 1430 319364
3886 3456 319364
966 2311 2
966 2575 2
2311 966 2
2311 3920 2
2575 966 2
2575 3920 2
3920 2311 2
3920 2575 2
969 1461 26907
969 3425 26907
1461 969 26907
1461 3917 26907
3425 969 26907
3425 3917 26907
3917 1461 26907
3917 3425 26907
875 2419 87423
875 2467 87423
2419 875 87423
2419 4011 87423
2467 875 87423
2467 4011 87423
4011 2419 87423
4011 2467 87423
1902 2125 85982
1902 2761 85982
2125 1902 85982
2125 2984 85982
2761 1902 85982
2761 2984 85982
2984 2125 85982
2984 2761 85982
1992 2345 11456
1992 2541 11456
2345 1992 11456
2345 2894 11456
2541 1992 11456
2541 2894 11456
2894 2345 11456
2894 2541 11456
950 1374 2
950 3512 2
1374 950 2
1374 3936 2
3512 950 2
3512 3936 2
3936 1374 2
3936 3512 2
1196 2000 54104
1196 2886 54104
2000 1196 54104
2000 3690 54104
2886 1196 54104
2886 3690 54104
3690 2000 54104
3690 2886 54104
977 1459 2
977 3427 2
1459 977 2
1459 3909 2
3427 977 2
3427 3909 2
3909 1459 2
3909 3427 2
992 1702 2
992 3184 2
1702 992 2
1702 3894 2
3184 992 2
3184 3894 2
3894 1702 2
3894 3184 2
999 1715 304
999 3171 304
1715 999 304
1715 3887 304
3171 999 304
3171 3887 304
3887 1715 304
3887 3171 304
1562 2064 28374
1562 2822 28374
2064 1562 28374
2064 3324 28374
2822 1562 28374
2822 3324 28374
3324 2064 28374
3324 2822 28374
1838 1996 2
1838 2890 2
1996 1838 2
1996 3048 2
2890 1838 2
2890 3048 2
3048 1996 2
3048 2890 2
971 1665 2
971 3221 2
1665 971 2
1665 3915 2
3221 971 2
3221 3915 2
3915 1665 2
3915 3221 2
915 1385 2
915 3501 2
1385 915 2
1385 3971 2
3501 915 2
3501 3971 2
3971 1385 2
3971 3501 2
1901 1910 2
1901 2976 2
1910 1901 2
1910 2985 2
2976 1901 2
2976 2985 2
2985 1910 2
2985 2976 2
1658 2000 2
1658 2886 2
2000 1658 2
2000 3228 2
2886 1658 2
2886 3228 2
3228 2000 2
3228 2886 2
968 1566 2
968 3320 2
1566 968 2
1566 3918 2
3320 968 2
3320 3918 2
3918 1566 2
3918 3320 2
1586 2423 2
1586 2463 2
2423 1586 2
2423 3300 2
2463 1586 2
2463 3300 2
3300 2423 2
3300 2463 2
999 1922 2
999 2964 2
1922 999 2
1922 3887 2
2964 999 2
2964 3887 2
3887 1922 2
3887 2964 2
957 1685 84288
957 3201 84288
1685 957 84288
1685 3929 84288
3201 957 84288
3201 3929 84288
3929 1685 84288
3929 3201 84288
1000 1374 489935
1000 3512 489935
1374 1000 489935
1374 3886 489935
3512 1000 489935
3512 3886 489935
3886 1374 489935
3886 3512 489935
1625 1940 150691
1625 2946 150691
1940 1625 150691
1940 3261 150691
2946 1625 150691
2946 3261 150691
3261 1940 150691
3261 2946 150691
2000 2168 2
2000 2718 2
2168 2000 2
2168 2886 2
2718 2000 2
2718 2886 2
2886 2168 2
2886 2718 2
1900 1909 2
1900 2977 2
1909 1900 2
1909 2986 2
2977 1900 2
2977 2986 2
2986 1909 2
2986 2977 2
989 1886 216927
989 3000 216927
1886 989 216927
1886 3897 216927
3000 989 216927
3000 3897 216927
3897 1886 216927
3897 3000 216927
991 1821 2
991 3065 2
1821 991 2
1821 3895 2
3065 991 2
3065 3895 2
3895 1821 2
3895 3065 2
1606 1952 307277
1606 2934 307277
1952 1606 307277
1952 3280 307277
2934 1606 307277
2934 3280 307277
3280 1952 307277
3280 2934 307277
1598 2427 2
1598 2459 2
2427 1598 2
2427 3288 2
2459 1598 2
2459 3288 2
3288 2427 2
3288 2459 2
1998 2340 53083
1998 2546 53083
2340 1998 53083
2340 2888 53083
2546 1998 53083
2546 2888 53083
2888 2340 53083
2888 2546 53083
914 1345 2
914 3541 2
1345 914 2
1345 3972 2
3541 914 2
3541 3972 2
3972 1345 2
3972 3541 2
996 2306 2
996 2580 2
2306 996 2
2306 3890 2
2580 996 2
2580 3890 2
3890 2306 2
3890 2580 2
1614 2434 253190
1614 2452 253190
2434 1614 253190
2434 3272 253190
2452 1614 253190
2452 3272 253190
3272 2434 253190
3272 2452 253190
2076 2410 46820
2076 2476 46820
2410 2076 46820
2410 2810 46820
2476 2076 46820
2476 2810 46820
2810 2410 46820
2810 2476 46820
1630 2424 49638
1630 2462 49638
2424 1630 49638
2424 3256 49638
2462 1630 49638
2462 3256 49638
3256 2424 49638
3256 2462 49638
1995 2316 251895
1995 2570 251895
2316 1995 251895
2316 2891 251895
2570 1995 251895
2570 2891 251895
2891 2316 251895
2891 2570 251895
988 1819 5
988 3067 5
1819 988 5
1819 3898 5
3067 988 5
3067 3898 5
3898 1819 5
3898 3067 5
993 2232 97080
993 2654 97080
2232 993 97080
2232 3893 97080
2654 993 97080
2654 3893 97080
3893 2232 97080
3893 2654 97080
701 2000 298198
701 2886 298198
2000 701 298198
2000 4185 298198
2886 701 298198
2886 4185 298198
4185 2000 298198
4185 2886 298198
981 1802 457738
981 3084 457738
1802 981 457738
1802 3905 457738
3084 981 457738
3084 3905 457738
3905 1802 457738
3905 3084 457738
1626 1999 279435
1626 2887 279435
1999 1626 279435
1999 3260 279435
2887 1626 279435
2887 3260 279435
3260 1999 279435
3260 2887 279435
929 2000 1473840
929 2886 1473840
2000 929 1473840
2000 3957 1473840
2886 929 1473840
2886 3957 1473840
3957 2000 1473840
3957 2886 1473840
1668 1719 2
1668 3167 2
1719 1668 2
1719 3218 2
3167 1668 2
3167 3218 2
3218 1719 2
3218 3167 2
1600 1979 2
1600 2907 2
1979 1600 2
1979 3286 2
2907 1600 2
2907 3286 2
3286 1979 2
3286 2907 2
1571 1969 2
1571 2917 2
1969 1571 2
1969 3315 2
2917 1571 2
2917 3315 2
3315 1969 2
3315 2917 2
999 2075 55771
999 2811 55771
2075 999 55771
2075 3887 55771
2811 999 55771
2811 3887 55771
3887 2075 55771
3887 2811 55771
1611 1964 2
1611 2922 2
1964 1611 2
1964 3275 2
2922 1611 2
2922 3275 2
3275 1964 2
3275 2922 2
1444 1890 251786
1444 2996 251786
1890 1444 251786
1890 3442 251786
2996 1444 251786
2996 3442 251786
3442 1890 251786
3442 2996 251786
2000 2109 84746
2000 2777 84746
2109 2000 84746
2109 2886 84746
2777 2000 84746
2777 2886 84746
2886 2109 84746
2886 2777 84746
960 2380 82997
960 2506 82997
2380 960 82997
2380 3926 82997
2506 960 82997
2506 3926 82997
3926 2380 82997
3926 2506 82997
959 2380 32976
959 2506 32976
2380 959 32976
2380 3927 32976
2506 959 32976
2506 3927 32976
3927 2380 32976
3927 2506 32976
970 1400 83698
970 3486 83698
1400 970 83698
1400 3916 83698
3486 970 83698
3486 3916 83698
3916 1400 83698
3916 3486 83698
975 1473 2
975 3413 2
1473 975 2
1473 3911 2
3413 975 2
3413 3911 2
3911 1473 2
3911 3413 2
1910 1981 2
1910 2905 2
1981 1910 2
1981 2976 2
2905 1910 2
2905 2976 2
2976 1981 2
2976 2905 2
1483 1868 2
1483 3018 2
1868 1483 2
1868 3403 2
3018 1483 2
3018 3403 2
3403 1868 2
3403 3018 2
2001 2407 2
2001 2479 2
2407 2001 2
2407 2885 2
2479 2001 2
2479 2885 2
2885 2407 2
2885 2479 2
1410 1924 2
1410 2962 2
1924 1410 2
1924 3476 2
2962 1410 2
2962 3476 2
3476 1924 2
3476 2962 2
1986 2110 2
1986 2776 2
2110 1986 2
2110 2900 2
2776 1986 2
2776 2900 2
2900 2110 2
2900 2776 2
950 1462 2
950 3424 2
1462 950 2
1462 3936 2
3424 950 2
3424 3936 2
3936 1462 2
3936 3424 2
948 1459 2
948 3427 2
1459 948 2
1459 3938 2
3427 948 2
3427 3938 2
3938 1459 2
3938 3427 2
1929 2115 2
1929 2771 2
2115 1929 2
2115 2957 2
2771 1929 2
2771 2957 2
2957 2115 2
2957 2771 2
2001 2363 2
2001 2523 2
2363 2001 2
2363 2885 2
2523 2001 2
2523 2885 2
2885 2363 2
2885 2523 2
950 1421 7293
950 3465 7293
1421 950 7293
1421 3936 7293
3465 950 7293
3465 3936 7293
3936 1421 7293
3936 3465 7293
967 1607 2
967 3279 2
1607 967 2
1607 3919 2
3279 967 2
3279 3919 2
3919 1607 2
3919 3279 2
1509 2004 2
1509 2882 2
2004 1509 2
2004 3377 2
2882 1509 2
2882 3377 2
3377 2004 2
3377 2882 2
1522 2016 2
1522 2870 2
2016 1522 2
2016 3364 2
2870 1522 2
2870 3364 2
3364 2016 2
3364 2870 2
1404 1890 2
1404 2996 2
1890 1404 2
1890 3482 2
2996 1404 2
2996 3482 2
3482 1890 2
3482 2996 2
2000 2221 413094
2000 2665 413094
2221 2000 413094
2221 2886 413094
2665 2000 413094
2665 2886 413094
2886 2221 413094
2886 2665 413094
1570 1990 167841
1570 2896 167841
1990 1570 167841
1990 3316 167841
2896 1570 167841
2896 3316 167841
3316 1990 167841
3316 2896 167841
977 1541 2
977 3345 2
1541 977 2
1541 3909 2
3345 977 2
3345 3909 2
3909 1541 2
3909 3345 2
977 1540 2
977 3346 2
1540 977 2
1540 3909 2
3346 977 2
3346 3909 2
3909 1540 2
3909 3346 2
1374 1934 81131
1374 2952 81131
1934 1374 81131
1934 3512 81131
2952 1374 81131
2952 3512 81131
3512 1934 81131
3512 2952 81131
1965 2087 20553
1965 2799 20553
2087 1965 20553
2087 2921 20553
2799 1965 20553
2799 2921 20553
2921 2087 20553
2921 2799 20553
990 2430 2
990 2456 2
2430 990 2
2430 3896 2
2456 990 2
2456 3896 2
3896 2430 2
3896 2456 2
971 2350 4
971 2536 4
2350 971 4
2350 3915 4
2536 971 4
2536 3915 4
3915 2350 4
3915 2536 4
1900 2131 103774
1900 2755 103774
2131 1900 103774
2131 2986 103774
2755 1900 103774
2755 2986 103774
2986 2131 103774
2986 2755 103774
898 2443 2
2443 898 2
2443 3988 2
3988 2443 2
1910 2414 143128
1910 2472 143128
2414 1910 143128
2414 2976 143128
2472 1910 143128
2472 2976 143128
2976 2414 143128
2976 2472 143128
1903 2443 2
2443 1903 2
2443 2983 2
2983 2443 2
971 2409 2
971 2477 2
2409 971 2
2409 3915 2
2477 971 2
2477 3915 2
3915 2409 2
3915 2477 2
1482 1900 2
1482 2986 2
1900 1482 2
1900 3404 2
2986 1482 2
2986 3404 2
3404 1900 2
3404 2986 2
970 2410 2
970 2476 2
2410 970 2
2410 3916 2
2476 970 2
2476 3916 2
3916 2410 2
3916 2476 2
1663 1711 2
1663 3175 2
1711 1663 2
1711 3223 2
3175 1663 2
3175 3223 2
3223 1711 2
3223 3175 2
985 1570 2
985 3316 2
1570 985 2
1570 3901 2
3316 985 2
3316 3901 2
3901 1570 2
3901 3316 2
1659 1983 276053
1659 2903 276053
1983 1659 276053
1983 3227 276053
2903 1659 276053
2903 3227 276053
3227 1983 276053
3227 2903 276053
1327 1952 310443
1327 2934 310443
1952 1327 310443
1952 3559 310443
2934 1327 310443
2934 3559 310443
3559 1952 310443
3559 2934 310443
1988 2142 144875
1988 2744 144875
2142 1988 144875
2142 2898 144875
2744 1988 144875
2744 2898 144875
2898 2142 144875
2898 2744 144875
945 1465 2
945 3421 2
1465 945 2
1465 3941 2
3421 945 2
3421 3941 2
3941 1465 2
3941 3421 2
1919 2397 2
1919 2489 2
2397 1919 2
2397 2967 2
2489 1919 2
2489 2967 2
2967 2397 2
2967 2489 2
2368 2443 124846
2443 2368 124846
2443 2518 124846
2518 2443 124846
1910 1936 2
1910 2950 2
1936 1910 2
1936 2976 2
2950 1910 2
2950 2976 2
2976 1936 2
2976 2950 2
1349 1827 2
1349 3059 2
1827 1349 2
1827 3537 2
3059 1349 2
3059 3537 2
3537 1827 2
3537 3059 2
1903 2113 45285
1903 2773 45285
2113 1903 45285
2113 2983 45285
2773 1903 45285
2773 2983 45285
2983 2113 45285
2983 2773 45285
1899 2115 2
1899 2771 2
2115 1899 2
2115 2987 2
2771 1899 2
2771 2987 2
2987 2115 2
2987 2771 2
1998 2381 90202
1998 2505 90202
2381 1998 90202
2381 2888 90202
2505 1998 90202
2505 2888 90202
2888 2381 90202
2888 2505 90202
1424 2000 33889
1424 2886 33889
2000 1424 33889
2000 3462 33889
2886 1424 33889
2886 3462 33889
3462 2000 33889
3462 2886 33889
956 1385 2
956 3501 2
1385 956 2
1385 3930 2
3501 956 2
3501 3930 2
3930 1385 2
3930 3501 2
1141 1978 2
1141 2908 2
1978 1141 2
1978 3745 2
2908 1141 2
2908 3745 2
3745 1978 2
3745 2908 2
1624 1931 2
1624 2955 2
1931 1624 2
1931 3262 2
2955 1624 2
2955 3262 2
3262 1931 2
3262 2955 2
890 2366 2
890 2520 2
2366 890 2
2366 3996 2
2520 890 2
2520 3996 2
3996 2366 2
3996 2520 2
1300 1973 31199
1300 2913 31199
1973 1300 31199
1973 3586 31199
2913 1300 31199
2913 3586 31199
3586 1973 31199
3586 2913 31199
1941 2416 2
1941 2470 2
2416 1941 2
2416 2945 2
2470 1941 2
2470 2945 2
2945 2416 2
2945 2470 2
1422 1909 2
1422 2977 2
1909 1422 2
1909 3464 2
2977 1422 2
2977 3464 2
3464 1909 2
3464 2977 2
993 2020 2
993 2866 2
2020 993 2
2020 3893 2
2866 993 2
2866 3893 2
3893 2020 2
3893 2866 2
1536 2068 8142
1536 2818 8142
2068 1536 8142
2068 3350 8142
2818 1536 8142
2818 3350 8142
3350 2068 8142
3350 2818 8142
1668 1732 153177
1668 3154 153177
1732 1668 153177
1732 3218 153177
3154 1668 153177
3154 3218 153177
3218 1732 153177
3218 3154 153177
1594 1964 2
1594 2922 2
1964 1594 2
1964 3292 2
2922 1594 2
2922 3292 2
3292 1964 2
3292 2922 2
1677 1723 34788
1677 3163 34788
1723 1677 34788
1723 3209 34788
3163 1677 34788
3163 3209 34788
3209 1723 34788
3209 3163 34788
999 1000 3732627
999 3886 3732627
1000 999 3732627
1000 3887 3732627
3886 999 3732627
3886 3887 3732627
3887 1000 3732627
3887 3886 3732627
990 2000 438123
990 2886 438123
2000 990 438123
2000 3896 438123
2886 990 438123
2886 3896 438123
3896 2000 438123
3896 2886 438123
989 2000 380186
989 2886 380186
2000 989 380186
2000 3897 380186
2886 989 380186
2886 3897 380186
3897 2000 380186
3897 2886 380186
1952 2443 28254
2443 1952 28254
2443 2934 28254
2934 2443 28254
1541 2000 87107
1541 2886 87107
2000 1541 87107
2000 3345 87107
2886 1541 87107
2886 3345 87107
3345 2000 87107
3345 2886 87107
1511 2000 52246
1511 2886 52246
2000 1511 52246
2000 3375 52246
2886 1511 52246
2886 3375 52246
3375 2000 52246
3375 2886 52246
1000 1010 2
1000 3876 2
1010 1000 2
1010 3886 2
3876 1000 2
3876 3886 2
3886 1010 2
3886 3876 2
1300 1801 246890
1300 3085 246890
1801 1300 246890
1801 3586 246890
3085 1300 246890
3085 3586 246890
3586 1801 246890
3586 3085 246890
1540 2000 253002
1540 2886 253002
2000 1540 253002
2000 3346 253002
2886 1540 253002
2886 3346 253002
3346 2000 253002
3346 2886 253002
1935 1991 14624
1935 2895 14624
1991 1935 14624
1991 2951 14624
2895 1935 14624
2895 2951 14624
2951 1991 14624
2951 2895 14624
1000 1022 2
1000 3864 2
1022 1000 2
1022 3886 2
3864 1000 2
3864 3886 2
3886 1022 2
3886 3864 2
1948 1974 185896
1948 2912 185896
1974 1948 185896
1974 2938 185896
2912 1948 185896
2912 2938 185896
2938 1974 185896
2938 2912 185896
1941 2443 2
2443 1941 2
2443 2945 2
2945 2443 2
1946 2437 2
1946 2449 2
2437 1946 2
2437 2940 2
2449 1946 2
2449 2940 2
2940 2437 2
2940 2449 2
998 1540 62756
998 3346 62756
1540 998 62756
1540 3888 62756
3346 998 62756
3346 3888 62756
3888 1540 62756
3888 3346 62756
982 1526 234470
982 3360 234470
1526 982 234470
1526 3904 234470
3360 982 234470
3360 3904 234470
3904 1526 234470
3904 3360 234470
1994 2103 2621
1994 2783 2621
2103 1994 2621
2103 2892 2621
2783 1994 2621
2783 2892 2621
2892 2103 2621
2892 2783 2621
1000 2373 2
1000 2513 2
2373 1000 2
2373 3886 2
2513 1000 2
2513 3886 2
3886 2373 2
3886 2513 2
1992 2121 102217
1992 2765 102217
2121 1992 102217
2121 2894 102217
2765 1992 102217
2765 2894 102217
2894 2121 102217
2894 2765 102217
1890 1986 241828
1890 2900 241828
1986 1890 241828
1986 2996 241828
2900 1890 241828
2900 2996 241828
2996 1986 241828
2996 2900 241828
990 2394 7287
990 2492 7287
2394 990 7287
2394 3896 7287
2492 990 7287
2492 3896 7287
3896 2394 7287
3896 2492 7287
997 1507 450784
997 3379 450784
1507 997 450784
1507 3889 450784
3379 997 450784
3379 3889 450784
3889 1507 450784
3889 3379 450784
1999 2000 169534
1999 2886 169534
2000 1999 169534
2000 2887 169534
2886 1999 169534
2886 2887 169534
2887 2000 169534
2887 2886 169534
1590 1953 65708
1590 2933 65708
1953 1590 65708
1953 3296 65708
2933 1590 65708
2933 3296 65708
3296 1953 65708
3296 2933 65708
767 2424 2
767 2462 2
2424 767 2
2424 4119 2
2462 767 2
2462 4119 2
4119 2424 2
4119 2462 2
1606 1998 37085
1606 2888 37085
1998 1606 37085
1998 3280 37085
2888 1606 37085
2888 3280 37085
3280 1998 37085
3280 2888 37085
1884 2420 2
1884 2466 2
2420 1884 2
2420 3002 2
2466 1884 2
2466 3002 2
3002 2420 2
3002 2466 2
992 1570 97416
992 3316 97416
1570 992 97416
1570 3894 97416
3316 992 97416
3316 3894 97416
3894 1570 97416
3894 3316 97416
1407 1894 251534
1407 2992 251534
1894 1407 251534
1894 3479 251534
2992 1407 251534
2992 3479 251534
3479 1894 251534
3479 2992 251534
770 2425 2
770 2461 2
2425 770 2
2425 4116 2
2461 770 2
2461 4116 2
4116 2425 2
4116 2461 2
972 2368 20252
972 2518 20252
2368 972 20252
2368 3914 20252
2518 972 20252
2518 3914 20252
3914 2368 20252
3914 2518 20252
987 2361 2
987 2525 2
2361 987 2
2361 3899 2
2525 987 2
2525 3899 2
3899 2361 2
3899 2525 2
987 2360 2
987 2526 2
2360 987 2
2360 3899 2
2526 987 2
2526 3899 2
3899 2360 2
3899 2526 2
970 2367 2018
970 2519 2018
2367 970 2018
2367 3916 2018
2519 970 2018
2519 3916 2018
3916 2367 2018
3916 2519 2018
1992 2336 136803
1992 2550 136803
2336 1992 136803
2336 2894 136803
2550 1992 136803
2550 2894 136803
2894 2336 136803
2894 2550 136803
1997 2406 122647
1997 2480 122647
2406 1997 122647
2406 2889 122647
2480 1997 122647
2480 2889 122647
2889 2406 122647
2889 2480 122647
811 2436 94039
811 2450 94039
2436 811 94039
2436 4075 94039
2450 811 94039
2450 4075 94039
4075 2436 94039
4075 2450 94039
1935 2091 112333
1935 2795 112333
2091 1935 112333
2091 2951 112333
2795 1935 112333
2795 2951 112333
2951 2091 112333
2951 2795 112333
1917 1954 19012
1917 2932 19012
1954 1917 19012
1954 2969 19012
2932 1917 19012
2932 2969 19012
2969 1954 19012
2969 2932 19012
2000 2423 217237
2000 2463 217237
2423 2000 217237
2423 2886 217237
2463 2000 217237
2463 2886 217237
2886 2423 217237
2886 2463 217237
979 2443 2
2443 979 2
2443 3907 2
3907 2443 2
914 1367 2
914 3519 2
1367 914 2
1367 3972 2
3519 914 2
3519 3972 2
3972 1367 2
3972 3519 2
1607 1784 2
1607 3102 2
1784 1607 2
1784 3279 2
3102 1607 2
3102 3279 2
3279 1784 2
3279 3102 2
1981 2137 2
1981 2749 2
2137 1981 2
2137 2905 2
2749 1981 2
2749 2905 2
2905 2137 2
2905 2749 2
1298 1966 2218
1298 2920 2218
1966 1298 2218
1966 3588 2218
2920 1298 2218
2920 3588 2218
3588 1966 2218
3588 2920 2218
1301 1965 8
1301 2921 8
1965 1301 8
1965 3585 8
2921 1301 8
2921 3585 8
3585 1965 8
3585 2921 8
744 2420 153537
744 2466 153537
2420 744 153537
2420 4142 153537
2466 744 153537
2466 4142 153537
4142 2420 153537
4142 2466 153537
798 2430 15902
798 2456 15902
2430 798 15902
2430 4088 15902
2456 798 15902
2456 4088 15902
4088 2430 15902
4088 2456 15902
1359 1940 2
1359 2946 2
1940 1359 2
1940 3527 2
2946 1359 2
2946 3527 2
3527 1940 2
3527 2946 2
2000 2297 198614
2000 2589 198614
2297 2000 198614
2297 2886 198614
2589 2000 198614
2589 2886 198614
2886 2297 198614
2886 2589 198614
1624 2169 95330
1624 2717 95330
2169 1624 95330
2169 3262 95330
2717 1624 95330
2717 3262 95330
3262 2169 95330
3262 2717 95330
978 1417 216874
978 3469 216874
1417 978 216874
1417 3908 216874
3469 978 216874
3469 3908 216874
3908 1417 216874
3908 3469 216874
999 2269 178907
999 2617 178907
2269 999 178907
2269 3887 178907
2617 999 178907
2617 3887 178907
3887 2269 178907
3887 2617 178907
1619 2441 77247
1619 2445 77247
2441 1619 77247
2441 3267 77247
2445 1619 77247
2445 3267 77247
3267 2441 77247
3267 2445 77247
1000 2309 377992
1000 2577 377992
2309 1000 377992
2309 3886 377992
2577 1000 377992
2577 3886 377992
3886 2309 377992
3886 2577 377992
1250 1991 83079
1250 2895 83079
1991 1250 83079
1991 3636 83079
2895 1250 83079
2895 3636 83079
3636 1991 83079
3636 2895 83079
989 1065 2
989 3821 2
1065 989 2
1065 3897 2
3821 989 2
3821 3897 2
3897 1065 2
3897 3821 2
1600 2416 9239
1600 2470 9239
2416 1600 9239
2416 3286 9239
2470 1600 9239
2470 3286 9239
3286 2416 9239
3286 2470 9239
1598 2418 8426
1598 2468 8426
2418 1598 8426
2418 3288 8426
2468 1598 8426
2468 3288 8426
3288 2418 8426
3288 2468 8426
1340 1950 165923
1340 2936 165923
1950 1340 165923
1950 3546 165923
2936 1340 165923
2936 3546 165923
3546 1950 165923
3546 2936 165923
1691 1722 133930
1691 3164 133930
1722 1691 133930
1722 3195 133930
3164 1691 133930
3164 3195 133930
3195 1722 133930
3195 3164 133930
1690 1723 2
1690 3163 2
1723 1690 2
1723 3196 2
3163 1690 2
3163 3196 2
3196 1723 2
3196 3163 2
1682 1730 47781
1682 3156 47781
1730 1682 47781
1730 3204 47781
3156 1682 47781
3156 3204 47781
3204 1730 47781
3204 3156 47781
1000 1888 2638371
1000 2998 2638371
1888 1000 2638371
1888 3886 2638371
2998 1000 2638371
2998 3886 2638371
3886 1888 2638371
3886 2998 2638371
1680 1730 94674
1680 3156 94674
1730 1680 94674
1730 3206 94674
3156 1680 94674
3156 3206 94674
3206 1730 94674
3206 3156 94674
1658 1752 217163
1658 3134 217163
1752 1658 217163
1752 3228 217163
3134 1658 217163
3134 3228 217163
3228 1752 217163
3228 3134 217163
1649 1760 31141
1649 3126 31141
1760 1649 31141
1760 3237 31141
3126 1649 31141
3126 3237 31141
3237 1760 31141
3237 3126 31141
1630 1776 2
1630 3110 2
1776 1630 2
1776 3256 2
3110 1630 2
3110 3256 2
3256 1776 2
3256 3110 2
1989 1999 301978
1989 2887 301978
1999 1989 301978
1999 2897 301978
2887 1989 301978
2887 2897 301978
2897 1999 301978
2897 2887 301978
1616 1787 344070
1616 3099 344070
1787 1616 344070
1787 3270 344070
3099 1616 344070
3099 3270 344070
3270 1787 344070
3270 3099 344070
966 1575 2
966 3311 2
1575 966 2
1575 3920 2
3311 966 2
3311 3920 2
3920 1575 2
3920 3311 2
1909 1990 2
1909 2896 2
1990 1909 2
1990 2977 2
2896 1909 2
2896 2977 2
2977 1990 2
2977 2896 2
1927 1975 40127
1927 2911 40127
1975 1927 40127
1975 2959 40127
2911 1927 40127
2911 2959 40127
2959 1975 40127
2959 2911 40127
1431 1907 2
1431 2979 2
1907 1431 2
1907 3455 2
2979 1431 2
2979 3455 2
3455 1907 2
3455 2979 2
1437 2000 112126
1437 2886 112126
2000 1437 112126
2000 3449 112126
2886 1437 112126
2886 3449 112126
3449 2000 112126
3449 2886 112126
977 1886 93684
977 3000 93684
1886 977 93684
1886 3909 93684
3000 977 93684
3000 3909 93684
3909 1886 93684
3909 3000 93684
1378 1940 80906
1378 2946 80906
1940 1378 80906
1940 3508 80906
2946 1378 80906
2946 3508 80906
3508 1940 80906
3508 2946 80906
973 2443 2
2443 973 2
2443 3913 2
3913 2443 2
1172 1995 64361
1172 2891 64361
1995 1172 64361
1995 3714 64361
2891 1172 64361
2891 3714 64361
3714 1995 64361
3714 2891 64361
923 1473 2
923 3413 2
1473 923 2
1473 3963 2
3413 923 2
3413 3963 2
3963 1473 2
3963 3413 2
1118 1937 25517
1118 2949 25517
1937 1118 25517
1937 3768 25517
2949 1118 25517
2949 3768 25517
3768 1937 25517
3768 2949 25517
937 1492 105104
937 3394 105104
1492 937 105104
1492 3949 105104
3394 937 105104
3394 3949 105104
3949 1492 105104
3949 3394 105104
1475 1886 218500
1475 3000 218500
1886 1475 218500
1886 3411 218500
3000 1475 218500
3000 3411 218500
3411 1886 218500
3411 3000 218500
994 2030 2
994 2856 2
2030 994 2
2030 3892 2
2856 994 2
2856 3892 2
3892 2030 2
3892 2856 2
1416 1893 421139
1416 2993 421139
1893 1416 421139
1893 3470 421139
2993 1416 421139
2993 3470 421139
3470 1893 421139
3470 2993 421139
1980 1990 2
1980 2896 2
1990 1980 2
1990 2906 2
2896 1980 2
2896 2906 2
2906 1990 2
2906 2896 2
1964 2094 9573
1964 2792 9573
2094 1964 9573
2094 2922 9573
2792 1964 9573
2792 2922 9573
2922 2094 9573
2922 2792 9573
2002 2309 2
2002 2577 2
2309 2002 2
2309 2884 2
2577 2002 2
2577 2884 2
2884 2309 2
2884 2577 2
1170 1974 2
1170 2912 2
1974 1170 2
1974 3716 2
2912 1170 2
2912 3716 2
3716 1974 2
3716 2912 2
1000 1769 2
1000 3117 2
1769 1000 2
1769 3886 2
3117 1000 2
3117 3886 2
3886 1769 2
3886 3117 2
1588 2078 2
1588 2808 2
2078 1588 2
2078 3298 2
2808 1588 2
2808 3298 2
3298 2078 2
3298 2808 2
1616 1987 255659
1616 2899 255659
1987 1616 255659
1987 3270 255659
2899 1616 255659
2899 3270 255659
3270 1987 255659
3270 2899 255659
995 1748 268860
995 3138 268860
1748 995 268860
1748 3891 268860
3138 995 268860
3138 3891 268860
3891 1748 268860
3891 3138 268860
1949 2314 2
1949 2572 2
2314 1949 2
2314 2937 2
2572 1949 2
2572 2937 2
2937 2314 2
2937 2572 2
990 1421 2
990 3465 2
1421 990 2
1421 3896 2
3465 990 2
3465 3896 2
3896 1421 2
3896 3465 2
1824 2320 207325
1824 2566 207325
2320 1824 207325
2320 3062 207325
2566 1824 207325
2566 3062 207325
3062 2320 207325
3062 2566 207325
999 1941 1507153
999 2945 1507153
1941 999 1507153
1941 3887 1507153
2945 999 1507153
2945 3887 1507153
3887 1941 1507153
3887 2945 1507153
775 1994 205394
775 2892 205394
1994 775 205394
1994 4111 205394
2892 775 205394
2892 4111 205394
4111 1994 205394
4111 2892 205394
984 2162 156293
984 2724 156293
2162 984 156293
2162 3902 156293
2724 984 156293
2724 3902 156293
3902 2162 156293
3902 2724 156293
732 1977 74632
732 2909 74632
1977 732 74632
1977 4154 74632
2909 732 74632
2909 4154 74632
4154 1977 74632
4154 2909 74632
809 2000 881946
809 2886 881946
2000 809 881946
2000 4077 881946
2886 809 881946
2886 4077 881946
4077 2000 881946
4077 2886 881946
999 1878 2
999 3008 2
1878 999 2
1878 3887 2
3008 999 2
3008 3887 2
3887 1878 2
3887 3008 2
1413 1920 39893
1413 2966 39893
1920 1413 39893
1920 3473 39893
2966 1413 39893
2966 3473 39893
3473 1920 39893
3473 2966 39893
1319 1824 2
1319 3062 2
1824 1319 2
1824 3567 2
3062 1319 2
3062 3567 2
3567 1824 2
3567 3062 2
1320 1825 2
1320 3061 2
1825 1320 2
1825 3566 2
3061 1320 2
3061 3566 2
3566 1825 2
3566 3061 2
1419 1886 188642
1419 3000 188642
1886 1419 188642
1886 3467 188642
3000 1419 188642
3000 3467 188642
3467 1886 188642
3467 3000 188642
1315 1820 2
1315 3066 2
1820 1315 2
1820 3571 2
3066 1315 2
3066 3571 2
3571 1820 2
3571 3066 2
1309 1816 22912
1309 3070 22912
1816 1309 22912
1816 3577 22912
3070 1309 22912
3070 3577 22912
3577 1816 22912
3577 3070 22912
1468 1886 407201
1468 3000 407201
1886 1468 407201
1886 3418 407201
3000 1468 407201
3000 3418 407201
3418 1886 407201
3418 3000 407201
1000 1556 154258
1000 3330 154258
1556 1000 154258
1556 3886 154258
3330 1000 154258
3330 3886 154258
3886 1556 154258
3886 3330 154258
1429 1909 26014
1429 2977 26014
1909 1429 26014
1909 3457 26014
2977 1429 26014
2977 3457 26014
3457 1909 26014
3457 2977 26014
1433 1998 2
1433 2888 2
1998 1433 2
1998 3453 2
2888 1433 2
2888 3453 2
3453 1998 2
3453 2888 2
931 1478 11176
931 3408 11176
1478 931 11176
1478 3955 11176
3408 931 11176
3408 3955 11176
3955 1478 11176
3955 3408 11176
1435 1906 2
1435 2980 2
1906 1435 2
1906 3451 2
2980 1435 2
2980 3451 2
3451 1906 2
3451 2980 2
1956 2109 2
1956 2777 2
2109 1956 2
2109 2930 2
2777 1956 2
2777 2930 2
2930 2109 2
2930 2777 2
2000 2122 331250
2000 2764 331250
2122 2000 331250
2122 2886 331250
2764 2000 331250
2764 2886 331250
2886 2122 331250
2886 2764 331250
1898 2440 88648
1898 2446 88648
2440 1898 88648
2440 2988 88648
2446 1898 88648
2446 2988 88648
2988 2440 88648
2988 2446 88648
975 1607 245787
975 3279 245787
1607 975 245787
1607 3911 245787
3279 975 245787
3279 3911 245787
3911 1607 245787
3911 3279 245787
994 1890 423119
994 2996 423119
1890 994 423119
1890 3892 423119
2996 994 423119
2996 3892 423119
3892 1890 423119
3892 2996 423119
981 2400 85042
981 2486 85042
2400 981 85042
2400 3905 85042
2486 981 85042
2486 3905 85042
3905 2400 85042
3905 2486 85042
1509 1890 2
1509 2996 2
1890 1509 2
1890 3377 2
2996 1509 2
2996 3377 2
3377 1890 2
3377 2996 2
1000 1492 358462
1000 3394 358462
1492 1000 358462
1492 3886 358462
3394 1000 358462
3394 3886 358462
3886 1492 358462
3886 3394 358462
998 1522 2
998 3364 2
1522 998 2
1522 3888 2
3364 998 2
3364 3888 2
3888 1522 2
3888 3364 2
1959 1999 213318
1959 2887 213318
1999 1959 213318
1999 2927 213318
2887 1959 213318
2887 2927 213318
2927 1999 213318
2927 2887 213318
997 1958 774489
997 2928 774489
1958 997 774489
1958 3889 774489
2928 997 774489
2928 3889 774489
3889 1958 774489
3889 2928 774489
996 2058 2
996 2828 2
2058 996 2
2058 3890 2
2828 996 2
2828 3890 2
3890 2058 2
3890 2828 2
1186 1998 157192
1186 2888 157192
1998 1186 157192
1998 3700 157192
2888 1186 157192
2888 3700 157192
3700 1998 157192
3700 2888 157192
1363 1852 468405
1363 3034 468405
1852 1363 468405
1852 3523 468405
3034 1363 468405
3034 3523 468405
3523 1852 468405
3523 3034 468405
1942 1972 83064
1942 2914 83064
1972 1942 83064
1972 2944 83064
2914 1942 83064
2914 2944 83064
2944 1972 83064
2944 2914 83064
1989 2443 2
2443 1989 2
2443 2897 2
2897 2443 2
963 1484 2
963 3402 2
1484 963 2
1484 3923 2
3402 963 2
3402 3923 2
3923 1484 2
3923 3402 2
1544 1838 397111
1544 3048 397111
1838 1544 397111
1838 3342 397111
3048 1544 397111
3048 3342 397111
3342 1838 397111
3342 3048 397111
1912 2128 246814
1912 2758 246814
2128 1912 246814
2128 2974 246814
2758 1912 246814
2758 2974 246814
2974 2128 246814
2974 2758 246814
856 2413 90395
856 2473 90395
2413 856 90395
2413 4030 90395
2473 856 90395
2473 4030 90395
4030 2413 90395
4030 2473 90395
1104 1962 2
1104 2924 2
1962 1104 2
1962 3782 2
2924 1104 2
2924 3782 2
3782 1962 2
3782 2924 2
1150 1976 2
1150 2910 2
1976 1150 2
1976 3736 2
2910 1150 2
2910 3736 2
3736 1976 2
3736 2910 2
2000 2248 247447
2000 2638 247447
2248 2000 247447
2248 2886 247447
2638 2000 247447
2638 2886 247447
2886 2248 247447
2886 2638 247447
1916 1967 133931
1916 2919 133931
1967 1916 133931
1967 2970 133931
2919 1916 133931
2919 2970 133931
2970 1967 133931
2970 2919 133931
1886 2003 2
1886 2883 2
2003 1886 2
2003 3000 2
2883 1886 2
2883 3000 2
3000 2003 2
3000 2883 2
955 1697 2
955 3189 2
1697 955 2
1697 3931 2
3189 955 2
3189 3931 2
3931 1697 2
3931 3189 2
958 1480 80302
958 3406 80302
1480 958 80302
1480 3928 80302
3406 958 80302
3406 3928 80302
3928 1480 80302
3928 3406 80302
993 2105 97558
993 2781 97558
2105 993 97558
2105 3893 97558
2781 993 97558
2781 3893 97558
3893 2105 97558
3893 2781 97558
948 1688 163902
948 3198 163902
1688 948 163902
1688 3938 163902
3198 948 163902
3198 3938 163902
3938 1688 163902
3938 3198 163902
1545 1830 6251
1545 3056 6251
1830 1545 6251
1830 3341 6251
3056 1545 6251
3056 3341 6251
3341 1830 6251
3341 3056 6251
992 2094 185807
992 2792 185807
2094 992 185807
2094 3894 185807
2792 992 185807
2792 3894 185807
3894 2094 185807
3894 2792 185807
1210 1999 68828
1210 2887 68828
1999 1210 68828
1999 3676 68828
2887 1210 68828
2887 3676 68828
3676 1999 68828
3676 2887 68828
1784 2265 56141
1784 2621 56141
2265 1784 56141
2265 3102 56141
2621 1784 56141
2621 3102 56141
3102 2265 56141
3102 2621 56141
999 1807 296409
999 3079 296409
1807 999 296409
1807 3887 296409
3079 999 296409
3079 3887 296409
3887 1807 296409
3887 3079 296409
954 1650 150123
954 3236 150123
1650 954 150123
1650 3932 150123
3236 954 150123
3236 3932 150123
3932 1650 150123
3932 3236 150123
1688 2165 89066
1688 2721 89066
2165 1688 89066
2165 3198 89066
2721 1688 89066
2721 3198 89066
3198 2165 89066
3198 2721 89066
1698 1993 364265
1698 2893 364265
1993 1698 364265
1993 3188 364265
2893 1698 364265
2893 3188 364265
3188 1993 364265
3188 2893 364265
1731 2000 106624
1731 2886 106624
2000 1731 106624
2000 3155 106624
2886 1731 106624
2886 3155 106624
3155 2000 106624
3155 2886 106624
1550 1830 5388
1550 3056 5388
1830 1550 5388
1830 3336 5388
3056 1550 5388
3056 3336 5388
3336 1830 5388
3336 3056 5388
1953 2290 2
1953 2596 2
2290 1953 2
2290 2933 2
2596 1953 2
2596 2933 2
2933 2290 2
2933 2596 2
1983 1998 90020
1983 2888 90020
1998 1983 90020
1998 2903 90020
2888 1983 90020
2888 2903 90020
2903 1998 90020
2903 2888 90020
1730 1999 86954
1730 2887 86954
1999 1730 86954
1999 3156 86954
2887 1730 86954
2887 3156 86954
3156 1999 86954
3156 2887 86954
815 2443 230224
2443 815 230224
2443 4071 230224
4071 2443 230224
965 1546 2
965 3340 2
1546 965 2
1546 3921 2
3340 965 2
3340 3921 2
3921 1546 2
3921 3340 2
936 1470 22378
936 3416 22378
1470 936 22378
1470 3950 22378
3416 936 22378
3416 3950 22378
3950 1470 22378
3950 3416 22378
934 1676 177642
934 3210 177642
1676 934 177642
1676 3952 177642
3210 934 177642
3210 3952 177642
3952 1676 177642
3952 3210 177642
1518 1854 2
1518 3032 2
1854 1518 2
1854 3368 2
3032 1518 2
3032 3368 2
3368 1854 2
3368 3032 2
975 1685 2
975 3201 2
1685 975 2
1685 3911 2
3201 975 2
3201 3911 2
3911 1685 2
3911 3201 2
1607 1994 129005
1607 2892 129005
1994 1607 129005
1994 3279 129005
2892 1607 129005
2892 3279 129005
3279 1994 129005
3279 2892 129005
2286 2443 55642
2443 2286 55642
2443 2600 55642
2600 2443 55642
2312 2384 174772
2312 2502 174772
2384 2312 174772
2384 2574 174772
2502 2312 174772
2502 2574 174772
2574 2384 174772
2574 2502 174772
990 1737 2
990 3149 2
1737 990 2
1737 3896 2
3149 990 2
3149 3896 2
3896 1737 2
3896 3149 2
996 2350 154431
996 2536 154431
2350 996 154431
2350 3890 154431
2536 996 154431
2536 3890 154431
3890 2350 154431
3890 2536 154431
844 2419 11723
844 2467 11723
2419 844 11723
2419 4042 11723
2467 844 11723
2467 4042 11723
4042 2419 11723
4042 2467 11723
1781 2290 2
1781 2596 2
2290 1781 2
2290 3105 2
2596 1781 2
2596 3105 2
3105 2290 2
3105 2596 2
1570 1820 2
1570 3066 2
1820 1570 2
1820 3316 2
3066 1570 2
3066 3316 2
3316 1820 2
3316 3066 2
1566 1824 87893
1566 3062 87893
1824 1566 87893
1824 3320 87893
3062 1566 87893
3062 3320 87893
3320 1824 87893
3320 3062 87893
904 1400 2
904 3486 2
1400 904 2
1400 3982 2
3486 904 2
3486 3982 2
3982 1400 2
3982 3486 2
980 2139 4
980 2747 4
2139 980 4
2139 3906 4
2747 980 4
2747 3906 4
3906 2139 4
3906 2747 4
1000 2292 216221
1000 2594 216221
2292 1000 216221
2292 3886 216221
2594 1000 216221
2594 3886 216221
3886 2292 216221
3886 2594 216221
949 2339 101325
949 2547 101325
2339 949 101325
2339 3937 101325
2547 949 101325
2547 3937 101325
3937 2339 101325
3937 2547 101325
1828 1953 2
1828 2933 2
1953 1828 2
1953 3058 2
2933 1828 2
2933 3058 2
3058 1953 2
3058 2933 2
1000 1229 141261
1000 3657 141261
1229 1000 141261
1229 3886 141261
3657 1000 141261
3657 3886 141261
3886 1229 141261
3886 3657 141261
1999 2332 2845
1999 2554 2845
2332 1999 2845
2332 2887 2845
2554 1999 2845
2554 2887 2845
2887 2332 2845
2887 2554 2845
999 1929 321219
999 2957 321219
1929 999 321219
1929 3887 321219
2957 999 321219
2957 3887 321219
3887 1929 321219
3887 2957 321219
2000 2273 353659
2000 2613 353659
2273 2000 353659
2273 2886 353659
2613 2000 353659
2613 2886 353659
2886 2273 353659
2886 2613 353659
1999 2196 151470
1999 2690 151470
2196 1999 151470
2196 2887 151470
2690 1999 151470
2690 2887 151470
2887 2196 151470
2887 2690 151470
980 1673 86100
980 3213 86100
1673 980 86100
1673 3906 86100
3213 980 86100
3213 3906 86100
3906 1673 86100
3906 3213 86100
998 1904 500534
998 2982 500534
1904 998 500534
1904 3888 500534
2982 998 500534
2982 3888 500534
3888 1904 500534
3888 2982 500534
920 1000 2591607
920 3886 2591607
1000 920 2591607
1000 3966 2591607
3886 920 2591607
3886 3966 2591607
3966 1000 2591607
3966 3886 2591607
910 1000 1420828
910 3886 1420828
1000 910 1420828
1000 3976 1420828
3886 910 1420828
3886 3976 1420828
3976 1000 1420828
3976 3886 1420828
909 1000 1115296
909 3886 1115296
1000 909 1115296
1000 3977 1115296
3886 909 1115296
3886 3977 1115296
3977 1000 1115296
3977 3886 1115296
999 1389 2
999 3497 2
1389 999 2
1389 3887 2
3497 999 2
3497 3887 2
3887 1389 2
3887 3497 2
1918 2396 144284
1918 2490 144284
2396 1918 144284
2396 2968 144284
2490 1918 144284
2490 2968 144284
2968 2396 144284
2968 2490 144284
1412 1975 64145
1412 2911 64145
1975 1412 64145
1975 3474 64145
2911 1412 64145
2911 3474 64145
3474 1975 64145
3474 2911 64145
1000 1892 1538668
1000 2994 1538668
1892 1000 1538668
1892 3886 1538668
2994 1000 1538668
2994 3886 1538668
3886 1892 1538668
3886 2994 1538668
1888 2428 862490
1888 2458 862490
2428 1888 862490
2428 2998 862490
2458 1888 862490
2458 2998 862490
2998 2428 862490
2998 2458 862490
1920 1996 2
1920 2890 2
1996 1920 2
1996 2966 2
2890 1920 2
2890 2966 2
2966 1996 2
2966 2890 2
1463 1886 695365
1463 3000 695365
1886 1463 695365
1886 3423 695365
3000 1463 695365
3000 3423 695365
3423 1886 695365
3423 3000 695365
1904 2413 2
1904 2473 2
2413 1904 2
2413 2982 2
2473 1904 2
2473 2982 2
2982 2413 2
2982 2473 2
1084 1946 4
1084 2940 4
1946 1084 4
1946 3802 4
2940 1084 4
2940 3802 4
3802 1946 4
3802 2940 4
1078 1940 2
1078 2946 2
1940 1078 2
1940 3808 2
2946 1078 2
2946 3808 2
3808 1940 2
3808 2946 2
1268 1784 143176
1268 3102 143176
1784 1268 143176
1784 3618 143176
3102 1268 143176
3102 3618 143176
3618 1784 143176
3618 3102 143176
1424 1924 123115
1424 2962 123115
1924 1424 123115
1924 3462 123115
2962 1424 123115
2962 3462 123115
3462 1924 123115
3462 2962 123115
1956 1986 58752
1956 2900 58752
1986 1956 58752
1986 2930 58752
2900 1956 58752
2900 2930 58752
2930 1986 58752
2930 2900 58752
1889 2000 176895
1889 2886 176895
2000 1889 176895
2000 2997 176895
2886 1889 176895
2886 2997 176895
2997 2000 176895
2997 2886 176895
1889 1967 296021
1889 2919 296021
1967 1889 296021
1967 2997 296021
2919 1889 296021
2919 2997 296021
2997 1967 296021
2997 2919 296021
1425 1983 74720
1425 2903 74720
1983 1425 74720
1983 3461 74720
2903 1425 74720
2903 3461 74720
3461 1983 74720
3461 2903 74720
1946 1994 198125
1946 2892 198125
1994 1946 198125
1994 2940 198125
2892 1946 198125
2892 2940 198125
2940 1994 198125
2940 2892 198125
1439 1890 942901
1439 2996 942901
1890 1439 942901
1890 3447 942901
2996 1439 942901
2996 3447 942901
3447 1890 942901
3447 2996 942901
1532 2000 232499
1532 2886 232499
2000 1532 232499
2000 3354 232499
2886 1532 232499
2886 3354 232499
3354 2000 232499
3354 2886 232499
1270 1783 2
1270 3103 2
1783 1270 2
1783 3616 2
3103 1270 2
3103 3616 2
3616 1783 2
3616 3103 2
1391 2000 151692
1391 2886 151692
2000 1391 151692
2000 3495 151692
2886 1391 151692
2886 3495 151692
3495 2000 151692
3495 2886 151692
1412 1892 83547
1412 2994 83547
1892 1412 83547
1892 3474 83547
2994 1412 83547
2994 3474 83547
3474 1892 83547
3474 2994 83547
1924 2440 2
1924 2446 2
2440 1924 2
2440 2962 2
2446 1924 2
2446 2962 2
2962 2440 2
2962 2446 2
1981 2100 106238
1981 2786 106238
2100 1981 106238
2100 2905 106238
2786 1981 106238
2786 2905 106238
2905 2100 106238
2905 2786 106238
1969 2000 361822
1969 2886 361822
2000 1969 361822
2000 2917 361822
2886 1969 361822
2886 2917 361822
2917 2000 361822
2917 2886 361822
1564 2000 106310
1564 2886 106310
2000 1564 106310
2000 3322 106310
2886 1564 106310
2886 3322 106310
3322 2000 106310
3322 2886 106310
1000 2388 52371
1000 2498 52371
2388 1000 52371
2388 3886 52371
2498 1000 52371
2498 3886 52371
3886 2388 52371
3886 2498 52371
1416 2000 2
1416 2886 2
2000 1416 2
2000 3470 2
2886 1416 2
2886 3470 2
3470 2000 2
3470 2886 2
1996 2393 14373
1996 2493 14373
2393 1996 14373
2393 2890 14373
2493 1996 14373
2493 2890 14373
2890 2393 14373
2890 2493 14373
1280 1795 2
1280 3091 2
1795 1280 2
1795 3606 2
3091 1280 2
3091 3606 2
3606 1795 2
3606 3091 2
1987 2364 135340
1987 2522 135340
2364 1987 135340
2364 2899 135340
2522 1987 135340
2522 2899 135340
2899 2364 135340
2899 2522 135340
955 2396 2
955 2490 2
2396 955 2
2396 3931 2
2490 955 2
2490 3931 2
3931 2396 2
3931 2490 2
1122 1983 16579
1122 2903 16579
1983 1122 16579
1983 3764 16579
2903 1122 16579
2903 3764 16579
3764 1983 16579
3764 2903 16579
982 1620 237396
982 3266 237396
1620 982 237396
1620 3904 237396
3266 982 237396
3266 3904 237396
3904 1620 237396
3904 3266 237396
1678 2000 229010
1678 2886 229010
2000 1678 229010
2000 3208 229010
2886 1678 229010
2886 3208 229010
3208 2000 229010
3208 2886 229010
1391 1951 2
1391 2935 2
1951 1391 2
1951 3495 2
2935 1391 2
2935 3495 2
3495 1951 2
3495 2935 2
2000 2177 2
2000 2709 2
2177 2000 2
2177 2886 2
2709 2000 2
2709 2886 2
2886 2177 2
2886 2709 2
990 2405 2
990 2481 2
2405 990 2
2405 3896 2
2481 990 2
2481 3896 2
3896 2405 2
3896 2481 2
1945 2327 64233
1945 2559 64233
2327 1945 64233
2327 2941 64233
2559 1945 64233
2559 2941 64233
2941 2327 64233
2941 2559 64233
1999 2305 342044
1999 2581 342044
2305 1999 342044
2305 2887 342044
2581 1999 342044
2581 2887 342044
2887 2305 342044
2887 2581 342044
1732 1913 139611
1732 2973 139611
1913 1732 139611
1913 3154 139611
2973 1732 139611
2973 3154 139611
3154 1913 139611
3154 2973 139611
1593 1999 196406
1593 2887 196406
1999 1593 196406
1999 3293 196406
2887 1593 196406
2887 3293 196406
3293 1999 196406
3293 2887 196406
974 2320 33827
974 2566 33827
2320 974 33827
2320 3912 33827
2566 974 33827
2566 3912 33827
3912 2320 33827
3912 2566 33827
999 2162 200351
999 2724 200351
2162 999 200351
2162 3887 200351
2724 999 200351
2724 3887 200351
3887 2162 200351
3887 2724 200351
913 1320 202636
913 3566 202636
1320 913 202636
1320 3973 202636
3566 913 202636
3566 3973 202636
3973 1320 202636
3973 3566 202636
912 1316 45718
912 3570 45718
1316 912 45718
1316 3974 45718
3570 912 45718
3570 3974 45718
3974 1316 45718
3974 3570 45718
874 2383 2
874 2503 2
2383 874 2
2383 4012 2
2503 874 2
2503 4012 2
4012 2383 2
4012 2503 2
1996 2153 104350
1996 2733 104350
2153 1996 104350
2153 2890 104350
2733 1996 104350
2733 2890 104350
2890 2153 104350
2890 2733 104350
1618 1930 2
1618 2956 2
1930 1618 2
1930 3268 2
2956 1618 2
2956 3268 2
3268 1930 2
3268 2956 2
1903 1913 2
1903 2973 2
1913 1903 2
1913 2983 2
2973 1903 2
2973 2983 2
2983 1913 2
2983 2973 2
1895 1905 36057
1895 2981 36057
1905 1895 36057
1905 2991 36057
2981 1895 36057
2981 2991 36057
2991 1905 36057
2991 2981 36057
978 1499 2
978 3387 2
1499 978 2
1499 3908 2
3387 978 2
3387 3908 2
3908 1499 2
3908 3387 2
967 2337 2
967 2549 2
2337 967 2
2337 3919 2
2549 967 2
2549 3919 2
3919 2337 2
3919 2549 2
904 1303 2
904 3583 2
1303 904 2
1303 3982 2
3583 904 2
3583 3982 2
3982 1303 2
3982 3583 2
1000 2170 2
1000 2716 2
2170 1000 2
2170 3886 2
2716 1000 2
2716 3886 2
3886 2170 2
3886 2716 2
992 1538 2
992 3348 2
1538 992 2
1538 3894 2
3348 992 2
3348 3894 2
3894 1538 2
3894 3348 2
1997 2150 2
1997 2736 2
2150 1997 2
2150 2889 2
2736 1997 2
2736 2889 2
2889 2150 2
2889 2736 2
862 2376 60206
862 2510 60206
2376 862 60206
2376 4024 60206
2510 862 60206
2510 4024 60206
4024 2376 60206
4024 2510 60206
999 1439 375861
999 3447 375861
1439 999 375861
1439 3887 375861
3447 999 375861
3447 3887 375861
3887 1439 375861
3887 3447 375861
966 2358 82194
966 2528 82194
2358 966 82194
2358 3920 82194
2528 966 82194
2528 3920 82194
3920 2358 82194
3920 2528 82194
1000 2280 231428
1000 2606 231428
2280 1000 231428
2280 3886 231428
2606 1000 231428
2606 3886 231428
3886 2280 231428
3886 2606 231428
673 1990 58355
673 2896 58355
1990 673 58355
1990 4213 58355
2896 673 58355
2896 4213 58355
4213 1990 58355
4213 2896 58355
665 1984 88186
665 2902 88186
1984 665 88186
1984 4221 88186
2902 665 88186
2902 4221 88186
4221 1984 88186
4221 2902 88186
998 1408 349159
998 3478 349159
1408 998 349159
1408 3888 349159
3478 998 349159
3478 3888 349159
3888 1408 349159
3888 3478 349159
2305 2372 36747
2305 2514 36747
2372 2305 36747
2372 2581 36747
2514 2305 36747
2514 2581 36747
2581 2372 36747
2581 2514 36747
1630 1997 324864
1630 2889 324864
1997 1630 324864
1997 3256 324864
2889 1630 324864
2889 3256 324864
3256 1997 324864
3256 2889 324864
962 1000 1223775
962 3886 1223775
1000 962 1223775
1000 3924 1223775
3886 962 1223775
3886 3924 1223775
3924 1000 1223775
3924 3886 1223775
981 1551 2
981 3335 2
1551 981 2
1551 3905 2
3335 981 2
3335 3905 2
3905 1551 2
3905 3335 2
979 1547 102805
979 3339 102805
1547 979 102805
1547 3907 102805
3339 979 102805
3339 3907 102805
3907 1547 102805
3907 3339 102805
1655 1953 425734
1655 2933 425734
1953 1655 425734
1953 3231 425734
2933 1655 425734
2933 3231 425734
3231 1953 425734
3231 2933 425734
1704 2302 237912
1704 2584 237912
2302 1704 237912
2302 3182 237912
2584 1704 237912
2584 3182 237912
3182 2302 237912
3182 2584 237912
670 1990 336522
670 2896 336522
1990 670 336522
1990 4216 336522
2896 670 336522
2896 4216 336522
4216 1990 336522
4216 2896 336522
1679 2328 92743
1679 2558 92743
2328 1679 92743
2328 3207 92743
2558 1679 92743
2558 3207 92743
3207 2328 92743
3207 2558 92743
1003 1999 2
1003 2887 2
1999 1003 2
1999 3883 2
2887 1003 2
2887 3883 2
3883 1999 2
3883 2887 2
1465 2000 124712
1465 2886 124712
2000 1465 124712
2000 3421 124712
2886 1465 124712
2886 3421 124712
3421 2000 124712
3421 2886 124712
1406 1915 555865
1406 2971 555865
1915 1406 555865
1915 3480 555865
2971 1406 555865
2971 3480 555865
3480 1915 555865
3480 2971 555865
1426 1988 167172
1426 2898 167172
1988 1426 167172
1988 3460 167172
2898 1426 167172
2898 3460 167172
3460 1988 167172
3460 2898 167172
1000 2376 159399
1000 2510 159399
2376 1000 159399
2376 3886 159399
2510 1000 159399
2510 3886 159399
3886 2376 159399
3886 2510 159399
1418 1978 224216
1418 2908 224216
1978 1418 224216
1978 3468 224216
2908 1418 224216
2908 3468 224216
3468 1978 224216
3468 2908 224216
1583 1963 209698
1583 2923 209698
1963 1583 209698
1963 3303 209698
2923 1583 209698
2923 3303 209698
3303 1963 209698
3303 2923 209698
997 1562 29609
997 3324 29609
1562 997 29609
1562 3889 29609
3324 997 29609
3324 3889 29609
3889 1562 29609
3889 3324 29609
1091 1952 179006
1091 2934 179006
1952 1091 179006
1952 3795 179006
2934 1091 179006
2934 3795 179006
3795 1952 179006
3795 2934 179006
1955 1971 160206
1955 2915 160206
1971 1955 160206
1971 2931 160206
2915 1955 160206
2915 2931 160206
2931 1971 160206
2931 2915 160206
996 1560 312265
996 3326 312265
1560 996 312265
1560 3890 312265
3326 996 312265
3326 3890 312265
3890 1560 312265
3890 3326 312265
1338 1836 140556
1338 3050 140556
1836 1338 140556
1836 3548 140556
3050 1338 140556
3050 3548 140556
3548 1836 140556
3548 3050 140556
1328 1829 820338
1328 3057 820338
1829 1328 820338
1829 3558 820338
3057 1328 820338
3057 3558 820338
3558 1829 820338
3558 3057 820338
1353 1951 230201
1353 2935 230201
1951 1353 230201
1951 3533 230201
2935 1353 230201
2935 3533 230201
3533 1951 230201
3533 2935 230201
1934 1994 346669
1934 2892 346669
1994 1934 346669
1994 2952 346669
2892 1934 346669
2892 2952 346669
2952 1994 346669
2952 2892 346669
1988 2105 106242
1988 2781 106242
2105 1988 106242
2105 2898 106242
2781 1988 106242
2781 2898 106242
2898 2105 106242
2898 2781 106242
1911 1993 237950
1911 2893 237950
1993 1911 237950
1993 2975 237950
2893 1911 237950
2893 2975 237950
2975 1993 237950
2975 2893 237950
963 1634 319022
963 3252 319022
1634 963 319022
1634 3923 319022
3252 963 319022
3252 3923 319022
3923 1634 319022
3923 3252 319022
959 1629 1050
959 3257 1050
1629 959 1050
1629 3927 1050
3257 959 1050
3257 3927 1050
3927 1629 1050
3927 3257 1050
1296 1806 572858
1296 3080 572858
1806 1296 572858
1806 3590 572858
3080 1296 572858
3080 3590 572858
3590 1806 572858
3590 3080 572858
903 1383 12851
903 3503 12851
1383 903 12851
1383 3983 12851
3503 903 12851
3503 3983 12851
3983 1383 12851
3983 3503 12851
1888 2410 242607
1888 2476 242607
2410 1888 242607
2410 2998 242607
2476 1888 242607
2476 2998 242607
2998 2410 242607
2998 2476 242607
970 1638 364048
970 3248 364048
1638 970 364048
1638 3916 364048
3248 970 364048
3248 3916 364048
3916 1638 364048
3916 3248 364048
996 1610 68307
996 3276 68307
1610 996 68307
1610 3890 68307
3276 996 68307
3276 3890 68307
3890 1610 68307
3890 3276 68307
992 1649 345745
992 3237 345745
1649 992 345745
1649 3894 345745
3237 992 345745
3237 3894 345745
3894 1649 345745
3894 3237 345745
1941 2339 140859
1941 2547 140859
2339 1941 140859
2339 2945 140859
2547 1941 140859
2547 2945 140859
2945 2339 140859
2945 2547 140859
1311 1964 195493
1311 2922 195493
1964 1311 195493
1964 3575 195493
2922 1311 195493
2922 3575 195493
3575 1964 195493
3575 2922 195493
2031 2173 126623
2031 2713 126623
2173 2031 126623
2173 2855 126623
2713 2031 126623
2713 2855 126623
2855 2173 126623
2855 2713 126623
768 2443 681589
2443 768 681589
2443 4118 681589
4118 2443 681589
978 1624 208875
978 3262 208875
1624 978 208875
1624 3908 208875
3262 978 208875
3262 3908 208875
3908 1624 208875
3908 3262 208875
1592 1969 2
1592 2917 2
1969 1592 2
1969 3294 2
2917 1592 2
2917 3294 2
3294 1969 2
3294 2917 2
1611 1972 124525
1611 2914 124525
1972 1611 124525
1972 3275 124525
2914 1611 124525
2914 3275 124525
3275 1972 124525
3275 2914 124525
854 2396 25180
854 2490 25180
2396 854 25180
2396 4032 25180
2490 854 25180
2490 4032 25180
4032 2396 25180
4032 2490 25180
877 2408 106623
877 2478 106623
2408 877 106623
2408 4009 106623
2478 877 106623
2478 4009 106623
4009 2408 106623
4009 2478 106623
1490 1871 3
1490 3015 3
1871 1490 3
1871 3396 3
3015 1490 3
3015 3396 3
3396 1871 3
3396 3015 3
1622 1980 168857
1622 2906 168857
1980 1622 168857
1980 3264 168857
2906 1622 168857
2906 3264 168857
3264 1980 168857
3264 2906 168857
981 1536 208703
981 3350 208703
1536 981 208703
1536 3905 208703
3350 981 208703
3350 3905 208703
3905 1536 208703
3905 3350 208703
1922 1982 33827
1922 2904 33827
1982 1922 33827
1982 2964 33827
2904 1922 33827
2904 2964 33827
2964 1982 33827
2964 2904 33827
910 1391 154593
910 3495 154593
1391 910 154593
1391 3976 154593
3495 910 154593
3495 3976 154593
3976 1391 154593
3976 3495 154593
1983 2356 2
1983 2530 2
2356 1983 2
2356 2903 2
2530 1983 2
2530 2903 2
2903 2356 2
2903 2530 2
1000 1521 474277
1000 3365 474277
1521 1000 474277
1521 3886 474277
3365 1000 474277
3365 3886 474277
3886 1521 474277
3886 3365 474277
1000 1665 222533
1000 3221 222533
1665 1000 222533
1665 3886 222533
3221 1000 222533
3221 3886 222533
3886 1665 222533
3886 3221 222533
1881 2000 29
1881 2886 29
2000 1881 29
2000 3005 29
2886 1881 29
2886 3005 29
3005 2000 29
3005 2886 29
1645 1985 507707
1645 2901 507707
1985 1645 507707
1985 3241 507707
2901 1645 507707
2901 3241 507707
3241 1985 507707
3241 2901 507707
1891 2140 121487
1891 2746 121487
2140 1891 121487
2140 2995 121487
2746 1891 121487
2746 2995 121487
2995 2140 121487
2995 2746 121487
1590 1999 180119
1590 2887 180119
1999 1590 180119
1999 3296 180119
2887 1590 180119
2887 3296 180119
3296 1999 180119
3296 2887 180119
1982 2131 2
1982 2755 2
2131 1982 2
2131 2904 2
2755 1982 2
2755 2904 2
2904 2131 2
2904 2755 2
1646 1994 54674
1646 2892 54674
1994 1646 54674
1994 3240 54674
2892 1646 54674
2892 3240 54674
3240 1994 54674
3240 2892 54674
2000 2212 155072
2000 2674 155072
2212 2000 155072
2212 2886 155072
2674 2000 155072
2674 2886 155072
2886 2212 155072
2886 2674 155072
1142 1990 172665
1142 2896 172665
1990 1142 172665
1990 3744 172665
2896 1142 172665
2896 3744 172665
3744 1990 172665
3744 2896 172665
997 1020 3
997 3866 3
1020 997 3
1020 3889 3
3866 997 3
3866 3889 3
3889 1020 3
3889 3866 3
960 1618 2
960 3268 2
1618 960 2
1618 3926 2
3268 960 2
3268 3926 2
3926 1618 2
3926 3268 2
944 1587 69460
944 3299 69460
1587 944 69460
1587 3942 69460
3299 944 69460
3299 3942 69460
3942 1587 69460
3942 3299 69460
1121 1952 345745
1121 2934 345745
1952 1121 345745
1952 3765 345745
2934 1121 345745
2934 3765 345745
3765 1952 345745
3765 2934 345745
1998 2286 212444
1998 2600 212444
2286 1998 212444
2286 2888 212444
2600 1998 212444
2600 2888 212444
2888 2286 212444
2888 2600 212444
1996 2344 392498
1996 2542 392498
2344 1996 392498
2344 2890 392498
2542 1996 392498
2542 2890 392498
2890 2344 392498
2890 2542 392498
976 2384 41241
976 2502 41241
2384 976 41241
2384 3910 41241
2502 976 41241
2502 3910 41241
3910 2384 41241
3910 2502 41241
873 2439 69013
873 2447 69013
2439 873 69013
2439 4013 69013
2447 873 69013
2447 4013 69013
4013 2439 69013
4013 2447 69013
969 2380 81300
969 2506 81300
2380 969 81300
2380 3917 81300
2506 969 81300
2506 3917 81300
3917 2380 81300
3917 2506 81300
1910 2410 159946
1910 2476 159946
2410 1910 159946
2410 2976 159946
2476 1910 159946
2476 2976 159946
2976 2410 159946
2976 2476 159946
1128 1979 160291
1128 2907 160291
1979 1128 160291
1979 3758 160291
2907 1128 160291
2907 3758 160291
3758 1979 160291
3758 2907 160291
1000 2177 448116
1000 2709 448116
2177 1000 448116
2177 3886 448116
2709 1000 448116
2709 3886 448116
3886 2177 448116
3886 2709 448116
1566 1992 40016
1566 2894 40016
1992 1566 40016
1992 3320 40016
2894 1566 40016
2894 3320 40016
3320 1992 40016
3320 2894 40016
971 1674 80963
971 3212 80963
1674 971 80963
1674 3915 80963
3212 971 80963
3212 3915 80963
3915 1674 80963
3915 3212 80963
2379 2443 82321
2443 2379 82321
2443 2507 82321
2507 2443 82321
1920 2100 89535
1920 2786 89535
2100 1920 89535
2100 2966 89535
2786 1920 89535
2786 2966 89535
2966 2100 89535
2966 2786 89535
2150 2322 164450
2150 2564 164450
2322 2150 164450
2322 2736 164450
2564 2150 164450
2564 2736 164450
2736 2322 164450
2736 2564 164450
468 2000 473298
468 2886 473298
2000 468 473298
2000 4418 473298
2886 468 473298
2886 4418 473298
4418 2000 473298
4418 2886 473298
1100 1929 117276
1100 2957 117276
1929 1100 117276
1929 3786 117276
2957 1100 117276
2957 3786 117276
3786 1929 117276
3786 2957 117276
840 2398 11360
840 2488 11360
2398 840 11360
2398 4046 11360
2488 840 11360
2488 4046 11360
4046 2398 11360
4046 2488 11360
999 1911 780219
999 2975 780219
1911 999 780219
1911 3887 780219
2975 999 780219
2975 3887 780219
3887 1911 780219
3887 2975 780219
991 1471 271486
991 3415 271486
1471 991 271486
1471 3895 271486
3415 991 271486
3415 3895 271486
3895 1471 271486
3895 3415 271486
830 2420 269144
830 2466 269144
2420 830 269144
2420 4056 269144
2466 830 269144
2466 4056 269144
4056 2420 269144
4056 2466 269144
2000 2380 123853
2000 2506 123853
2380 2000 123853
2380 2886 123853
2506 2000 123853
2506 2886 123853
2886 2380 123853
2886 2506 123853
990 2245 495911
990 2641 495911
2245 990 495911
2245 3896 495911
2641 990 495911
2641 3896 495911
3896 2245 495911
3896 2641 495911
2000 2230 271876
2000 2656 271876
2230 2000 271876
2230 2886 271876
2656 2000 271876
2656 2886 271876
2886 2230 271876
2886 2656 271876
1767 1998 370203
1767 2888 370203
1998 1767 370203
1998 3119 370203
2888 1767 370203
2888 3119 370203
3119 1998 370203
3119 2888 370203
0
0
