mixed 1
# runs/line-cover_m5_candidate.txt x 1003/1000 (checker test)
5 1
1000
100000000000
7536
750 2300 6916688
750 2700 6916688
2300 750 6916688
2300 4250 6916688
2700 750 6916688
2700 4250 6916688
4250 2300 6916688
4250 2700 6916688
800 1550 2052138
800 3450 2052138
1550 800 2052138
1550 4200 2052138
3450 800 2052138
3450 4200 2052138
4200 1550 2052138
4200 3450 2052138
800 1600 2843505
800 3400 2843505
1600 800 2843505
1600 4200 2843505
3400 800 2843505
3400 4200 2843505
4200 1600 2843505
4200 3400 2843505
800 1650 17944673
800 3350 17944673
1650 800 17944673
1650 4200 17944673
3350 800 17944673
3350 4200 17944673
4200 1650 17944673
4200 3350 17944673
800 2300 17868445
800 2700 17868445
2300 800 17868445
2300 4200 17868445
2700 800 17868445
2700 4200 17868445
4200 2300 17868445
4200 2700 17868445
800 2350 40113982
800 2650 40113982
2350 800 40113982
2350 4200 40113982
2650 800 40113982
2650 4200 40113982
4200 2350 40113982
4200 2650 40113982
850 1500 11052057
850 3500 11052057
1500 850 11052057
1500 4150 11052057
3500 850 11052057
3500 4150 11052057
4150 1500 11052057
4150 3500 11052057
850 1550 25362861
850 3450 25362861
1550 850 25362861
1550 4150 25362861
3450 850 25362861
3450 4150 25362861
4150 1550 25362861
4150 3450 25362861
850 1600 25305690
850 3400 25305690
1600 850 25305690
1600 4150 25305690
3400 850 25305690
3400 4150 25305690
4150 1600 25305690
4150 3400 25305690
850 1650 2006
850 3350 2006
1650 850 2006
1650 4150 2006
3350 850 2006
3350 4150 2006
4150 1650 2006
4150 3350 2006
850 1700 9053078
850 3300 9053078
1700 850 9053078
1700 4150 9053078
3300 850 9053078
3300 4150 9053078
4150 1700 9053078
4150 3300 9053078
850 2250 88399405
850 2750 88399405
2250 850 88399405
2250 4150 88399405
2750 850 88399405
2750 4150 88399405
4150 2250 88399405
4150 2750 88399405
850 2350 2006
850 2650 2006
2350 850 2006
2350 4150 2006
2650 850 2006
2650 4150 2006
4150 2350 2006
4150 2650 2006
850 2400 9190489
850 2600 9190489
2400 850 9190489
2400 4150 9190489
2600 850 9190489
2600 4150 9190489
4150 2400 9190489
4150 2600 9190489
850 2450 93320123
850 2550 93320123
2450 850 93320123
2450 4150 93320123
2550 850 93320123
2550 4150 93320123
4150 2450 93320123
4150 2550 93320123
850 2500 5819406
2500 850 5819406
2500 4150 5819406
4150 2500 5819406
900 1450 13604692
900 3550 13604692
1450 900 13604692
1450 4100 13604692
3550 900 13604692
3550 4100 13604692
4100 1450 13604692
4100 3550 13604692
900 1500 57459864
900 3500 57459864
1500 900 57459864
1500 4100 57459864
3500 900 57459864
3500 4100 57459864
4100 1500 57459864
4100 3500 57459864
900 1550 29760013
900 3450 29760013
1550 900 29760013
1550 4100 29760013
3450 900 29760013
3450 4100 29760013
4100 1550 29760013
4100 3450 29760013
900 1600 87459594
900 3400 87459594
1600 900 87459594
1600 4100 87459594
3400 900 87459594
3400 4100 87459594
4100 1600 87459594
4100 3400 87459594
900 1750 12848430
900 3250 12848430
1750 900 12848430
1750 4100 12848430
3250 900 12848430
3250 4100 12848430
4100 1750 12848430
4100 3250 12848430
900 2250 611830
900 2750 611830
2250 900 611830
2250 4100 611830
2750 900 611830
2750 4100 611830
4100 2250 611830
4100 2750 611830
900 2300 21602614
900 2700 21602614
2300 900 21602614
2300 4100 21602614
2700 900 21602614
2700 4100 21602614
4100 2300 21602614
4100 2700 21602614
900 2350 26168270
900 2650 26168270
2350 900 26168270
2350 4100 26168270
2650 900 26168270
2650 4100 26168270
4100 2350 26168270
4100 2650 26168270
900 2400 19871436
900 2600 19871436
2400 900 19871436
2400 4100 19871436
2600 900 19871436
2600 4100 19871436
4100 2400 19871436
4100 2600 19871436
900 2450 2006
900 2550 2006
2450 900 2006
2450 4100 2006
2550 900 2006
2550 4100 2006
4100 2450 2006
4100 2550 2006
950 1350 23033895
950 3650 23033895
1350 950 23033895
1350 4050 23033895
3650 950 23033895
3650 4050 23033895
4050 1350 23033895
4050 3650 23033895
950 1450 41754890
950 3550 41754890
1450 950 41754890
1450 4050 41754890
3550 950 41754890
3550 4050 41754890
4050 1450 41754890
4050 3550 41754890
950 1500 22776124
950 3500 22776124
1500 950 22776124
1500 4050 22776124
3500 950 22776124
3500 4050 22776124
4050 1500 22776124
4050 3500 22776124
950 1550 52261315
950 3450 52261315
1550 950 52261315
1550 4050 52261315
3450 950 52261315
3450 4050 52261315
4050 1550 52261315
4050 3450 52261315
950 1600 2006
950 3400 2006
1600 950 2006
1600 4050 2006
3400 950 2006
3400 4050 2006
4050 1600 2006
4050 3400 2006
950 1650 42271435
950 3350 42271435
1650 950 42271435
1650 4050 42271435
3350 950 42271435
3350 4050 42271435
4050 1650 42271435
4050 3350 42271435
950 1700 14105189
950 3300 14105189
1700 950 14105189
1700 4050 14105189
3300 950 14105189
3300 4050 14105189
4050 1700 14105189
4050 3300 14105189
950 1750 96019196
950 3250 96019196
1750 950 96019196
1750 4050 96019196
3250 950 96019196
3250 4050 96019196
4050 1750 96019196
4050 3250 96019196
950 1850 6965835
950 3150 6965835
1850 950 6965835
1850 4050 6965835
3150 950 6965835
3150 4050 6965835
4050 1850 6965835
4050 3150 6965835
950 2150 41722794
950 2850 41722794
2150 950 41722794
2150 4050 41722794
2850 950 41722794
2850 4050 41722794
4050 2150 41722794
4050 2850 41722794
950 2300 31455083
950 2700 31455083
2300 950 31455083
2300 4050 31455083
2700 950 31455083
2700 4050 31455083
4050 2300 31455083
4050 2700 31455083
950 2350 36928454
950 2650 36928454
2350 950 36928454
2350 4050 36928454
2650 950 36928454
2650 4050 36928454
4050 2350 36928454
4050 2650 36928454
950 2400 22866394
950 2600 22866394
2400 950 22866394
2400 4050 22866394
2600 950 22866394
2600 4050 22866394
4050 2400 22866394
4050 2600 22866394
950 2450 1829472
950 2550 1829472
2450 950 1829472
2450 4050 1829472
2550 950 1829472
2550 4050 1829472
4050 2450 1829472
4050 2550 1829472
950 2500 12597680
2500 950 12597680
2500 4050 12597680
4050 2500 12597680
1200 1600 58699572
1200 3400 58699572
1600 1200 58699572
1600 3800 58699572
3400 1200 58699572
3400 3800 58699572
3800 1600 58699572
3800 3400 58699572
1350 2050 3691040
1350 2950 3691040
2050 1350 3691040
2050 3650 3691040
2950 1350 3691040
2950 3650 3691040
3650 2050 3691040
3650 2950 3691040
1400 1800 139889413
1400 3200 139889413
1800 1400 139889413
1800 3600 139889413
3200 1400 139889413
3200 3600 139889413
3600 1800 139889413
3600 3200 139889413
1450 1450 3155438
1450 3550 3155438
3550 1450 3155438
3550 3550 3155438
1450 2100 23146231
1450 2900 23146231
2100 1450 23146231
2100 3550 23146231
2900 1450 23146231
2900 3550 23146231
3550 2100 23146231
3550 2900 23146231
1500 1500 4081207
1500 3500 4081207
3500 1500 4081207
3500 3500 4081207
1500 1550 2399176
1500 3450 2399176
1550 1500 2399176
1550 3500 2399176
3450 1500 2399176
3450 3500 2399176
3500 1550 2399176
3500 3450 2399176
1500 2100 35606500
1500 2900 35606500
2100 1500 35606500
2100 3500 35606500
2900 1500 35606500
2900 3500 35606500
3500 2100 35606500
3500 2900 35606500
1500 2200 19534428
1500 2800 19534428
2200 1500 19534428
2200 3500 19534428
2800 1500 19534428
2800 3500 19534428
3500 2200 19534428
3500 2800 19534428
1500 2500 11309828
2500 1500 11309828
2500 3500 11309828
3500 2500 11309828
1550 1550 5176483
1550 3450 5176483
3450 1550 5176483
3450 3450 5176483
1550 1600 3272789
1550 3400 3272789
1600 1550 3272789
1600 3450 3272789
3400 1550 3272789
3400 3450 3272789
3450 1600 3272789
3450 3400 3272789
1550 1650 4432257
1550 3350 4432257
1650 1550 4432257
1650 3450 4432257
3350 1550 4432257
3350 3450 4432257
3450 1650 4432257
3450 3350 4432257
1550 1750 2006
1550 3250 2006
1750 1550 2006
1750 3450 2006
3250 1550 2006
3250 3450 2006
3450 1750 2006
3450 3250 2006
1550 1800 2006
1550 3200 2006
1800 1550 2006
1800 3450 2006
3200 1550 2006
3200 3450 2006
3450 1800 2006
3450 3200 2006
1550 2100 29703845
1550 2900 29703845
2100 1550 29703845
2100 3450 29703845
2900 1550 29703845
2900 3450 29703845
3450 2100 29703845
3450 2900 29703845
1550 2300 2382125
1550 2700 2382125
2300 1550 2382125
2300 3450 2382125
2700 1550 2382125
2700 3450 2382125
3450 2300 2382125
3450 2700 2382125
1550 2500 2006
2500 1550 2006
2500 3450 2006
3450 2500 2006
1600 1600 9332915
1600 3400 9332915
3400 1600 9332915
3400 3400 9332915
1600 1650 6421206
1600 3350 6421206
1650 1600 6421206
1650 3400 6421206
3350 1600 6421206
3350 3400 6421206
3400 1650 6421206
3400 3350 6421206
1600 1700 7013979
1600 3300 7013979
1700 1600 7013979
1700 3400 7013979
3300 1600 7013979
3300 3400 7013979
3400 1700 7013979
3400 3300 7013979
1600 1750 1851538
1600 3250 1851538
1750 1600 1851538
1750 3400 1851538
3250 1600 1851538
3250 3400 1851538
3400 1750 1851538
3400 3250 1851538
1600 1800 3621833
1600 3200 3621833
1800 1600 3621833
1800 3400 3621833
3200 1600 3621833
3200 3400 3621833
3400 1800 3621833
3400 3200 3621833
1600 2250 233600706
1600 2750 233600706
2250 1600 233600706
2250 3400 233600706
2750 1600 233600706
2750 3400 233600706
3400 2250 233600706
3400 2750 233600706
1600 2300 12902592
1600 2700 12902592
2300 1600 12902592
2300 3400 12902592
2700 1600 12902592
2700 3400 12902592
3400 2300 12902592
3400 2700 12902592
1600 2400 42106943
1600 2600 42106943
2400 1600 42106943
2400 3400 42106943
2600 1600 42106943
2600 3400 42106943
3400 2400 42106943
3400 2600 42106943
1600 2500 2006
2500 1600 2006
2500 3400 2006
3400 2500 2006
1650 1650 25448116
1650 3350 25448116
3350 1650 25448116
3350 3350 25448116
1650 1700 90968088
1650 3300 90968088
1700 1650 90968088
1700 3350 90968088
3300 1650 90968088
3300 3350 90968088
3350 1700 90968088
3350 3300 90968088
1650 1750 351097141
1650 3250 351097141
1750 1650 351097141
1750 3350 351097141
3250 1650 351097141
3250 3350 351097141
3350 1750 351097141
3350 3250 351097141
1650 2150 13178417
1650 2850 13178417
2150 1650 13178417
2150 3350 13178417
2850 1650 13178417
2850 3350 13178417
3350 2150 13178417
3350 2850 13178417
1650 2250 31636626
1650 2750 31636626
2250 1650 31636626
2250 3350 31636626
2750 1650 31636626
2750 3350 31636626
3350 2250 31636626
3350 2750 31636626
1650 2300 32820166
1650 2700 32820166
2300 1650 32820166
2300 3350 32820166
2700 1650 32820166
2700 3350 32820166
3350 2300 32820166
3350 2700 32820166
1650 2350 68180931
1650 2650 68180931
2350 1650 68180931
2350 3350 68180931
2650 1650 68180931
2650 3350 68180931
3350 2350 68180931
3350 2650 68180931
1650 2400 2006
1650 2600 2006
2400 1650 2006
2400 3350 2006
2600 1650 2006
2600 3350 2006
3350 2400 2006
3350 2600 2006
1650 2450 43067817
1650 2550 43067817
2450 1650 43067817
2450 3350 43067817
2550 1650 43067817
2550 3350 43067817
3350 2450 43067817
3350 2550 43067817
1650 2500 2006
2500 1650 2006
2500 3350 2006
3350 2500 2006
1700 1700 91574903
1700 3300 91574903
3300 1700 91574903
3300 3300 91574903
1700 2150 32044847
1700 2850 32044847
2150 1700 32044847
2150 3300 32044847
2850 1700 32044847
2850 3300 32044847
3300 2150 32044847
3300 2850 32044847
1700 2300 131427102
1700 2700 131427102
2300 1700 131427102
2300 3300 131427102
2700 1700 131427102
2700 3300 131427102
3300 2300 131427102
3300 2700 131427102
1700 2350 198779555
1700 2650 198779555
2350 1700 198779555
2350 3300 198779555
2650 1700 198779555
2650 3300 198779555
3300 2350 198779555
3300 2650 198779555
1700 2400 2006
1700 2600 2006
2400 1700 2006
2400 3300 2006
2600 1700 2006
2600 3300 2006
3300 2400 2006
3300 2600 2006
1700 2450 2006
1700 2550 2006
2450 1700 2006
2450 3300 2006
2550 1700 2006
2550 3300 2006
3300 2450 2006
3300 2550 2006
1700 2500 13758151
2500 1700 13758151
2500 3300 13758151
3300 2500 13758151
1750 2350 29664728
1750 2650 29664728
2350 1750 29664728
2350 3250 29664728
2650 1750 29664728
2650 3250 29664728
3250 2350 29664728
3250 2650 29664728
1750 2400 2006
1750 2600 2006
2400 1750 2006
2400 3250 2006
2600 1750 2006
2600 3250 2006
3250 2400 2006
3250 2600 2006
1750 2450 19088093
1750 2550 19088093
2450 1750 19088093
2450 3250 19088093
2550 1750 19088093
2550 3250 19088093
3250 2450 19088093
3250 2550 19088093
1750 2500 16064048
2500 1750 16064048
2500 3250 16064048
3250 2500 16064048
1800 2100 26292642
1800 2900 26292642
2100 1800 26292642
2100 3200 26292642
2900 1800 26292642
2900 3200 26292642
3200 2100 26292642
3200 2900 26292642
1800 2400 19457197
1800 2600 19457197
2400 1800 19457197
2400 3200 19457197
2600 1800 19457197
2600 3200 19457197
3200 2400 19457197
3200 2600 19457197
1800 2450 36119033
1800 2550 36119033
2450 1800 36119033
2450 3200 36119033
2550 1800 36119033
2550 3200 36119033
3200 2450 36119033
3200 2550 36119033
1800 2500 21220471
2500 1800 21220471
2500 3200 21220471
3200 2500 21220471
1850 2500 211408328
2500 1850 211408328
2500 3150 211408328
3150 2500 211408328
1900 2500 24501284
2500 1900 24501284
2500 3100 24501284
3100 2500 24501284
1950 2400 9005937
1950 2600 9005937
2400 1950 9005937
2400 3050 9005937
2600 1950 9005937
2600 3050 9005937
3050 2400 9005937
3050 2600 9005937
2050 2300 84351297
2050 2700 84351297
2300 2050 84351297
2300 2950 84351297
2700 2050 84351297
2700 2950 84351297
2950 2300 84351297
2950 2700 84351297
2100 2500 30703836
2500 2100 30703836
2500 2900 30703836
2900 2500 30703836
2150 2400 196811669
2150 2600 196811669
2400 2150 196811669
2400 2850 196811669
2600 2150 196811669
2600 2850 196811669
2850 2400 196811669
2850 2600 196811669
2150 2500 55724674
2500 2150 55724674
2500 2850 55724674
2850 2500 55724674
2200 2400 3397161
2200 2600 3397161
2400 2200 3397161
2400 2800 3397161
2600 2200 3397161
2600 2800 3397161
2800 2400 3397161
2800 2600 3397161
2200 2450 89039319
2200 2550 89039319
2450 2200 89039319
2450 2800 89039319
2550 2200 89039319
2550 2800 89039319
2800 2450 89039319
2800 2550 89039319
2200 2500 8338942
2500 2200 8338942
2500 2800 8338942
2800 2500 8338942
2250 2450 339031051
2250 2550 339031051
2450 2250 339031051
2450 2750 339031051
2550 2250 339031051
2550 2750 339031051
2750 2450 339031051
2750 2550 339031051
2250 2500 39257420
2500 2250 39257420
2500 2750 39257420
2750 2500 39257420
986 1370 25831262
986 3630 25831262
1370 986 25831262
1370 4014 25831262
3630 986 25831262
3630 4014 25831262
4014 1370 25831262
4014 3630 25831262
1867 2500 65288279
2500 1867 65288279
2500 3133 65288279
3133 2500 65288279
1574 1811 81069481
1574 3189 81069481
1811 1574 81069481
1811 3426 81069481
3189 1574 81069481
3189 3426 81069481
3426 1811 81069481
3426 3189 81069481
1641 1741 46577314
1641 3259 46577314
1741 1641 46577314
1741 3359 46577314
3259 1641 46577314
3259 3359 46577314
3359 1741 46577314
3359 3259 46577314
2208 2420 105205673
2208 2580 105205673
2420 2208 105205673
2420 2792 105205673
2580 2208 105205673
2580 2792 105205673
2792 2420 105205673
2792 2580 105205673
1982 2250 69682422
1982 2750 69682422
2250 1982 69682422
2250 3018 69682422
2750 1982 69682422
2750 3018 69682422
3018 2250 69682422
3018 2750 69682422
1854 2500 373607470
2500 1854 373607470
2500 3146 373607470
3146 2500 373607470
985 1420 19825298
985 3580 19825298
1420 985 19825298
1420 4015 19825298
3580 985 19825298
3580 4015 19825298
4015 1420 19825298
4015 3580 19825298
958 1649 16471266
958 3351 16471266
1649 958 16471266
1649 4042 16471266
3351 958 16471266
3351 4042 16471266
4042 1649 16471266
4042 3351 16471266
966 1452 21313750
966 3548 21313750
1452 966 21313750
1452 4034 21313750
3548 966 21313750
3548 4034 21313750
4034 1452 21313750
4034 3548 21313750
1520 2098 25833268
1520 2902 25833268
2098 1520 25833268
2098 3480 25833268
2902 1520 25833268
2902 3480 25833268
3480 2098 25833268
3480 2902 25833268
976 2342 32129099
976 2658 32129099
2342 976 32129099
2342 4024 32129099
2658 976 32129099
2658 4024 32129099
4024 2342 32129099
4024 2658 32129099
988 2330 31667719
988 2670 31667719
2330 988 31667719
2330 4012 31667719
2670 988 31667719
2670 4012 31667719
4012 2330 31667719
4012 2670 31667719
900 1483 2006
900 3517 2006
1483 900 2006
1483 4100 2006
3517 900 2006
3517 4100 2006
4100 1483 2006
4100 3517 2006
940 2262 40249387
940 2738 40249387
2262 940 40249387
2262 4060 40249387
2738 940 40249387
2738 4060 40249387
4060 2262 40249387
4060 2738 40249387
1205 1605 144664696
1205 3395 144664696
1605 1205 144664696
1605 3795 144664696
3395 1205 144664696
3395 3795 144664696
3795 1605 144664696
3795 3395 144664696
1499 1863 143488177
1499 3137 143488177
1863 1499 143488177
1863 3501 143488177
3137 1499 143488177
3137 3501 143488177
3501 1863 143488177
3501 3137 143488177
1640 1768 322732301
1640 3232 322732301
1768 1640 322732301
1768 3360 322732301
3232 1640 322732301
3232 3360 322732301
3360 1768 322732301
3360 3232 322732301
978 2130 65706530
978 2870 65706530
2130 978 65706530
2130 4022 65706530
2870 978 65706530
2870 4022 65706530
4022 2130 65706530
4022 2870 65706530
1603 2215 244486265
1603 2785 244486265
2215 1603 244486265
2215 3397 244486265
2785 1603 244486265
2785 3397 244486265
3397 2215 244486265
3397 2785 244486265
2135 2370 81969172
2135 2630 81969172
2370 2135 81969172
2370 2865 81969172
2630 2135 81969172
2630 2865 81969172
2865 2370 81969172
2865 2630 81969172
903 1635 70797758
903 3365 70797758
1635 903 70797758
1635 4097 70797758
3365 903 70797758
3365 4097 70797758
4097 1635 70797758
4097 3365 70797758
863 1516 75186886
863 3484 75186886
1516 863 75186886
1516 4137 75186886
3484 863 75186886
3484 4137 75186886
4137 1516 75186886
4137 3484 75186886
987 1935 132791182
987 3065 132791182
1935 987 132791182
1935 4013 132791182
3065 987 132791182
3065 4013 132791182
4013 1935 132791182
4013 3065 132791182
1973 2270 85575960
1973 2730 85575960
2270 1973 85575960
2270 3027 85575960
2730 1973 85575960
2730 3027 85575960
3027 2270 85575960
3027 2730 85575960
1073 2480 9234621
1073 2520 9234621
2480 1073 9234621
2480 3927 9234621
2520 1073 9234621
2520 3927 9234621
3927 2480 9234621
3927 2520 9234621
1999 1999 6077177
1999 3001 6077177
3001 1999 6077177
3001 3001 6077177
1861 2497 593447016
1861 2503 593447016
2497 1861 593447016
2497 3139 593447016
2503 1861 593447016
2503 3139 593447016
3139 2497 593447016
3139 2503 593447016
1461 1885 107374159
1461 3115 107374159
1885 1461 107374159
1885 3539 107374159
3115 1461 107374159
3115 3539 107374159
3539 1885 107374159
3539 3115 107374159
1527 1840 5816397
1527 3160 5816397
1840 1527 5816397
1840 3473 5816397
3160 1527 5816397
3160 3473 5816397
3473 1840 5816397
3473 3160 5816397
1457 1889 135953641
1457 3111 135953641
1889 1457 135953641
1889 3543 135953641
3111 1457 135953641
3111 3543 135953641
3543 1889 135953641
3543 3111 135953641
1602 2203 315936976
1602 2797 315936976
2203 1602 315936976
2203 3398 315936976
2797 1602 315936976
2797 3398 315936976
3398 2203 315936976
3398 2797 315936976
989 2424 14357945
989 2576 14357945
2424 989 14357945
2424 4011 14357945
2576 989 14357945
2576 4011 14357945
4011 2424 14357945
4011 2576 14357945
1240 1648 114157448
1240 3352 114157448
1648 1240 114157448
1648 3760 114157448
3352 1240 114157448
3352 3760 114157448
3760 1648 114157448
3760 3352 114157448
1920 2495 21879442
1920 2505 21879442
2495 1920 21879442
2495 3080 21879442
2505 1920 21879442
2505 3080 21879442
3080 2495 21879442
3080 2505 21879442
925 1520 5233654
925 3480 5233654
1520 925 5233654
1520 4075 5233654
3480 925 5233654
3480 4075 5233654
4075 1520 5233654
4075 3480 5233654
870 2428 67481840
870 2572 67481840
2428 870 67481840
2428 4130 67481840
2572 870 67481840
2572 4130 67481840
4130 2428 67481840
4130 2572 67481840
933 2395 32215357
933 2605 32215357
2395 933 32215357
2395 4067 32215357
2605 933 32215357
2605 4067 32215357
4067 2395 32215357
4067 2605 32215357
1313 1725 39739863
1313 3275 39739863
1725 1313 39739863
1725 3687 39739863
3275 1313 39739863
3275 3687 39739863
3687 1725 39739863
3687 3275 39739863
1221 1610 29897424
1221 3390 29897424
1610 1221 29897424
1610 3779 29897424
3390 1221 29897424
3390 3779 29897424
3779 1610 29897424
3779 3390 29897424
1517 2090 35281528
1517 2910 35281528
2090 1517 35281528
2090 3483 35281528
2910 1517 35281528
2910 3483 35281528
3483 2090 35281528
3483 2910 35281528
908 2381 20353879
908 2619 20353879
2381 908 20353879
2381 4092 20353879
2619 908 20353879
2619 4092 20353879
4092 2381 20353879
4092 2619 20353879
895 2391 19999820
895 2609 19999820
2391 895 19999820
2391 4105 19999820
2609 895 19999820
2609 4105 19999820
4105 2391 19999820
4105 2609 19999820
1672 2262 405512900
1672 2738 405512900
2262 1672 405512900
2262 3328 405512900
2738 1672 405512900
2738 3328 405512900
3328 2262 405512900
3328 2738 405512900
1197 1593 88207832
1197 3407 88207832
1593 1197 88207832
1593 3803 88207832
3407 1197 88207832
3407 3803 88207832
3803 1593 88207832
3803 3407 88207832
866 2453 2006
866 2547 2006
2453 866 2006
2453 4134 2006
2547 866 2006
2547 4134 2006
4134 2453 2006
4134 2547 2006
906 2237 21886463
906 2763 21886463
2237 906 21886463
2237 4094 21886463
2763 906 21886463
2763 4094 21886463
4094 2237 21886463
4094 2763 21886463
970 1439 48820022
970 3561 48820022
1439 970 48820022
1439 4030 48820022
3561 970 48820022
3561 4030 48820022
4030 1439 48820022
4030 3561 48820022
2237 2448 173603252
2237 2552 173603252
2448 2237 173603252
2448 2763 173603252
2552 2237 173603252
2552 2763 173603252
2763 2448 173603252
2763 2552 173603252
998 1859 3399167
998 3141 3399167
1859 998 3399167
1859 4002 3399167
3141 998 3399167
3141 4002 3399167
4002 1859 3399167
4002 3141 3399167
930 1481 46749830
930 3519 46749830
1481 930 46749830
1481 4070 46749830
3519 930 46749830
3519 4070 46749830
4070 1481 46749830
4070 3519 46749830
977 1467 36956538
977 3533 36956538
1467 977 36956538
1467 4023 36956538
3533 977 36956538
3533 4023 36956538
4023 1467 36956538
4023 3533 36956538
915 1480 31822181
915 3520 31822181
1480 915 31822181
1480 4085 31822181
3520 915 31822181
3520 4085 31822181
4085 1480 31822181
4085 3520 31822181
1429 1903 145270508
1429 3097 145270508
1903 1429 145270508
1903 3571 145270508
3097 1429 145270508
3097 3571 145270508
3571 1903 145270508
3571 3097 145270508
828 2329 36384828
828 2671 36384828
2329 828 36384828
2329 4172 36384828
2671 828 36384828
2671 4172 36384828
4172 2329 36384828
4172 2671 36384828
1692 1720 228800348
1692 3280 228800348
1720 1692 228800348
1720 3308 228800348
3280 1692 228800348
3280 3308 228800348
3308 1720 228800348
3308 3280 228800348
2176 2438 24112120
2176 2562 24112120
2438 2176 24112120
2438 2824 24112120
2562 2176 24112120
2562 2824 24112120
2824 2438 24112120
2824 2562 24112120
896 1605 66597194
896 3395 66597194
1605 896 66597194
1605 4104 66597194
3395 896 66597194
3395 4104 66597194
4104 1605 66597194
4104 3395 66597194
880 1578 65462801
880 3422 65462801
1578 880 65462801
1578 4120 65462801
3422 880 65462801
3422 4120 65462801
4120 1578 65462801
4120 3422 65462801
2221 2419 9754175
2221 2581 9754175
2419 2221 9754175
2419 2779 9754175
2581 2221 9754175
2581 2779 9754175
2779 2419 9754175
2779 2581 9754175
912 2235 9243648
912 2765 9243648
2235 912 9243648
2235 4088 9243648
2765 912 9243648
2765 4088 9243648
4088 2235 9243648
4088 2765 9243648
840 2251 15371978
840 2749 15371978
2251 840 15371978
2251 4160 15371978
2749 840 15371978
2749 4160 15371978
4160 2251 15371978
4160 2749 15371978
924 1578 64539038
924 3422 64539038
1578 924 64539038
1578 4076 64539038
3422 924 64539038
3422 4076 64539038
4076 1578 64539038
4076 3422 64539038
964 2333 22264594
964 2667 22264594
2333 964 22264594
2333 4036 22264594
2667 964 22264594
2667 4036 22264594
4036 2333 22264594
4036 2667 22264594
969 1657 26952616
969 3343 26952616
1657 969 26952616
1657 4031 26952616
3343 969 26952616
3343 4031 26952616
4031 1657 26952616
4031 3343 26952616
1864 2497 190820750
1864 2503 190820750
2497 1864 190820750
2497 3136 190820750
2503 1864 190820750
2503 3136 190820750
3136 2497 190820750
3136 2503 190820750
990 2074 27703863
990 2926 27703863
2074 990 27703863
2074 4010 27703863
2926 990 27703863
2926 4010 27703863
4010 2074 27703863
4010 2926 27703863
2035 2291 91933977
2035 2709 91933977
2291 2035 91933977
2291 2965 91933977
2709 2035 91933977
2709 2965 91933977
2965 2291 91933977
2965 2709 91933977
961 2379 23759064
961 2621 23759064
2379 961 23759064
2379 4039 23759064
2621 961 23759064
2621 4039 23759064
4039 2379 23759064
4039 2621 23759064
2047 2303 41935430
2047 2697 41935430
2303 2047 41935430
2303 2953 41935430
2697 2047 41935430
2697 2953 41935430
2953 2303 41935430
2953 2697 41935430
888 1564 54157988
888 3436 54157988
1564 888 54157988
1564 4112 54157988
3436 888 54157988
3436 4112 54157988
4112 1564 54157988
4112 3436 54157988
864 1600 10018967
864 3400 10018967
1600 864 10018967
1600 4136 10018967
3400 864 10018967
3400 4136 10018967
4136 1600 10018967
4136 3400 10018967
933 2300 29963622
933 2700 29963622
2300 933 29963622
2300 4067 29963622
2700 933 29963622
2700 4067 29963622
4067 2300 29963622
4067 2700 29963622
966 1470 33933496
966 3530 33933496
1470 966 33933496
1470 4034 33933496
3530 966 33933496
3530 4034 33933496
4034 1470 33933496
4034 3530 33933496
900 1521 63007457
900 3479 63007457
1521 900 63007457
1521 4100 63007457
3479 900 63007457
3479 4100 63007457
4100 1521 63007457
4100 3479 63007457
793 2362 24235489
793 2638 24235489
2362 793 24235489
2362 4207 24235489
2638 793 24235489
2638 4207 24235489
4207 2362 24235489
4207 2638 24235489
1472 1850 23911520
1472 3150 23911520
1850 1472 23911520
1850 3528 23911520
3150 1472 23911520
3150 3528 23911520
3528 1850 23911520
3528 3150 23911520
1603 2428 64708545
1603 2572 64708545
2428 1603 64708545
2428 3397 64708545
2572 1603 64708545
2572 3397 64708545
3397 2428 64708545
3397 2572 64708545
993 2020 52527110
993 2980 52527110
2020 993 52527110
2020 4007 52527110
2980 993 52527110
2980 4007 52527110
4007 2020 52527110
4007 2980 52527110
1360 2041 56078733
1360 2959 56078733
2041 1360 56078733
2041 3640 56078733
2959 1360 56078733
2959 3640 56078733
3640 2041 56078733
3640 2959 56078733
2028 2277 19549473
2028 2723 19549473
2277 2028 19549473
2277 2972 19549473
2723 2028 19549473
2723 2972 19549473
2972 2277 19549473
2972 2723 19549473
922 1606 35177216
922 3394 35177216
1606 922 35177216
1606 4078 35177216
3394 922 35177216
3394 4078 35177216
4078 1606 35177216
4078 3394 35177216
844 2267 5648896
844 2733 5648896
2267 844 5648896
2267 4156 5648896
2733 844 5648896
2733 4156 5648896
4156 2267 5648896
4156 2733 5648896
952 2393 49839070
952 2607 49839070
2393 952 49839070
2393 4048 49839070
2607 952 49839070
2607 4048 49839070
4048 2393 49839070
4048 2607 49839070
1569 2180 124586642
1569 2820 124586642
2180 1569 124586642
2180 3431 124586642
2820 1569 124586642
2820 3431 124586642
3431 2180 124586642
3431 2820 124586642
950 2420 31671731
950 2580 31671731
2420 950 31671731
2420 4050 31671731
2580 950 31671731
2580 4050 31671731
4050 2420 31671731
4050 2580 31671731
939 1637 46941403
939 3363 46941403
1637 939 46941403
1637 4061 46941403
3363 939 46941403
3363 4061 46941403
4061 1637 46941403
4061 3363 46941403
953 1444 78113640
953 3556 78113640
1444 953 78113640
1444 4047 78113640
3556 953 78113640
3556 4047 78113640
4047 1444 78113640
4047 3556 78113640
897 2301 73257114
897 2699 73257114
2301 897 73257114
2301 4103 73257114
2699 897 73257114
2699 4103 73257114
4103 2301 73257114
4103 2699 73257114
950 1481 44669608
950 3519 44669608
1481 950 44669608
1481 4050 44669608
3519 950 44669608
3519 4050 44669608
4050 1481 44669608
4050 3519 44669608
1750 2370 42026703
1750 2630 42026703
2370 1750 42026703
2370 3250 42026703
2630 1750 42026703
2630 3250 42026703
3250 2370 42026703
3250 2630 42026703
1546 1837 323175627
1546 3163 323175627
1837 1546 323175627
1837 3454 323175627
3163 1546 323175627
3163 3454 323175627
3454 1837 323175627
3454 3163 323175627
910 1550 14404083
910 3450 14404083
1550 910 14404083
1550 4090 14404083
3450 910 14404083
3450 4090 14404083
4090 1550 14404083
4090 3450 14404083
995 1987 415756539
995 3013 415756539
1987 995 415756539
1987 4005 415756539
3013 995 415756539
3013 4005 415756539
4005 1987 415756539
4005 3013 415756539
1992 2235 71370471
1992 2765 71370471
2235 1992 71370471
2235 3008 71370471
2765 1992 71370471
2765 3008 71370471
3008 2235 71370471
3008 2765 71370471
1538 2101 5509479
1538 2899 5509479
2101 1538 5509479
2101 3462 5509479
2899 1538 5509479
2899 3462 5509479
3462 2101 5509479
3462 2899 5509479
996 1979 244518361
996 3021 244518361
1979 996 244518361
1979 4004 244518361
3021 996 244518361
3021 4004 244518361
4004 1979 244518361
4004 3021 244518361
1442 1895 52987487
1442 3105 52987487
1895 1442 52987487
1895 3558 52987487
3105 1442 52987487
3105 3558 52987487
3558 1895 52987487
3558 3105 52987487
1370 1779 19689893
1370 3221 19689893
1779 1370 19689893
1779 3630 19689893
3221 1370 19689893
3221 3630 19689893
3630 1779 19689893
3630 3221 19689893
971 2140 29055907
971 2860 29055907
2140 971 29055907
2140 4029 29055907
2860 971 29055907
2860 4029 29055907
4029 2140 29055907
4029 2860 29055907
1989 2261 21500308
1989 2739 21500308
2261 1989 21500308
2261 3011 21500308
2739 1989 21500308
2739 3011 21500308
3011 2261 21500308
3011 2739 21500308
830 2310 23290663
830 2690 23290663
2310 830 23290663
2310 4170 23290663
2690 830 23290663
2690 4170 23290663
4170 2310 23290663
4170 2690 23290663
879 2268 46594365
879 2732 46594365
2268 879 46594365
2268 4121 46594365
2732 879 46594365
2732 4121 46594365
4121 2268 46594365
4121 2732 46594365
1655 2300 122115250
1655 2700 122115250
2300 1655 122115250
2300 3345 122115250
2700 1655 122115250
2700 3345 122115250
3345 2300 122115250
3345 2700 122115250
788 2380 23419047
788 2620 23419047
2380 788 23419047
2380 4212 23419047
2620 788 23419047
2620 4212 23419047
4212 2380 23419047
4212 2620 23419047
2247 2500 33753959
2500 2247 33753959
2500 2753 33753959
2753 2500 33753959
2140 2358 184296235
2140 2642 184296235
2358 2140 184296235
2358 2860 184296235
2642 2140 184296235
2642 2860 184296235
2860 2358 184296235
2860 2642 184296235
904 1654 49281402
904 3346 49281402
1654 904 49281402
1654 4096 49281402
3346 904 49281402
3346 4096 49281402
4096 1654 49281402
4096 3346 49281402
953 2316 23722956
953 2684 23722956
2316 953 23722956
2316 4047 23722956
2684 953 23722956
2684 4047 23722956
4047 2316 23722956
4047 2684 23722956
1600 2308 6924712
1600 2692 6924712
2308 1600 6924712
2308 3400 6924712
2692 1600 6924712
2692 3400 6924712
3400 2308 6924712
3400 2692 6924712
2279 2465 194663243
2279 2535 194663243
2465 2279 194663243
2465 2721 194663243
2535 2279 194663243
2535 2721 194663243
2721 2465 194663243
2721 2535 194663243
971 1837 22483248
971 3163 22483248
1837 971 22483248
1837 4029 22483248
3163 971 22483248
3163 4029 22483248
4029 1837 22483248
4029 3163 22483248
837 1618 12547530
837 3382 12547530
1618 837 12547530
1618 4163 12547530
3382 837 12547530
3382 4163 12547530
4163 1618 12547530
4163 3382 12547530
999 1991 45464987
999 3009 45464987
1991 999 45464987
1991 4001 45464987
3009 999 45464987
3009 4001 45464987
4001 1991 45464987
4001 3009 45464987
1129 2011 22481242
1129 2989 22481242
2011 1129 22481242
2011 3871 22481242
2989 1129 22481242
2989 3871 22481242
3871 2011 22481242
3871 2989 22481242
1421 2081 207621
1421 2919 207621
2081 1421 207621
2081 3579 207621
2919 1421 207621
2919 3579 207621
3579 2081 207621
3579 2919 207621
994 2047 14874490
994 2953 14874490
2047 994 14874490
2047 4006 14874490
2953 994 14874490
2953 4006 14874490
4006 2047 14874490
4006 2953 14874490
980 2349 37238381
980 2651 37238381
2349 980 37238381
2349 4020 37238381
2651 980 37238381
2651 4020 37238381
4020 2349 37238381
4020 2651 37238381
954 2343 8545560
954 2657 8545560
2343 954 8545560
2343 4046 8545560
2657 954 8545560
2657 4046 8545560
4046 2343 8545560
4046 2657 8545560
893 2373 11511431
893 2627 11511431
2373 893 11511431
2373 4107 11511431
2627 893 11511431
2627 4107 11511431
4107 2373 11511431
4107 2627 11511431
1890 2456 14582617
1890 2544 14582617
2456 1890 14582617
2456 3110 14582617
2544 1890 14582617
2544 3110 14582617
3110 2456 14582617
3110 2544 14582617
1963 2270 77245042
1963 2730 77245042
2270 1963 77245042
2270 3037 77245042
2730 1963 77245042
2730 3037 77245042
3037 2270 77245042
3037 2730 77245042
1474 1877 124194469
1474 3123 124194469
1877 1474 124194469
1877 3526 124194469
3123 1474 124194469
3123 3526 124194469
3526 1877 124194469
3526 3123 124194469
1620 1780 328181600
1620 3220 328181600
1780 1620 328181600
1780 3380 328181600
3220 1620 328181600
3220 3380 328181600
3380 1780 328181600
3380 3220 328181600
951 2280 15873478
951 2720 15873478
2280 951 15873478
2280 4049 15873478
2720 951 15873478
2720 4049 15873478
4049 2280 15873478
4049 2720 15873478
823 2270 11457269
823 2730 11457269
2270 823 11457269
2270 4177 11457269
2730 823 11457269
2730 4177 11457269
4177 2270 11457269
4177 2730 11457269
1604 1797 40673656
1604 3203 40673656
1797 1604 40673656
1797 3396 40673656
3203 1604 40673656
3203 3396 40673656
3396 1797 40673656
3396 3203 40673656
940 1724 62572155
940 3276 62572155
1724 940 62572155
1724 4060 62572155
3276 940 62572155
3276 4060 62572155
4060 1724 62572155
4060 3276 62572155
977 2479 9458290
977 2521 9458290
2479 977 9458290
2479 4023 9458290
2521 977 9458290
2521 4023 9458290
4023 2479 9458290
4023 2521 9458290
1980 2280 44155069
1980 2720 44155069
2280 1980 44155069
2280 3020 44155069
2720 1980 44155069
2720 3020 44155069
3020 2280 44155069
3020 2720 44155069
939 2492 7591707
939 2508 7591707
2492 939 7591707
2492 4061 7591707
2508 939 7591707
2508 4061 7591707
4061 2492 7591707
4061 2508 7591707
999 1790 48200168
999 3210 48200168
1790 999 48200168
1790 4001 48200168
3210 999 48200168
3210 4001 48200168
4001 1790 48200168
4001 3210 48200168
950 1531 16321819
950 3469 16321819
1531 950 16321819
1531 4050 16321819
3469 950 16321819
3469 4050 16321819
4050 1531 16321819
4050 3469 16321819
886 1703 8138342
886 3297 8138342
1703 886 8138342
1703 4114 8138342
3297 886 8138342
3297 4114 8138342
4114 1703 8138342
4114 3297 8138342
949 1581 37257438
949 3419 37257438
1581 949 37257438
1581 4051 37257438
3419 949 37257438
3419 4051 37257438
4051 1581 37257438
4051 3419 37257438
834 2500 17619701
2500 834 17619701
2500 4166 17619701
4166 2500 17619701
863 1479 35751935
863 3521 35751935
1479 863 35751935
1479 4137 35751935
3521 863 35751935
3521 4137 35751935
4137 1479 35751935
4137 3521 35751935
1268 1680 59900163
1268 3320 59900163
1680 1268 59900163
1680 3732 59900163
3320 1268 59900163
3320 3732 59900163
3732 1680 59900163
3732 3320 59900163
883 1570 63639347
883 3430 63639347
1570 883 63639347
1570 4117 63639347
3430 883 63639347
3430 4117 63639347
4117 1570 63639347
4117 3430 63639347
1692 2316 54205129
1692 2684 54205129
2316 1692 54205129
2316 3308 54205129
2684 1692 54205129
2684 3308 54205129
3308 2316 54205129
3308 2684 54205129
1287 1700 62973355
1287 3300 62973355
1700 1287 62973355
1700 3713 62973355
3300 1287 62973355
3300 3713 62973355
3713 1700 62973355
3713 3300 62973355
1805 2420 352724007
1805 2580 352724007
2420 1805 352724007
2420 3195 352724007
2580 1805 352724007
2580 3195 352724007
3195 2420 352724007
3195 2580 352724007
967 1377 19699923
967 3623 19699923
1377 967 19699923
1377 4033 19699923
3623 967 19699923
3623 4033 19699923
4033 1377 19699923
4033 3623 19699923
1095 2006 33561383
1095 2994 33561383
2006 1095 33561383
2006 3905 33561383
2994 1095 33561383
2994 3905 33561383
3905 2006 33561383
3905 2994 33561383
1561 2102 15653821
1561 2898 15653821
2102 1561 15653821
2102 3439 15653821
2898 1561 15653821
2898 3439 15653821
3439 2102 15653821
3439 2898 15653821
2021 2280 70397561
2021 2720 70397561
2280 2021 70397561
2280 2979 70397561
2720 2021 70397561
2720 2979 70397561
2979 2280 70397561
2979 2720 70397561
834 2233 26475188
834 2767 26475188
2233 834 26475188
2233 4166 26475188
2767 834 26475188
2767 4166 26475188
4166 2233 26475188
4166 2767 26475188
987 2480 48995547
987 2520 48995547
2480 987 48995547
2480 4013 48995547
2520 987 48995547
2520 4013 48995547
4013 2480 48995547
4013 2520 48995547
892 2362 4345999
892 2638 4345999
2362 892 4345999
2362 4108 4345999
2638 892 4345999
2638 4108 4345999
4108 2362 4345999
4108 2638 4345999
960 2446 17181390
960 2554 17181390
2446 960 17181390
2446 4040 17181390
2554 960 17181390
2554 4040 17181390
4040 2446 17181390
4040 2554 17181390
943 2470 44857169
943 2530 44857169
2470 943 44857169
2470 4057 44857169
2530 943 44857169
2530 4057 44857169
4057 2470 44857169
4057 2530 44857169
906 1569 27399954
906 3431 27399954
1569 906 27399954
1569 4094 27399954
3431 906 27399954
3431 4094 27399954
4094 1569 27399954
4094 3431 27399954
1716 2359 81958139
1716 2641 81958139
2359 1716 81958139
2359 3284 81958139
2641 1716 81958139
2641 3284 81958139
3284 2359 81958139
3284 2641 81958139
1265 1675 61083703
1265 3325 61083703
1675 1265 61083703
1675 3735 61083703
3325 1265 61083703
3325 3735 61083703
3735 1675 61083703
3735 3325 61083703
832 2477 4547602
832 2523 4547602
2477 832 4547602
2477 4168 4547602
2523 832 4547602
2523 4168 4547602
4168 2477 4547602
4168 2523 4547602
1620 2249 146826161
1620 2751 146826161
2249 1620 146826161
2249 3380 146826161
2751 1620 146826161
2751 3380 146826161
3380 2249 146826161
3380 2751 146826161
1640 2265 15846397
1640 2735 15846397
2265 1640 15846397
2265 3360 15846397
2735 1640 15846397
2735 3360 15846397
3360 2265 15846397
3360 2735 15846397
1620 2443 39349696
1620 2557 39349696
2443 1620 39349696
2443 3380 39349696
2557 1620 39349696
2557 3380 39349696
3380 2443 39349696
3380 2557 39349696
922 1495 33570410
922 3505 33570410
1495 922 33570410
1495 4078 33570410
3505 922 33570410
3505 4078 33570410
4078 1495 33570410
4078 3505 33570410
1462 1843 30781067
1462 3157 30781067
1843 1462 30781067
1843 3538 30781067
3157 1462 30781067
3157 3538 30781067
3538 1843 30781067
3538 3157 30781067
1660 2322 47675599
1660 2678 47675599
2322 1660 47675599
2322 3340 47675599
2678 1660 47675599
2678 3340 47675599
3340 2322 47675599
3340 2678 47675599
1600 2232 144678738
1600 2768 144678738
2232 1600 144678738
2232 3400 144678738
2768 1600 144678738
2768 3400 144678738
3400 2232 144678738
3400 2768 144678738
1456 1885 8659902
1456 3115 8659902
1885 1456 8659902
1885 3544 8659902
3115 1456 8659902
3115 3544 8659902
3544 1885 8659902
3544 3115 8659902
1681 1730 867085476
1681 3270 867085476
1730 1681 867085476
1730 3319 867085476
3270 1681 867085476
3270 3319 867085476
3319 1730 867085476
3319 3270 867085476
1613 2220 81679305
1613 2780 81679305
2220 1613 81679305
2220 3387 81679305
2780 1613 81679305
2780 3387 81679305
3387 2220 81679305
3387 2780 81679305
1945 2243 97333126
1945 2757 97333126
2243 1945 97333126
2243 3055 97333126
2757 1945 97333126
2757 3055 97333126
3055 2243 97333126
3055 2757 97333126
990 1484 41833124
990 3516 41833124
1484 990 41833124
1484 4010 41833124
3516 990 41833124
3516 4010 41833124
4010 1484 41833124
4010 3516 41833124
1830 2490 12105207
1830 2510 12105207
2490 1830 12105207
2490 3170 12105207
2510 1830 12105207
2510 3170 12105207
3170 2490 12105207
3170 2510 12105207
1670 2131 5992925
1670 2869 5992925
2131 1670 5992925
2131 3330 5992925
2869 1670 5992925
2869 3330 5992925
3330 2131 5992925
3330 2869 5992925
2053 2300 38236366
2053 2700 38236366
2300 2053 38236366
2300 2947 38236366
2700 2053 38236366
2700 2947 38236366
2947 2300 38236366
2947 2700 38236366
1220 1624 119707047
1220 3376 119707047
1624 1220 119707047
1624 3780 119707047
3376 1220 119707047
3376 3780 119707047
3780 1624 119707047
3780 3376 119707047
1187 1581 49675581
1187 3419 49675581
1581 1187 49675581
1581 3813 49675581
3419 1187 49675581
3419 3813 49675581
3813 1581 49675581
3813 3419 49675581
1600 2201 91199781
1600 2799 91199781
2201 1600 91199781
2201 3400 91199781
2799 1600 91199781
2799 3400 91199781
3400 2201 91199781
3400 2799 91199781
1490 1870 121144346
1490 3130 121144346
1870 1490 121144346
1870 3510 121144346
3130 1490 121144346
3130 3510 121144346
3510 1870 121144346
3510 3130 121144346
1600 2410 80853836
1600 2590 80853836
2410 1600 80853836
2410 3400 80853836
2590 1600 80853836
2590 3400 80853836
3400 2410 80853836
3400 2590 80853836
931 2279 6989907
931 2721 6989907
2279 931 6989907
2279 4069 6989907
2721 931 6989907
2721 4069 6989907
4069 2279 6989907
4069 2721 6989907
1082 2496 25633671
1082 2504 25633671
2496 1082 25633671
2496 3918 25633671
2504 1082 25633671
2504 3918 25633671
3918 2496 25633671
3918 2504 25633671
1644 2236 298628205
1644 2764 298628205
2236 1644 298628205
2236 3356 298628205
2764 1644 298628205
2764 3356 298628205
3356 2236 298628205
3356 2764 298628205
980 1440 55515047
980 3560 55515047
1440 980 55515047
1440 4020 55515047
3560 980 55515047
3560 4020 55515047
4020 1440 55515047
4020 3560 55515047
2171 2444 25950619
2171 2556 25950619
2444 2171 25950619
2444 2829 25950619
2556 2171 25950619
2556 2829 25950619
2829 2444 25950619
2829 2556 25950619
2234 2430 75038442
2234 2570 75038442
2430 2234 75038442
2430 2766 75038442
2570 2234 75038442
2570 2766 75038442
2766 2430 75038442
2766 2570 75038442
1568 1823 79166790
1568 3177 79166790
1823 1568 79166790
1823 3432 79166790
3177 1568 79166790
3177 3432 79166790
3432 1823 79166790
3432 3177 79166790
1592 2195 149428946
1592 2805 149428946
2195 1592 149428946
2195 3408 149428946
2805 1592 149428946
2805 3408 149428946
3408 2195 149428946
3408 2805 149428946
1609 2221 185427619
1609 2779 185427619
2221 1609 185427619
2221 3391 185427619
2779 1609 185427619
2779 3391 185427619
3391 2221 185427619
3391 2779 185427619
950 1469 32949553
950 3531 32949553
1469 950 32949553
1469 4050 32949553
3531 950 32949553
3531 4050 32949553
4050 1469 32949553
4050 3531 32949553
1605 2243 50538161
1605 2757 50538161
2243 1605 50538161
2243 3395 50538161
2757 1605 50538161
2757 3395 50538161
3395 2243 50538161
3395 2757 50538161
1670 2423 25334777
1670 2577 25334777
2423 1670 25334777
2423 3330 25334777
2577 1670 25334777
2577 3330 25334777
3330 2423 25334777
3330 2577 25334777
1166 1997 9526494
1166 3003 9526494
1997 1166 9526494
1997 3834 9526494
3003 1166 9526494
3003 3834 9526494
3834 1997 9526494
3834 3003 9526494
1103 1998 11652854
1103 3002 11652854
1998 1103 11652854
1998 3897 11652854
3002 1103 11652854
3002 3897 11652854
3897 1998 11652854
3897 3002 11652854
1990 2242 95034250
1990 2758 95034250
2242 1990 95034250
2242 3010 95034250
2758 1990 95034250
2758 3010 95034250
3010 2242 95034250
3010 2758 95034250
907 2258 21154273
907 2742 21154273
2258 907 21154273
2258 4093 21154273
2742 907 21154273
2742 4093 21154273
4093 2258 21154273
4093 2742 21154273
1164 1549 12665884
1164 3451 12665884
1549 1164 12665884
1549 3836 12665884
3451 1164 12665884
3451 3836 12665884
3836 1549 12665884
3836 3451 12665884
970 1340 7429221
970 3660 7429221
1340 970 7429221
1340 4030 7429221
3660 970 7429221
3660 4030 7429221
4030 1340 7429221
4030 3660 7429221
910 1573 52622395
910 3427 52622395
1573 910 52622395
1573 4090 52622395
3427 910 52622395
3427 4090 52622395
4090 1573 52622395
4090 3427 52622395
897 1450 22658773
897 3550 22658773
1450 897 22658773
1450 4103 22658773
3550 897 22658773
3550 4103 22658773
4103 1450 22658773
4103 3550 22658773
819 2292 104370174
819 2708 104370174
2292 819 104370174
2292 4181 104370174
2708 819 104370174
2708 4181 104370174
4181 2292 104370174
4181 2708 104370174
2057 2304 19212465
2057 2696 19212465
2304 2057 19212465
2304 2943 19212465
2696 2057 19212465
2696 2943 19212465
2943 2304 19212465
2943 2696 19212465
940 2419 10092186
940 2581 10092186
2419 940 10092186
2419 4060 10092186
2581 940 10092186
2581 4060 10092186
4060 2419 10092186
4060 2581 10092186
968 2406 40902340
968 2594 40902340
2406 968 40902340
2406 4032 40902340
2594 968 40902340
2594 4032 40902340
4032 2406 40902340
4032 2594 40902340
930 2479 55384657
930 2521 55384657
2479 930 55384657
2479 4070 55384657
2521 930 55384657
2521 4070 55384657
4070 2479 55384657
4070 2521 55384657
1192 1590 35144117
1192 3410 35144117
1590 1192 35144117
1590 3808 35144117
3410 1192 35144117
3410 3808 35144117
3808 1590 35144117
3808 3410 35144117
987 1969 131222490
987 3031 131222490
1969 987 131222490
1969 4013 131222490
3031 987 131222490
3031 4013 131222490
4013 1969 131222490
4013 3031 131222490
1992 2252 5619809
1992 2748 5619809
2252 1992 5619809
2252 3008 5619809
2748 1992 5619809
2748 3008 5619809
3008 2252 5619809
3008 2748 5619809
810 2309 77768608
810 2691 77768608
2309 810 77768608
2309 4190 77768608
2691 810 77768608
2691 4190 77768608
4190 2309 77768608
4190 2691 77768608
851 1563 67420657
851 3437 67420657
1563 851 67420657
1563 4149 67420657
3437 851 67420657
3437 4149 67420657
4149 1563 67420657
4149 3437 67420657
1643 1766 2006
1643 3234 2006
1766 1643 2006
1766 3357 2006
3234 1643 2006
3234 3357 2006
3357 1766 2006
3357 3234 2006
892 1590 29603545
892 3410 29603545
1590 892 29603545
1590 4108 29603545
3410 892 29603545
3410 4108 29603545
4108 1590 29603545
4108 3410 29603545
945 1455 111963887
945 3545 111963887
1455 945 111963887
1455 4055 111963887
3545 945 111963887
3545 4055 111963887
4055 1455 111963887
4055 3545 111963887
955 1824 24176312
955 3176 24176312
1824 955 24176312
1824 4045 24176312
3176 955 24176312
3176 4045 24176312
4045 1824 24176312
4045 3176 24176312
1970 2249 58145916
1970 2751 58145916
2249 1970 58145916
2249 3030 58145916
2751 1970 58145916
2751 3030 58145916
3030 2249 58145916
3030 2751 58145916
982 2432 7287798
982 2568 7287798
2432 982 7287798
2432 4018 7287798
2568 982 7287798
2568 4018 7287798
4018 2432 7287798
4018 2568 7287798
899 1526 46099886
899 3474 46099886
1526 899 46099886
1526 4101 46099886
3474 899 46099886
3474 4101 46099886
4101 1526 46099886
4101 3474 46099886
907 1674 55490975
907 3326 55490975
1674 907 55490975
1674 4093 55490975
3326 907 55490975
3326 4093 55490975
4093 1674 55490975
4093 3326 55490975
987 1460 2006
987 3540 2006
1460 987 2006
1460 4013 2006
3540 987 2006
3540 4013 2006
4013 1460 2006
4013 3540 2006
884 1450 61167955
884 3550 61167955
1450 884 61167955
1450 4116 61167955
3550 884 61167955
3550 4116 61167955
4116 1450 61167955
4116 3550 61167955
1812 2430 393838983
1812 2570 393838983
2430 1812 393838983
2430 3188 393838983
2570 1812 393838983
2570 3188 393838983
3188 2430 393838983
3188 2570 393838983
1671 2408 87519774
1671 2592 87519774
2408 1671 87519774
2408 3329 87519774
2592 1671 87519774
2592 3329 87519774
3329 2408 87519774
3329 2592 87519774
1931 2495 40356708
1931 2505 40356708
2495 1931 40356708
2495 3069 40356708
2505 1931 40356708
2505 3069 40356708
3069 2495 40356708
3069 2505 40356708
1780 2430 34552347
1780 2570 34552347
2430 1780 34552347
2430 3220 34552347
2570 1780 34552347
2570 3220 34552347
3220 2430 34552347
3220 2570 34552347
1123 2011 2387140
1123 2989 2387140
2011 1123 2387140
2011 3877 2387140
2989 1123 2387140
2989 3877 2387140
3877 2011 2387140
3877 2989 2387140
1548 2109 64810851
1548 2891 64810851
2109 1548 64810851
2109 3452 64810851
2891 1548 64810851
2891 3452 64810851
3452 2109 64810851
3452 2891 64810851
963 2303 59115817
963 2697 59115817
2303 963 59115817
2303 4037 59115817
2697 963 59115817
2697 4037 59115817
4037 2303 59115817
4037 2697 59115817
838 2247 75579059
838 2753 75579059
2247 838 75579059
2247 4162 75579059
2753 838 75579059
2753 4162 75579059
4162 2247 75579059
4162 2753 75579059
1697 1715 143434015
1697 3285 143434015
1715 1697 143434015
1715 3303 143434015
3285 1697 143434015
3285 3303 143434015
3303 1715 143434015
3303 3285 143434015
973 2304 35553341
973 2696 35553341
2304 973 35553341
2304 4027 35553341
2696 973 35553341
2696 4027 35553341
4027 2304 35553341
4027 2696 35553341
1651 2138 69121745
1651 2862 69121745
2138 1651 69121745
2138 3349 69121745
2862 1651 69121745
2862 3349 69121745
3349 2138 69121745
3349 2862 69121745
1631 2430 73398537
1631 2570 73398537
2430 1631 73398537
2430 3369 73398537
2570 1631 73398537
2570 3369 73398537
3369 2430 73398537
3369 2570 73398537
970 2371 12144324
970 2629 12144324
2371 970 12144324
2371 4030 12144324
2629 970 12144324
2629 4030 12144324
4030 2371 12144324
4030 2629 12144324
910 2320 7720091
910 2680 7720091
2320 910 7720091
2320 4090 7720091
2680 910 7720091
2680 4090 7720091
4090 2320 7720091
4090 2680 7720091
957 1431 52947367
957 3569 52947367
1431 957 52947367
1431 4043 52947367
3569 957 52947367
3569 4043 52947367
4043 1431 52947367
4043 3569 52947367
1650 2260 149069872
1650 2740 149069872
2260 1650 149069872
2260 3350 149069872
2740 1650 149069872
2740 3350 149069872
3350 2260 149069872
3350 2740 149069872
1610 2282 4865553
1610 2718 4865553
2282 1610 4865553
2282 3390 4865553
2718 1610 4865553
2718 3390 4865553
3390 2282 4865553
3390 2718 4865553
1650 2329 24402990
1650 2671 24402990
2329 1650 24402990
2329 3350 24402990
2671 1650 24402990
2671 3350 24402990
3350 2329 24402990
3350 2671 24402990
1148 2028 2006
1148 2972 2006
2028 1148 2006
2028 3852 2006
2972 1148 2006
2972 3852 2006
3852 2028 2006
3852 2972 2006
1108 2007 28259525
1108 2993 28259525
2007 1108 28259525
2007 3892 28259525
2993 1108 28259525
2993 3892 28259525
3892 2007 28259525
3892 2993 28259525
1304 2031 33123072
1304 2969 33123072
2031 1304 33123072
2031 3696 33123072
2969 1304 33123072
2969 3696 33123072
3696 2031 33123072
3696 2969 33123072
990 2097 81666266
990 2903 81666266
2097 990 81666266
2097 4010 81666266
2903 990 81666266
2903 4010 81666266
4010 2097 81666266
4010 2903 81666266
989 2101 3835472
989 2899 3835472
2101 989 3835472
2101 4011 3835472
2899 989 3835472
2899 4011 3835472
4011 2101 3835472
4011 2899 3835472
1990 1995 48667566
1990 3005 48667566
1995 1990 48667566
1995 3010 48667566
3005 1990 48667566
3005 3010 48667566
3010 1995 48667566
3010 3005 48667566
845 2220 2624851
845 2780 2624851
2220 845 2624851
2220 4155 2624851
2780 845 2624851
2780 4155 2624851
4155 2220 2624851
4155 2780 2624851
1411 1912 27068964
1411 3088 27068964
1912 1411 27068964
1912 3589 27068964
3088 1411 27068964
3088 3589 27068964
3589 1912 27068964
3589 3088 27068964
827 2231 2006
827 2769 2006
2231 827 2006
2231 4173 2006
2769 827 2006
2769 4173 2006
4173 2231 2006
4173 2769 2006
1896 2444 85358309
1896 2556 85358309
2444 1896 85358309
2444 3104 85358309
2556 1896 85358309
2556 3104 85358309
3104 2444 85358309
3104 2556 85358309
871 1641 6063135
871 3359 6063135
1641 871 6063135
1641 4129 6063135
3359 871 6063135
3359 4129 6063135
4129 1641 6063135
4129 3359 6063135
919 1709 49075787
919 3291 49075787
1709 919 49075787
1709 4081 49075787
3291 919 49075787
3291 4081 49075787
4081 1709 49075787
4081 3291 49075787
835 1656 33040826
835 3344 33040826
1656 835 33040826
1656 4165 33040826
3344 835 33040826
3344 4165 33040826
4165 1656 33040826
4165 3344 33040826
1704 2069 28014793
1704 2931 28014793
2069 1704 28014793
2069 3296 28014793
2931 1704 28014793
2931 3296 28014793
3296 2069 28014793
3296 2931 28014793
949 2500 17002856
2500 949 17002856
2500 4051 17002856
4051 2500 17002856
2019 2263 13332879
2019 2737 13332879
2263 2019 13332879
2263 2981 13332879
2737 2019 13332879
2737 2981 13332879
2981 2263 13332879
2981 2737 13332879
1067 2007 27277588
1067 2993 27277588
2007 1067 27277588
2007 3933 27277588
2993 1067 27277588
2993 3933 27277588
3933 2007 27277588
3933 2993 27277588
1184 1996 21622674
1184 3004 21622674
1996 1184 21622674
1996 3816 21622674
3004 1184 21622674
3004 3816 21622674
3816 1996 21622674
3816 3004 21622674
2026 2286 82191838
2026 2714 82191838
2286 2026 82191838
2286 2974 82191838
2714 2026 82191838
2714 2974 82191838
2974 2286 82191838
2974 2714 82191838
1979 2231 16086114
1979 2769 16086114
2231 1979 16086114
2231 3021 16086114
2769 1979 16086114
2769 3021 16086114
3021 2231 16086114
3021 2769 16086114
1868 2499 22173321
1868 2501 22173321
2499 1868 22173321
2499 3132 22173321
2501 1868 22173321
2501 3132 22173321
3132 2499 22173321
3132 2501 22173321
1971 2408 49002568
1971 2592 49002568
2408 1971 49002568
2408 3029 49002568
2592 1971 49002568
2592 3029 49002568
3029 2408 49002568
3029 2592 49002568
2079 2324 76802719
2079 2676 76802719
2324 2079 76802719
2324 2921 76802719
2676 2079 76802719
2676 2921 76802719
2921 2324 76802719
2921 2676 76802719
989 1959 81569978
989 3041 81569978
1959 989 81569978
1959 4011 81569978
3041 989 81569978
3041 4011 81569978
4011 1959 81569978
4011 3041 81569978
962 2494 35497173
962 2506 35497173
2494 962 35497173
2494 4038 35497173
2506 962 35497173
2506 4038 35497173
4038 2494 35497173
4038 2506 35497173
1408 2084 6322912
1408 2916 6322912
2084 1408 6322912
2084 3592 6322912
2916 1408 6322912
2916 3592 6322912
3592 2084 6322912
3592 2916 6322912
2132 2374 2006
2132 2626 2006
2374 2132 2006
2374 2868 2006
2626 2132 2006
2626 2868 2006
2868 2374 2006
2868 2626 2006
915 2285 32328696
915 2715 32328696
2285 915 32328696
2285 4085 32328696
2715 915 32328696
2715 4085 32328696
4085 2285 32328696
4085 2715 32328696
962 2276 67954253
962 2724 67954253
2276 962 67954253
2276 4038 67954253
2724 962 67954253
2724 4038 67954253
4038 2276 67954253
4038 2724 67954253
2031 2287 92913908
2031 2713 92913908
2287 2031 92913908
2287 2969 92913908
2713 2031 92913908
2713 2969 92913908
2969 2287 92913908
2969 2713 92913908
890 2246 1500488
890 2754 1500488
2246 890 1500488
2246 4110 1500488
2754 890 1500488
2754 4110 1500488
4110 2246 1500488
4110 2754 1500488
888 2406 11259678
888 2594 11259678
2406 888 11259678
2406 4112 11259678
2594 888 11259678
2594 4112 11259678
4112 2406 11259678
4112 2594 11259678
1071 2491 4442287
1071 2509 4442287
2491 1071 4442287
2491 3929 4442287
2509 1071 4442287
2509 3929 4442287
3929 2491 4442287
3929 2509 4442287
893 2410 23301696
893 2590 23301696
2410 893 23301696
2410 4107 23301696
2590 893 23301696
2590 4107 23301696
4107 2410 23301696
4107 2590 23301696
972 2280 16694935
972 2720 16694935
2280 972 16694935
2280 4028 16694935
2720 972 16694935
2720 4028 16694935
4028 2280 16694935
4028 2720 16694935
2319 2500 187874939
2500 2319 187874939
2500 2681 187874939
2681 2500 187874939
991 2036 118748179
991 2964 118748179
2036 991 118748179
2036 4009 118748179
2964 991 118748179
2964 4009 118748179
4009 2036 118748179
4009 2964 118748179
1332 1743 25946607
1332 3257 25946607
1743 1332 25946607
1743 3668 25946607
3257 1332 25946607
3257 3668 25946607
3668 1743 25946607
3668 3257 25946607
1325 1737 14688935
1325 3263 14688935
1737 1325 14688935
1737 3675 14688935
3263 1325 14688935
3263 3675 14688935
3675 1737 14688935
3675 3263 14688935
975 2415 37927442
975 2585 37927442
2415 975 37927442
2415 4025 37927442
2585 975 37927442
2585 4025 37927442
4025 2415 37927442
4025 2585 37927442
974 2391 56058673
974 2609 56058673
2391 974 56058673
2391 4026 56058673
2609 974 56058673
2609 4026 56058673
4026 2391 56058673
4026 2609 56058673
955 2298 27144189
955 2702 27144189
2298 955 27144189
2298 4045 27144189
2702 955 27144189
2702 4045 27144189
4045 2298 27144189
4045 2702 27144189
920 2282 13525455
920 2718 13525455
2282 920 13525455
2282 4080 13525455
2718 920 13525455
2718 4080 13525455
4080 2282 13525455
4080 2718 13525455
1399 1802 2006
1399 3198 2006
1802 1399 2006
1802 3601 2006
3198 1399 2006
3198 3601 2006
3601 1802 2006
3601 3198 2006
915 1565 89650146
915 3435 89650146
1565 915 89650146
1565 4085 89650146
3435 915 89650146
3435 4085 89650146
4085 1565 89650146
4085 3435 89650146
902 1465 32036823
902 3535 32036823
1465 902 32036823
1465 4098 32036823
3535 902 32036823
3535 4098 32036823
4098 1465 32036823
4098 3535 32036823
875 1605 31205336
875 3395 31205336
1605 875 31205336
1605 4125 31205336
3395 875 31205336
3395 4125 31205336
4125 1605 31205336
4125 3395 31205336
960 2416 45953448
960 2584 45953448
2416 960 45953448
2416 4040 45953448
2584 960 45953448
2584 4040 45953448
4040 2416 45953448
4040 2584 45953448
1409 1810 39074874
1409 3190 39074874
1810 1409 39074874
1810 3591 39074874
3190 1409 39074874
3190 3591 39074874
3591 1810 39074874
3591 3190 39074874
910 2290 2006
910 2710 2006
2290 910 2006
2290 4090 2006
2710 910 2006
2710 4090 2006
4090 2290 2006
4090 2710 2006
984 2484 57227168
984 2516 57227168
2484 984 57227168
2484 4016 57227168
2516 984 57227168
2516 4016 57227168
4016 2484 57227168
4016 2516 57227168
810 2335 27285612
810 2665 27285612
2335 810 27285612
2335 4190 27285612
2665 810 27285612
2665 4190 27285612
4190 2335 27285612
4190 2665 27285612
895 1491 32036823
895 3509 32036823
1491 895 32036823
1491 4105 32036823
3509 895 32036823
3509 4105 32036823
4105 1491 32036823
4105 3509 32036823
899 1697 15669869
899 3303 15669869
1697 899 15669869
1697 4101 15669869
3303 899 15669869
3303 4101 15669869
4101 1697 15669869
4101 3303 15669869
977 1369 2006
977 3631 2006
1369 977 2006
1369 4023 2006
3631 977 2006
3631 4023 2006
4023 1369 2006
4023 3631 2006
970 1581 21324783
970 3419 21324783
1581 970 21324783
1581 4030 21324783
3419 970 21324783
3419 4030 21324783
4030 1581 21324783
4030 3419 21324783
972 1664 53642446
972 3336 53642446
1664 972 53642446
1664 4028 53642446
3336 972 53642446
3336 4028 53642446
4028 1664 53642446
4028 3336 53642446
889 1601 17574566
889 3399 17574566
1601 889 17574566
1601 4111 17574566
3399 889 17574566
3399 4111 17574566
4111 1601 17574566
4111 3399 17574566
882 1480 59466867
882 3520 59466867
1480 882 59466867
1480 4118 59466867
3520 882 59466867
3520 4118 59466867
4118 1480 59466867
4118 3520 59466867
862 2270 2006
862 2730 2006
2270 862 2006
2270 4138 2006
2730 862 2006
2730 4138 2006
4138 2270 2006
4138 2730 2006
851 2462 5874571
851 2538 5874571
2462 851 5874571
2462 4149 5874571
2538 851 5874571
2538 4149 5874571
4149 2462 5874571
4149 2538 5874571
910 1502 1933784
910 3498 1933784
1502 910 1933784
1502 4090 1933784
3498 910 1933784
3498 4090 1933784
4090 1502 1933784
4090 3498 1933784
2181 2451 63658404
2181 2549 63658404
2451 2181 63658404
2451 2819 63658404
2549 2181 63658404
2549 2819 63658404
2819 2451 63658404
2819 2549 63658404
814 1607 15547503
814 3393 15547503
1607 814 15547503
1607 4186 15547503
3393 814 15547503
3393 4186 15547503
4186 1607 15547503
4186 3393 15547503
2140 2485 71680398
2140 2515 71680398
2485 2140 71680398
2485 2860 71680398
2515 2140 71680398
2515 2860 71680398
2860 2485 71680398
2860 2515 71680398
1603 2429 48442894
1603 2571 48442894
2429 1603 48442894
2429 3397 48442894
2571 1603 48442894
2571 3397 48442894
3397 2429 48442894
3397 2571 48442894
878 1708 16234558
878 3292 16234558
1708 878 16234558
1708 4122 16234558
3292 878 16234558
3292 4122 16234558
4122 1708 16234558
4122 3292 16234558
1133 2030 4824430
1133 2970 4824430
2030 1133 4824430
2030 3867 4824430
2970 1133 4824430
2970 3867 4824430
3867 2030 4824430
3867 2970 4824430
1415 2074 24807199
1415 2926 24807199
2074 1415 24807199
2074 3585 24807199
2926 1415 24807199
2926 3585 24807199
3585 2074 24807199
3585 2926 24807199
1113 1998 15824331
1113 3002 15824331
1998 1113 15824331
1998 3887 15824331
3002 1113 15824331
3002 3887 15824331
3887 1998 15824331
3887 3002 15824331
1171 1559 86643152
1171 3441 86643152
1559 1171 86643152
1559 3829 86643152
3441 1171 86643152
3441 3829 86643152
3829 1559 86643152
3829 3441 86643152
1990 2231 34386852
1990 2769 34386852
2231 1990 34386852
2231 3010 34386852
2769 1990 34386852
2769 3010 34386852
3010 2231 34386852
3010 2769 34386852
998 2104 95685197
998 2896 95685197
2104 998 95685197
2104 4002 95685197
2896 998 95685197
2896 4002 95685197
4002 2104 95685197
4002 2896 95685197
2029 2252 1103300
2029 2748 1103300
2252 2029 1103300
2252 2971 1103300
2748 2029 1103300
2748 2971 1103300
2971 2252 1103300
2971 2748 1103300
1980 2245 13433179
1980 2755 13433179
2245 1980 13433179
2245 3020 13433179
2755 1980 13433179
2755 3020 13433179
3020 2245 13433179
3020 2755 13433179
1551 2114 38236366
1551 2886 38236366
2114 1551 38236366
2114 3449 38236366
2886 1551 38236366
2886 3449 38236366
3449 2114 38236366
3449 2886 38236366
925 2399 2006
925 2601 2006
2399 925 2006
2399 4075 2006
2601 925 2006
2601 4075 2006
4075 2399 2006
4075 2601 2006
842 2263 32742935
842 2737 32742935
2263 842 32742935
2263 4158 32742935
2737 842 32742935
2737 4158 32742935
4158 2263 32742935
4158 2737 32742935
951 1411 50011586
951 3589 50011586
1411 951 50011586
1411 4049 50011586
3589 951 50011586
3589 4049 50011586
4049 1411 50011586
4049 3589 50011586
967 1420 63640350
967 3580 63640350
1420 967 63640350
1420 4033 63640350
3580 967 63640350
3580 4033 63640350
4033 1420 63640350
4033 3580 63640350
962 1416 9469323
962 3584 9469323
1416 962 9469323
1416 4038 9469323
3584 962 9469323
3584 4038 9469323
4038 1416 9469323
4038 3584 9469323
961 2359 12981829
961 2641 12981829
2359 961 12981829
2359 4039 12981829
2641 961 12981829
2641 4039 12981829
4039 2359 12981829
4039 2641 12981829
1391 1804 72673368
1391 3196 72673368
1804 1391 72673368
1804 3609 72673368
3196 1391 72673368
3196 3609 72673368
3609 1804 72673368
3609 3196 72673368
831 2341 15527443
831 2659 15527443
2341 831 15527443
2341 4169 15527443
2659 831 15527443
2659 4169 15527443
4169 2341 15527443
4169 2659 15527443
874 1633 2006
874 3367 2006
1633 874 2006
1633 4126 2006
3367 874 2006
3367 4126 2006
4126 1633 2006
4126 3367 2006
840 2266 39836151
840 2734 39836151
2266 840 39836151
2266 4160 39836151
2734 840 39836151
2734 4160 39836151
4160 2266 39836151
4160 2734 39836151
930 2379 15253624
930 2621 15253624
2379 930 15253624
2379 4070 15253624
2621 930 15253624
2621 4070 15253624
4070 2379 15253624
4070 2621 15253624
929 2296 48778899
929 2704 48778899
2296 929 48778899
2296 4071 48778899
2704 929 48778899
2704 4071 48778899
4071 2296 48778899
4071 2704 48778899
944 1400 12809313
944 3600 12809313
1400 944 12809313
1400 4056 12809313
3600 944 12809313
3600 4056 12809313
4056 1400 12809313
4056 3600 12809313
1801 2100 16326834
1801 2900 16326834
2100 1801 16326834
2100 3199 16326834
2900 1801 16326834
2900 3199 16326834
3199 2100 16326834
3199 2900 16326834
948 2299 5157426
948 2701 5157426
2299 948 5157426
2299 4052 5157426
2701 948 5157426
2701 4052 5157426
4052 2299 5157426
4052 2701 5157426
935 1713 64373543
935 3287 64373543
1713 935 64373543
1713 4065 64373543
3287 935 64373543
3287 4065 64373543
4065 1713 64373543
4065 3287 64373543
943 2479 30718881
943 2521 30718881
2479 943 30718881
2479 4057 30718881
2521 943 30718881
2521 4057 30718881
4057 2479 30718881
4057 2521 30718881
819 2337 41740848
819 2663 41740848
2337 819 41740848
2337 4181 41740848
2663 819 41740848
2663 4181 41740848
4181 2337 41740848
4181 2663 41740848
854 2335 9740133
854 2665 9740133
2335 854 9740133
2335 4146 9740133
2665 854 9740133
2665 4146 9740133
4146 2335 9740133
4146 2665 9740133
864 2438 53359600
864 2562 53359600
2438 864 53359600
2438 4136 53359600
2562 864 53359600
2562 4136 53359600
4136 2438 53359600
4136 2562 53359600
1390 1810 29265534
1390 3190 29265534
1810 1390 29265534
1810 3610 29265534
3190 1390 29265534
3190 3610 29265534
3610 1810 29265534
3610 3190 29265534
939 2500 30408954
2500 939 30408954
2500 4061 30408954
4061 2500 30408954
939 2277 32517260
939 2723 32517260
2277 939 32517260
2277 4061 32517260
2723 939 32517260
2723 4061 32517260
4061 2277 32517260
4061 2723 32517260
893 1560 21528392
893 3440 21528392
1560 893 21528392
1560 4107 21528392
3440 893 21528392
3440 4107 21528392
4107 1560 21528392
4107 3440 21528392
1248 1658 114720131
1248 3342 114720131
1658 1248 114720131
1658 3752 114720131
3342 1248 114720131
3342 3752 114720131
3752 1658 114720131
3752 3342 114720131
1285 1696 55737713
1285 3304 55737713
1696 1285 55737713
1696 3715 55737713
3304 1285 55737713
3304 3715 55737713
3715 1696 55737713
3715 3304 55737713
905 1614 17157318
905 3386 17157318
1614 905 17157318
1614 4095 17157318
3386 905 17157318
3386 4095 17157318
4095 1614 17157318
4095 3386 17157318
1551 2091 44664593
1551 2909 44664593
2091 1551 44664593
2091 3449 44664593
2909 1551 44664593
2909 3449 44664593
3449 2091 44664593
3449 2909 44664593
900 2393 8485380
900 2607 8485380
2393 900 8485380
2393 4100 8485380
2607 900 8485380
2607 4100 8485380
4100 2393 8485380
4100 2607 8485380
1620 2235 130993806
1620 2765 130993806
2235 1620 130993806
2235 3380 130993806
2765 1620 130993806
2765 3380 130993806
3380 2235 130993806
3380 2765 130993806
890 1707 4056132
890 3293 4056132
1707 890 4056132
1707 4110 4056132
3293 890 4056132
3293 4110 4056132
4110 1707 4056132
4110 3293 4056132
833 2499 45548236
833 2501 45548236
2499 833 45548236
2499 4167 45548236
2501 833 45548236
2501 4167 45548236
4167 2499 45548236
4167 2501 45548236
1299 1714 39432945
1299 3286 39432945
1714 1299 39432945
1714 3701 39432945
3286 1299 39432945
3286 3701 39432945
3701 1714 39432945
3701 3286 39432945
1660 1736 457654858
1660 3264 457654858
1736 1660 457654858
1736 3340 457654858
3264 1660 457654858
3264 3340 457654858
3340 1736 457654858
3340 3264 457654858
1633 1720 17160327
1633 3280 17160327
1720 1633 17160327
1720 3367 17160327
3280 1633 17160327
3280 3367 17160327
3367 1720 17160327
3367 3280 17160327
1826 2460 494779900
1826 2540 494779900
2460 1826 494779900
2460 3174 494779900
2540 1826 494779900
2540 3174 494779900
3174 2460 494779900
3174 2540 494779900
1632 2265 11549545
1632 2735 11549545
2265 1632 11549545
2265 3368 11549545
2735 1632 11549545
2735 3368 11549545
3368 2265 11549545
3368 2735 11549545
872 1480 41566326
872 3520 41566326
1480 872 41566326
1480 4128 41566326
3520 872 41566326
3520 4128 41566326
4128 1480 41566326
4128 3520 41566326
1995 1998 49909280
1995 3002 49909280
1998 1995 49909280
1998 3005 49909280
3002 1995 49909280
3002 3005 49909280
3005 1998 49909280
3005 3002 49909280
988 2030 71877989
988 2970 71877989
2030 988 71877989
2030 4012 71877989
2970 988 71877989
2970 4012 71877989
4012 2030 71877989
4012 2970 71877989
1891 2450 153394808
1891 2550 153394808
2450 1891 153394808
2450 3109 153394808
2550 1891 153394808
2550 3109 153394808
3109 2450 153394808
3109 2550 153394808
961 2330 29897424
961 2670 29897424
2330 961 29897424
2330 4039 29897424
2670 961 29897424
2670 4039 29897424
4039 2330 29897424
4039 2670 29897424
1590 2200 84372360
1590 2800 84372360
2200 1590 84372360
2200 3410 84372360
2800 1590 84372360
2800 3410 84372360
3410 2200 84372360
3410 2800 84372360
969 2289 16083105
969 2711 16083105
2289 969 16083105
2289 4031 16083105
2711 969 16083105
2711 4031 16083105
4031 2289 16083105
4031 2711 16083105
904 2264 34985643
904 2736 34985643
2264 904 34985643
2264 4096 34985643
2736 904 34985643
2736 4096 34985643
4096 2264 34985643
4096 2736 34985643
916 2249 30149177
916 2751 30149177
2249 916 30149177
2249 4084 30149177
2751 916 30149177
2751 4084 30149177
4084 2249 30149177
4084 2751 30149177
990 1956 12052048
990 3044 12052048
1956 990 12052048
1956 4010 12052048
3044 990 12052048
3044 4010 12052048
4010 1956 12052048
4010 3044 12052048
873 2261 2006
873 2739 2006
2261 873 2006
2261 4127 2006
2739 873 2006
2739 4127 2006
4127 2261 2006
4127 2739 2006
919 2308 8464317
919 2692 8464317
2308 919 8464317
2308 4081 8464317
2692 919 8464317
2692 4081 8464317
4081 2308 8464317
4081 2692 8464317
857 2257 17812277
857 2743 17812277
2257 857 17812277
2257 4143 17812277
2743 857 17812277
2743 4143 17812277
4143 2257 17812277
4143 2743 17812277
1470 1882 133902506
1470 3118 133902506
1882 1470 133902506
1882 3530 133902506
3118 1470 133902506
3118 3530 133902506
3530 1882 133902506
3530 3118 133902506
983 2463 29985688
983 2537 29985688
2463 983 29985688
2463 4017 29985688
2537 983 29985688
2537 4017 29985688
4017 2463 29985688
4017 2537 29985688
834 2463 2573698
834 2537 2573698
2463 834 2573698
2463 4166 2573698
2537 834 2573698
2537 4166 2573698
4166 2463 2573698
4166 2537 2573698
984 2452 8533524
984 2548 8533524
2452 984 8533524
2452 4016 8533524
2548 984 8533524
2548 4016 8533524
4016 2452 8533524
4016 2548 8533524
1504 1863 172685507
1504 3137 172685507
1863 1504 172685507
1863 3496 172685507
3137 1504 172685507
3137 3496 172685507
3496 1863 172685507
3496 3137 172685507
964 1427 90036301
964 3573 90036301
1427 964 90036301
1427 4036 90036301
3573 964 90036301
3573 4036 90036301
4036 1427 90036301
4036 3573 90036301
872 2321 17523413
872 2679 17523413
2321 872 17523413
2321 4128 17523413
2679 872 17523413
2679 4128 17523413
4128 2321 17523413
4128 2679 17523413
879 2424 3016021
879 2576 3016021
2424 879 3016021
2424 4121 3016021
2576 879 3016021
2576 4121 3016021
4121 2424 3016021
4121 2576 3016021
951 2361 18475260
951 2639 18475260
2361 951 18475260
2361 4049 18475260
2639 951 18475260
2639 4049 18475260
4049 2361 18475260
4049 2639 18475260
867 1607 18873451
867 3393 18873451
1607 867 18873451
1607 4133 18873451
3393 867 18873451
3393 4133 18873451
4133 1607 18873451
4133 3393 18873451
930 2441 38988616
930 2559 38988616
2441 930 38988616
2441 4070 38988616
2559 930 38988616
2559 4070 38988616
4070 2441 38988616
4070 2559 38988616
2248 2500 26654725
2500 2248 26654725
2500 2752 26654725
2752 2500 26654725
2249 2486 68172907
2249 2514 68172907
2486 2249 68172907
2486 2751 68172907
2514 2249 68172907
2514 2751 68172907
2751 2486 68172907
2751 2514 68172907
870 1609 130336841
870 3391 130336841
1609 870 130336841
1609 4130 130336841
3391 870 130336841
3391 4130 130336841
4130 1609 130336841
4130 3391 130336841
966 2423 4769265
966 2577 4769265
2423 966 4769265
2423 4034 4769265
2577 966 4769265
2577 4034 4769265
4034 2423 4769265
4034 2577 4769265
990 2347 16512389
990 2653 16512389
2347 990 16512389
2347 4010 16512389
2653 990 16512389
2653 4010 16512389
4010 2347 16512389
4010 2653 16512389
808 2280 2006
808 2720 2006
2280 808 2006
2280 4192 2006
2720 808 2006
2720 4192 2006
4192 2280 2006
4192 2720 2006
978 2320 34235399
978 2680 34235399
2320 978 34235399
2320 4022 34235399
2680 978 34235399
2680 4022 34235399
4022 2320 34235399
4022 2680 34235399
877 1585 114834473
877 3415 114834473
1585 877 114834473
1585 4123 114834473
3415 877 114834473
3415 4123 114834473
4123 1585 114834473
4123 3415 114834473
1927 2499 44427885
1927 2501 44427885
2499 1927 44427885
2499 3073 44427885
2501 1927 44427885
2501 3073 44427885
3073 2499 44427885
3073 2501 44427885
978 1658 42538233
978 3342 42538233
1658 978 42538233
1658 4022 42538233
3342 978 42538233
3342 4022 42538233
4022 1658 42538233
4022 3342 42538233
899 2390 32380852
899 2610 32380852
2390 899 32380852
2390 4101 32380852
2610 899 32380852
2610 4101 32380852
4101 2390 32380852
4101 2610 32380852
841 2466 71267162
841 2534 71267162
2466 841 71267162
2466 4159 71267162
2534 841 71267162
2534 4159 71267162
4159 2466 71267162
4159 2534 71267162
1373 1779 53340543
1373 3221 53340543
1779 1373 53340543
1779 3627 53340543
3221 1373 53340543
3221 3627 53340543
3627 1779 53340543
3627 3221 53340543
963 1850 10954766
963 3150 10954766
1850 963 10954766
1850 4037 10954766
3150 963 10954766
3150 4037 10954766
4037 1850 10954766
4037 3150 10954766
954 1838 15886517
954 3162 15886517
1838 954 15886517
1838 4046 15886517
3162 954 15886517
3162 4046 15886517
4046 1838 15886517
4046 3162 15886517
824 1557 74724503
824 3443 74724503
1557 824 74724503
1557 4176 74724503
3443 824 74724503
3443 4176 74724503
4176 1557 74724503
4176 3443 74724503
883 1652 32605524
883 3348 32605524
1652 883 32605524
1652 4117 32605524
3348 883 32605524
3348 4117 32605524
4117 1652 32605524
4117 3348 32605524
911 1533 45812025
911 3467 45812025
1533 911 45812025
1533 4089 45812025
3467 911 45812025
3467 4089 45812025
4089 1533 45812025
4089 3467 45812025
891 1475 30851277
891 3525 30851277
1475 891 30851277
1475 4109 30851277
3525 891 30851277
3525 4109 30851277
4109 1475 30851277
4109 3525 30851277
914 1594 91783527
914 3406 91783527
1594 914 91783527
1594 4086 91783527
3406 914 91783527
3406 4086 91783527
4086 1594 91783527
4086 3406 91783527
833 1571 18290708
833 3429 18290708
1571 833 18290708
1571 4167 18290708
3429 833 18290708
3429 4167 18290708
4167 1571 18290708
4167 3429 18290708
2224 2500 37367768
2500 2224 37367768
2500 2776 37367768
2776 2500 37367768
2283 2481 79629173
2283 2519 79629173
2481 2283 79629173
2481 2717 79629173
2519 2283 79629173
2519 2717 79629173
2717 2481 79629173
2717 2519 79629173
902 1620 9321882
902 3380 9321882
1620 902 9321882
1620 4098 9321882
3380 902 9321882
3380 4098 9321882
4098 1620 9321882
4098 3380 9321882
893 1645 8241651
893 3355 8241651
1645 893 8241651
1645 4107 8241651
3355 893 8241651
3355 4107 8241651
4107 1645 8241651
4107 3355 8241651
2130 2390 2006
2130 2610 2006
2390 2130 2006
2390 2870 2006
2610 2130 2006
2610 2870 2006
2870 2390 2006
2870 2610 2006
1571 1816 155918356
1571 3184 155918356
1816 1571 155918356
1816 3429 155918356
3184 1571 155918356
3184 3429 155918356
3429 1816 155918356
3429 3184 155918356
923 1487 29301642
923 3513 29301642
1487 923 29301642
1487 4077 29301642
3513 923 29301642
3513 4077 29301642
4077 1487 29301642
4077 3513 29301642
1648 2294 90241916
1648 2706 90241916
2294 1648 90241916
2294 3352 90241916
2706 1648 90241916
2706 3352 90241916
3352 2294 90241916
3352 2706 90241916
891 1544 39527227
891 3456 39527227
1544 891 39527227
1544 4109 39527227
3456 891 39527227
3456 4109 39527227
4109 1544 39527227
4109 3456 39527227
1662 2330 3134375
1662 2670 3134375
2330 1662 3134375
2330 3338 3134375
2670 1662 3134375
2670 3338 3134375
3338 2330 3134375
3338 2670 3134375
912 1467 65257186
912 3533 65257186
1467 912 65257186
1467 4088 65257186
3533 912 65257186
3533 4088 65257186
4088 1467 65257186
4088 3533 65257186
833 2248 40747878
833 2752 40747878
2248 833 40747878
2248 4167 40747878
2752 833 40747878
2752 4167 40747878
4167 2248 40747878
4167 2752 40747878
1231 1620 17838355
1231 3380 17838355
1620 1231 17838355
1620 3769 17838355
3380 1231 17838355
3380 3769 17838355
3769 1620 17838355
3769 3380 17838355
1604 2417 47664566
1604 2583 47664566
2417 1604 47664566
2417 3396 47664566
2583 1604 47664566
2583 3396 47664566
3396 2417 47664566
3396 2583 47664566
1717 2383 4132360
1717 2617 4132360
2383 1717 4132360
2383 3283 4132360
2617 1717 4132360
2617 3283 4132360
3283 2383 4132360
3283 2617 4132360
1632 1750 382224243
1632 3250 382224243
1750 1632 382224243
1750 3368 382224243
3250 1632 382224243
3250 3368 382224243
3368 1750 382224243
3368 3250 382224243
1630 1742 41478062
1630 3258 41478062
1742 1630 41478062
1742 3370 41478062
3258 1630 41478062
3258 3370 41478062
3370 1742 41478062
3370 3258 41478062
1797 2405 356621665
1797 2595 356621665
2405 1797 356621665
2405 3203 356621665
2595 1797 356621665
2595 3203 356621665
3203 2405 356621665
3203 2595 356621665
820 2336 18256606
820 2664 18256606
2336 820 18256606
2336 4180 18256606
2664 820 18256606
2664 4180 18256606
4180 2336 18256606
4180 2664 18256606
1086 2008 23434092
1086 2992 23434092
2008 1086 23434092
2008 3914 23434092
2992 1086 23434092
2992 3914 23434092
3914 2008 23434092
3914 2992 23434092
1953 2225 3220633
1953 2775 3220633
2225 1953 3220633
2225 3047 3220633
2775 1953 3220633
2775 3047 3220633
3047 2225 3220633
3047 2775 3220633
1997 2034 57629371
1997 2966 57629371
2034 1997 57629371
2034 3003 57629371
2966 1997 57629371
2966 3003 57629371
3003 2034 57629371
3003 2966 57629371
1158 1539 77679341
1158 3461 77679341
1539 1158 77679341
1539 3842 77679341
3461 1158 77679341
3461 3842 77679341
3842 1539 77679341
3842 3461 77679341
954 2275 6605758
954 2725 6605758
2275 954 6605758
2275 4046 6605758
2725 954 6605758
2725 4046 6605758
4046 2275 6605758
4046 2725 6605758
1151 2015 16295741
1151 2985 16295741
2015 1151 16295741
2015 3849 16295741
2985 1151 16295741
2985 3849 16295741
3849 2015 16295741
3849 2985 16295741
985 1945 51056712
985 3055 51056712
1945 985 51056712
1945 4015 51056712
3055 985 51056712
3055 4015 51056712
4015 1945 51056712
4015 3055 51056712
990 1968 109565714
990 3032 109565714
1968 990 109565714
1968 4010 109565714
3032 990 109565714
3032 4010 109565714
4010 1968 109565714
4010 3032 109565714
2107 2446 826472
2107 2554 826472
2446 2107 826472
2446 2893 826472
2554 2107 826472
2554 2893 826472
2893 2446 826472
2893 2554 826472
999 1428 28867343
999 3572 28867343
1428 999 28867343
1428 4001 28867343
3572 999 28867343
3572 4001 28867343
4001 1428 28867343
4001 3572 28867343
987 2499 35007709
987 2501 35007709
2499 987 35007709
2499 4013 35007709
2501 987 35007709
2501 4013 35007709
4013 2499 35007709
4013 2501 35007709
1976 2266 68320348
1976 2734 68320348
2266 1976 68320348
2266 3024 68320348
2734 1976 68320348
2734 3024 68320348
3024 2266 68320348
3024 2734 68320348
1180 1570 55083757
1180 3430 55083757
1570 1180 55083757
1570 3820 55083757
3430 1180 55083757
3430 3820 55083757
3820 1570 55083757
3820 3430 55083757
979 1398 22904508
979 3602 22904508
1398 979 22904508
1398 4021 22904508
3602 979 22904508
3602 4021 22904508
4021 1398 22904508
4021 3602 22904508
2211 2491 10807325
2211 2509 10807325
2491 2211 10807325
2491 2789 10807325
2509 2211 10807325
2509 2789 10807325
2789 2491 10807325
2789 2509 10807325
1660 2131 104251820
1660 2869 104251820
2131 1660 104251820
2131 3340 104251820
2869 1660 104251820
2869 3340 104251820
3340 2131 104251820
3340 2869 104251820
949 2435 34170204
949 2565 34170204
2435 949 34170204
2435 4051 34170204
2565 949 34170204
2565 4051 34170204
4051 2435 34170204
4051 2565 34170204
936 1599 9680956
936 3401 9680956
1599 936 9680956
1599 4064 9680956
3401 936 9680956
3401 4064 9680956
4064 1599 9680956
4064 3401 9680956
941 2458 7357005
941 2542 7357005
2458 941 7357005
2458 4059 7357005
2542 941 7357005
2542 4059 7357005
4059 2458 7357005
4059 2542 7357005
859 1634 28167249
859 3366 28167249
1634 859 28167249
1634 4141 28167249
3366 859 28167249
3366 4141 28167249
4141 1634 28167249
4141 3366 28167249
1375 1799 44214246
1375 3201 44214246
1799 1375 44214246
1799 3625 44214246
3201 1375 44214246
3201 3625 44214246
3625 1799 44214246
3625 3201 44214246
934 2402 10436215
934 2598 10436215
2402 934 10436215
2402 4066 10436215
2598 934 10436215
2598 4066 10436215
4066 2402 10436215
4066 2598 10436215
930 2430 15102171
930 2570 15102171
2430 930 15102171
2430 4070 15102171
2570 930 15102171
2570 4070 15102171
4070 2430 15102171
4070 2570 15102171
944 1492 19081072
944 3508 19081072
1492 944 19081072
1492 4056 19081072
3508 944 19081072
3508 4056 19081072
4056 1492 19081072
4056 3508 19081072
986 2333 39796031
986 2667 39796031
2333 986 39796031
2333 4014 39796031
2667 986 39796031
2667 4014 39796031
4014 2333 39796031
4014 2667 39796031
908 2280 16973769
908 2720 16973769
2280 908 16973769
2280 4092 16973769
2720 908 16973769
2720 4092 16973769
4092 2280 16973769
4092 2720 16973769
912 2264 14840388
912 2736 14840388
2264 912 14840388
2264 4088 14840388
2736 912 14840388
2736 4088 14840388
4088 2264 14840388
4088 2736 14840388
942 2373 25170285
942 2627 25170285
2373 942 25170285
2373 4058 25170285
2627 942 25170285
2627 4058 25170285
4058 2373 25170285
4058 2627 25170285
953 2375 34321657
953 2625 34321657
2375 953 34321657
2375 4047 34321657
2625 953 34321657
2625 4047 34321657
4047 2375 34321657
4047 2625 34321657
1497 2092 13146321
1497 2908 13146321
2092 1497 13146321
2092 3503 13146321
2908 1497 13146321
2908 3503 13146321
3503 2092 13146321
3503 2908 13146321
933 1731 71642284
933 3269 71642284
1731 933 71642284
1731 4067 71642284
3269 933 71642284
3269 4067 71642284
4067 1731 71642284
4067 3269 71642284
921 1506 4250714
921 3494 4250714
1506 921 4250714
1506 4079 4250714
3494 921 4250714
3494 4079 4250714
4079 1506 4250714
4079 3494 4250714
960 2361 12241615
960 2639 12241615
2361 960 12241615
2361 4040 12241615
2639 960 12241615
2639 4040 12241615
4040 2361 12241615
4040 2639 12241615
942 1611 43419870
942 3389 43419870
1611 942 43419870
1611 4058 43419870
3389 942 43419870
3389 4058 43419870
4058 1611 43419870
4058 3389 43419870
913 1500 32050865
913 3500 32050865
1500 913 32050865
1500 4087 32050865
3500 913 32050865
3500 4087 32050865
4087 1500 32050865
4087 3500 32050865
950 1451 15883508
950 3549 15883508
1451 950 15883508
1451 4050 15883508
3549 950 15883508
3549 4050 15883508
4050 1451 15883508
4050 3549 15883508
843 2490 82969163
843 2510 82969163
2490 843 82969163
2490 4157 82969163
2510 843 82969163
2510 4157 82969163
4157 2490 82969163
4157 2510 82969163
1230 1637 162110878
1230 3363 162110878
1637 1230 162110878
1637 3770 162110878
3363 1230 162110878
3363 3770 162110878
3770 1637 162110878
3770 3363 162110878
2132 2383 2086240
2132 2617 2086240
2383 2132 2086240
2383 2868 2086240
2617 2132 2086240
2617 2868 2086240
2868 2383 2086240
2868 2617 2086240
1610 2224 150057827
1610 2776 150057827
2224 1610 150057827
2224 3390 150057827
2776 1610 150057827
2776 3390 150057827
3390 2224 150057827
3390 2776 150057827
945 1561 77683353
945 3439 77683353
1561 945 77683353
1561 4055 77683353
3439 945 77683353
3439 4055 77683353
4055 1561 77683353
4055 3439 77683353
907 2447 93279
907 2553 93279
2447 907 93279
2447 4093 93279
2553 907 93279
2553 4093 93279
4093 2447 93279
4093 2553 93279
2238 2442 75038442
2238 2558 75038442
2442 2238 75038442
2442 2762 75038442
2558 2238 75038442
2558 2762 75038442
2762 2442 75038442
2762 2558 75038442
901 2339 30437038
901 2661 30437038
2339 901 30437038
2339 4099 30437038
2661 901 30437038
2661 4099 30437038
4099 2339 30437038
4099 2661 30437038
927 2315 77185865
927 2685 77185865
2315 927 77185865
2315 4073 77185865
2685 927 77185865
2685 4073 77185865
4073 2315 77185865
4073 2685 77185865
874 1664 24031880
874 3336 24031880
1664 874 24031880
1664 4126 24031880
3336 874 24031880
3336 4126 24031880
4126 1664 24031880
4126 3336 24031880
1769 2370 34368798
1769 2630 34368798
2370 1769 34368798
2370 3231 34368798
2630 1769 34368798
2630 3231 34368798
3231 2370 34368798
3231 2630 34368798
927 1411 13637791
927 3589 13637791
1411 927 13637791
1411 4073 13637791
3589 927 13637791
3589 4073 13637791
4073 1411 13637791
4073 3589 13637791
872 1512 27309684
872 3488 27309684
1512 872 27309684
1512 4128 27309684
3488 872 27309684
3488 4128 27309684
4128 1512 27309684
4128 3488 27309684
1592 1804 162675567
1592 3196 162675567
1804 1592 162675567
1804 3408 162675567
3196 1592 162675567
3196 3408 162675567
3408 1804 162675567
3408 3196 162675567
834 1619 4256732
834 3381 4256732
1619 834 4256732
1619 4166 4256732
3381 834 4256732
3381 4166 4256732
4166 1619 4256732
4166 3381 4256732
964 1589 12135297
964 3411 12135297
1589 964 12135297
1589 4036 12135297
3411 964 12135297
3411 4036 12135297
4036 1589 12135297
4036 3411 12135297
1663 1746 460663858
1663 3254 460663858
1746 1663 460663858
1746 3337 460663858
3254 1663 460663858
3254 3337 460663858
3337 1746 460663858
3337 3254 460663858
895 1540 42959493
895 3460 42959493
1540 895 42959493
1540 4105 42959493
3460 895 42959493
3460 4105 42959493
4105 1540 42959493
4105 3460 42959493
872 1552 40891307
872 3448 40891307
1552 872 40891307
1552 4128 40891307
3448 872 40891307
3448 4128 40891307
4128 1552 40891307
4128 3448 40891307
930 2499 19219486
930 2501 19219486
2499 930 19219486
2499 4070 19219486
2501 930 19219486
2501 4070 19219486
4070 2499 19219486
4070 2501 19219486
960 1541 16439170
960 3459 16439170
1541 960 16439170
1541 4040 16439170
3459 960 16439170
3459 4040 16439170
4040 1541 16439170
4040 3459 16439170
1672 2343 72295237
1672 2657 72295237
2343 1672 72295237
2343 3328 72295237
2657 1672 72295237
2657 3328 72295237
3328 2343 72295237
3328 2657 72295237
830 2470 16241579
830 2530 16241579
2470 830 16241579
2470 4170 16241579
2530 830 16241579
2530 4170 16241579
4170 2470 16241579
4170 2530 16241579
850 2491 7951784
850 2509 7951784
2491 850 7951784
2491 4150 7951784
2509 850 7951784
2509 4150 7951784
4150 2491 7951784
4150 2509 7951784
1531 1846 413130685
1531 3154 413130685
1846 1531 413130685
1846 3469 413130685
3154 1531 413130685
3154 3469 413130685
3469 1846 413130685
3469 3154 413130685
1690 2327 10602713
1690 2673 10602713
2327 1690 10602713
2327 3310 10602713
2673 1690 10602713
2673 3310 10602713
3310 2327 10602713
3310 2673 10602713
1680 2333 38990622
1680 2667 38990622
2333 1680 38990622
2333 3320 38990622
2667 1680 38990622
2667 3320 38990622
3320 2333 38990622
3320 2667 38990622
952 1322 1787346
952 3678 1787346
1322 952 1787346
1322 4048 1787346
3678 952 1787346
3678 4048 1787346
4048 1322 1787346
4048 3678 1787346
915 1548 56995475
915 3452 56995475
1548 915 56995475
1548 4085 56995475
3452 915 56995475
3452 4085 56995475
4085 1548 56995475
4085 3452 56995475
1698 2286 87375342
1698 2714 87375342
2286 1698 87375342
2286 3302 87375342
2714 1698 87375342
2714 3302 87375342
3302 2286 87375342
3302 2714 87375342
1520 1854 237078107
1520 3146 237078107
1854 1520 237078107
1854 3480 237078107
3146 1520 237078107
3146 3480 237078107
3480 1854 237078107
3480 3146 237078107
2259 2461 90577921
2259 2539 90577921
2461 2259 90577921
2461 2741 90577921
2539 2259 90577921
2539 2741 90577921
2741 2461 90577921
2741 2539 90577921
1583 1794 128458222
1583 3206 128458222
1794 1583 128458222
1794 3417 128458222
3206 1583 128458222
3206 3417 128458222
3417 1794 128458222
3417 3206 128458222
2001 2020 440317
2001 2980 440317
2020 2001 440317
2020 2999 440317
2980 2001 440317
2980 2999 440317
2999 2020 440317
2999 2980 440317
1079 2476 22272618
1079 2524 22272618
2476 1079 22272618
2476 3921 22272618
2524 1079 22272618
2524 3921 22272618
3921 2476 22272618
3921 2524 22272618
1142 2025 2006
1142 2975 2006
2025 1142 2006
2025 3858 2006
2975 1142 2006
2975 3858 2006
3858 2025 2006
3858 2975 2006
967 2131 9998907
967 2869 9998907
2131 967 9998907
2131 4033 9998907
2869 967 9998907
2869 4033 9998907
4033 2131 9998907
4033 2869 9998907
1533 2091 5614794
1533 2909 5614794
2091 1533 5614794
2091 3467 5614794
2909 1533 5614794
2909 3467 5614794
3467 2091 5614794
3467 2909 5614794
980 1957 8252684
980 3043 8252684
1957 980 8252684
1957 4020 8252684
3043 980 8252684
3043 4020 8252684
4020 1957 8252684
4020 3043 8252684
965 2126 109435324
965 2874 109435324
2126 965 109435324
2126 4035 109435324
2874 965 109435324
2874 4035 109435324
4035 2126 109435324
4035 2874 109435324
1189 1584 55893178
1189 3416 55893178
1584 1189 55893178
1584 3811 55893178
3416 1189 55893178
3416 3811 55893178
3811 1584 55893178
3811 3416 55893178
903 2278 28706863
903 2722 28706863
2278 903 28706863
2278 4097 28706863
2722 903 28706863
2722 4097 28706863
4097 2278 28706863
4097 2722 28706863
2024 2282 114493453
2024 2718 114493453
2282 2024 114493453
2282 2976 114493453
2718 2024 114493453
2718 2976 114493453
2976 2282 114493453
2976 2718 114493453
978 2388 12419146
978 2612 12419146
2388 978 12419146
2388 4022 12419146
2612 978 12419146
2612 4022 12419146
4022 2388 12419146
4022 2612 12419146
967 1393 20811247
967 3607 20811247
1393 967 20811247
1393 4033 20811247
3607 967 20811247
3607 4033 20811247
4033 1393 20811247
4033 3607 20811247
947 2297 37716812
947 2703 37716812
2297 947 37716812
2297 4053 37716812
2703 947 37716812
2703 4053 37716812
4053 2297 37716812
4053 2703 37716812
1632 1775 2689043
1632 3225 2689043
1775 1632 2689043
1775 3368 2689043
3225 1632 2689043
3225 3368 2689043
3368 1775 2689043
3368 3225 2689043
989 2342 26674785
989 2658 26674785
2342 989 26674785
2342 4011 26674785
2658 989 26674785
2658 4011 26674785
4011 2342 26674785
4011 2658 26674785
1520 2096 34776016
1520 2904 34776016
2096 1520 34776016
2096 3480 34776016
2904 1520 34776016
2904 3480 34776016
3480 2096 34776016
3480 2904 34776016
797 2369 42317573
797 2631 42317573
2369 797 42317573
2369 4203 42317573
2631 797 42317573
2631 4203 42317573
4203 2369 42317573
4203 2631 42317573
988 2492 16151309
988 2508 16151309
2492 988 16151309
2492 4012 16151309
2508 988 16151309
2508 4012 16151309
4012 2492 16151309
4012 2508 16151309
1971 2268 124800281
1971 2732 124800281
2268 1971 124800281
2268 3029 124800281
2732 1971 124800281
2732 3029 124800281
3029 2268 124800281
3029 2732 124800281
929 1628 103270886
929 3372 103270886
1628 929 103270886
1628 4071 103270886
3372 929 103270886
3372 4071 103270886
4071 1628 103270886
4071 3372 103270886
992 1638 31024796
992 3362 31024796
1638 992 31024796
1638 4008 31024796
3362 992 31024796
3362 4008 31024796
4008 1638 31024796
4008 3362 31024796
941 2151 14722034
941 2849 14722034
2151 941 14722034
2151 4059 14722034
2849 941 14722034
2849 4059 14722034
4059 2151 14722034
4059 2849 14722034
924 2472 14965763
924 2528 14965763
2472 924 14965763
2472 4076 14965763
2528 924 14965763
2528 4076 14965763
4076 2472 14965763
4076 2528 14965763
882 1690 34255459
882 3310 34255459
1690 882 34255459
1690 4118 34255459
3310 882 34255459
3310 4118 34255459
4118 1690 34255459
4118 3310 34255459
1482 1875 156329586
1482 3125 156329586
1875 1482 156329586
1875 3518 156329586
3125 1482 156329586
3125 3518 156329586
3518 1875 156329586
3518 3125 156329586
1217 1622 12816334
1217 3378 12816334
1622 1217 12816334
1622 3783 12816334
3378 1217 12816334
3378 3783 12816334
3783 1622 12816334
3783 3378 12816334
883 1501 24502287
883 3499 24502287
1501 883 24502287
1501 4117 24502287
3499 883 24502287
3499 4117 24502287
4117 1501 24502287
4117 3499 24502287
1620 2424 83690320
1620 2576 83690320
2424 1620 83690320
2424 3380 83690320
2576 1620 83690320
2576 3380 83690320
3380 2424 83690320
3380 2576 83690320
989 2464 59802872
989 2536 59802872
2464 989 59802872
2464 4011 59802872
2536 989 59802872
2536 4011 59802872
4011 2464 59802872
4011 2536 59802872
831 1639 55453864
831 3361 55453864
1639 831 55453864
1639 4169 55453864
3361 831 55453864
3361 4169 55453864
4169 1639 55453864
4169 3361 55453864
850 1644 32822172
850 3356 32822172
1644 850 32822172
1644 4150 32822172
3356 850 32822172
3356 4150 32822172
4150 1644 32822172
4150 3356 32822172
808 2358 45938403
808 2642 45938403
2358 808 45938403
2358 4192 45938403
2642 808 45938403
2642 4192 45938403
4192 2358 45938403
4192 2642 45938403
908 2340 39682692
908 2660 39682692
2340 908 39682692
2340 4092 39682692
2660 908 39682692
2660 4092 39682692
4092 2340 39682692
4092 2660 39682692
896 1511 24215429
896 3489 24215429
1511 896 24215429
1511 4104 24215429
3489 896 24215429
3489 4104 24215429
4104 1511 24215429
4104 3489 24215429
920 2470 4236672
920 2530 4236672
2470 920 4236672
2470 4080 4236672
2530 920 4236672
2530 4080 4236672
4080 2470 4236672
4080 2530 4236672
927 1589 6506461
927 3411 6506461
1589 927 6506461
1589 4073 6506461
3411 927 6506461
3411 4073 6506461
4073 1589 6506461
4073 3411 6506461
911 1524 57820944
911 3476 57820944
1524 911 57820944
1524 4089 57820944
3476 911 57820944
3476 4089 57820944
4089 1524 57820944
4089 3476 57820944
909 1523 17452200
909 3477 17452200
1523 909 17452200
1523 4091 17452200
3477 909 17452200
3477 4091 17452200
4091 1523 17452200
4091 3477 17452200
975 1426 24411014
975 3574 24411014
1426 975 24411014
1426 4025 24411014
3574 975 24411014
3574 4025 24411014
4025 1426 24411014
4025 3574 24411014
880 1567 52031628
880 3433 52031628
1567 880 52031628
1567 4120 52031628
3433 880 52031628
3433 4120 52031628
4120 1567 52031628
4120 3433 52031628
925 1447 75794704
925 3553 75794704
1447 925 75794704
1447 4075 75794704
3553 925 75794704
3553 4075 75794704
4075 1447 75794704
4075 3553 75794704
811 2355 2006
811 2645 2006
2355 811 2006
2355 4189 2006
2645 811 2006
2645 4189 2006
4189 2355 2006
4189 2645 2006
2219 2442 60020523
2219 2558 60020523
2442 2219 60020523
2442 2781 60020523
2558 2219 60020523
2558 2781 60020523
2781 2442 60020523
2781 2558 60020523
968 1639 64313363
968 3361 64313363
1639 968 64313363
1639 4032 64313363
3361 968 64313363
3361 4032 64313363
4032 1639 64313363
4032 3361 64313363
1355 1766 17765136
1355 3234 17765136
1766 1355 17765136
1766 3645 17765136
3234 1355 17765136
3234 3645 17765136
3645 1766 17765136
3645 3234 17765136
1587 2191 11789262
1587 2809 11789262
2191 1587 11789262
2191 3413 11789262
2809 1587 11789262
2809 3413 11789262
3413 2191 11789262
3413 2809 11789262
918 1464 60834959
918 3536 60834959
1464 918 60834959
1464 4082 60834959
3536 918 60834959
3536 4082 60834959
4082 1464 60834959
4082 3536 60834959
1302 1715 15127246
1302 3285 15127246
1715 1302 15127246
1715 3698 15127246
3285 1302 15127246
3285 3698 15127246
3698 1715 15127246
3698 3285 15127246
900 1516 35986637
900 3484 35986637
1516 900 35986637
1516 4100 35986637
3484 900 35986637
3484 4100 35986637
4100 1516 35986637
4100 3484 35986637
865 1558 2006
865 3442 2006
1558 865 2006
1558 4135 2006
3442 865 2006
3442 4135 2006
4135 1558 2006
4135 3442 2006
1627 1779 43239330
1627 3221 43239330
1779 1627 43239330
1779 3373 43239330
3221 1627 43239330
3221 3373 43239330
3373 1779 43239330
3373 3221 43239330
957 2373 19593605
957 2627 19593605
2373 957 19593605
2373 4043 19593605
2627 957 19593605
2627 4043 19593605
4043 2373 19593605
4043 2627 19593605
947 1604 511530
947 3396 511530
1604 947 511530
1604 4053 511530
3396 947 511530
3396 4053 511530
4053 1604 511530
4053 3396 511530
1668 1742 105023127
1668 3258 105023127
1742 1668 105023127
1742 3332 105023127
3258 1668 105023127
3258 3332 105023127
3332 1742 105023127
3332 3258 105023127
1662 2375 2006
1662 2625 2006
2375 1662 2006
2375 3338 2006
2625 1662 2006
2625 3338 2006
3338 2375 2006
3338 2625 2006
959 2434 23024868
959 2566 23024868
2434 959 23024868
2434 4041 23024868
2566 959 23024868
2566 4041 23024868
4041 2434 23024868
4041 2566 23024868
1686 2289 110859584
1686 2711 110859584
2289 1686 110859584
2289 3314 110859584
2711 1686 110859584
2711 3314 110859584
3314 2289 110859584
3314 2711 110859584
2115 2446 63133835
2115 2554 63133835
2446 2115 63133835
2446 2885 63133835
2554 2115 63133835
2554 2885 63133835
2885 2446 63133835
2885 2554 63133835
1479 1870 114478408
1479 3130 114478408
1870 1479 114478408
1870 3521 114478408
3130 1479 114478408
3130 3521 114478408
3521 1870 114478408
3521 3130 114478408
2169 2426 2006
2169 2574 2006
2426 2169 2006
2426 2831 2006
2574 2169 2006
2574 2831 2006
2831 2426 2006
2831 2574 2006
911 1487 43483059
911 3513 43483059
1487 911 43483059
1487 4089 43483059
3513 911 43483059
3513 4089 43483059
4089 1487 43483059
4089 3513 43483059
833 1537 68807806
833 3463 68807806
1537 833 68807806
1537 4167 68807806
3463 833 68807806
3463 4167 68807806
4167 1537 68807806
4167 3463 68807806
1640 2252 80465675
1640 2748 80465675
2252 1640 80465675
2252 3360 80465675
2748 1640 80465675
2748 3360 80465675
3360 2252 80465675
3360 2748 80465675
1636 2259 14195459
1636 2741 14195459
2259 1636 14195459
2259 3364 14195459
2741 1636 14195459
2741 3364 14195459
3364 2259 14195459
3364 2741 14195459
896 1593 8119285
896 3407 8119285
1593 896 8119285
1593 4104 8119285
3407 896 8119285
3407 4104 8119285
4104 1593 8119285
4104 3407 8119285
1630 2316 3109300
1630 2684 3109300
2316 1630 3109300
2316 3370 3109300
2684 1630 3109300
2684 3370 3109300
3370 2316 3109300
3370 2684 3109300
955 1678 2011015
955 3322 2011015
1678 955 2011015
1678 4045 2011015
3322 955 2011015
3322 4045 2011015
4045 1678 2011015
4045 3322 2011015
2239 2499 49520116
2239 2501 49520116
2499 2239 49520116
2499 2761 49520116
2501 2239 49520116
2501 2761 49520116
2761 2499 49520116
2761 2501 49520116
960 1452 34863277
960 3548 34863277
1452 960 34863277
1452 4040 34863277
3548 960 34863277
3548 4040 34863277
4040 1452 34863277
4040 3548 34863277
1604 1750 1296879
1604 3250 1296879
1750 1604 1296879
1750 3396 1296879
3250 1604 1296879
3250 3396 1296879
3396 1750 1296879
3396 3250 1296879
1793 2396 109202628
1793 2604 109202628
2396 1793 109202628
2396 3207 109202628
2604 1793 109202628
2604 3207 109202628
3207 2396 109202628
3207 2604 109202628
873 1580 8835427
873 3420 8835427
1580 873 8835427
1580 4127 8835427
3420 873 8835427
3420 4127 8835427
4127 1580 8835427
4127 3420 8835427
2269 2491 80913013
2269 2509 80913013
2491 2269 80913013
2491 2731 80913013
2509 2269 80913013
2509 2731 80913013
2731 2491 80913013
2731 2509 80913013
970 1844 22835301
970 3156 22835301
1844 970 22835301
1844 4030 22835301
3156 970 22835301
3156 4030 22835301
4030 1844 22835301
4030 3156 22835301
1760 2417 2006
1760 2583 2006
2417 1760 2006
2417 3240 2006
2583 1760 2006
2583 3240 2006
3240 2417 2006
3240 2583 2006
1712 2430 2006
1712 2570 2006
2430 1712 2006
2430 3288 2006
2570 1712 2006
2570 3288 2006
3288 2430 2006
3288 2570 2006
2290 2472 655962
2290 2528 655962
2472 2290 655962
2472 2710 655962
2528 2290 655962
2528 2710 655962
2710 2472 655962
2710 2528 655962
1057 2005 23930577
1057 2995 23930577
2005 1057 23930577
2005 3943 23930577
2995 1057 23930577
2995 3943 23930577
3943 2005 23930577
3943 2995 23930577
1050 2007 3346008
1050 2993 3346008
2007 1050 3346008
2007 3950 3346008
2993 1050 3346008
2993 3950 3346008
3950 2007 3346008
3950 2993 3346008
1054 2010 13923646
1054 2990 13923646
2010 1054 13923646
2010 3946 13923646
2990 1054 13923646
2990 3946 13923646
3946 2010 13923646
3946 2990 13923646
1040 2007 12277723
1040 2993 12277723
2007 1040 12277723
2007 3960 12277723
2993 1040 12277723
2993 3960 12277723
3960 2007 12277723
3960 2993 12277723
1036 2010 32490179
1036 2990 32490179
2010 1036 32490179
2010 3964 32490179
2990 1036 32490179
2990 3964 32490179
3964 2010 32490179
3964 2990 32490179
1004 2304 331993
1004 2696 331993
2304 1004 331993
2304 3996 331993
2696 1004 331993
2696 3996 331993
3996 2304 331993
3996 2696 331993
1009 2190 2006
1009 2810 2006
2190 1009 2006
2190 3991 2006
2810 1009 2006
2810 3991 2006
3991 2190 2006
3991 2810 2006
1011 2212 568701
1011 2788 568701
2212 1011 568701
2212 3989 568701
2788 1011 568701
2788 3989 568701
3989 2212 568701
3989 2788 568701
810 1989 1812421
810 3011 1812421
1989 810 1812421
1989 4190 1812421
3011 810 1812421
3011 4190 1812421
4190 1989 1812421
4190 3011 1812421
1476 2090 14495356
1476 2910 14495356
2090 1476 14495356
2090 3524 14495356
2910 1476 14495356
2910 3524 14495356
3524 2090 14495356
3524 2910 14495356
1001 2361 1582734
1001 2639 1582734
2361 1001 1582734
2361 3999 1582734
2639 1001 1582734
2639 3999 1582734
3999 2361 1582734
3999 2639 1582734
1908 2495 2453338
1908 2505 2453338
2495 1908 2453338
2495 3092 2453338
2505 1908 2453338
2505 3092 2453338
3092 2495 2453338
3092 2505 2453338
1080 1999 27771064
1080 3001 27771064
1999 1080 27771064
1999 3920 27771064
3001 1080 27771064
3001 3920 27771064
3920 1999 27771064
3920 3001 27771064
1491 2123 38646593
1491 2877 38646593
2123 1491 38646593
2123 3509 38646593
2877 1491 38646593
2877 3509 38646593
3509 2123 38646593
3509 2877 38646593
1062 2002 5167456
1062 2998 5167456
2002 1062 5167456
2002 3938 5167456
2998 1062 5167456
2998 3938 5167456
3938 2002 5167456
3938 2998 5167456
1779 2106 28695830
1779 2894 28695830
2106 1779 28695830
2106 3221 28695830
2894 1779 28695830
2894 3221 28695830
3221 2106 28695830
3221 2894 28695830
1144 2017 9423185
1144 2983 9423185
2017 1144 9423185
2017 3856 9423185
2983 1144 9423185
2983 3856 9423185
3856 2017 9423185
3856 2983 9423185
1448 1893 112721152
1448 3107 112721152
1893 1448 112721152
1893 3552 112721152
3107 1448 112721152
3107 3552 112721152
3552 1893 112721152
3552 3107 112721152
1993 1993 109575744
1993 3007 109575744
3007 1993 109575744
3007 3007 109575744
1363 1799 7490404
1363 3201 7490404
1799 1363 7490404
1799 3637 7490404
3201 1363 7490404
3201 3637 7490404
3637 1799 7490404
3637 3201 7490404
1083 2007 3921730
1083 2993 3921730
2007 1083 3921730
2007 3917 3921730
2993 1083 3921730
2993 3917 3921730
3917 2007 3921730
3917 2993 3921730
1367 1803 1728169
1367 3197 1728169
1803 1367 1728169
1803 3633 1728169
3197 1367 1728169
3197 3633 1728169
3633 1803 1728169
3633 3197 1728169
998 2060 19738037
998 2940 19738037
2060 998 19738037
2060 4002 19738037
2940 998 19738037
2940 4002 19738037
4002 2060 19738037
4002 2940 19738037
1002 2189 688058
1002 2811 688058
2189 1002 688058
2189 3998 688058
2811 1002 688058
2811 3998 688058
3998 2189 688058
3998 2811 688058
1080 2018 12502395
1080 2982 12502395
2018 1080 12502395
2018 3920 12502395
2982 1080 12502395
2982 3920 12502395
3920 2018 12502395
3920 2982 12502395
1987 1993 2006
1987 3007 2006
1993 1987 2006
1993 3013 2006
3007 1987 2006
3007 3013 2006
3013 1993 2006
3013 3007 2006
977 2062 116907674
977 2938 116907674
2062 977 116907674
2062 4023 116907674
2938 977 116907674
2938 4023 116907674
4023 2062 116907674
4023 2938 116907674
1988 2246 17455209
1988 2754 17455209
2246 1988 17455209
2246 3012 17455209
2754 1988 17455209
2754 3012 17455209
3012 2246 17455209
3012 2754 17455209
842 2220 12400089
842 2780 12400089
2220 842 12400089
2220 4158 12400089
2780 842 12400089
2780 4158 12400089
4158 2220 12400089
4158 2780 12400089
938 2158 16566551
938 2842 16566551
2158 938 16566551
2158 4062 16566551
2842 938 16566551
2842 4062 16566551
4062 2158 16566551
4062 2842 16566551
1427 2082 6996928
1427 2918 6996928
2082 1427 6996928
2082 3573 6996928
2918 1427 6996928
2918 3573 6996928
3573 2082 6996928
3573 2918 6996928
988 2054 50237261
988 2946 50237261
2054 988 50237261
2054 4012 50237261
2946 988 50237261
2946 4012 50237261
4012 2054 50237261
4012 2946 50237261
853 2214 32207333
853 2786 32207333
2214 853 32207333
2214 4147 32207333
2786 853 32207333
2786 4147 32207333
4147 2214 32207333
4147 2786 32207333
1278 1701 22095087
1278 3299 22095087
1701 1278 22095087
1701 3722 22095087
3299 1278 22095087
3299 3722 22095087
3722 1701 22095087
3722 3299 22095087
1277 1700 12918640
1277 3300 12918640
1700 1277 12918640
1700 3723 12918640
3300 1277 12918640
3300 3723 12918640
3723 1700 12918640
3723 3300 12918640
815 2257 2006
815 2743 2006
2257 815 2006
2257 4185 2006
2743 815 2006
2743 4185 2006
4185 2257 2006
4185 2743 2006
1254 1676 16721013
1254 3324 16721013
1676 1254 16721013
1676 3746 16721013
3324 1254 16721013
3324 3746 16721013
3746 1676 16721013
3746 3324 16721013
1081 2488 6736148
1081 2512 6736148
2488 1081 6736148
2488 3919 6736148
2512 1081 6736148
2512 3919 6736148
3919 2488 6736148
3919 2512 6736148
1435 1897 63555095
1435 3103 63555095
1897 1435 63555095
1897 3565 63555095
3103 1435 63555095
3103 3565 63555095
3565 1897 63555095
3565 3103 63555095
1419 1910 25273594
1419 3090 25273594
1910 1419 25273594
1910 3581 25273594
3090 1419 25273594
3090 3581 25273594
3581 1910 25273594
3581 3090 25273594
1952 2236 11388062
1952 2764 11388062
2236 1952 11388062
2236 3048 11388062
2764 1952 11388062
2764 3048 11388062
3048 2236 11388062
3048 2764 11388062
947 1329 6467344
947 3671 6467344
1329 947 6467344
1329 4053 6467344
3671 947 6467344
3671 4053 6467344
4053 1329 6467344
4053 3671 6467344
1281 1704 2006
1281 3296 2006
1704 1281 2006
1704 3719 2006
3296 1281 2006
3296 3719 2006
3719 1704 2006
3719 3296 2006
1339 2040 62485897
1339 2960 62485897
2040 1339 62485897
2040 3661 62485897
2960 1339 62485897
2960 3661 62485897
3661 2040 62485897
3661 2960 62485897
1430 2080 785349
1430 2920 785349
2080 1430 785349
2080 3570 785349
2920 1430 785349
2920 3570 785349
3570 2080 785349
3570 2920 785349
820 2250 64183976
820 2750 64183976
2250 820 64183976
2250 4180 64183976
2750 820 64183976
2750 4180 64183976
4180 2250 64183976
4180 2750 64183976
955 1338 2006
955 3662 2006
1338 955 2006
1338 4045 2006
3662 955 2006
3662 4045 2006
4045 1338 2006
4045 3662 2006
1295 1718 12615734
1295 3282 12615734
1718 1295 12615734
1718 3705 12615734
3282 1295 12615734
3282 3705 12615734
3705 1718 12615734
3705 3282 12615734
1304 1727 1927766
1304 3273 1927766
1727 1304 1927766
1727 3696 1927766
3273 1304 1927766
3273 3696 1927766
3696 1727 1927766
3696 3273 1927766
962 1346 41705743
962 3654 41705743
1346 962 41705743
1346 4038 41705743
3654 962 41705743
3654 4038 41705743
4038 1346 41705743
4038 3654 41705743
999 1420 7330927
999 3580 7330927
1420 999 7330927
1420 4001 7330927
3580 999 7330927
3580 4001 7330927
4001 1420 7330927
4001 3580 7330927
810 2240 7110267
810 2760 7110267
2240 810 7110267
2240 4190 7110267
2760 810 7110267
2760 4190 7110267
4190 2240 7110267
4190 2760 7110267
1292 2032 3238687
1292 2968 3238687
2032 1292 3238687
2032 3708 3238687
2968 1292 3238687
2968 3708 3238687
3708 2032 3238687
3708 2968 3238687
964 2134 12169399
964 2866 12169399
2134 964 12169399
2134 4036 12169399
2866 964 12169399
2866 4036 12169399
4036 2134 12169399
4036 2866 12169399
964 2129 70019430
964 2871 70019430
2129 964 70019430
2129 4036 70019430
2871 964 70019430
2871 4036 70019430
4036 2129 70019430
4036 2871 70019430
1980 2241 34672707
1980 2759 34672707
2241 1980 34672707
2241 3020 34672707
2759 1980 34672707
2759 3020 34672707
3020 2241 34672707
3020 2759 34672707
990 2107 2394161
990 2893 2394161
2107 990 2394161
2107 4010 2394161
2893 990 2394161
2893 4010 2394161
4010 2107 2394161
4010 2893 2394161
938 2269 24646719
938 2731 24646719
2269 938 24646719
2269 4062 24646719
2731 938 24646719
2731 4062 24646719
4062 2269 24646719
4062 2731 24646719
2060 2324 3298867
2060 2676 3298867
2324 2060 3298867
2324 2940 3298867
2676 2060 3298867
2676 2940 3298867
2940 2324 3298867
2940 2676 3298867
940 2357 37548308
940 2643 37548308
2357 940 37548308
2357 4060 37548308
2643 940 37548308
2643 4060 37548308
4060 2357 37548308
4060 2643 37548308
867 1702 5375077
867 3298 5375077
1702 867 5375077
1702 4133 5375077
3298 867 5375077
3298 4133 5375077
4133 1702 5375077
4133 3298 5375077
872 1710 2006
872 3290 2006
1710 872 2006
1710 4128 2006
3290 872 2006
3290 4128 2006
4128 1710 2006
4128 3290 2006
982 2122 98624990
982 2878 98624990
2122 982 98624990
2122 4018 98624990
2878 982 98624990
2878 4018 98624990
4018 2122 98624990
4018 2878 98624990
1318 1740 8003940
1318 3260 8003940
1740 1318 8003940
1740 3682 8003940
3260 1318 8003940
3260 3682 8003940
3682 1740 8003940
3682 3260 8003940
823 1646 28183297
823 3354 28183297
1646 823 28183297
1646 4177 28183297
3354 823 28183297
3354 4177 28183297
4177 1646 28183297
4177 3354 28183297
820 1642 5813388
820 3358 5813388
1642 820 5813388
1642 4180 5813388
3358 820 5813388
3358 4180 5813388
4180 1642 5813388
4180 3358 5813388
970 1355 19976751
970 3645 19976751
1355 970 19976751
1355 4030 19976751
3645 970 19976751
3645 4030 19976751
4030 1355 19976751
4030 3645 19976751
796 2249 80390450
796 2751 80390450
2249 796 80390450
2249 4204 80390450
2751 796 80390450
2751 4204 80390450
4204 2249 80390450
4204 2751 80390450
990 1953 100247844
990 3047 100247844
1953 990 100247844
1953 4010 100247844
3047 990 100247844
3047 4010 100247844
4010 1953 100247844
4010 3047 100247844
1563 2110 80332276
1563 2890 80332276
2110 1563 80332276
2110 3437 80332276
2890 1563 80332276
2890 3437 80332276
3437 2110 80332276
3437 2890 80332276
955 2494 15513401
955 2506 15513401
2494 955 15513401
2494 4045 15513401
2506 955 15513401
2506 4045 15513401
4045 2494 15513401
4045 2506 15513401
811 1640 7450284
811 3360 7450284
1640 811 7450284
1640 4189 7450284
3360 811 7450284
3360 4189 7450284
4189 1640 7450284
4189 3360 7450284
809 1638 816442
809 3362 816442
1638 809 816442
1638 4191 816442
3362 809 816442
3362 4191 816442
4191 1638 816442
4191 3362 816442
851 1683 2554641
851 3317 2554641
1683 851 2554641
1683 4149 2554641
3317 851 2554641
3317 4149 2554641
4149 1683 2554641
4149 3317 2554641
1384 1830 8061111
1384 3170 8061111
1830 1384 8061111
1830 3616 8061111
3170 1384 8061111
3170 3616 8061111
3616 1830 8061111
3616 3170 8061111
1530 2107 89782542
1530 2893 89782542
2107 1530 89782542
2107 3470 89782542
2893 1530 89782542
2893 3470 89782542
3470 2107 89782542
3470 2893 89782542
907 2233 22177333
907 2767 22177333
2233 907 22177333
2233 4093 22177333
2767 907 22177333
2767 4093 22177333
4093 2233 22177333
4093 2767 22177333
805 1630 6597734
805 3370 6597734
1630 805 6597734
1630 4195 6597734
3370 805 6597734
3370 4195 6597734
4195 1630 6597734
4195 3370 6597734
2140 2493 23324765
2140 2507 23324765
2493 2140 23324765
2493 2860 23324765
2507 2140 23324765
2507 2860 23324765
2860 2493 23324765
2860 2507 23324765
977 1424 9734115
977 3576 9734115
1424 977 9734115
1424 4023 9734115
3576 977 9734115
3576 4023 9734115
4023 1424 9734115
4023 3576 9734115
1627 2221 17282693
1627 2779 17282693
2221 1627 17282693
2221 3373 17282693
2779 1627 17282693
2779 3373 17282693
3373 2221 17282693
3373 2779 17282693
1600 2237 193525841
1600 2763 193525841
2237 1600 193525841
2237 3400 193525841
2763 1600 193525841
2763 3400 193525841
3400 2237 193525841
3400 2763 193525841
1590 2243 29770043
1590 2757 29770043
2243 1590 29770043
2243 3410 29770043
2757 1590 29770043
2757 3410 29770043
3410 2243 29770043
3410 2757 29770043
1574 2254 51991508
1574 2746 51991508
2254 1574 51991508
2254 3426 51991508
2746 1574 51991508
2746 3426 51991508
3426 2254 51991508
3426 2746 51991508
930 2411 11962781
930 2589 11962781
2411 930 11962781
2411 4070 11962781
2589 930 11962781
2589 4070 11962781
4070 2411 11962781
4070 2589 11962781
929 2285 9143348
929 2715 9143348
2285 929 9143348
2285 4071 9143348
2715 929 9143348
2715 4071 9143348
4071 2285 9143348
4071 2715 9143348
934 2339 5051108
934 2661 5051108
2339 934 5051108
2339 4066 5051108
2661 934 5051108
2661 4066 5051108
4066 2339 5051108
4066 2661 5051108
920 1454 79000292
920 3546 79000292
1454 920 79000292
1454 4080 79000292
3546 920 79000292
3546 4080 79000292
4080 1454 79000292
4080 3546 79000292
1613 2210 61030544
1613 2790 61030544
2210 1613 61030544
2210 3387 61030544
2790 1613 61030544
2790 3387 61030544
3387 2210 61030544
3387 2790 61030544
931 1463 69947214
931 3537 69947214
1463 931 69947214
1463 4069 69947214
3537 931 69947214
3537 4069 69947214
4069 1463 69947214
4069 3537 69947214
890 2319 37474086
890 2681 37474086
2319 890 37474086
2319 4110 37474086
2681 890 37474086
2681 4110 37474086
4110 2319 37474086
4110 2681 37474086
971 2376 5409179
971 2624 5409179
2376 971 5409179
2376 4029 5409179
2624 971 5409179
2624 4029 5409179
4029 2376 5409179
4029 2624 5409179
988 2388 2006
988 2612 2006
2388 988 2006
2388 4012 2006
2612 988 2006
2612 4012 2006
4012 2388 2006
4012 2612 2006
894 2426 4189531
894 2574 4189531
2426 894 4189531
2426 4106 4189531
2574 894 4189531
2574 4106 4189531
4106 2426 4189531
4106 2574 4189531
952 2464 6931733
952 2536 6931733
2464 952 6931733
2464 4048 6931733
2536 952 6931733
2536 4048 6931733
4048 2464 6931733
4048 2536 6931733
1988 2250 19332825
1988 2750 19332825
2250 1988 19332825
2250 3012 19332825
2750 1988 19332825
2750 3012 19332825
3012 2250 19332825
3012 2750 19332825
891 1571 41281474
891 3429 41281474
1571 891 41281474
1571 4109 41281474
3429 891 41281474
3429 4109 41281474
4109 1571 41281474
4109 3429 41281474
862 1504 29352795
862 3496 29352795
1504 862 29352795
1504 4138 29352795
3496 862 29352795
3496 4138 29352795
4138 1504 29352795
4138 3496 29352795
991 2494 32693788
991 2506 32693788
2494 991 32693788
2494 4009 32693788
2506 991 32693788
2506 4009 32693788
4009 2494 32693788
4009 2506 32693788
799 1664 1624860
799 3336 1624860
1664 799 1624860
1664 4201 1624860
3336 799 1624860
3336 4201 1624860
4201 1664 1624860
4201 3336 1624860
1030 1999 40331633
1030 3001 40331633
1999 1030 40331633
1999 3970 40331633
3001 1030 40331633
3001 3970 40331633
3970 1999 40331633
3970 3001 40331633
2039 2274 35929466
2039 2726 35929466
2274 2039 35929466
2274 2961 35929466
2726 2039 35929466
2726 2961 35929466
2961 2274 35929466
2961 2726 35929466
1001 2150 468401
1001 2850 468401
2150 1001 468401
2150 3999 468401
2850 1001 468401
2850 3999 468401
3999 2150 468401
3999 2850 468401
1504 2090 12469296
1504 2910 12469296
2090 1504 12469296
2090 3496 12469296
2910 1504 12469296
2910 3496 12469296
3496 2090 12469296
3496 2910 12469296
1065 2003 11109228
1065 2997 11109228
2003 1065 11109228
2003 3935 11109228
2997 1065 11109228
2997 3935 11109228
3935 2003 11109228
3935 2997 11109228
1999 2018 9927694
1999 2982 9927694
2018 1999 9927694
2018 3001 9927694
2982 1999 9927694
2982 3001 9927694
3001 2018 9927694
3001 2982 9927694
2041 2293 45739809
2041 2707 45739809
2293 2041 45739809
2293 2959 45739809
2707 2041 45739809
2707 2959 45739809
2959 2293 45739809
2959 2707 45739809
1994 2032 40761920
1994 2968 40761920
2032 1994 40761920
2032 3006 40761920
2968 1994 40761920
2968 3006 40761920
3006 2032 40761920
3006 2968 40761920
1075 2004 36801073
1075 2996 36801073
2004 1075 36801073
2004 3925 36801073
2996 1075 36801073
2996 3925 36801073
3925 2004 36801073
3925 2996 36801073
1987 2233 41544260
1987 2767 41544260
2233 1987 41544260
2233 3013 41544260
2767 1987 41544260
2767 3013 41544260
3013 2233 41544260
3013 2767 41544260
2043 2301 13087144
2043 2699 13087144
2301 2043 13087144
2301 2957 13087144
2699 2043 13087144
2699 2957 13087144
2957 2301 13087144
2957 2699 13087144
1463 2079 19244561
1463 2921 19244561
2079 1463 19244561
2079 3537 19244561
2921 1463 19244561
2921 3537 19244561
3537 2079 19244561
3537 2921 19244561
1792 2125 33292579
1792 2875 33292579
2125 1792 33292579
2125 3208 33292579
2875 1792 33292579
2875 3208 33292579
3208 2125 33292579
3208 2875 33292579
1090 1998 22926574
1090 3002 22926574
1998 1090 22926574
1998 3910 22926574
3002 1090 22926574
3002 3910 22926574
3910 1998 22926574
3910 3002 22926574
1700 2081 34013736
1700 2919 34013736
2081 1700 34013736
2081 3300 34013736
2919 1700 34013736
2919 3300 34013736
3300 2081 34013736
3300 2919 34013736
1041 1999 31882361
1041 3001 31882361
1999 1041 31882361
1999 3959 31882361
3001 1041 31882361
3001 3959 31882361
3959 1999 31882361
3959 3001 31882361
1720 2140 20905529
1720 2860 20905529
2140 1720 20905529
2140 3280 20905529
2860 1720 20905529
2860 3280 20905529
3280 2140 20905529
3280 2860 20905529
1057 2500 30013772
2500 1057 30013772
2500 3943 30013772
3943 2500 30013772
1145 1990 35658656
1145 3010 35658656
1990 1145 35658656
1990 3855 35658656
3010 1145 35658656
3010 3855 35658656
3855 1990 35658656
3855 3010 35658656
2108 2457 70961247
2108 2543 70961247
2457 2108 70961247
2457 2892 70961247
2543 2108 70961247
2543 2892 70961247
2892 2457 70961247
2892 2543 70961247
1994 2238 26559440
1994 2762 26559440
2238 1994 26559440
2238 3006 26559440
2762 1994 26559440
2762 3006 26559440
3006 2238 26559440
3006 2762 26559440
959 2129 17974763
959 2871 17974763
2129 959 17974763
2129 4041 17974763
2871 959 17974763
2871 4041 17974763
4041 2129 17974763
4041 2871 17974763
1515 2110 11859472
1515 2890 11859472
2110 1515 11859472
2110 3485 11859472
2890 1515 11859472
2890 3485 11859472
3485 2110 11859472
3485 2890 11859472
1157 2025 504509
1157 2975 504509
2025 1157 504509
2025 3843 504509
2975 1157 504509
2975 3843 504509
3843 2025 504509
3843 2975 504509
961 2141 14767169
961 2859 14767169
2141 961 14767169
2141 4039 14767169
2859 961 14767169
2859 4039 14767169
4039 2141 14767169
4039 2859 14767169
1931 2476 2006
1931 2524 2006
2476 1931 2006
2476 3069 2006
2524 1931 2006
2524 3069 2006
3069 2476 2006
3069 2524 2006
1527 2096 45276423
1527 2904 45276423
2096 1527 45276423
2096 3473 45276423
2904 1527 45276423
2904 3473 45276423
3473 2096 45276423
3473 2904 45276423
2098 2497 723163
2098 2503 723163
2497 2098 723163
2497 2902 723163
2503 2098 723163
2503 2902 723163
2902 2497 723163
2902 2503 723163
1660 2127 50599344
1660 2873 50599344
2127 1660 50599344
2127 3340 50599344
2873 1660 50599344
2873 3340 50599344
3340 2127 50599344
3340 2873 50599344
999 1938 44994580
999 3062 44994580
1938 999 44994580
1938 4001 44994580
3062 999 44994580
3062 4001 44994580
4001 1938 44994580
4001 3062 44994580
1936 2495 24986736
1936 2505 24986736
2495 1936 24986736
2495 3064 24986736
2505 1936 24986736
2505 3064 24986736
3064 2495 24986736
3064 2505 24986736
956 2262 8202534
956 2738 8202534
2262 956 8202534
2262 4044 8202534
2738 956 8202534
2738 4044 8202534
4044 2262 8202534
4044 2738 8202534
1072 2462 9081162
1072 2538 9081162
2462 1072 9081162
2462 3928 9081162
2538 1072 9081162
2538 3928 9081162
3928 2462 9081162
3928 2538 9081162
1520 2106 15180405
1520 2894 15180405
2106 1520 15180405
2106 3480 15180405
2894 1520 15180405
2894 3480 15180405
3480 2106 15180405
3480 2894 15180405
1155 1534 10598701
1155 3466 10598701
1534 1155 10598701
1534 3845 10598701
3466 1155 10598701
3466 3845 10598701
3845 1534 10598701
3845 3466 10598701
983 2330 24885433
983 2670 24885433
2330 983 24885433
2330 4017 24885433
2670 983 24885433
2670 4017 24885433
4017 2330 24885433
4017 2670 24885433
1360 1775 13122249
1360 3225 13122249
1775 1360 13122249
1775 3640 13122249
3225 1360 13122249
3225 3640 13122249
3640 1775 13122249
3640 3225 13122249
823 1606 26100066
823 3394 26100066
1606 823 26100066
1606 4177 26100066
3394 823 26100066
3394 4177 26100066
4177 1606 26100066
4177 3394 26100066
955 2470 16797241
955 2530 16797241
2470 955 16797241
2470 4045 16797241
2530 955 16797241
2530 4045 16797241
4045 2470 16797241
4045 2530 16797241
960 2310 22871409
960 2690 22871409
2310 960 22871409
2310 4040 22871409
2690 960 22871409
2690 4040 22871409
4040 2310 22871409
4040 2690 22871409
915 2301 38308582
915 2699 38308582
2301 915 38308582
2301 4085 38308582
2699 915 38308582
2699 4085 38308582
4085 2301 38308582
4085 2699 38308582
1271 1691 36213315
1271 3309 36213315
1691 1271 36213315
1691 3729 36213315
3309 1271 36213315
3309 3729 36213315
3729 1691 36213315
3729 3309 36213315
939 2341 1208615
939 2659 1208615
2341 939 1208615
2341 4061 1208615
2659 939 1208615
2659 4061 1208615
4061 2341 1208615
4061 2659 1208615
842 2231 7359011
842 2769 7359011
2231 842 7359011
2231 4158 7359011
2769 842 7359011
2769 4158 7359011
4158 2231 7359011
4158 2769 7359011
840 2233 107868638
840 2767 107868638
2233 840 107868638
2233 4160 107868638
2767 840 107868638
2767 4160 107868638
4160 2233 107868638
4160 2767 107868638
1090 2492 7954793
1090 2508 7954793
2492 1090 7954793
2492 3910 7954793
2508 1090 7954793
2508 3910 7954793
3910 2492 7954793
3910 2508 7954793
795 2339 36227357
795 2661 36227357
2339 795 36227357
2339 4205 36227357
2661 795 36227357
2661 4205 36227357
4205 2339 36227357
4205 2661 36227357
983 2474 44213243
983 2526 44213243
2474 983 44213243
2474 4017 44213243
2526 983 44213243
2526 4017 44213243
4017 2474 44213243
4017 2526 44213243
933 2291 17528428
933 2709 17528428
2291 933 17528428
2291 4067 17528428
2709 933 17528428
2709 4067 17528428
4067 2291 17528428
4067 2709 17528428
1064 2467 20995799
1064 2533 20995799
2467 1064 20995799
2467 3936 20995799
2533 1064 20995799
2533 3936 20995799
3936 2467 20995799
3936 2533 20995799
1188 1569 37919418
1188 3431 37919418
1569 1188 37919418
1569 3812 37919418
3431 1188 37919418
3431 3812 37919418
3812 1569 37919418
3812 3431 37919418
832 2433 9244651
832 2567 9244651
2433 832 9244651
2433 4168 9244651
2567 832 9244651
2567 4168 9244651
4168 2433 9244651
4168 2567 9244651
1176 1559 46071802
1176 3441 46071802
1559 1176 46071802
1559 3824 46071802
3441 1176 46071802
3441 3824 46071802
3824 1559 46071802
3824 3441 46071802
989 2383 13740097
989 2617 13740097
2383 989 13740097
2383 4011 13740097
2617 989 13740097
2617 4011 13740097
4011 2383 13740097
4011 2617 13740097
964 1400 40943463
964 3600 40943463
1400 964 40943463
1400 4036 40943463
3600 964 40943463
3600 4036 40943463
4036 1400 40943463
4036 3600 40943463
960 1440 55953358
960 3560 55953358
1440 960 55953358
1440 4040 55953358
3560 960 55953358
3560 4040 55953358
4040 1440 55953358
4040 3560 55953358
858 2240 75536933
858 2760 75536933
2240 858 75536933
2240 4142 75536933
2760 858 75536933
2760 4142 75536933
4142 2240 75536933
4142 2760 75536933
870 2418 39735851
870 2582 39735851
2418 870 39735851
2418 4130 39735851
2582 870 39735851
2582 4130 39735851
4130 2418 39735851
4130 2582 39735851
951 1359 9761196
951 3641 9761196
1359 951 9761196
1359 4049 9761196
3641 951 9761196
3641 4049 9761196
4049 1359 9761196
4049 3641 9761196
950 1357 1206609
950 3643 1206609
1357 950 1206609
1357 4050 1206609
3643 950 1206609
3643 4050 1206609
4050 1357 1206609
4050 3643 1206609
810 2252 2485434
810 2748 2485434
2252 810 2485434
2252 4190 2485434
2748 810 2485434
2748 4190 2485434
4190 2252 2485434
4190 2748 2485434
811 2250 1993964
811 2750 1993964
2250 811 1993964
2250 4189 1993964
2750 811 1993964
2750 4189 1993964
4189 2250 1993964
4189 2750 1993964
1953 2433 8087189
1953 2567 8087189
2433 1953 8087189
2433 3047 8087189
2567 1953 8087189
2567 3047 8087189
3047 2433 8087189
3047 2567 8087189
762 2252 2006
762 2748 2006
2252 762 2006
2252 4238 2006
2748 762 2006
2748 4238 2006
4238 2252 2006
4238 2748 2006
954 1375 16458227
954 3625 16458227
1375 954 16458227
1375 4046 16458227
3625 954 16458227
3625 4046 16458227
4046 1375 16458227
4046 3625 16458227
994 2297 14256642
994 2703 14256642
2297 994 14256642
2297 4006 14256642
2703 994 14256642
2703 4006 14256642
4006 2297 14256642
4006 2703 14256642
809 2322 23537401
809 2678 23537401
2322 809 23537401
2322 4191 23537401
2678 809 23537401
2678 4191 23537401
4191 2322 23537401
4191 2678 23537401
811 2323 7149384
811 2677 7149384
2323 811 7149384
2323 4189 7149384
2677 811 7149384
2677 4189 7149384
4189 2323 7149384
4189 2677 7149384
848 2277 28618599
848 2723 28618599
2277 848 28618599
2277 4152 28618599
2723 848 28618599
2723 4152 28618599
4152 2277 28618599
4152 2723 28618599
907 2407 1793364
907 2593 1793364
2407 907 1793364
2407 4093 1793364
2593 907 1793364
2593 4093 1793364
4093 2407 1793364
4093 2593 1793364
971 1454 18068042
971 3546 18068042
1454 971 18068042
1454 4029 18068042
3546 971 18068042
3546 4029 18068042
4029 1454 18068042
4029 3546 18068042
832 1622 12437200
832 3378 12437200
1622 832 12437200
1622 4168 12437200
3378 832 12437200
3378 4168 12437200
4168 1622 12437200
4168 3378 12437200
1170 1549 19509353
1170 3451 19509353
1549 1170 19509353
1549 3830 19509353
3451 1170 19509353
3451 3830 19509353
3830 1549 19509353
3830 3451 19509353
941 1563 32717860
941 3437 32717860
1563 941 32717860
1563 4059 32717860
3437 941 32717860
3437 4059 32717860
4059 1563 32717860
4059 3437 32717860
938 1560 31478152
938 3440 31478152
1560 938 31478152
1560 4062 31478152
3440 938 31478152
3440 4062 31478152
4062 1560 31478152
4062 3440 31478152
987 1467 13086141
987 3533 13086141
1467 987 13086141
1467 4013 13086141
3533 987 13086141
3533 4013 13086141
4013 1467 13086141
4013 3533 13086141
934 1498 95006166
934 3502 95006166
1498 934 95006166
1498 4066 95006166
3502 934 95006166
3502 4066 95006166
4066 1498 95006166
4066 3502 95006166
900 2344 2058156
900 2656 2058156
2344 900 2058156
2344 4100 2058156
2656 900 2058156
2656 4100 2058156
4100 2344 2058156
4100 2656 2058156
893 1534 44777932
893 3466 44777932
1534 893 44777932
1534 4107 44777932
3466 893 44777932
3466 4107 44777932
4107 1534 44777932
4107 3466 44777932
950 1761 45498086
950 3239 45498086
1761 950 45498086
1761 4050 45498086
3239 950 45498086
3239 4050 45498086
4050 1761 45498086
4050 3239 45498086
883 1453 30042859
883 3547 30042859
1453 883 30042859
1453 4117 30042859
3547 883 30042859
3547 4117 30042859
4117 1453 30042859
4117 3547 30042859
918 1519 60735662
918 3481 60735662
1519 918 60735662
1519 4082 60735662
3481 918 60735662
3481 4082 60735662
4082 1519 60735662
4082 3481 60735662
932 2423 42605434
932 2577 42605434
2423 932 42605434
2423 4068 42605434
2577 932 42605434
2577 4068 42605434
4068 2423 42605434
4068 2577 42605434
863 1681 2006
863 3319 2006
1681 863 2006
1681 4137 2006
3319 863 2006
3319 4137 2006
4137 1681 2006
4137 3319 2006
901 2373 33520260
901 2627 33520260
2373 901 33520260
2373 4099 33520260
2627 901 33520260
2627 4099 33520260
4099 2373 33520260
4099 2627 33520260
2267 2453 246199389
2267 2547 246199389
2453 2267 246199389
2453 2733 246199389
2547 2267 246199389
2547 2733 246199389
2733 2453 246199389
2733 2547 246199389
966 1686 58114823
966 3314 58114823
1686 966 58114823
1686 4034 58114823
3314 966 58114823
3314 4034 58114823
4034 1686 58114823
4034 3314 58114823
933 1627 18081081
933 3373 18081081
1627 933 18081081
1627 4067 18081081
3373 933 18081081
3373 4067 18081081
4067 1627 18081081
4067 3373 18081081
941 2432 32434011
941 2568 32434011
2432 941 32434011
2432 4059 32434011
2568 941 32434011
2568 4059 32434011
4059 2432 32434011
4059 2568 32434011
1642 2233 36050829
1642 2767 36050829
2233 1642 36050829
2233 3358 36050829
2767 1642 36050829
2767 3358 36050829
3358 2233 36050829
3358 2767 36050829
973 1782 35238399
973 3218 35238399
1782 973 35238399
1782 4027 35238399
3218 973 35238399
3218 4027 35238399
4027 1782 35238399
4027 3218 35238399
976 2126 7227618
976 2874 7227618
2126 976 7227618
2126 4024 7227618
2874 976 7227618
2874 4024 7227618
4024 2126 7227618
4024 2874 7227618
1995 2044 7122303
1995 2956 7122303
2044 1995 7122303
2044 3005 7122303
2956 1995 7122303
2956 3005 7122303
3005 2044 7122303
3005 2956 7122303
1002 2157 2006
1002 2843 2006
2157 1002 2006
2157 3998 2006
2843 1002 2006
2843 3998 2006
3998 2157 2006
3998 2843 2006
1512 2087 80240
1512 2913 80240
2087 1512 80240
2087 3488 80240
2913 1512 80240
2913 3488 80240
3488 2087 80240
3488 2913 80240
1598 2200 17176375
1598 2800 17176375
2200 1598 17176375
2200 3402 17176375
2800 1598 17176375
2800 3402 17176375
3402 2200 17176375
3402 2800 17176375
1487 2084 38770965
1487 2916 38770965
2084 1487 38770965
2084 3513 38770965
2916 1487 38770965
2916 3513 38770965
3513 2084 38770965
3513 2916 38770965
1427 2095 278834
1427 2905 278834
2095 1427 278834
2095 3573 278834
2905 1427 278834
2905 3573 278834
3573 2095 278834
3573 2905 278834
2004 2026 11418152
2004 2974 11418152
2026 2004 11418152
2026 2996 11418152
2974 2004 11418152
2974 2996 11418152
2996 2026 11418152
2996 2974 11418152
1453 2101 1837496
1453 2899 1837496
2101 1453 1837496
2101 3547 1837496
2899 1453 1837496
2899 3547 1837496
3547 2101 1837496
3547 2899 1837496
1795 2120 28851295
1795 2880 28851295
2120 1795 28851295
2120 3205 28851295
2880 1795 28851295
2880 3205 28851295
3205 2120 28851295
3205 2880 28851295
1051 2003 11971808
1051 2997 11971808
2003 1051 11971808
2003 3949 11971808
2997 1051 11971808
2997 3949 11971808
3949 2003 11971808
3949 2997 11971808
1461 2100 8888586
1461 2900 8888586
2100 1461 8888586
2100 3539 8888586
2900 1461 8888586
2900 3539 8888586
3539 2100 8888586
3539 2900 8888586
1430 2090 2619836
1430 2910 2619836
2090 1430 2619836
2090 3570 2619836
2910 1430 2619836
2910 3570 2619836
3570 2090 2619836
3570 2910 2619836
906 2244 14517422
906 2756 14517422
2244 906 14517422
2244 4094 14517422
2756 906 14517422
2756 4094 14517422
4094 2244 14517422
4094 2756 14517422
934 2157 11872511
934 2843 11872511
2157 934 11872511
2157 4066 11872511
2843 934 11872511
2843 4066 11872511
4066 2157 11872511
4066 2843 11872511
1324 2320 9171432
1324 2680 9171432
2320 1324 9171432
2320 3676 9171432
2680 1324 9171432
2680 3676 9171432
3676 2320 9171432
3676 2680 9171432
2158 2500 45788956
2500 2158 45788956
2500 2842 45788956
2842 2500 45788956
992 2410 90971097
992 2590 90971097
2410 992 90971097
2410 4008 90971097
2590 992 90971097
2590 4008 90971097
4008 2410 90971097
4008 2590 90971097
1426 1905 23617641
1426 3095 23617641
1905 1426 23617641
1905 3574 23617641
3095 1426 23617641
3095 3574 23617641
3574 1905 23617641
3574 3095 23617641
981 2314 18062024
981 2686 18062024
2314 981 18062024
2314 4019 18062024
2686 981 18062024
2686 4019 18062024
4019 2314 18062024
4019 2686 18062024
2108 2406 4758232
2108 2594 4758232
2406 2108 4758232
2406 2892 4758232
2594 2108 4758232
2594 2892 4758232
2892 2406 4758232
2892 2594 4758232
1784 2113 12401092
1784 2887 12401092
2113 1784 12401092
2113 3216 12401092
2887 1784 12401092
2887 3216 12401092
3216 2113 12401092
3216 2887 12401092
1585 1811 78700395
1585 3189 78700395
1811 1585 78700395
1811 3415 78700395
3189 1585 78700395
3189 3415 78700395
3415 1811 78700395
3415 3189 78700395
1586 2193 128968749
1586 2807 128968749
2193 1586 128968749
2193 3414 128968749
2807 1586 128968749
2807 3414 128968749
3414 2193 128968749
3414 2807 128968749
940 2165 6974862
940 2835 6974862
2165 940 6974862
2165 4060 6974862
2835 940 6974862
2835 4060 6974862
4060 2165 6974862
4060 2835 6974862
960 2141 2810406
960 2859 2810406
2141 960 2810406
2141 4040 2810406
2859 960 2810406
2859 4040 2810406
4040 2141 2810406
4040 2859 2810406
1578 2185 183296244
1578 2815 183296244
2185 1578 183296244
2185 3422 183296244
2815 1578 183296244
2815 3422 183296244
3422 2185 183296244
3422 2815 183296244
943 2443 1662974
943 2557 1662974
2443 943 1662974
2443 4057 1662974
2557 943 1662974
2557 4057 1662974
4057 2443 1662974
4057 2557 1662974
1922 2500 36803079
2500 1922 36803079
2500 3078 36803079
3078 2500 36803079
1535 2156 161286412
1535 2844 161286412
2156 1535 161286412
2156 3465 161286412
2844 1535 161286412
2844 3465 161286412
3465 2156 161286412
3465 2844 161286412
1600 2212 187225998
1600 2788 187225998
2212 1600 187225998
2212 3400 187225998
2788 1600 187225998
2788 3400 187225998
3400 2212 187225998
3400 2788 187225998
811 1620 35342711
811 3380 35342711
1620 811 35342711
1620 4189 35342711
3380 811 35342711
3380 4189 35342711
4189 1620 35342711
4189 3380 35342711
903 1733 8981865
903 3267 8981865
1733 903 8981865
1733 4097 8981865
3267 903 8981865
3267 4097 8981865
4097 1733 8981865
4097 3267 8981865
1579 2199 25611605
1579 2801 25611605
2199 1579 25611605
2199 3421 25611605
2801 1579 25611605
2801 3421 25611605
3421 2199 25611605
3421 2801 25611605
1570 2198 2006
1570 2802 2006
2198 1570 2006
2198 3430 2006
2802 1570 2006
2802 3430 2006
3430 2198 2006
3430 2802 2006
1943 2444 30959601
1943 2556 30959601
2444 1943 30959601
2444 3057 30959601
2556 1943 30959601
2556 3057 30959601
3057 2444 30959601
3057 2556 30959601
939 2443 32024787
939 2557 32024787
2443 939 32024787
2443 4061 32024787
2557 939 32024787
2557 4061 32024787
4061 2443 32024787
4061 2557 32024787
1144 2013 2751229
1144 2987 2751229
2013 1144 2751229
2013 3856 2751229
2987 1144 2751229
2987 3856 2751229
3856 2013 2751229
3856 2987 2751229
814 2315 23711923
814 2685 23711923
2315 814 23711923
2315 4186 23711923
2685 814 23711923
2685 4186 23711923
4186 2315 23711923
4186 2685 23711923
1332 2041 27590524
1332 2959 27590524
2041 1332 27590524
2041 3668 27590524
2959 1332 27590524
2959 3668 27590524
3668 2041 27590524
3668 2959 27590524
939 1818 55136916
939 3182 55136916
1818 939 55136916
1818 4061 55136916
3182 939 55136916
3182 4061 55136916
4061 1818 55136916
4061 3182 55136916
1800 2118 25127156
1800 2882 25127156
2118 1800 25127156
2118 3200 25127156
2882 1800 25127156
2882 3200 25127156
3200 2118 25127156
3200 2882 25127156
2321 2500 23787148
2500 2321 23787148
2500 2679 23787148
2679 2500 23787148
912 1426 2006
912 3574 2006
1426 912 2006
1426 4088 2006
3574 912 2006
3574 4088 2006
4088 1426 2006
4088 3574 2006
990 2471 20066018
990 2529 20066018
2471 990 20066018
2471 4010 20066018
2529 990 20066018
2529 4010 20066018
4010 2471 20066018
4010 2529 20066018
830 1604 1948829
830 3396 1948829
1604 830 1948829
1604 4170 1948829
3396 830 1948829
3396 4170 1948829
4170 1604 1948829
4170 3396 1948829
959 1359 17482290
959 3641 17482290
1359 959 17482290
1359 4041 17482290
3641 959 17482290
3641 4041 17482290
4041 1359 17482290
4041 3641 17482290
965 2393 34707812
965 2607 34707812
2393 965 34707812
2393 4035 34707812
2607 965 34707812
2607 4035 34707812
4035 2393 34707812
4035 2607 34707812
942 1517 38830142
942 3483 38830142
1517 942 38830142
1517 4058 38830142
3483 942 38830142
3483 4058 38830142
4058 1517 38830142
4058 3483 38830142
950 1524 5486410
950 3476 5486410
1524 950 5486410
1524 4050 5486410
3476 950 5486410
3476 4050 5486410
4050 1524 5486410
4050 3476 5486410
2047 2293 48703674
2047 2707 48703674
2293 2047 48703674
2293 2953 48703674
2707 2047 48703674
2707 2953 48703674
2953 2293 48703674
2953 2707 48703674
984 1859 3118327
984 3141 3118327
1859 984 3118327
1859 4016 3118327
3141 984 3118327
3141 4016 3118327
4016 1859 3118327
4016 3141 3118327
826 1600 8245663
826 3400 8245663
1600 826 8245663
1600 4174 8245663
3400 826 8245663
3400 4174 8245663
4174 1600 8245663
4174 3400 8245663
824 2305 25027859
824 2695 25027859
2305 824 25027859
2305 4176 25027859
2695 824 25027859
2695 4176 25027859
4176 2305 25027859
4176 2695 25027859
2122 2404 26117117
2122 2596 26117117
2404 2122 26117117
2404 2878 26117117
2596 2122 26117117
2596 2878 26117117
2878 2404 26117117
2878 2596 26117117
971 2325 21360891
971 2675 21360891
2325 971 21360891
2325 4029 21360891
2675 971 21360891
2675 4029 21360891
4029 2325 21360891
4029 2675 21360891
967 2281 13105198
967 2719 13105198
2281 967 13105198
2281 4033 13105198
2719 967 13105198
2719 4033 13105198
4033 2281 13105198
4033 2719 13105198
1612 1790 249955624
1612 3210 249955624
1790 1612 249955624
1790 3388 249955624
3210 1612 249955624
3210 3388 249955624
3388 1790 249955624
3388 3210 249955624
837 2296 25193354
837 2704 25193354
2296 837 25193354
2296 4163 25193354
2704 837 25193354
2704 4163 25193354
4163 2296 25193354
4163 2704 25193354
852 2443 51718692
852 2557 51718692
2443 852 51718692
2443 4148 51718692
2557 852 51718692
2557 4148 51718692
4148 2443 51718692
4148 2557 51718692
918 1496 39900343
918 3504 39900343
1496 918 39900343
1496 4082 39900343
3504 918 39900343
3504 4082 39900343
4082 1496 39900343
4082 3504 39900343
955 1332 14050024
955 3668 14050024
1332 955 14050024
1332 4045 14050024
3668 955 14050024
3668 4045 14050024
4045 1332 14050024
4045 3668 14050024
1580 2111 30545362
1580 2889 30545362
2111 1580 30545362
2111 3420 30545362
2889 1580 30545362
2889 3420 30545362
3420 2111 30545362
3420 2889 30545362
1980 2247 2987937
1980 2753 2987937
2247 1980 2987937
2247 3020 2987937
2753 1980 2987937
2753 3020 2987937
3020 2247 2987937
3020 2753 2987937
980 2110 63272249
980 2890 63272249
2110 980 63272249
2110 4020 63272249
2890 980 63272249
2890 4020 63272249
4020 2110 63272249
4020 2890 63272249
827 2350 52165027
827 2650 52165027
2350 827 52165027
2350 4173 52165027
2650 827 52165027
2650 4173 52165027
4173 2350 52165027
4173 2650 52165027
973 1494 45458969
973 3506 45458969
1494 973 45458969
1494 4027 45458969
3506 973 45458969
3506 4027 45458969
4027 1494 45458969
4027 3506 45458969
968 2340 25518326
968 2660 25518326
2340 968 25518326
2340 4032 25518326
2660 968 25518326
2660 4032 25518326
4032 2340 25518326
4032 2660 25518326
1466 1857 9089186
1466 3143 9089186
1857 1466 9089186
1857 3534 9089186
3143 1466 9089186
3143 3534 9089186
3534 1857 9089186
3534 3143 9089186
846 1609 39885298
846 3391 39885298
1609 846 39885298
1609 4154 39885298
3391 846 39885298
3391 4154 39885298
4154 1609 39885298
4154 3391 39885298
886 2311 27052916
886 2689 27052916
2311 886 27052916
2311 4114 27052916
2689 886 27052916
2689 4114 27052916
4114 2311 27052916
4114 2689 27052916
895 1687 7208561
895 3313 7208561
1687 895 7208561
1687 4105 7208561
3313 895 7208561
3313 4105 7208561
4105 1687 7208561
4105 3313 7208561
1481 1860 311628088
1481 3140 311628088
1860 1481 311628088
1860 3519 311628088
3140 1481 311628088
3140 3519 311628088
3519 1860 311628088
3519 3140 311628088
957 2480 26853319
957 2520 26853319
2480 957 26853319
2480 4043 26853319
2520 957 26853319
2520 4043 26853319
4043 2480 26853319
4043 2520 26853319
946 1672 115859539
946 3328 115859539
1672 946 115859539
1672 4054 115859539
3328 946 115859539
3328 4054 115859539
4054 1672 115859539
4054 3328 115859539
1595 1800 110787368
1595 3200 110787368
1800 1595 110787368
1800 3405 110787368
3200 1595 110787368
3200 3405 110787368
3405 1800 110787368
3405 3200 110787368
912 2360 10690977
912 2640 10690977
2360 912 10690977
2360 4088 10690977
2640 912 10690977
2640 4088 10690977
4088 2360 10690977
4088 2640 10690977
865 2306 23503299
865 2694 23503299
2306 865 23503299
2306 4135 23503299
2694 865 23503299
2694 4135 23503299
4135 2306 23503299
4135 2694 23503299
973 2360 11188465
973 2640 11188465
2360 973 11188465
2360 4027 11188465
2640 973 11188465
2640 4027 11188465
4027 2360 11188465
4027 2640 11188465
889 2340 11353960
889 2660 11353960
2340 889 11353960
2340 4111 11353960
2660 889 11353960
2660 4111 11353960
4111 2340 11353960
4111 2660 11353960
833 2490 88256979
833 2510 88256979
2490 833 88256979
2490 4167 88256979
2510 833 88256979
2510 4167 88256979
4167 2490 88256979
4167 2510 88256979
980 1736 5404164
980 3264 5404164
1736 980 5404164
1736 4020 5404164
3264 980 5404164
3264 4020 5404164
4020 1736 5404164
4020 3264 5404164
880 1544 32160192
880 3456 32160192
1544 880 32160192
1544 4120 32160192
3456 880 32160192
3456 4120 32160192
4120 1544 32160192
4120 3456 32160192
962 1480 7857502
962 3520 7857502
1480 962 7857502
1480 4038 7857502
3520 962 7857502
3520 4038 7857502
4038 1480 7857502
4038 3520 7857502
913 2297 15622728
913 2703 15622728
2297 913 15622728
2297 4087 15622728
2703 913 15622728
2703 4087 15622728
4087 2297 15622728
4087 2703 15622728
2208 2443 7640854
2208 2557 7640854
2443 2208 7640854
2443 2792 7640854
2557 2208 7640854
2557 2792 7640854
2792 2443 7640854
2792 2557 7640854
2130 2430 10933703
2130 2570 10933703
2430 2130 10933703
2430 2870 10933703
2570 2130 10933703
2570 2870 10933703
2870 2430 10933703
2870 2570 10933703
841 2268 38911385
841 2732 38911385
2268 841 38911385
2268 4159 38911385
2732 841 38911385
2732 4159 38911385
4159 2268 38911385
4159 2732 38911385
855 2272 18720995
855 2728 18720995
2272 855 18720995
2272 4145 18720995
2728 855 18720995
2728 4145 18720995
4145 2272 18720995
4145 2728 18720995
858 1562 27000760
858 3438 27000760
1562 858 27000760
1562 4142 27000760
3438 858 27000760
3438 4142 27000760
4142 1562 27000760
4142 3438 27000760
779 2318 2006
779 2682 2006
2318 779 2006
2318 4221 2006
2682 779 2006
2682 4221 2006
4221 2318 2006
4221 2682 2006
858 2466 17381990
858 2534 17381990
2466 858 17381990
2466 4142 17381990
2534 858 17381990
2534 4142 17381990
4142 2466 17381990
4142 2534 17381990
835 1550 2006
835 3450 2006
1550 835 2006
1550 4165 2006
3450 835 2006
3450 4165 2006
4165 1550 2006
4165 3450 2006
942 2490 34306612
942 2510 34306612
2490 942 34306612
2490 4058 34306612
2510 942 34306612
2510 4058 34306612
4058 2490 34306612
4058 2510 34306612
830 1630 28199345
830 3370 28199345
1630 830 28199345
1630 4170 28199345
3370 830 28199345
3370 4170 28199345
4170 1630 28199345
4170 3370 28199345
979 1410 28938556
979 3590 28938556
1410 979 28938556
1410 4021 28938556
3590 979 28938556
3590 4021 28938556
4021 1410 28938556
4021 3590 28938556
988 2490 14234576
988 2510 14234576
2490 988 14234576
2490 4012 14234576
2510 988 14234576
2510 4012 14234576
4012 2490 14234576
4012 2510 14234576
998 1908 12563578
998 3092 12563578
1908 998 12563578
1908 4002 12563578
3092 998 12563578
3092 4002 12563578
4002 1908 12563578
4002 3092 12563578
931 1447 21517359
931 3553 21517359
1447 931 21517359
1447 4069 21517359
3553 931 21517359
3553 4069 21517359
4069 1447 21517359
4069 3553 21517359
940 1447 29730926
940 3553 29730926
1447 940 29730926
1447 4060 29730926
3553 940 29730926
3553 4060 29730926
4060 1447 29730926
4060 3553 29730926
973 1675 42002631
973 3325 42002631
1675 973 42002631
1675 4027 42002631
3325 973 42002631
3325 4027 42002631
4027 1675 42002631
4027 3325 42002631
942 1712 23035901
942 3288 23035901
1712 942 23035901
1712 4058 23035901
3288 942 23035901
3288 4058 23035901
4058 1712 23035901
4058 3288 23035901
886 1623 115326946
886 3377 115326946
1623 886 115326946
1623 4114 115326946
3377 886 115326946
3377 4114 115326946
4114 1623 115326946
4114 3377 115326946
969 1387 33649647
969 3613 33649647
1387 969 33649647
1387 4031 33649647
3613 969 33649647
3613 4031 33649647
4031 1387 33649647
4031 3613 33649647
1611 2420 56051652
1611 2580 56051652
2420 1611 56051652
2420 3389 56051652
2580 1611 56051652
2580 3389 56051652
3389 2420 56051652
3389 2580 56051652
964 1765 9653875
964 3235 9653875
1765 964 9653875
1765 4036 9653875
3235 964 9653875
3235 4036 9653875
4036 1765 9653875
4036 3235 9653875
1687 2342 31715863
1687 2658 31715863
2342 1687 31715863
2342 3313 31715863
2658 1687 31715863
2658 3313 31715863
3313 2342 31715863
3313 2658 31715863
1705 2332 44224276
1705 2668 44224276
2332 1705 44224276
2332 3295 44224276
2668 1705 44224276
2668 3295 44224276
3295 2332 44224276
3295 2668 44224276
1872
1000 20 1000 40 293879
1000 4960 1000 4980 293879
4000 20 4000 40 293879
4000 4960 4000 4980 293879
20 1000 40 1000 293879
4960 1000 4980 1000 293879
20 4000 40 4000 293879
4960 4000 4980 4000 293879
1000 40 1000 60 495482
1000 4940 1000 4960 495482
4000 40 4000 60 495482
4000 4940 4000 4960 495482
40 1000 60 1000 495482
4940 1000 4960 1000 495482
40 4000 60 4000 495482
4940 4000 4960 4000 495482
1000 60 1000 80 4282810
1000 4920 1000 4940 4282810
4000 60 4000 80 4282810
4000 4920 4000 4940 4282810
60 1000 80 1000 4282810
4920 1000 4940 1000 4282810
60 4000 80 4000 4282810
4920 4000 4940 4000 4282810
1000 80 1000 100 455362
1000 4900 1000 4920 455362
4000 80 4000 100 455362
4000 4900 4000 4920 455362
80 1000 100 1000 455362
4900 1000 4920 1000 455362
80 4000 100 4000 455362
4900 4000 4920 4000 455362
1000 100 1000 120 395182
1000 4880 1000 4900 395182
4000 100 4000 120 395182
4000 4880 4000 4900 395182
100 1000 120 1000 395182
4880 1000 4900 1000 395182
100 4000 120 4000 395182
4880 4000 4900 4000 395182
1000 120 1000 140 506515
1000 4860 1000 4880 506515
4000 120 4000 140 506515
4000 4860 4000 4880 506515
120 1000 140 1000 506515
4860 1000 4880 1000 506515
120 4000 140 4000 506515
4860 4000 4880 4000 506515
1000 140 1000 160 700094
1000 4840 1000 4860 700094
4000 140 4000 160 700094
4000 4840 4000 4860 700094
140 1000 160 1000 700094
4840 1000 4860 1000 700094
140 4000 160 4000 700094
4840 4000 4860 4000 700094
1000 160 1000 180 192576
1000 4820 1000 4840 192576
4000 160 4000 180 192576
4000 4820 4000 4840 192576
160 1000 180 1000 192576
4820 1000 4840 1000 192576
160 4000 180 4000 192576
4820 4000 4840 4000 192576
1000 180 1000 200 1254753
1000 4800 1000 4820 1254753
4000 180 4000 200 1254753
4000 4800 4000 4820 1254753
180 1000 200 1000 1254753
4800 1000 4820 1000 1254753
180 4000 200 4000 1254753
4800 4000 4820 4000 1254753
1000 200 1000 220 1309918
1000 4780 1000 4800 1309918
4000 200 4000 220 1309918
4000 4780 4000 4800 1309918
200 1000 220 1000 1309918
4780 1000 4800 1000 1309918
200 4000 220 4000 1309918
4780 4000 4800 4000 1309918
1000 220 1000 240 1371101
1000 4760 1000 4780 1371101
4000 220 4000 240 1371101
4000 4760 4000 4780 1371101
220 1000 240 1000 1371101
4760 1000 4780 1000 1371101
220 4000 240 4000 1371101
4760 4000 4780 4000 1371101
1000 240 1000 260 2818430
1000 4740 1000 4760 2818430
4000 240 4000 260 2818430
4000 4740 4000 4760 2818430
240 1000 260 1000 2818430
4740 1000 4760 1000 2818430
240 4000 260 4000 2818430
4740 4000 4760 4000 2818430
1000 260 1000 280 97745359
1000 4720 1000 4740 97745359
4000 260 4000 280 97745359
4000 4720 4000 4740 97745359
260 1000 280 1000 97745359
4720 1000 4740 1000 97745359
260 4000 280 4000 97745359
4720 4000 4740 4000 97745359
1000 280 1000 300 190528877
1000 4700 1000 4720 190528877
4000 280 4000 300 190528877
4000 4700 4000 4720 190528877
280 1000 300 1000 190528877
4700 1000 4720 1000 190528877
280 4000 300 4000 190528877
4700 4000 4720 4000 190528877
1000 300 1000 320 74153796
1000 4680 1000 4700 74153796
4000 300 4000 320 74153796
4000 4680 4000 4700 74153796
300 1000 320 1000 74153796
4680 1000 4700 1000 74153796
300 4000 320 4000 74153796
4680 4000 4700 4000 74153796
1000 320 1000 340 148276499
1000 4660 1000 4680 148276499
4000 320 4000 340 148276499
4000 4660 4000 4680 148276499
320 1000 340 1000 148276499
4660 1000 4680 1000 148276499
320 4000 340 4000 148276499
4660 4000 4680 4000 148276499
1000 340 1000 360 94111490
1000 4640 1000 4660 94111490
4000 340 4000 360 94111490
4000 4640 4000 4660 94111490
340 1000 360 1000 94111490
4640 1000 4660 1000 94111490
340 4000 360 4000 94111490
4640 4000 4660 4000 94111490
1000 360 1000 380 74509861
1000 4620 1000 4640 74509861
4000 360 4000 380 74509861
4000 4620 4000 4640 74509861
360 1000 380 1000 74509861
4620 1000 4640 1000 74509861
360 4000 380 4000 74509861
4620 4000 4640 4000 74509861
1000 380 1000 400 82044397
1000 4600 1000 4620 82044397
4000 380 4000 400 82044397
4000 4600 4000 4620 82044397
380 1000 400 1000 82044397
4600 1000 4620 1000 82044397
380 4000 400 4000 82044397
4600 4000 4620 4000 82044397
1000 400 1000 420 30418984
1000 4580 1000 4600 30418984
4000 400 4000 420 30418984
4000 4580 4000 4600 30418984
400 1000 420 1000 30418984
4580 1000 4600 1000 30418984
400 4000 420 4000 30418984
4580 4000 4600 4000 30418984
1000 420 1000 440 14210504
1000 4560 1000 4580 14210504
4000 420 4000 440 14210504
4000 4560 4000 4580 14210504
420 1000 440 1000 14210504
4560 1000 4580 1000 14210504
420 4000 440 4000 14210504
4560 4000 4580 4000 14210504
1000 440 1000 460 163425811
1000 4540 1000 4560 163425811
4000 440 4000 460 163425811
4000 4540 4000 4560 163425811
440 1000 460 1000 163425811
4540 1000 4560 1000 163425811
440 4000 460 4000 163425811
4540 4000 4560 4000 163425811
1000 460 1000 480 375207255
1000 4520 1000 4540 375207255
4000 460 4000 480 375207255
4000 4520 4000 4540 375207255
460 1000 480 1000 375207255
4520 1000 4540 1000 375207255
460 4000 480 4000 375207255
4520 4000 4540 4000 375207255
1000 480 1000 500 703203300
1000 4500 1000 4520 703203300
4000 480 4000 500 703203300
4000 4500 4000 4520 703203300
480 1000 500 1000 703203300
4500 1000 4520 1000 703203300
480 4000 500 4000 703203300
4500 4000 4520 4000 703203300
1000 500 1000 520 1075160835
1000 4480 1000 4500 1075160835
4000 500 4000 520 1075160835
4000 4480 4000 4500 1075160835
500 1000 520 1000 1075160835
4480 1000 4500 1000 1075160835
500 4000 520 4000 1075160835
4480 4000 4500 4000 1075160835
1000 520 1000 540 1034248465
1000 4460 1000 4480 1034248465
4000 520 4000 540 1034248465
4000 4460 4000 4480 1034248465
520 1000 540 1000 1034248465
4460 1000 4480 1000 1034248465
520 4000 540 4000 1034248465
4460 4000 4480 4000 1034248465
1000 540 1000 560 1054528122
1000 4440 1000 4460 1054528122
4000 540 4000 560 1054528122
4000 4440 4000 4460 1054528122
540 1000 560 1000 1054528122
4440 1000 4460 1000 1054528122
540 4000 560 4000 1054528122
4440 4000 4460 4000 1054528122
1000 560 1000 580 992951946
1000 4420 1000 4440 992951946
4000 560 4000 580 992951946
4000 4420 4000 4440 992951946
560 1000 580 1000 992951946
4420 1000 4440 1000 992951946
560 4000 580 4000 992951946
4420 4000 4440 4000 992951946
1000 580 1000 600 1022999820
1000 4400 1000 4420 1022999820
4000 580 4000 600 1022999820
4000 4400 4000 4420 1022999820
580 1000 600 1000 1022999820
4400 1000 4420 1000 1022999820
580 4000 600 4000 1022999820
4400 4000 4420 4000 1022999820
1000 600 1000 620 1051215213
1000 4380 1000 4400 1051215213
4000 600 4000 620 1051215213
4000 4380 4000 4400 1051215213
600 1000 620 1000 1051215213
4380 1000 4400 1000 1051215213
600 4000 620 4000 1051215213
4380 4000 4400 4000 1051215213
1000 620 1000 640 1105140505
1000 4360 1000 4380 1105140505
4000 620 4000 640 1105140505
4000 4360 4000 4380 1105140505
620 1000 640 1000 1105140505
4360 1000 4380 1000 1105140505
620 4000 640 4000 1105140505
4360 4000 4380 4000 1105140505
1000 640 1000 660 1167510054
1000 4340 1000 4360 1167510054
4000 640 4000 660 1167510054
4000 4340 4000 4360 1167510054
640 1000 660 1000 1167510054
4340 1000 4360 1000 1167510054
640 4000 660 4000 1167510054
4340 4000 4360 4000 1167510054
1000 660 1000 680 1134976746
1000 4320 1000 4340 1134976746
4000 660 4000 680 1134976746
4000 4320 4000 4340 1134976746
660 1000 680 1000 1134976746
4320 1000 4340 1000 1134976746
660 4000 680 4000 1134976746
4320 4000 4340 4000 1134976746
1000 680 1000 700 1257136128
1000 4300 1000 4320 1257136128
4000 680 4000 700 1257136128
4000 4300 4000 4320 1257136128
680 1000 700 1000 1257136128
4300 1000 4320 1000 1257136128
680 4000 700 4000 1257136128
4300 4000 4320 4000 1257136128
1000 700 1000 720 1666243780
1000 4280 1000 4300 1666243780
4000 700 4000 720 1666243780
4000 4280 4000 4300 1666243780
700 1000 720 1000 1666243780
4280 1000 4300 1000 1666243780
700 4000 720 4000 1666243780
4280 4000 4300 4000 1666243780
1000 720 1000 740 1488249394
1000 4260 1000 4280 1488249394
4000 720 4000 740 1488249394
4000 4260 4000 4280 1488249394
720 1000 740 1000 1488249394
4260 1000 4280 1000 1488249394
720 4000 740 4000 1488249394
4260 4000 4280 4000 1488249394
1000 740 1000 760 1589966633
1000 4240 1000 4260 1589966633
4000 740 4000 760 1589966633
4000 4240 4000 4260 1589966633
740 1000 760 1000 1589966633
4240 1000 4260 1000 1589966633
740 4000 760 4000 1589966633
4240 4000 4260 4000 1589966633
1000 760 1000 780 2030612617
1000 4220 1000 4240 2030612617
4000 760 4000 780 2030612617
4000 4220 4000 4240 2030612617
760 1000 780 1000 2030612617
4220 1000 4240 1000 2030612617
760 4000 780 4000 2030612617
4220 4000 4240 4000 2030612617
1000 780 1000 800 1539162677
1000 4200 1000 4220 1539162677
4000 780 4000 800 1539162677
4000 4200 4000 4220 1539162677
780 1000 800 1000 1539162677
4200 1000 4220 1000 1539162677
780 4000 800 4000 1539162677
4200 4000 4220 4000 1539162677
1000 800 1000 820 2911570586
1000 4180 1000 4200 2911570586
4000 800 4000 820 2911570586
4000 4180 4000 4200 2911570586
800 1000 820 1000 2911570586
4180 1000 4200 1000 2911570586
800 4000 820 4000 2911570586
4180 4000 4200 4000 2911570586
1000 820 1000 840 717467966
1000 4160 1000 4180 717467966
4000 820 4000 840 717467966
4000 4160 4000 4180 717467966
820 1000 840 1000 717467966
4160 1000 4180 1000 717467966
820 4000 840 4000 717467966
4160 4000 4180 4000 717467966
1000 840 1000 860 1986432473
1000 4140 1000 4160 1986432473
4000 840 4000 860 1986432473
4000 4140 4000 4160 1986432473
840 1000 860 1000 1986432473
4140 1000 4160 1000 1986432473
840 4000 860 4000 1986432473
4140 4000 4160 4000 1986432473
1000 860 1000 880 2273325578
1000 4120 1000 4140 2273325578
4000 860 4000 880 2273325578
4000 4120 4000 4140 2273325578
860 1000 880 1000 2273325578
4120 1000 4140 1000 2273325578
860 4000 880 4000 2273325578
4120 4000 4140 4000 2273325578
1000 880 1000 900 4184905164
1000 4100 1000 4120 4184905164
4000 880 4000 900 4184905164
4000 4100 4000 4120 4184905164
880 1000 900 1000 4184905164
4100 1000 4120 1000 4184905164
880 4000 900 4000 4184905164
4100 4000 4120 4000 4184905164
1000 900 1000 920 695784109
1000 4080 1000 4100 695784109
4000 900 4000 920 695784109
4000 4080 4000 4100 695784109
900 1000 920 1000 695784109
4080 1000 4100 1000 695784109
900 4000 920 4000 695784109
4080 4000 4100 4000 695784109
1000 920 1000 940 4370845316
1000 4060 1000 4080 4370845316
4000 920 4000 940 4370845316
4000 4060 4000 4080 4370845316
920 1000 940 1000 4370845316
4060 1000 4080 1000 4370845316
920 4000 940 4000 4370845316
4060 4000 4080 4000 4370845316
1000 940 1000 960 1997625953
1000 4040 1000 4060 1997625953
4000 940 4000 960 1997625953
4000 4040 4000 4060 1997625953
940 1000 960 1000 1997625953
4040 1000 4060 1000 1997625953
940 4000 960 4000 1997625953
4040 4000 4060 4000 1997625953
1000 960 1000 980 648877811
1000 4020 1000 4040 648877811
4000 960 4000 980 648877811
4000 4020 4000 4040 648877811
960 1000 980 1000 648877811
4020 1000 4040 1000 648877811
960 4000 980 4000 648877811
4020 4000 4040 4000 648877811
1000 980 1000 1000 9292637529
1000 4000 1000 4020 9292637529
4000 980 4000 1000 9292637529
4000 4000 4000 4020 9292637529
980 1000 1000 1000 9292637529
4000 1000 4020 1000 9292637529
980 4000 1000 4000 9292637529
4000 4000 4020 4000 9292637529
1000 1000 1000 1020 31976643
1000 3980 1000 4000 31976643
4000 1000 4000 1020 31976643
4000 3980 4000 4000 31976643
1000 1000 1020 1000 31976643
3980 1000 4000 1000 31976643
1000 4000 1020 4000 31976643
3980 4000 4000 4000 31976643
1000 1020 1000 1040 138941578
1000 3960 1000 3980 138941578
4000 1020 4000 1040 138941578
4000 3960 4000 3980 138941578
1020 1000 1040 1000 138941578
3960 1000 3980 1000 138941578
1020 4000 1040 4000 138941578
3960 4000 3980 4000 138941578
1000 1040 1000 1060 200640120
1000 3940 1000 3960 200640120
4000 1040 4000 1060 200640120
4000 3940 4000 3960 200640120
1040 1000 1060 1000 200640120
3940 1000 3960 1000 200640120
1040 4000 1060 4000 200640120
3940 4000 3960 4000 200640120
1000 1060 1000 1080 153602429
1000 3920 1000 3940 153602429
4000 1060 4000 1080 153602429
4000 3920 4000 3940 153602429
1060 1000 1080 1000 153602429
3920 1000 3940 1000 153602429
1060 4000 1080 4000 153602429
3920 4000 3940 4000 153602429
1000 1080 1000 1100 210462499
1000 3900 1000 3920 210462499
4000 1080 4000 1100 210462499
4000 3900 4000 3920 210462499
1080 1000 1100 1000 210462499
3900 1000 3920 1000 210462499
1080 4000 1100 4000 210462499
3900 4000 3920 4000 210462499
1000 1100 1000 1120 367339723
1000 3880 1000 3900 367339723
4000 1100 4000 1120 367339723
4000 3880 4000 3900 367339723
1100 1000 1120 1000 367339723
3880 1000 3900 1000 367339723
1100 4000 1120 4000 367339723
3880 4000 3900 4000 367339723
1000 1120 1000 1140 410740536
1000 3860 1000 3880 410740536
4000 1120 4000 1140 410740536
4000 3860 4000 3880 410740536
1120 1000 1140 1000 410740536
3860 1000 3880 1000 410740536
1120 4000 1140 4000 410740536
3860 4000 3880 4000 410740536
1000 1140 1000 1160 381759854
1000 3840 1000 3860 381759854
4000 1140 4000 1160 381759854
4000 3840 4000 3860 381759854
1140 1000 1160 1000 381759854
3840 1000 3860 1000 381759854
1140 4000 1160 4000 381759854
3840 4000 3860 4000 381759854
1000 1160 1000 1180 555596805
1000 3820 1000 3840 555596805
4000 1160 4000 1180 555596805
4000 3820 4000 3840 555596805
1160 1000 1180 1000 555596805
3820 1000 3840 1000 555596805
1160 4000 1180 4000 555596805
3820 4000 3840 4000 555596805
1000 1180 1000 1200 584156227
1000 3800 1000 3820 584156227
4000 1180 4000 1200 584156227
4000 3800 4000 3820 584156227
1180 1000 1200 1000 584156227
3800 1000 3820 1000 584156227
1180 4000 1200 4000 584156227
3800 4000 3820 4000 584156227
1000 1200 1000 1220 652568851
1000 3780 1000 3800 652568851
4000 1200 4000 1220 652568851
4000 3780 4000 3800 652568851
1200 1000 1220 1000 652568851
3780 1000 3800 1000 652568851
1200 4000 1220 4000 652568851
3780 4000 3800 4000 652568851
1000 1220 1000 1240 612297398
1000 3760 1000 3780 612297398
4000 1220 4000 1240 612297398
4000 3760 4000 3780 612297398
1220 1000 1240 1000 612297398
3760 1000 3780 1000 612297398
1220 4000 1240 4000 612297398
3760 4000 3780 4000 612297398
1000 1240 1000 1260 1617105807
1000 3740 1000 3760 1617105807
4000 1240 4000 1260 1617105807
4000 3740 4000 3760 1617105807
1240 1000 1260 1000 1617105807
3740 1000 3760 1000 1617105807
1240 4000 1260 4000 1617105807
3740 4000 3760 4000 1617105807
1000 1260 1000 1280 1449998986
1000 3720 1000 3740 1449998986
4000 1260 4000 1280 1449998986
4000 3720 4000 3740 1449998986
1260 1000 1280 1000 1449998986
3720 1000 3740 1000 1449998986
1260 4000 1280 4000 1449998986
3720 4000 3740 4000 1449998986
1000 1280 1000 1300 1106940890
1000 3700 1000 3720 1106940890
4000 1280 4000 1300 1106940890
4000 3700 4000 3720 1106940890
1280 1000 1300 1000 1106940890
3700 1000 3720 1000 1106940890
1280 4000 1300 4000 1106940890
3700 4000 3720 4000 1106940890
1000 1300 1000 1320 1136655768
1000 3680 1000 3700 1136655768
4000 1300 4000 1320 1136655768
4000 3680 4000 3700 1136655768
1300 1000 1320 1000 1136655768
3680 1000 3700 1000 1136655768
1300 4000 1320 4000 1136655768
3680 4000 3700 4000 1136655768
1000 1320 1000 1340 1176056617
1000 3660 1000 3680 1176056617
4000 1320 4000 1340 1176056617
4000 3660 4000 3680 1176056617
1320 1000 1340 1000 1176056617
3660 1000 3680 1000 1176056617
1320 4000 1340 4000 1176056617
3660 4000 3680 4000 1176056617
1000 1340 1000 1360 1138245523
1000 3640 1000 3660 1138245523
4000 1340 4000 1360 1138245523
4000 3640 4000 3660 1138245523
1340 1000 1360 1000 1138245523
3640 1000 3660 1000 1138245523
1340 4000 1360 4000 1138245523
3640 4000 3660 4000 1138245523
1000 1360 1000 1380 1094898872
1000 3620 1000 3640 1094898872
4000 1360 4000 1380 1094898872
4000 3620 4000 3640 1094898872
1360 1000 1380 1000 1094898872
3620 1000 3640 1000 1094898872
1360 4000 1380 4000 1094898872
3620 4000 3640 4000 1094898872
1000 1380 1000 1400 1091766503
1000 3600 1000 3620 1091766503
4000 1380 4000 1400 1091766503
4000 3600 4000 3620 1091766503
1380 1000 1400 1000 1091766503
3600 1000 3620 1000 1091766503
1380 4000 1400 4000 1091766503
3600 4000 3620 4000 1091766503
1000 1400 1000 1420 1076914079
1000 3580 1000 3600 1076914079
4000 1400 4000 1420 1076914079
4000 3580 4000 3600 1076914079
1400 1000 1420 1000 1076914079
3580 1000 3600 1000 1076914079
1400 4000 1420 4000 1076914079
3580 4000 3600 4000 1076914079
1000 1420 1000 1440 1027113123
1000 3560 1000 3580 1027113123
4000 1420 4000 1440 1027113123
4000 3560 4000 3580 1027113123
1420 1000 1440 1000 1027113123
3560 1000 3580 1000 1027113123
1420 4000 1440 4000 1027113123
3560 4000 3580 4000 1027113123
1000 1440 1000 1460 1115422258
1000 3540 1000 3560 1115422258
4000 1440 4000 1460 1115422258
4000 3540 4000 3560 1115422258
1440 1000 1460 1000 1115422258
3540 1000 3560 1000 1115422258
1440 4000 1460 4000 1115422258
3540 4000 3560 4000 1115422258
1000 1460 1000 1480 1015812322
1000 3520 1000 3540 1015812322
4000 1460 4000 1480 1015812322
4000 3520 4000 3540 1015812322
1460 1000 1480 1000 1015812322
3520 1000 3540 1000 1015812322
1460 4000 1480 4000 1015812322
3520 4000 3540 4000 1015812322
1000 1480 1000 1500 960520944
1000 3500 1000 3520 960520944
4000 1480 4000 1500 960520944
4000 3500 4000 3520 960520944
1480 1000 1500 1000 960520944
3500 1000 3520 1000 960520944
1480 4000 1500 4000 960520944
3500 4000 3520 4000 960520944
1000 1500 1000 1520 1039812106
1000 3480 1000 3500 1039812106
4000 1500 4000 1520 1039812106
4000 3480 4000 3500 1039812106
1500 1000 1520 1000 1039812106
3480 1000 3500 1000 1039812106
1500 4000 1520 4000 1039812106
3480 4000 3500 4000 1039812106
1000 1520 1000 1540 1014268705
1000 3460 1000 3480 1014268705
4000 1520 4000 1540 1014268705
4000 3460 4000 3480 1014268705
1520 1000 1540 1000 1014268705
3460 1000 3480 1000 1014268705
1520 4000 1540 4000 1014268705
3460 4000 3480 4000 1014268705
1000 1540 1000 1560 1029268570
1000 3440 1000 3460 1029268570
4000 1540 4000 1560 1029268570
4000 3440 4000 3460 1029268570
1540 1000 1560 1000 1029268570
3440 1000 3460 1000 1029268570
1540 4000 1560 4000 1029268570
3440 4000 3460 4000 1029268570
1000 1560 1000 1580 1089552882
1000 3420 1000 3440 1089552882
4000 1560 4000 1580 1089552882
4000 3420 4000 3440 1089552882
1560 1000 1580 1000 1089552882
3420 1000 3440 1000 1089552882
1560 4000 1580 4000 1089552882
3420 4000 3440 4000 1089552882
1000 1580 1000 1600 1067077658
1000 3400 1000 3420 1067077658
4000 1580 4000 1600 1067077658
4000 3400 4000 3420 1067077658
1580 1000 1600 1000 1067077658
3400 1000 3420 1000 1067077658
1580 4000 1600 4000 1067077658
3400 4000 3420 4000 1067077658
1000 1600 1000 1620 1053132949
1000 3380 1000 3400 1053132949
4000 1600 4000 1620 1053132949
4000 3380 4000 3400 1053132949
1600 1000 1620 1000 1053132949
3380 1000 3400 1000 1053132949
1600 4000 1620 4000 1053132949
3380 4000 3400 4000 1053132949
1000 1620 1000 1640 1000143456
1000 3360 1000 3380 1000143456
4000 1620 4000 1640 1000143456
4000 3360 4000 3380 1000143456
1620 1000 1640 1000 1000143456
3360 1000 3380 1000 1000143456
1620 4000 1640 4000 1000143456
3360 4000 3380 4000 1000143456
1000 1640 1000 1660 860923044
1000 3340 1000 3360 860923044
4000 1640 4000 1660 860923044
4000 3340 4000 3360 860923044
1640 1000 1660 1000 860923044
3340 1000 3360 1000 860923044
1640 4000 1660 4000 860923044
3340 4000 3360 4000 860923044
1000 1660 1000 1680 808376877
1000 3320 1000 3340 808376877
4000 1660 4000 1680 808376877
4000 3320 4000 3340 808376877
1660 1000 1680 1000 808376877
3320 1000 3340 1000 808376877
1660 4000 1680 4000 808376877
3320 4000 3340 4000 808376877
1000 1680 1000 1700 758006217
1000 3300 1000 3320 758006217
4000 1680 4000 1700 758006217
4000 3300 4000 3320 758006217
1680 1000 1700 1000 758006217
3300 1000 3320 1000 758006217
1680 4000 1700 4000 758006217
3300 4000 3320 4000 758006217
1000 1700 1000 1720 640869859
1000 3280 1000 3300 640869859
4000 1700 4000 1720 640869859
4000 3280 4000 3300 640869859
1700 1000 1720 1000 640869859
3280 1000 3300 1000 640869859
1700 4000 1720 4000 640869859
3280 4000 3300 4000 640869859
1000 1720 1000 1740 723475936
1000 3260 1000 3280 723475936
4000 1720 4000 1740 723475936
4000 3260 4000 3280 723475936
1720 1000 1740 1000 723475936
3260 1000 3280 1000 723475936
1720 4000 1740 4000 723475936
3260 4000 3280 4000 723475936
1000 1740 1000 1760 689484266
1000 3240 1000 3260 689484266
4000 1740 4000 1760 689484266
4000 3240 4000 3260 689484266
1740 1000 1760 1000 689484266
3240 1000 3260 1000 689484266
1740 4000 1760 4000 689484266
3240 4000 3260 4000 689484266
1000 1760 1000 1780 676001940
1000 3220 1000 3240 676001940
4000 1760 4000 1780 676001940
4000 3220 4000 3240 676001940
1760 1000 1780 1000 676001940
3220 1000 3240 1000 676001940
1760 4000 1780 4000 676001940
3220 4000 3240 4000 676001940
1000 1780 1000 1800 762935962
1000 3200 1000 3220 762935962
4000 1780 4000 1800 762935962
4000 3200 4000 3220 762935962
1780 1000 1800 1000 762935962
3200 1000 3220 1000 762935962
1780 4000 1800 4000 762935962
3200 4000 3220 4000 762935962
1000 1800 1000 1820 1138341811
1000 3180 1000 3200 1138341811
4000 1800 4000 1820 1138341811
4000 3180 4000 3200 1138341811
1800 1000 1820 1000 1138341811
3180 1000 3200 1000 1138341811
1800 4000 1820 4000 1138341811
3180 4000 3200 4000 1138341811
1000 1820 1000 1840 1000159504
1000 3160 1000 3180 1000159504
4000 1820 4000 1840 1000159504
4000 3160 4000 3180 1000159504
1820 1000 1840 1000 1000159504
3160 1000 3180 1000 1000159504
1820 4000 1840 4000 1000159504
3160 4000 3180 4000 1000159504
1000 1840 1000 1860 595303569
1000 3140 1000 3160 595303569
4000 1840 4000 1860 595303569
4000 3140 4000 3160 595303569
1840 1000 1860 1000 595303569
3140 1000 3160 1000 595303569
1840 4000 1860 4000 595303569
3140 4000 3160 4000 595303569
1000 1860 1000 1880 728700563
1000 3120 1000 3140 728700563
4000 1860 4000 1880 728700563
4000 3120 4000 3140 728700563
1860 1000 1880 1000 728700563
3120 1000 3140 1000 728700563
1860 4000 1880 4000 728700563
3120 4000 3140 4000 728700563
1000 1880 1000 1900 935518160
1000 3100 1000 3120 935518160
4000 1880 4000 1900 935518160
4000 3100 4000 3120 935518160
1880 1000 1900 1000 935518160
3100 1000 3120 1000 935518160
1880 4000 1900 4000 935518160
3100 4000 3120 4000 935518160
1000 1900 1000 1920 1058144940
1000 3080 1000 3100 1058144940
4000 1900 4000 1920 1058144940
4000 3080 4000 3100 1058144940
1900 1000 1920 1000 1058144940
3080 1000 3100 1000 1058144940
1900 4000 1920 4000 1058144940
3080 4000 3100 4000 1058144940
1000 1920 1000 1940 1084198868
1000 3060 1000 3080 1084198868
4000 1920 4000 1940 1084198868
4000 3060 4000 3080 1084198868
1920 1000 1940 1000 1084198868
3060 1000 3080 1000 1084198868
1920 4000 1940 4000 1084198868
3060 4000 3080 4000 1084198868
1000 1940 1000 1960 981536803
1000 3040 1000 3060 981536803
4000 1940 4000 1960 981536803
4000 3040 4000 3060 981536803
1940 1000 1960 1000 981536803
3040 1000 3060 1000 981536803
1940 4000 1960 4000 981536803
3040 4000 3060 4000 981536803
1000 1960 1000 1980 850740588
1000 3020 1000 3040 850740588
4000 1960 4000 1980 850740588
4000 3020 4000 3040 850740588
1960 1000 1980 1000 850740588
3020 1000 3040 1000 850740588
1960 4000 1980 4000 850740588
3020 4000 3040 4000 850740588
1000 1980 1000 2000 709749881
1000 3000 1000 3020 709749881
4000 1980 4000 2000 709749881
4000 3000 4000 3020 709749881
1980 1000 2000 1000 709749881
3000 1000 3020 1000 709749881
1980 4000 2000 4000 709749881
3000 4000 3020 4000 709749881
1000 2000 1000 2020 64286282
1000 2980 1000 3000 64286282
4000 2000 4000 2020 64286282
4000 2980 4000 3000 64286282
2000 1000 2020 1000 64286282
2980 1000 3000 1000 64286282
2000 4000 2020 4000 64286282
2980 4000 3000 4000 64286282
1000 2020 1000 2040 355037928
1000 2960 1000 2980 355037928
4000 2020 4000 2040 355037928
4000 2960 4000 2980 355037928
2020 1000 2040 1000 355037928
2960 1000 2980 1000 355037928
2020 4000 2040 4000 355037928
2960 4000 2980 4000 355037928
1000 2040 1000 2060 464487294
1000 2940 1000 2960 464487294
4000 2040 4000 2060 464487294
4000 2940 4000 2960 464487294
2040 1000 2060 1000 464487294
2940 1000 2960 1000 464487294
2040 4000 2060 4000 464487294
2940 4000 2960 4000 464487294
1000 2060 1000 2080 379968496
1000 2920 1000 2940 379968496
4000 2060 4000 2080 379968496
4000 2920 4000 2940 379968496
2060 1000 2080 1000 379968496
2920 1000 2940 1000 379968496
2060 4000 2080 4000 379968496
2920 4000 2940 4000 379968496
1000 2080 1000 2100 569736096
1000 2900 1000 2920 569736096
4000 2080 4000 2100 569736096
4000 2900 4000 2920 569736096
2080 1000 2100 1000 569736096
2900 1000 2920 1000 569736096
2080 4000 2100 4000 569736096
2900 4000 2920 4000 569736096
1000 2100 1000 2120 618045591
1000 2880 1000 2900 618045591
4000 2100 4000 2120 618045591
4000 2880 4000 2900 618045591
2100 1000 2120 1000 618045591
2880 1000 2900 1000 618045591
2100 4000 2120 4000 618045591
2880 4000 2900 4000 618045591
1000 2120 1000 2140 513289262
1000 2860 1000 2880 513289262
4000 2120 4000 2140 513289262
4000 2860 4000 2880 513289262
2120 1000 2140 1000 513289262
2860 1000 2880 1000 513289262
2120 4000 2140 4000 513289262
2860 4000 2880 4000 513289262
1000 2140 1000 2160 621369533
1000 2840 1000 2860 621369533
4000 2140 4000 2160 621369533
4000 2840 4000 2860 621369533
2140 1000 2160 1000 621369533
2840 1000 2860 1000 621369533
2140 4000 2160 4000 621369533
2840 4000 2860 4000 621369533
1000 2160 1000 2180 612236215
1000 2820 1000 2840 612236215
4000 2160 4000 2180 612236215
4000 2820 4000 2840 612236215
2160 1000 2180 1000 612236215
2820 1000 2840 1000 612236215
2160 4000 2180 4000 612236215
2820 4000 2840 4000 612236215
1000 2180 1000 2200 600356683
1000 2800 1000 2820 600356683
4000 2180 4000 2200 600356683
4000 2800 4000 2820 600356683
2180 1000 2200 1000 600356683
2800 1000 2820 1000 600356683
2180 4000 2200 4000 600356683
2800 4000 2820 4000 600356683
1000 2200 1000 2220 611818967
1000 2780 1000 2800 611818967
4000 2200 4000 2220 611818967
4000 2780 4000 2800 611818967
2200 1000 2220 1000 611818967
2780 1000 2800 1000 611818967
2200 4000 2220 4000 611818967
2780 4000 2800 4000 611818967
1000 2220 1000 2240 654777457
1000 2760 1000 2780 654777457
4000 2220 4000 2240 654777457
4000 2760 4000 2780 654777457
2220 1000 2240 1000 654777457
2760 1000 2780 1000 654777457
2220 4000 2240 4000 654777457
2760 4000 2780 4000 654777457
1000 2240 1000 2260 646122570
1000 2740 1000 2760 646122570
4000 2240 4000 2260 646122570
4000 2740 4000 2760 646122570
2240 1000 2260 1000 646122570
2740 1000 2760 1000 646122570
2240 4000 2260 4000 646122570
2740 4000 2760 4000 646122570
1000 2260 1000 2280 627610199
1000 2720 1000 2740 627610199
4000 2260 4000 2280 627610199
4000 2720 4000 2740 627610199
2260 1000 2280 1000 627610199
2720 1000 2740 1000 627610199
2260 4000 2280 4000 627610199
2720 4000 2740 4000 627610199
1000 2280 1000 2300 564871546
1000 2700 1000 2720 564871546
4000 2280 4000 2300 564871546
4000 2700 4000 2720 564871546
2280 1000 2300 1000 564871546
2700 1000 2720 1000 564871546
2280 4000 2300 4000 564871546
2700 4000 2720 4000 564871546
1000 2300 1000 2320 814005713
1000 2680 1000 2700 814005713
4000 2300 4000 2320 814005713
4000 2680 4000 2700 814005713
2300 1000 2320 1000 814005713
2680 1000 2700 1000 814005713
2300 4000 2320 4000 814005713
2680 4000 2700 4000 814005713
1000 2320 1000 2340 924580445
1000 2660 1000 2680 924580445
4000 2320 4000 2340 924580445
4000 2660 4000 2680 924580445
2320 1000 2340 1000 924580445
2660 1000 2680 1000 924580445
2320 4000 2340 4000 924580445
2660 4000 2680 4000 924580445
1000 2340 1000 2360 1073403579
1000 2640 1000 2660 1073403579
4000 2340 4000 2360 1073403579
4000 2640 4000 2660 1073403579
2340 1000 2360 1000 1073403579
2640 1000 2660 1000 1073403579
2340 4000 2360 4000 1073403579
2640 4000 2660 4000 1073403579
1000 2360 1000 2380 1052232255
1000 2620 1000 2640 1052232255
4000 2360 4000 2380 1052232255
4000 2620 4000 2640 1052232255
2360 1000 2380 1000 1052232255
2620 1000 2640 1000 1052232255
2360 4000 2380 4000 1052232255
2620 4000 2640 4000 1052232255
1000 2380 1000 2400 1003206618
1000 2600 1000 2620 1003206618
4000 2380 4000 2400 1003206618
4000 2600 4000 2620 1003206618
2380 1000 2400 1000 1003206618
2600 1000 2620 1000 1003206618
2380 4000 2400 4000 1003206618
2600 4000 2620 4000 1003206618
1000 2400 1000 2420 964371461
1000 2580 1000 2600 964371461
4000 2400 4000 2420 964371461
4000 2580 4000 2600 964371461
2400 1000 2420 1000 964371461
2580 1000 2600 1000 964371461
2400 4000 2420 4000 964371461
2580 4000 2600 4000 964371461
1000 2420 1000 2440 1154835143
1000 2560 1000 2580 1154835143
4000 2420 4000 2440 1154835143
4000 2560 4000 2580 1154835143
2420 1000 2440 1000 1154835143
2560 1000 2580 1000 1154835143
2420 4000 2440 4000 1154835143
2560 4000 2580 4000 1154835143
1000 2440 1000 2460 1102210742
1000 2540 1000 2560 1102210742
4000 2440 4000 2460 1102210742
4000 2540 4000 2560 1102210742
2440 1000 2460 1000 1102210742
2540 1000 2560 1000 1102210742
2440 4000 2460 4000 1102210742
2540 4000 2560 4000 1102210742
1000 2460 1000 2480 1055945361
1000 2520 1000 2540 1055945361
4000 2460 4000 2480 1055945361
4000 2520 4000 2540 1055945361
2460 1000 2480 1000 1055945361
2520 1000 2540 1000 1055945361
2460 4000 2480 4000 1055945361
2520 4000 2540 4000 1055945361
1000 2480 1000 2500 1063558131
1000 2500 1000 2520 1063558131
4000 2480 4000 2500 1063558131
4000 2500 4000 2520 1063558131
2480 1000 2500 1000 1063558131
2500 1000 2520 1000 1063558131
2480 4000 2500 4000 1063558131
2500 4000 2520 4000 1063558131
2000 300 2000 320 51677569
2000 4680 2000 4700 51677569
3000 300 3000 320 51677569
3000 4680 3000 4700 51677569
300 2000 320 2000 51677569
4680 2000 4700 2000 51677569
300 3000 320 3000 51677569
4680 3000 4700 3000 51677569
2000 320 2000 340 132907530
2000 4660 2000 4680 132907530
3000 320 3000 340 132907530
3000 4660 3000 4680 132907530
320 2000 340 2000 132907530
4660 2000 4680 2000 132907530
320 3000 340 3000 132907530
4660 3000 4680 3000 132907530
2000 340 2000 360 177784759
2000 4640 2000 4660 177784759
3000 340 3000 360 177784759
3000 4640 3000 4660 177784759
340 2000 360 2000 177784759
4640 2000 4660 2000 177784759
340 3000 360 3000 177784759
4640 3000 4660 3000 177784759
2000 360 2000 380 81996253
2000 4620 2000 4640 81996253
3000 360 3000 380 81996253
3000 4620 3000 4640 81996253
360 2000 380 2000 81996253
4620 2000 4640 2000 81996253
360 3000 380 3000 81996253
4620 3000 4640 3000 81996253
2000 380 2000 400 156015647
2000 4600 2000 4620 156015647
3000 380 3000 400 156015647
3000 4600 3000 4620 156015647
380 2000 400 2000 156015647
4600 2000 4620 2000 156015647
380 3000 400 3000 156015647
4600 3000 4620 3000 156015647
2000 400 2000 420 93477594
2000 4580 2000 4600 93477594
3000 400 3000 420 93477594
3000 4580 3000 4600 93477594
400 2000 420 2000 93477594
4580 2000 4600 2000 93477594
400 3000 420 3000 93477594
4580 3000 4600 3000 93477594
2000 420 2000 440 127711990
2000 4560 2000 4580 127711990
3000 420 3000 440 127711990
3000 4560 3000 4580 127711990
420 2000 440 2000 127711990
4560 2000 4580 2000 127711990
420 3000 440 3000 127711990
4560 3000 4580 3000 127711990
2000 440 2000 460 162558216
2000 4540 2000 4560 162558216
3000 440 3000 460 162558216
3000 4540 3000 4560 162558216
440 2000 460 2000 162558216
4540 2000 4560 2000 162558216
440 3000 460 3000 162558216
4540 3000 4560 3000 162558216
2000 460 2000 480 376016676
2000 4520 2000 4540 376016676
3000 460 3000 480 376016676
3000 4520 3000 4540 376016676
460 2000 480 2000 376016676
4520 2000 4540 2000 376016676
460 3000 480 3000 376016676
4520 3000 4540 3000 376016676
2000 480 2000 500 704427963
2000 4500 2000 4520 704427963
3000 480 3000 500 704427963
3000 4500 3000 4520 704427963
480 2000 500 2000 704427963
4500 2000 4520 2000 704427963
480 3000 500 3000 704427963
4500 3000 4520 3000 704427963
2000 500 2000 520 1076250093
2000 4480 2000 4500 1076250093
3000 500 3000 520 1076250093
3000 4480 3000 4500 1076250093
500 2000 520 2000 1076250093
4480 2000 4500 2000 1076250093
500 3000 520 3000 1076250093
4480 3000 4500 3000 1076250093
2000 520 2000 540 1033971637
2000 4460 2000 4480 1033971637
3000 520 3000 540 1033971637
3000 4460 3000 4480 1033971637
520 2000 540 2000 1033971637
4460 2000 4480 2000 1033971637
520 3000 540 3000 1033971637
4460 3000 4480 3000 1033971637
2000 540 2000 560 1053033652
2000 4440 2000 4460 1053033652
3000 540 3000 560 1053033652
3000 4440 3000 4460 1053033652
540 2000 560 2000 1053033652
4440 2000 4460 2000 1053033652
540 3000 560 3000 1053033652
4440 3000 4460 3000 1053033652
2000 560 2000 580 995761349
2000 4420 2000 4440 995761349
3000 560 3000 580 995761349
3000 4420 3000 4440 995761349
560 2000 580 2000 995761349
4420 2000 4440 2000 995761349
560 3000 580 3000 995761349
4420 3000 4440 3000 995761349
2000 580 2000 600 1021530425
2000 4400 2000 4420 1021530425
3000 580 3000 600 1021530425
3000 4400 3000 4420 1021530425
580 2000 600 2000 1021530425
4400 2000 4420 2000 1021530425
580 3000 600 3000 1021530425
4400 3000 4420 3000 1021530425
2000 600 2000 620 1051247309
2000 4380 2000 4400 1051247309
3000 600 3000 620 1051247309
3000 4380 3000 4400 1051247309
600 2000 620 2000 1051247309
4380 2000 4400 2000 1051247309
600 3000 620 3000 1051247309
4380 3000 4400 3000 1051247309
2000 620 2000 640 1104097385
2000 4360 2000 4380 1104097385
3000 620 3000 640 1104097385
3000 4360 3000 4380 1104097385
620 2000 640 2000 1104097385
4360 2000 4380 2000 1104097385
620 3000 640 3000 1104097385
4360 3000 4380 3000 1104097385
2000 640 2000 660 1168637426
2000 4340 2000 4360 1168637426
3000 640 3000 660 1168637426
3000 4340 3000 4360 1168637426
640 2000 660 2000 1168637426
4340 2000 4360 2000 1168637426
640 3000 660 3000 1168637426
4340 3000 4360 3000 1168637426
2000 660 2000 680 1141645693
2000 4320 2000 4340 1141645693
3000 660 3000 680 1141645693
3000 4320 3000 4340 1141645693
660 2000 680 2000 1141645693
4320 2000 4340 2000 1141645693
660 3000 680 3000 1141645693
4320 3000 4340 3000 1141645693
2000 680 2000 700 1254958615
2000 4300 2000 4320 1254958615
3000 680 3000 700 1254958615
3000 4300 3000 4320 1254958615
680 2000 700 2000 1254958615
4300 2000 4320 2000 1254958615
680 3000 700 3000 1254958615
4300 3000 4320 3000 1254958615
2000 700 2000 720 1404870004
2000 4280 2000 4300 1404870004
3000 700 3000 720 1404870004
3000 4280 3000 4300 1404870004
700 2000 720 2000 1404870004
4280 2000 4300 2000 1404870004
700 3000 720 3000 1404870004
4280 3000 4300 3000 1404870004
2000 720 2000 740 1569329908
2000 4260 2000 4280 1569329908
3000 720 3000 740 1569329908
3000 4260 3000 4280 1569329908
720 2000 740 2000 1569329908
4260 2000 4280 2000 1569329908
720 3000 740 3000 1569329908
4260 3000 4280 3000 1569329908
2000 740 2000 760 1651436491
2000 4240 2000 4260 1651436491
3000 740 3000 760 1651436491
3000 4240 3000 4260 1651436491
740 2000 760 2000 1651436491
4240 2000 4260 2000 1651436491
740 3000 760 3000 1651436491
4240 3000 4260 3000 1651436491
2000 760 2000 780 1975856841
2000 4220 2000 4240 1975856841
3000 760 3000 780 1975856841
3000 4220 3000 4240 1975856841
760 2000 780 2000 1975856841
4220 2000 4240 2000 1975856841
760 3000 780 3000 1975856841
4220 3000 4240 3000 1975856841
2000 780 2000 800 1685717025
2000 4200 2000 4220 1685717025
3000 780 3000 800 1685717025
3000 4200 3000 4220 1685717025
780 2000 800 2000 1685717025
4200 2000 4220 2000 1685717025
780 3000 800 3000 1685717025
4200 3000 4220 3000 1685717025
2000 800 2000 820 2586320755
2000 4180 2000 4200 2586320755
3000 800 3000 820 2586320755
3000 4180 3000 4200 2586320755
800 2000 820 2000 2586320755
4180 2000 4200 2000 2586320755
800 3000 820 3000 2586320755
4180 3000 4200 3000 2586320755
2000 820 2000 840 747211931
2000 4160 2000 4180 747211931
3000 820 3000 840 747211931
3000 4160 3000 4180 747211931
820 2000 840 2000 747211931
4160 2000 4180 2000 747211931
820 3000 840 3000 747211931
4160 3000 4180 3000 747211931
2000 840 2000 860 1963314326
2000 4140 2000 4160 1963314326
3000 840 3000 860 1963314326
3000 4140 3000 4160 1963314326
840 2000 860 2000 1963314326
4140 2000 4160 2000 1963314326
840 3000 860 3000 1963314326
4140 3000 4160 3000 1963314326
2000 860 2000 880 2274991561
2000 4120 2000 4140 2274991561
3000 860 3000 880 2274991561
3000 4120 3000 4140 2274991561
860 2000 880 2000 2274991561
4120 2000 4140 2000 2274991561
860 3000 880 3000 2274991561
4120 3000 4140 3000 2274991561
2000 880 2000 900 4190655363
2000 4100 2000 4120 4190655363
3000 880 3000 900 4190655363
3000 4100 3000 4120 4190655363
880 2000 900 2000 4190655363
4100 2000 4120 2000 4190655363
880 3000 900 3000 4190655363
4100 3000 4120 3000 4190655363
2000 900 2000 920 782843506
2000 4080 2000 4100 782843506
3000 900 3000 920 782843506
3000 4080 3000 4100 782843506
900 2000 920 2000 782843506
4080 2000 4100 2000 782843506
900 3000 920 3000 782843506
4080 3000 4100 3000 782843506
2000 920 2000 940 4281039705
2000 4060 2000 4080 4281039705
3000 920 3000 940 4281039705
3000 4060 3000 4080 4281039705
920 2000 940 2000 4281039705
4060 2000 4080 2000 4281039705
920 3000 940 3000 4281039705
4060 3000 4080 3000 4281039705
2000 940 2000 960 1998063261
2000 4040 2000 4060 1998063261
3000 940 3000 960 1998063261
3000 4040 3000 4060 1998063261
940 2000 960 2000 1998063261
4040 2000 4060 2000 1998063261
940 3000 960 3000 1998063261
4040 3000 4060 3000 1998063261
2000 960 2000 980 990718265
2000 4020 2000 4040 990718265
3000 960 3000 980 990718265
3000 4020 3000 4040 990718265
960 2000 980 2000 990718265
4020 2000 4040 2000 990718265
960 3000 980 3000 990718265
4020 3000 4040 3000 990718265
2000 980 2000 1000 8957255392
2000 4000 2000 4020 8957255392
3000 980 3000 1000 8957255392
3000 4000 3000 4020 8957255392
980 2000 1000 2000 8957255392
4000 2000 4020 2000 8957255392
980 3000 1000 3000 8957255392
4000 3000 4020 3000 8957255392
2000 1000 2000 1020 37263456
2000 3980 2000 4000 37263456
3000 1000 3000 1020 37263456
3000 3980 3000 4000 37263456
1000 2000 1020 2000 37263456
3980 2000 4000 2000 37263456
1000 3000 1020 3000 37263456
3980 3000 4000 3000 37263456
2000 1020 2000 1040 139771059
2000 3960 2000 3980 139771059
3000 1020 3000 1040 139771059
3000 3960 3000 3980 139771059
1020 2000 1040 2000 139771059
3960 2000 3980 2000 139771059
1020 3000 1040 3000 139771059
3960 3000 3980 3000 139771059
2000 1040 2000 1060 200682246
2000 3940 2000 3960 200682246
3000 1040 3000 1060 200682246
3000 3940 3000 3960 200682246
1040 2000 1060 2000 200682246
3940 2000 3960 2000 200682246
1040 3000 1060 3000 200682246
3940 3000 3960 3000 200682246
2000 1060 2000 1080 153118983
2000 3920 2000 3940 153118983
3000 1060 3000 1080 153118983
3000 3920 3000 3940 153118983
1060 2000 1080 2000 153118983
3920 2000 3940 2000 153118983
1060 3000 1080 3000 153118983
3920 3000 3940 3000 153118983
2000 1080 2000 1100 212147539
2000 3900 2000 3920 212147539
3000 1080 3000 1100 212147539
3000 3900 3000 3920 212147539
1080 2000 1100 2000 212147539
3900 2000 3920 2000 212147539
1080 3000 1100 3000 212147539
3900 3000 3920 3000 212147539
2000 1100 2000 1120 368332693
2000 3880 2000 3900 368332693
3000 1100 3000 1120 368332693
3000 3880 3000 3900 368332693
1100 2000 1120 2000 368332693
3880 2000 3900 2000 368332693
1100 3000 1120 3000 368332693
3880 3000 3900 3000 368332693
2000 1120 2000 1140 410786674
2000 3860 2000 3880 410786674
3000 1120 3000 1140 410786674
3000 3860 3000 3880 410786674
1120 2000 1140 2000 410786674
3860 2000 3880 2000 410786674
1120 3000 1140 3000 410786674
3860 3000 3880 3000 410786674
2000 1140 2000 1160 381468984
2000 3840 2000 3860 381468984
3000 1140 3000 1160 381468984
3000 3840 3000 3860 381468984
1140 2000 1160 2000 381468984
3840 2000 3860 2000 381468984
1140 3000 1160 3000 381468984
3840 3000 3860 3000 381468984
2000 1160 2000 1180 557447340
2000 3820 2000 3840 557447340
3000 1160 3000 1180 557447340
3000 3820 3000 3840 557447340
1160 2000 1180 2000 557447340
3820 2000 3840 2000 557447340
1160 3000 1180 3000 557447340
3820 3000 3840 3000 557447340
2000 1180 2000 1200 584885408
2000 3800 2000 3820 584885408
3000 1180 3000 1200 584885408
3000 3800 3000 3820 584885408
1180 2000 1200 2000 584885408
3800 2000 3820 2000 584885408
1180 3000 1200 3000 584885408
3800 3000 3820 3000 584885408
2000 1200 2000 1220 652679181
2000 3780 2000 3800 652679181
3000 1200 3000 1220 652679181
3000 3780 3000 3800 652679181
1200 2000 1220 2000 652679181
3780 2000 3800 2000 652679181
1200 3000 1220 3000 652679181
3780 3000 3800 3000 652679181
2000 1220 2000 1240 566737126
2000 3760 2000 3780 566737126
3000 1220 3000 1240 566737126
3000 3760 3000 3780 566737126
1220 2000 1240 2000 566737126
3760 2000 3780 2000 566737126
1220 3000 1240 3000 566737126
3760 3000 3780 3000 566737126
2000 1240 2000 1260 1071566083
2000 3740 2000 3760 1071566083
3000 1240 3000 1260 1071566083
3000 3740 3000 3760 1071566083
1240 2000 1260 2000 1071566083
3740 2000 3760 2000 1071566083
1240 3000 1260 3000 1071566083
3740 3000 3760 3000 1071566083
2000 1260 2000 1280 1538904906
2000 3720 2000 3740 1538904906
3000 1260 3000 1280 1538904906
3000 3720 3000 3740 1538904906
1260 2000 1280 2000 1538904906
3720 2000 3740 2000 1538904906
1260 3000 1280 3000 1538904906
3720 3000 3740 3000 1538904906
2000 1280 2000 1300 1181574120
2000 3700 2000 3720 1181574120
3000 1280 3000 1300 1181574120
3000 3700 3000 3720 1181574120
1280 2000 1300 2000 1181574120
3700 2000 3720 2000 1181574120
1280 3000 1300 3000 1181574120
3700 3000 3720 3000 1181574120
2000 1300 2000 1320 1278414773
2000 3680 2000 3700 1278414773
3000 1300 3000 1320 1278414773
3000 3680 3000 3700 1278414773
1300 2000 1320 2000 1278414773
3680 2000 3700 2000 1278414773
1300 3000 1320 3000 1278414773
3680 3000 3700 3000 1278414773
2000 1320 2000 1340 1151111004
2000 3660 2000 3680 1151111004
3000 1320 3000 1340 1151111004
3000 3660 3000 3680 1151111004
1320 2000 1340 2000 1151111004
3660 2000 3680 2000 1151111004
1320 3000 1340 3000 1151111004
3660 3000 3680 3000 1151111004
2000 1340 2000 1360 1107630954
2000 3640 2000 3660 1107630954
3000 1340 3000 1360 1107630954
3000 3640 3000 3660 1107630954
1340 2000 1360 2000 1107630954
3640 2000 3660 2000 1107630954
1340 3000 1360 3000 1107630954
3640 3000 3660 3000 1107630954
2000 1360 2000 1380 1165974461
2000 3620 2000 3640 1165974461
3000 1360 3000 1380 1165974461
3000 3620 3000 3640 1165974461
1360 2000 1380 2000 1165974461
3620 2000 3640 2000 1165974461
1360 3000 1380 3000 1165974461
3620 3000 3640 3000 1165974461
2000 1380 2000 1400 1117519531
2000 3600 2000 3620 1117519531
3000 1380 3000 1400 1117519531
3000 3600 3000 3620 1117519531
1380 2000 1400 2000 1117519531
3600 2000 3620 2000 1117519531
1380 3000 1400 3000 1117519531
3600 3000 3620 3000 1117519531
2000 1400 2000 1420 902590673
2000 3580 2000 3600 902590673
3000 1400 3000 1420 902590673
3000 3580 3000 3600 902590673
1400 2000 1420 2000 902590673
3580 2000 3600 2000 902590673
1400 3000 1420 3000 902590673
3580 3000 3600 3000 902590673
2000 1420 2000 1440 900016975
2000 3560 2000 3580 900016975
3000 1420 3000 1440 900016975
3000 3560 3000 3580 900016975
1420 2000 1440 2000 900016975
3560 2000 3580 2000 900016975
1420 3000 1440 3000 900016975
3560 3000 3580 3000 900016975
2000 1440 2000 1460 921677763
2000 3540 2000 3560 921677763
3000 1440 3000 1460 921677763
3000 3540 3000 3560 921677763
1440 2000 1460 2000 921677763
3540 2000 3560 2000 921677763
1440 3000 1460 3000 921677763
3540 3000 3560 3000 921677763
2000 1460 2000 1480 854424607
2000 3520 2000 3540 854424607
3000 1460 3000 1480 854424607
3000 3520 3000 3540 854424607
1460 2000 1480 2000 854424607
3520 2000 3540 2000 854424607
1460 3000 1480 3000 854424607
3520 3000 3540 3000 854424607
2000 1480 2000 1500 858865891
2000 3500 2000 3520 858865891
3000 1480 3000 1500 858865891
3000 3500 3000 3520 858865891
1480 2000 1500 2000 858865891
3500 2000 3520 2000 858865891
1480 3000 1500 3000 858865891
3500 3000 3520 3000 858865891
2000 1500 2000 1520 856798708
2000 3480 2000 3500 856798708
3000 1500 3000 1520 856798708
3000 3480 3000 3500 856798708
1500 2000 1520 2000 856798708
3480 2000 3500 2000 856798708
1500 3000 1520 3000 856798708
3480 3000 3500 3000 856798708
2000 1520 2000 1540 834610342
2000 3460 2000 3480 834610342
3000 1520 3000 1540 834610342
3000 3460 3000 3480 834610342
1520 2000 1540 2000 834610342
3460 2000 3480 2000 834610342
1520 3000 1540 3000 834610342
3460 3000 3480 3000 834610342
2000 1540 2000 1560 873311097
2000 3440 2000 3460 873311097
3000 1540 3000 1560 873311097
3000 3440 3000 3460 873311097
1540 2000 1560 2000 873311097
3440 2000 3460 2000 873311097
1540 3000 1560 3000 873311097
3440 3000 3460 3000 873311097
2000 1560 2000 1580 937926363
2000 3420 2000 3440 937926363
3000 1560 3000 1580 937926363
3000 3420 3000 3440 937926363
1560 2000 1580 2000 937926363
3420 2000 3440 2000 937926363
1560 3000 1580 3000 937926363
3420 3000 3440 3000 937926363
2000 1580 2000 1600 1084778602
2000 3400 2000 3420 1084778602
3000 1580 3000 1600 1084778602
3000 3400 3000 3420 1084778602
1580 2000 1600 2000 1084778602
3400 2000 3420 2000 1084778602
1580 3000 1600 3000 1084778602
3400 3000 3420 3000 1084778602
2000 1600 2000 1620 959968291
2000 3380 2000 3400 959968291
3000 1600 3000 1620 959968291
3000 3380 3000 3400 959968291
1600 2000 1620 2000 959968291
3380 2000 3400 2000 959968291
1600 3000 1620 3000 959968291
3380 3000 3400 3000 959968291
2000 1620 2000 1640 1000235732
2000 3360 2000 3380 1000235732
3000 1620 3000 1640 1000235732
3000 3360 3000 3380 1000235732
1620 2000 1640 2000 1000235732
3360 2000 3380 2000 1000235732
1620 3000 1640 3000 1000235732
3360 3000 3380 3000 1000235732
2000 1640 2000 1660 984776493
2000 3340 2000 3360 984776493
3000 1640 3000 1660 984776493
3000 3340 3000 3360 984776493
1640 2000 1660 2000 984776493
3340 2000 3360 2000 984776493
1640 3000 1660 3000 984776493
3340 3000 3360 3000 984776493
2000 1660 2000 1680 941613391
2000 3320 2000 3340 941613391
3000 1660 3000 1680 941613391
3000 3320 3000 3340 941613391
1660 2000 1680 2000 941613391
3320 2000 3340 2000 941613391
1660 3000 1680 3000 941613391
3320 3000 3340 3000 941613391
2000 1680 2000 1700 783112310
2000 3300 2000 3320 783112310
3000 1680 3000 1700 783112310
3000 3300 3000 3320 783112310
1680 2000 1700 2000 783112310
3300 2000 3320 2000 783112310
1680 3000 1700 3000 783112310
3300 3000 3320 3000 783112310
2000 1700 2000 1720 937912321
2000 3280 2000 3300 937912321
3000 1700 3000 1720 937912321
3000 3280 3000 3300 937912321
1700 2000 1720 2000 937912321
3280 2000 3300 2000 937912321
1700 3000 1720 3000 937912321
3280 3000 3300 3000 937912321
2000 1720 2000 1740 977305146
2000 3260 2000 3280 977305146
3000 1720 3000 1740 977305146
3000 3260 3000 3280 977305146
1720 2000 1740 2000 977305146
3260 2000 3280 2000 977305146
1720 3000 1740 3000 977305146
3260 3000 3280 3000 977305146
2000 1740 2000 1760 996134465
2000 3240 2000 3260 996134465
3000 1740 3000 1760 996134465
3000 3240 3000 3260 996134465
1740 2000 1760 2000 996134465
3240 2000 3260 2000 996134465
1740 3000 1760 3000 996134465
3240 3000 3260 3000 996134465
2000 1760 2000 1780 1208564850
2000 3220 2000 3240 1208564850
3000 1760 3000 1780 1208564850
3000 3220 3000 3240 1208564850
1760 2000 1780 2000 1208564850
3220 2000 3240 2000 1208564850
1760 3000 1780 3000 1208564850
3220 3000 3240 3000 1208564850
2000 1780 2000 1800 836389664
2000 3200 2000 3220 836389664
3000 1780 3000 1800 836389664
3000 3200 3000 3220 836389664
1780 2000 1800 2000 836389664
3200 2000 3220 2000 836389664
1780 3000 1800 3000 836389664
3200 3000 3220 3000 836389664
2000 1800 2000 1820 776794413
2000 3180 2000 3200 776794413
3000 1800 3000 1820 776794413
3000 3180 3000 3200 776794413
1800 2000 1820 2000 776794413
3180 2000 3200 2000 776794413
1800 3000 1820 3000 776794413
3180 3000 3200 3000 776794413
2000 1820 2000 1840 582654736
2000 3160 2000 3180 582654736
3000 1820 3000 1840 582654736
3000 3160 3000 3180 582654736
1820 2000 1840 2000 582654736
3160 2000 3180 2000 582654736
1820 3000 1840 3000 582654736
3160 3000 3180 3000 582654736
2000 1840 2000 1860 704723848
2000 3140 2000 3160 704723848
3000 1840 3000 1860 704723848
3000 3140 3000 3160 704723848
1840 2000 1860 2000 704723848
3140 2000 3160 2000 704723848
1840 3000 1860 3000 704723848
3140 3000 3160 3000 704723848
2000 1860 2000 1880 712385765
2000 3120 2000 3140 712385765
3000 1860 3000 1880 712385765
3000 3120 3000 3140 712385765
1860 2000 1880 2000 712385765
3120 2000 3140 2000 712385765
1860 3000 1880 3000 712385765
3120 3000 3140 3000 712385765
2000 1880 2000 1900 665263822
2000 3100 2000 3120 665263822
3000 1880 3000 1900 665263822
3000 3100 3000 3120 665263822
1880 2000 1900 2000 665263822
3100 2000 3120 2000 665263822
1880 3000 1900 3000 665263822
3100 3000 3120 3000 665263822
2000 1900 2000 1920 697927520
2000 3080 2000 3100 697927520
3000 1900 3000 1920 697927520
3000 3080 3000 3100 697927520
1900 2000 1920 2000 697927520
3080 2000 3100 2000 697927520
1900 3000 1920 3000 697927520
3080 3000 3100 3000 697927520
2000 1920 2000 1940 716412810
2000 3060 2000 3080 716412810
3000 1920 3000 1940 716412810
3000 3060 3000 3080 716412810
1920 2000 1940 2000 716412810
3060 2000 3080 2000 716412810
1920 3000 1940 3000 716412810
3060 3000 3080 3000 716412810
2000 1940 2000 1960 646414443
2000 3040 2000 3060 646414443
3000 1940 3000 1960 646414443
3000 3040 3000 3060 646414443
1940 2000 1960 2000 646414443
3040 2000 3060 2000 646414443
1940 3000 1960 3000 646414443
3040 3000 3060 3000 646414443
2000 1960 2000 1980 852110686
2000 3020 2000 3040 852110686
3000 1960 3000 1980 852110686
3000 3020 3000 3040 852110686
1960 2000 1980 2000 852110686
3020 2000 3040 2000 852110686
1960 3000 1980 3000 852110686
3020 3000 3040 3000 852110686
2000 1980 2000 2000 714131988
2000 3000 2000 3020 714131988
3000 1980 3000 2000 714131988
3000 3000 3000 3020 714131988
1980 2000 2000 2000 714131988
3000 2000 3020 2000 714131988
1980 3000 2000 3000 714131988
3000 3000 3020 3000 714131988
2000 2000 2000 2020 232342944
2000 2980 2000 3000 232342944
3000 2000 3000 2020 232342944
3000 2980 3000 3000 232342944
2000 2000 2020 2000 232342944
2980 2000 3000 2000 232342944
2000 3000 2020 3000 232342944
2980 3000 3000 3000 232342944
2000 2020 2000 2040 436904794
2000 2960 2000 2980 436904794
3000 2020 3000 2040 436904794
3000 2960 3000 2980 436904794
2020 2000 2040 2000 436904794
2960 2000 2980 2000 436904794
2020 3000 2040 3000 436904794
2960 3000 2980 3000 436904794
2000 2040 2000 2060 463445177
2000 2940 2000 2960 463445177
3000 2040 3000 2060 463445177
3000 2940 3000 2960 463445177
2040 2000 2060 2000 463445177
2940 2000 2960 2000 463445177
2040 3000 2060 3000 463445177
2940 3000 2960 3000 463445177
2000 2060 2000 2080 326986024
2000 2920 2000 2940 326986024
3000 2060 3000 2080 326986024
3000 2920 3000 2940 326986024
2060 2000 2080 2000 326986024
2920 2000 2940 2000 326986024
2060 3000 2080 3000 326986024
2920 3000 2940 3000 326986024
2000 2080 2000 2100 315723337
2000 2900 2000 2920 315723337
3000 2080 3000 2100 315723337
3000 2900 3000 2920 315723337
2080 2000 2100 2000 315723337
2900 2000 2920 2000 315723337
2080 3000 2100 3000 315723337
2900 3000 2920 3000 315723337
2000 2100 2000 2120 425154649
2000 2880 2000 2900 425154649
3000 2100 3000 2120 425154649
3000 2880 3000 2900 425154649
2100 2000 2120 2000 425154649
2880 2000 2900 2000 425154649
2100 3000 2120 3000 425154649
2880 3000 2900 3000 425154649
2000 2120 2000 2140 358462170
2000 2860 2000 2880 358462170
3000 2120 3000 2140 358462170
3000 2860 3000 2880 358462170
2120 2000 2140 2000 358462170
2860 2000 2880 2000 358462170
2120 3000 2140 3000 358462170
2860 3000 2880 3000 358462170
2000 2140 2000 2160 379668599
2000 2840 2000 2860 379668599
3000 2140 3000 2160 379668599
3000 2840 3000 2860 379668599
2140 2000 2160 2000 379668599
2840 2000 2860 2000 379668599
2140 3000 2160 3000 379668599
2840 3000 2860 3000 379668599
2000 2160 2000 2180 454104238
2000 2820 2000 2840 454104238
3000 2160 3000 2180 454104238
3000 2820 3000 2840 454104238
2160 2000 2180 2000 454104238
2820 2000 2840 2000 454104238
2160 3000 2180 3000 454104238
2820 3000 2840 3000 454104238
2000 2180 2000 2200 548994056
2000 2800 2000 2820 548994056
3000 2180 3000 2200 548994056
3000 2800 3000 2820 548994056
2180 2000 2200 2000 548994056
2800 2000 2820 2000 548994056
2180 3000 2200 3000 548994056
2800 3000 2820 3000 548994056
2000 2200 2000 2220 612115855
2000 2780 2000 2800 612115855
3000 2200 3000 2220 612115855
3000 2780 3000 2800 612115855
2200 2000 2220 2000 612115855
2780 2000 2800 2000 612115855
2200 3000 2220 3000 612115855
2780 3000 2800 3000 612115855
2000 2220 2000 2240 806981704
2000 2760 2000 2780 806981704
3000 2220 3000 2240 806981704
3000 2760 3000 2780 806981704
2220 2000 2240 2000 806981704
2760 2000 2780 2000 806981704
2220 3000 2240 3000 806981704
2760 3000 2780 3000 806981704
2000 2240 2000 2260 773747299
2000 2740 2000 2760 773747299
3000 2240 3000 2260 773747299
3000 2740 3000 2760 773747299
2240 2000 2260 2000 773747299
2740 2000 2760 2000 773747299
2240 3000 2260 3000 773747299
2740 3000 2760 3000 773747299
2000 2260 2000 2280 1186163848
2000 2720 2000 2740 1186163848
3000 2260 3000 2280 1186163848
3000 2720 3000 2740 1186163848
2260 2000 2280 2000 1186163848
2720 2000 2740 2000 1186163848
2260 3000 2280 3000 1186163848
2720 3000 2740 3000 1186163848
2000 2280 2000 2300 838550126
2000 2700 2000 2720 838550126
3000 2280 3000 2300 838550126
3000 2700 3000 2720 838550126
2280 2000 2300 2000 838550126
2700 2000 2720 2000 838550126
2280 3000 2300 3000 838550126
2700 3000 2720 3000 838550126
2000 2300 2000 2320 809305655
2000 2680 2000 2700 809305655
3000 2300 3000 2320 809305655
3000 2680 3000 2700 809305655
2300 2000 2320 2000 809305655
2680 2000 2700 2000 809305655
2300 3000 2320 3000 809305655
2680 3000 2700 3000 809305655
2000 2320 2000 2340 827397769
2000 2660 2000 2680 827397769
3000 2320 3000 2340 827397769
3000 2660 3000 2680 827397769
2320 2000 2340 2000 827397769
2660 2000 2680 2000 827397769
2320 3000 2340 3000 827397769
2660 3000 2680 3000 827397769
2000 2340 2000 2360 1179590186
2000 2640 2000 2660 1179590186
3000 2340 3000 2360 1179590186
3000 2640 3000 2660 1179590186
2340 2000 2360 2000 1179590186
2640 2000 2660 2000 1179590186
2340 3000 2360 3000 1179590186
2640 3000 2660 3000 1179590186
2000 2360 2000 2380 981308119
2000 2620 2000 2640 981308119
3000 2360 3000 2380 981308119
3000 2620 3000 2640 981308119
2360 2000 2380 2000 981308119
2620 2000 2640 2000 981308119
2360 3000 2380 3000 981308119
2620 3000 2640 3000 981308119
2000 2380 2000 2400 1069346444
2000 2600 2000 2620 1069346444
3000 2380 3000 2400 1069346444
3000 2600 3000 2620 1069346444
2380 2000 2400 2000 1069346444
2600 2000 2620 2000 1069346444
2380 3000 2400 3000 1069346444
2600 3000 2620 3000 1069346444
2000 2400 2000 2420 905236587
2000 2580 2000 2600 905236587
3000 2400 3000 2420 905236587
3000 2580 3000 2600 905236587
2400 2000 2420 2000 905236587
2580 2000 2600 2000 905236587
2400 3000 2420 3000 905236587
2580 3000 2600 3000 905236587
2000 2420 2000 2440 1154679678
2000 2560 2000 2580 1154679678
3000 2420 3000 2440 1154679678
3000 2560 3000 2580 1154679678
2420 2000 2440 2000 1154679678
2560 2000 2580 2000 1154679678
2420 3000 2440 3000 1154679678
2560 3000 2580 3000 1154679678
2000 2440 2000 2460 933183176
2000 2540 2000 2560 933183176
3000 2440 3000 2460 933183176
3000 2540 3000 2560 933183176
2440 2000 2460 2000 933183176
2540 2000 2560 2000 933183176
2440 3000 2460 3000 933183176
2540 3000 2560 3000 933183176
2000 2460 2000 2480 764160625
2000 2520 2000 2540 764160625
3000 2460 3000 2480 764160625
3000 2520 3000 2540 764160625
2460 2000 2480 2000 764160625
2520 2000 2540 2000 764160625
2460 3000 2480 3000 764160625
2520 3000 2540 3000 764160625
2000 2480 2000 2500 874830642
2000 2500 2000 2520 874830642
3000 2480 3000 2500 874830642
3000 2500 3000 2520 874830642
2480 2000 2500 2000 874830642
2500 2000 2520 2000 874830642
2480 3000 2500 3000 874830642
2500 3000 2520 3000 874830642
0
