mixed 1
# scaled by 504036801/500000000 = 1.008073602 from v_drop1e4.txt (search/golf/golf.py)
5 1
1000
100000000000
5720
788 2380 23608124
788 2620 23608124
793 2362 24431157
793 2638 24431157
795 2339 36519843
795 2661 36519843
796 2249 81039491
796 2751 81039491
797 2369 42659229
797 2631 42659229
800 1650 18089552
800 2300 18012708
800 2350 40437847
800 2650 40437847
800 2700 18012708
800 3350 18089552
808 2358 46309292
808 2642 46309292
809 2322 23727433
809 2678 23727433
810 2309 78396481
810 2335 27505906
810 2665 27505906
810 2691 78396481
811 1620 35628054
811 3380 35628054
814 1607 15673028
814 2315 23903364
814 2685 23903364
814 3393 15673028
819 2292 105212818
819 2337 42077847
819 2663 42077847
819 2708 105212818
820 2250 64702172
820 2336 18404003
820 2664 18404003
820 2750 64702172
823 1606 26310788
823 1646 28410838
823 2270 11549771
823 2730 11549771
823 3354 28410838
823 3394 26310788
824 1557 75327799
824 2305 25229924
824 2695 25229924
824 3443 75327799
827 2350 52586187
827 2650 52586187
828 2329 36678585
828 2671 36678585
830 1630 28427016
830 2310 23478703
830 2470 16372708
830 2530 16372708
830 2690 23478703
830 3370 28427016
831 1639 55901577
831 2341 15652806
831 2659 15652806
831 3361 55901577
832 1622 12537614
832 3378 12537614
833 1537 69363333
833 1571 18438380
833 2248 41076861
833 2490 88969531
833 2499 45915975
833 2501 45915975
833 2510 88969531
833 2752 41076861
833 3429 18438380
833 3463 69363333
834 2233 26688939
834 2500 17761956
834 2767 26688939
835 1656 33307585
835 3344 33307585
837 1618 12648834
837 2296 25396756
837 2704 25396756
837 3382 12648834
838 2247 76189255
838 2753 76189255
840 2233 108739527
840 2251 15496086
840 2266 40157773
840 2734 40157773
840 2749 15496086
840 2767 108739527
841 2268 39225541
841 2466 71842545
841 2534 71842545
841 2732 39225541
842 2220 12500203
842 2263 33007289
842 2737 33007289
842 2780 12500203
843 2490 83639024
843 2510 83639024
846 1609 40207317
846 3391 40207317
848 2277 28849655
848 2723 28849655
850 1500 11141287
850 1550 25567631
850 1600 25509999
850 1644 33087166
850 2250 89113107
850 2450 94073553
850 2550 94073553
850 2750 89113107
850 3356 33087166
850 3400 25509999
850 3450 25567631
850 3500 11141287
851 1563 67964985
851 3437 67964985
852 2443 52136249
852 2557 52136249
853 2214 32467363
853 2786 32467363
855 2272 18872141
855 2728 18872141
857 2257 17956087
857 2743 17956087
858 1562 27218754
858 2240 76146789
858 2466 17522326
858 2534 17522326
858 2760 76146789
858 3438 27218754
859 1634 28394661
859 3366 28394661
862 1504 29589778
862 3496 29589778
863 1479 36040582
863 1516 75793915
863 3484 75793915
863 3521 36040582
864 1600 10099857
864 2438 53790405
864 2562 53790405
864 3400 10099857
865 2306 23693056
865 2694 23693056
867 1607 19025828
867 3393 19025828
870 1609 131389129
870 2418 40056663
870 2428 68026662
870 2572 68026662
870 2582 40056663
870 3391 131389129
872 1480 41901916
872 1512 27530172
872 1552 41221448
872 2321 17664891
872 2679 17664891
872 3448 41221448
872 3488 27530172
872 3520 41901916
874 1664 24225904
874 3336 24225904
875 1605 31457276
875 3395 31457276
877 1585 115761601
877 3415 115761601
878 1708 16365630
878 3292 16365630
879 2268 46970550
879 2732 46970550
880 1544 32419841
880 1567 52451711
880 1578 65991322
880 3422 65991322
880 3433 52451711
880 3456 32419841
882 1480 59946979
882 1690 34532024
882 3310 34532024
882 3520 59946979
883 1453 30285414
883 1501 24700109
883 1570 64153146
883 1652 32868769
883 3348 32868769
883 3430 64153146
883 3499 24700109
883 3547 30285414
884 1450 61661801
884 3550 61661801
886 1623 116258050
886 2311 27271331
886 2689 27271331
886 3377 116258050
888 1564 54595239
888 2406 11350585
888 2594 11350585
888 3436 54595239
889 1601 17716457
889 2340 11445628
889 2660 11445628
889 3399 17716457
890 2319 37776637
890 2681 37776637
891 1475 31100358
891 1544 39846355
891 1571 41614765
891 3429 41614765
891 3456 39846355
891 3525 31100358
892 1590 29842553
892 3410 29842553
893 1534 45139452
893 1560 21702204
893 2373 11604370
893 2410 23489825
893 2590 23489825
893 2627 11604370
893 3440 21702204
893 3466 45139452
895 1491 32295476
895 1540 43306331
895 2391 20161291
895 2609 20161291
895 3460 43306331
895 3509 32295476
896 1511 24410935
896 1605 67134874
896 3395 67134874
896 3489 24410935
897 1450 22841711
897 2301 73848563
897 2699 73848563
897 3550 22841711
899 1526 46472079
899 1697 15796382
899 2390 32642283
899 2610 32642283
899 3303 15796382
899 3474 46472079
900 1450 13714531
900 1500 57923773
900 1516 36277179
900 1521 63516155
900 1550 30000284
900 1600 88165708
900 1750 12952164
900 2300 21777025
900 2350 26379543
900 2400 20031871
900 2600 20031871
900 2650 26379543
900 2700 21777025
900 3250 12952164
900 3400 88165708
900 3450 30000284
900 3479 63516155
900 3484 36277179
900 3500 57923773
900 3550 13714531
901 2339 30682775
901 2373 33790890
901 2627 33790890
901 2661 30682775
902 1465 32295476
902 3535 32295476
903 1635 71369351
903 2278 28938631
903 2722 28938631
903 3365 71369351
904 1654 49679281
904 2264 35268104
904 2736 35268104
904 3346 49679281
905 1614 17295840
905 3386 17295840
906 1569 27621171
906 2237 22063166
906 2244 14634630
906 2756 14634630
906 2763 22063166
906 3431 27621171
907 1674 55938988
907 2233 22356384
907 2258 21325065
907 2742 21325065
907 2767 22356384
907 3326 55938988
908 2280 17110809
908 2340 40003075
908 2381 20518209
908 2619 20518209
908 2660 40003075
908 2720 17110809
909 1523 17593103
909 3477 17593103
910 1550 14520376
910 1573 53047248
910 3427 53047248
910 3450 14520376
911 1487 43834124
911 1524 58287768
911 1533 46181894
911 3467 46181894
911 3476 58287768
911 3513 43834124
912 1467 65784047
912 2264 14960204
912 2360 10777292
912 2640 10777292
912 2736 14960204
912 3533 65784047
913 1500 32309631
913 2297 15748860
913 2703 15748860
913 3500 32309631
914 1594 92524551
914 3406 92524551
915 1480 32079101
915 1548 57455634
915 1565 90373946
915 2285 32589706
915 2301 38617871
915 2699 38617871
915 2715 32589706
915 3435 90373946
915 3452 57455634
915 3520 32079101
916 2249 30392590
916 2751 30392590
918 1464 61326117
918 1496 40222483
918 1519 61226018
918 3481 61226018
918 3504 40222483
918 3536 61326117
919 1709 49472006
919 3291 49472006
920 1454 79638109
920 2282 13634655
920 2718 13634655
920 3546 79638109
922 1495 33841445
922 1606 35461223
922 3394 35461223
922 3505 33841445
923 1487 29538212
923 3513 29538212
924 1578 65060101
924 2472 15086591
924 2528 15086591
924 3422 65060101
925 1447 76406641
925 3553 76406641
927 1411 13747898
927 2315 77809033
927 2685 77809033
927 3589 13747898
929 1628 104104655
929 2296 49172721
929 2704 49172721
929 3372 104104655
930 1481 47127270
930 2379 15376776
930 2411 12059364
930 2430 15224100
930 2441 39303395
930 2479 55831811
930 2499 19374657
930 2501 19374657
930 2521 55831811
930 2559 39303395
930 2570 15224100
930 2589 12059364
930 2621 15376776
930 3519 47127270
931 1447 21691082
931 1463 70511940
931 3537 70511940
931 3553 21691082
932 2423 42949414
932 2577 42949414
933 1627 18227061
933 1731 72220696
933 2291 17669946
933 2300 30205537
933 2395 32475451
933 2605 32475451
933 2700 30205537
933 2709 17669946
933 3269 72220696
933 3373 18227061
934 1498 95773208
934 2157 11968365
934 2402 10520473
934 2598 10520473
934 2843 11968365
934 3502 95773208
935 1713 64893270
935 3287 64893270
938 1560 31732295
938 2158 16700303
938 2269 24845707
938 2731 24845707
938 2842 16700303
938 3440 31732295
939 1637 47320390
939 1818 55582070
939 2277 32779792
939 2443 32283343
939 2500 30654464
939 2557 32283343
939 2723 32779792
939 3182 55582070
939 3363 47320390
940 1447 29970962
940 1724 63077338
940 2262 40574345
940 2357 37851459
940 2419 10173667
940 2581 10173667
940 2643 37851459
940 2738 40574345
940 3276 63077338
940 3553 29970962
941 1563 32982011
941 2151 14840894
941 2432 32695871
941 2568 32695871
941 2849 14840894
941 3437 32982011
942 1517 39143642
942 1611 43770425
942 1712 23221884
942 2373 25373500
942 2490 34583590
942 2510 34583590
942 2627 25373500
942 3288 23221884
942 3389 43770425
942 3483 39143642
943 2470 45219328
943 2479 30966894
943 2521 30966894
943 2530 45219328
944 1400 12912731
944 1492 19235125
944 3508 19235125
944 3600 12912731
945 1455 112867839
945 1561 78310538
945 3439 78310538
945 3545 112867839
946 1672 116794943
946 3328 116794943
947 2297 38021323
947 2703 38021323
949 1581 37558240
949 2435 34446081
949 2500 17140131
949 2565 34446081
949 3419 37558240
950 1350 23219862
950 1450 42092003
950 1451 16011746
950 1469 33215575
950 1481 45030253
950 1500 22960010
950 1531 16453595
950 1550 52683253
950 1650 42612718
950 1700 14219069
950 1750 96794417
950 1761 45865420
950 2150 42059648
950 2300 31709039
950 2350 37226600
950 2400 23051009
950 2420 31927436
950 2500 12699389
950 2580 31927436
950 2600 23051009
950 2650 37226600
950 2700 31709039
950 2850 42059648
950 3239 45865420
950 3250 96794417
950 3300 14219069
950 3350 42612718
950 3450 52683253
950 3469 16453595
950 3500 22960010
950 3519 45030253
950 3531 33215575
950 3549 16011746
950 3550 42092003
950 3650 23219862
951 1411 50415360
951 2280 16001635
951 2361 18624422
951 2639 18624422
951 2720 16001635
951 3589 50415360
952 2393 50241451
952 2607 50241451
953 1444 78744299
953 2316 23914486
953 2375 34598757
953 2625 34598757
953 2684 23914486
953 3556 78744299
954 1375 16591105
954 1838 16014779
954 3162 16014779
954 3625 16591105
955 1332 14163459
955 1824 24371502
955 2298 27363341
955 2470 16932856
955 2494 15638651
955 2506 15638651
955 2530 16932856
955 2702 27363341
955 3176 24371502
955 3668 14163459
957 1431 53374843
957 2373 19751796
957 2480 27070123
957 2520 27070123
957 2627 19751796
957 3569 53374843
958 1649 16604249
958 3351 16604249
959 1359 17623436
959 2129 18119885
959 2434 23210762
959 2566 23210762
959 2871 18119885
959 3641 17623436
960 1440 56405104
960 1452 35144750
960 1541 16571894
960 2310 23056064
960 2361 12340449
960 2416 46324458
960 2446 17320106
960 2554 17320106
960 2584 46324458
960 2639 12340449
960 2690 23056064
960 3459 16571894
960 3548 35144750
960 3560 56405104
961 2141 14886394
961 2330 30138804
961 2359 13086640
961 2379 23950886
961 2621 23950886
961 2641 13086640
961 2670 30138804
961 2859 14886394
962 1346 42042459
962 2276 68502889
962 2494 35783764
962 2506 35783764
962 2724 68502889
962 3654 42042459
963 1850 11043211
963 2303 59593095
963 2697 59593095
963 3150 11043211
964 1400 41274025
964 1427 90763219
964 1589 12233273
964 2129 70584740
964 2134 12267650
964 2333 22444350
964 2667 22444350
964 2866 12267650
964 2871 70584740
964 3411 12233273
964 3573 90763219
964 3600 41274025
965 2126 110318862
965 2393 34988030
965 2607 34988030
965 2874 110318862
966 1452 21485829
966 1470 34207462
966 1686 58584019
966 3314 58584019
966 3530 34207462
966 3548 21485829
967 1377 19858973
967 1393 20979269
967 1420 64154157
967 2281 13211005
967 2719 13211005
967 3580 64154157
967 3607 20979269
967 3623 19858973
968 1639 64832604
968 2340 25724351
968 2406 41232570
968 2594 41232570
968 2660 25724351
968 3361 64832604
969 1387 33921321
969 1657 27170221
969 2289 16212954
969 2711 16212954
969 3343 27170221
969 3613 33921321
970 1355 20138036
970 1439 49214176
970 1581 21496951
970 1844 23019665
970 2371 12242373
970 2629 12242373
970 3156 23019665
970 3419 21496951
970 3561 49214176
970 3645 20138036
971 1454 18213917
971 1837 22664769
971 2140 29290493
971 2325 21533351
971 2675 21533351
971 2860 29290493
971 3163 22664769
971 3546 18213917
972 1664 54075534
972 2280 16829724
972 2720 16829724
972 3336 54075534
973 1494 45825987
973 1675 42341744
973 1782 35522900
973 2304 35840385
973 2360 11278797
973 2640 11278797
973 2696 35840385
973 3218 35522900
973 3325 42341744
973 3506 45825987
974 2391 56511269
974 2609 56511269
975 1426 24608099
975 2415 38233654
975 2585 38233654
975 3574 24608099
976 2342 32388497
976 2658 32388497
977 1467 37254911
977 2062 117851541
977 2938 117851541
977 3533 37254911
978 1658 42881670
978 2130 66237019
978 2320 34511802
978 2388 12519414
978 2612 12519414
978 2680 34511802
978 2870 66237019
978 3342 42881670
979 1398 23089430
979 1410 29172195
979 3590 29172195
979 3602 23089430
980 1440 55963254
980 2110 63783084
980 2349 37539029
980 2651 37539029
980 2890 63783084
980 3560 55963254
981 2314 18207850
981 2686 18207850
982 2122 99421249
982 2878 99421249
983 2330 25086349
983 2463 30227781
983 2474 44570204
983 2526 44570204
983 2537 30227781
983 2670 25086349
984 2484 57689198
984 2516 57689198
985 1420 19985360
985 1945 51468924
985 3055 51468924
985 3580 19985360
986 1370 26039814
986 2333 40117329
986 2667 40117329
986 3630 26039814
987 1467 13191794
987 1935 133863286
987 1969 132281929
987 2480 49391118
987 2499 35290348
987 2501 35290348
987 2520 49391118
987 3031 132281929
987 3065 133863286
987 3533 13191794
988 2030 72458304
988 2054 50642857
988 2330 31923392
988 2490 14349501
988 2492 16281709
988 2508 16281709
988 2510 14349501
988 2670 31923392
988 2946 50642857
988 2970 72458304
989 1959 82228542
989 2342 26890147
989 2383 13851030
989 2424 14473866
989 2464 60285697
989 2536 60285697
989 2576 14473866
989 2617 13851030
989 2658 26890147
989 3041 82228542
990 1484 42170868
990 1953 101057206
990 1956 12149352
990 1968 110450304
990 2074 27927533
990 2097 82325607
990 2347 16645704
990 2471 20228024
990 2529 20228024
990 2653 16645704
990 2903 82325607
990 2926 27927533
990 3032 110450304
990 3044 12149352
990 3047 101057206
990 3516 42170868
991 2036 119706905
991 2494 32957745
991 2506 32957745
991 2964 119706905
992 1638 31275278
992 2410 91705562
992 2590 91705562
992 3362 31275278
993 2020 52951193
993 2980 52951193
994 2047 14994581
994 2297 14371745
994 2703 14371745
994 2953 14994581
995 1987 419113192
995 3013 419113192
996 1979 246492505
996 3021 246492505
998 1908 12665012
998 2060 19897395
998 2104 96457722
998 2896 96457722
998 2940 19897395
998 3092 12665012
999 1428 29100407
999 1790 48589317
999 1938 45357849
999 1991 45832054
999 3009 45832054
999 3062 45357849
999 3210 48589317
999 3572 29100407
1030 1999 40657255
1030 3001 40657255
1036 2010 32752492
1036 2990 32752492
1040 2007 12376849
1040 2993 12376849
1041 1999 32139767
1041 3001 32139767
1051 2003 12068464
1051 2997 12068464
1054 2010 14036060
1054 2990 14036060
1057 2005 24123783
1057 2500 30256092
1057 2995 24123783
1064 2467 21165311
1064 2533 21165311
1065 2003 11198920
1065 2997 11198920
1067 2007 27497817
1067 2993 27497817
1075 2004 37098191
1075 2996 37098191
1079 2476 22452439
1079 2524 22452439
1080 1999 27995277
1080 2018 12603335
1080 2982 12603335
1080 3001 27995277
1082 2496 25840628
1082 2504 25840628
1086 2008 23623290
1086 2992 23623290
1090 1998 23111675
1090 3002 23111675
1095 2006 33832345
1095 2994 33832345
1103 1998 11746935
1103 3002 11746935
1108 2007 28487682
1108 2993 28487682
1113 1998 15952091
1113 3002 15952091
1129 2011 22662747
1129 2989 22662747
1145 1990 35946550
1145 3010 35946550
1151 2015 16427307
1151 2985 16427307
1155 1534 10684271
1155 3466 10684271
1158 1539 78306494
1158 3461 78306494
1164 1549 12768144
1164 3451 12768144
1170 1549 19666864
1170 3451 19666864
1171 1559 87342675
1171 3441 87342675
1176 1559 46443768
1176 3441 46443768
1180 1570 55528482
1180 3430 55528482
1184 1996 21797247
1184 3004 21797247
1187 1581 50076642
1187 3419 50076642
1188 1569 38225565
1188 3431 38225565
1189 1584 56344438
1189 3416 56344438
1192 1590 35427857
1192 3410 35427857
1197 1593 88919987
1197 3407 88919987
1200 1600 59173489
1200 3400 59173489
1205 1605 145832662
1205 3395 145832662
1217 1622 12919808
1217 3378 12919808
1220 1624 120673515
1220 3376 120673515
1221 1610 30138804
1221 3390 30138804
1230 1637 163419697
1230 3363 163419697
1231 1620 17982375
1231 3380 17982375
1240 1648 115079110
1240 3352 115079110
1248 1658 115646336
1248 3342 115646336
1254 1676 16856012
1254 3324 16856012
1265 1675 61576869
1265 3325 61576869
1268 1680 60383774
1268 3320 60383774
1271 1691 36505687
1271 3309 36505687
1277 1700 13022940
1277 3300 13022940
1278 1701 22273474
1278 3299 22273474
1285 1696 56187718
1285 3304 56187718
1287 1700 63481777
1287 3300 63481777
1295 1718 12717589
1295 3282 12717589
1299 1714 39751311
1299 3286 39751311
1302 1715 15249378
1302 3285 15249378
1304 2031 33390495
1304 2969 33390495
1313 1725 40060707
1313 3275 40060707
1325 1737 14807528
1325 3263 14807528
1332 955 14163459
1332 1743 26156090
1332 2041 27813279
1332 2959 27813279
1332 3257 26156090
1332 4045 14163459
1339 2040 62990384
1339 2960 62990384
1346 962 42042459
1346 4038 42042459
1350 950 23219862
1350 4050 23219862
1355 970 20138036
1355 1766 17908565
1355 3234 17908565
1355 4030 20138036
1359 959 17623436
1359 4041 17623436
1360 1775 13228193
1360 2041 56531491
1360 2959 56531491
1360 3225 13228193
1370 986 26039814
1370 1779 19848862
1370 3221 19848862
1370 4014 26039814
1373 1779 53771194
1373 3221 53771194
1375 954 16591105
1375 1799 44571215
1375 3201 44571215
1375 4046 16591105
1377 967 19858973
1377 4033 19858973
1387 969 33921321
1387 4031 33921321
1390 1810 29501813
1390 3190 29501813
1391 1804 73260104
1391 3196 73260104
1393 967 20979269
1393 4033 20979269
1398 979 23089430
1398 4021 23089430
1400 944 12912731
1400 964 41274025
1400 1800 141018825
1400 3200 141018825
1400 4036 41274025
1400 4056 12912731
1409 1810 39390349
1409 3190 39390349
1410 979 29172195
1410 4021 29172195
1411 927 13747898
1411 951 50415360
1411 1912 27287509
1411 3088 27287509
1411 4049 50415360
1411 4073 13747898
1415 2074 25007483
1415 2926 25007483
1419 1910 25477643
1419 3090 25477643
1420 967 64154157
1420 985 19985360
1420 4015 19985360
1420 4033 64154157
1426 975 24608099
1426 1905 23808321
1426 3095 23808321
1426 4025 24608099
1427 964 90763219
1427 4036 90763219
1428 999 29100407
1428 4001 29100407
1429 1903 146443365
1429 3097 146443365
1431 957 53374843
1431 4043 53374843
1435 1897 64068214
1435 3103 64068214
1439 970 49214176
1439 4030 49214176
1440 960 56405104
1440 980 55963254
1440 4020 55963254
1440 4040 56405104
1442 1895 53415287
1442 3105 53415287
1444 953 78744299
1444 4047 78744299
1447 925 76406641
1447 931 21691082
1447 940 29970962
1447 4060 29970962
1447 4069 21691082
1447 4075 76406641
1448 1893 113631218
1448 3107 113631218
1450 884 61661801
1450 897 22841711
1450 900 13714531
1450 950 42092003
1450 2100 23333105
1450 2900 23333105
1450 4050 42092003
1450 4100 13714531
1450 4103 22841711
1450 4116 61661801
1451 950 16011746
1451 4050 16011746
1452 960 35144750
1452 966 21485829
1452 4034 21485829
1452 4040 35144750
1453 883 30285414
1453 4117 30285414
1454 920 79638109
1454 971 18213917
1454 4029 18213917
1454 4080 79638109
1455 945 112867839
1455 4055 112867839
1457 1889 137051277
1457 3111 137051277
1461 1885 108241056
1461 3115 108241056
1462 1843 31029582
1462 3157 31029582
1463 931 70511940
1463 2079 19399934
1463 2921 19399934
1463 4069 70511940
1464 918 61326117
1464 4082 61326117
1465 902 32295476
1465 4098 32295476
1467 912 65784047
1467 977 37254911
1467 987 13191794
1467 4013 13191794
1467 4023 37254911
1467 4088 65784047
1469 950 33215575
1469 4050 33215575
1470 966 34207462
1470 1882 134983582
1470 3118 134983582
1470 4034 34207462
1472 1850 24104573
1472 3150 24104573
1474 1877 125197166
1474 3123 125197166
1475 891 31100358
1475 4109 31100358
1476 2090 14612386
1476 2910 14612386
1479 863 36040582
1479 1870 115402662
1479 3130 115402662
1479 4137 36040582
1480 872 41901916
1480 882 59946979
1480 915 32079101
1480 4085 32079101
1480 4118 59946979
1480 4128 41901916
1481 930 47127270
1481 950 45030253
1481 1860 314144050
1481 3140 314144050
1481 4050 45030253
1481 4070 47127270
1482 1875 157591729
1482 3125 157591729
1484 990 42170868
1484 4010 42170868
1487 911 43834124
1487 923 29538212
1487 2084 39083987
1487 2916 39083987
1487 4077 29538212
1487 4089 43834124
1490 1870 122122418
1490 3130 122122418
1491 895 32295476
1491 2123 38958611
1491 2877 38958611
1491 4105 32295476
1492 944 19235125
1492 4056 19235125
1494 973 45825987
1494 4027 45825987
1495 922 33841445
1495 4078 33841445
1496 918 40222483
1496 4082 40222483
1497 2092 13252460
1497 2908 13252460
1498 934 95773208
1498 4066 95773208
1499 1863 144646644
1499 3137 144646644
1500 850 11141287
1500 900 57923773
1500 913 32309631
1500 950 22960010
1500 2100 35893973
1500 2200 19692142
1500 2500 11401140
1500 2800 19692142
1500 2900 35893973
1500 4050 22960010
1500 4087 32309631
1500 4100 57923773
1500 4150 11141287
1501 883 24700109
1501 4117 24700109
1504 862 29589778
1504 1863 174079702
1504 2090 12569969
1504 2910 12569969
1504 3137 174079702
1504 4138 29589778
1511 896 24410935
1511 4104 24410935
1512 872 27530172
1512 4128 27530172
1515 2110 11955221
1515 2890 11955221
1516 863 75793915
1516 900 36277179
1516 4100 36277179
1516 4137 75793915
1517 942 39143642
1517 2090 35566378
1517 2910 35566378
1517 4058 39143642
1519 918 61226018
1519 4082 61226018
1520 1854 238992182
1520 2096 35056784
1520 2098 26041836
1520 2106 15302966
1520 2894 15302966
1520 2902 26041836
1520 2904 35056784
1520 3146 238992182
1521 900 63516155
1521 4100 63516155
1523 909 17593103
1523 4091 17593103
1524 911 58287768
1524 4089 58287768
1526 899 46472079
1526 4101 46472079
1527 2096 45641967
1527 2904 45641967
1530 2107 90507411
1530 2893 90507411
1531 950 16453595
1531 1846 416466138
1531 3154 416466138
1531 4050 16453595
1533 911 46181894
1533 4089 46181894
1534 893 45139452
1534 1155 10684271
1534 3845 10684271
1534 4107 45139452
1535 2156 162588575
1535 2844 162588575
1537 833 69363333
1537 4167 69363333
1539 1158 78306494
1539 3842 78306494
1540 895 43306331
1540 4105 43306331
1541 960 16571894
1541 4040 16571894
1544 880 32419841
1544 891 39846355
1544 4109 39846355
1544 4120 32419841
1546 1837 325784819
1546 3163 325784819
1548 915 57455634
1548 2109 65334109
1548 2891 65334109
1548 4085 57455634
1549 1164 12768144
1549 1170 19666864
1549 3830 19666864
1549 3836 12768144
1550 850 25567631
1550 900 30000284
1550 910 14520376
1550 950 52683253
1550 2100 29943663
1550 2900 29943663
1550 4050 52683253
1550 4090 14520376
1550 4100 30000284
1550 4150 25567631
1551 2091 45025198
1551 2114 38545072
1551 2886 38545072
1551 2909 45025198
1552 872 41221448
1552 4128 41221448
1557 824 75327799
1557 4176 75327799
1559 1171 87342675
1559 1176 46443768
1559 3824 46443768
1559 3829 87342675
1560 893 21702204
1560 938 31732295
1560 4062 31732295
1560 4107 21702204
1561 945 78310538
1561 2102 15780204
1561 2898 15780204
1561 4055 78310538
1562 858 27218754
1562 4142 27218754
1563 851 67964985
1563 941 32982011
1563 2110 80980847
1563 2890 80980847
1563 4059 32982011
1563 4149 67964985
1564 888 54595239
1564 4112 54595239
1565 915 90373946
1565 4085 90373946
1567 880 52451711
1567 4120 52451711
1568 1823 79805952
1568 3177 79805952
1569 906 27621171
1569 1188 38225565
1569 2180 125592505
1569 2820 125592505
1569 3812 38225565
1569 4094 27621171
1570 883 64153146
1570 1180 55528482
1570 3820 55528482
1570 4117 64153146
1571 833 18438380
1571 891 41614765
1571 1816 157177179
1571 3184 157177179
1571 4109 41614765
1571 4167 18438380
1573 910 53047248
1573 4090 53047248
1574 1811 81724004
1574 2254 52411267
1574 2746 52411267
1574 3189 81724004
1578 880 65991322
1578 924 65060101
1578 2185 184776105
1578 2815 184776105
1578 4076 65060101
1578 4120 65991322
1579 2199 25818383
1579 2801 25818383
1580 2111 30791974
1580 2889 30791974
1581 949 37558240
1581 970 21496951
1581 1187 50076642
1581 3813 50076642
1581 4030 21496951
1581 4051 37558240
1583 1794 129495343
1583 3206 129495343
1584 1189 56344438
1584 3811 56344438
1585 877 115761601
1585 1811 79335791
1585 3189 79335791
1585 4123 115761601
1586 2193 130009992
1586 2807 130009992
1587 2191 11884444
1587 2809 11884444
1589 964 12233273
1589 4036 12233273
1590 892 29842553
1590 1192 35427857
1590 2200 85053549
1590 2243 30010395
1590 2757 30010395
1590 2800 85053549
1590 3808 35427857
1590 4108 29842553
1592 1804 163988945
1592 2195 150635376
1592 2805 150635376
1592 3196 163988945
1593 1197 88919987
1593 3803 88919987
1594 914 92524551
1594 4086 92524551
1595 1800 111681822
1595 3200 111681822
1598 2200 17315051
1598 2800 17315051
1600 850 25509999
1600 864 10099857
1600 900 88165708
1600 1200 59173489
1600 2201 91936092
1600 2212 188737587
1600 2232 145846817
1600 2237 195088292
1600 2250 235486706
1600 2300 13006763
1600 2400 42446898
1600 2410 81506618
1600 2590 81506618
1600 2600 42446898
1600 2700 13006763
1600 2750 235486706
1600 2763 195088292
1600 2768 145846817
1600 2788 188737587
1600 2799 91936092
1600 3800 59173489
1600 4100 88165708
1600 4136 10099857
1600 4150 25509999
1601 889 17716457
1601 4111 17716457
1602 2203 318487726
1602 2797 318487726
1603 2215 246460150
1603 2428 65230977
1603 2429 48834003
1603 2571 48834003
1603 2572 65230977
1603 2785 246460150
1604 1797 41002039
1604 2417 48049391
1604 2583 48049391
1604 3203 41002039
1605 875 31457276
1605 896 67134874
1605 1205 145832662
1605 2243 50946186
1605 2757 50946186
1605 3795 145832662
1605 4104 67134874
1605 4125 31457276
1606 823 26310788
1606 922 35461223
1606 4078 35461223
1606 4177 26310788
1607 814 15673028
1607 867 19025828
1607 4133 19025828
1607 4186 15673028
1609 846 40207317
1609 870 131389129
1609 2221 186924688
1609 2779 186924688
1609 4130 131389129
1609 4154 40207317
1610 1221 30138804
1610 2224 151269335
1610 2776 151269335
1610 3779 30138804
1611 942 43770425
1611 2420 56504191
1611 2580 56504191
1611 4058 43770425
1612 1790 251973667
1612 3210 251973667
1613 2210 61523281
1613 2220 82338752
1613 2780 82338752
1613 2790 61523281
1614 905 17295840
1614 4095 17295840
1618 837 12648834
1618 4163 12648834
1620 811 35628054
1620 1231 17982375
1620 1780 330831208
1620 2235 132051398
1620 2249 148011577
1620 2424 84366003
1620 2443 39667390
1620 2557 39667390
1620 2576 84366003
1620 2751 148011577
1620 2765 132051398
1620 3220 330831208
1620 3769 17982375
1620 4189 35628054
1622 832 12537614
1622 1217 12919808
1622 3783 12919808
1622 4168 12537614
1623 886 116258050
1623 4114 116258050
1624 1220 120673515
1624 3780 120673515
1627 933 18227061
1627 1779 43588428
1627 2221 17422227
1627 2779 17422227
1627 3221 43588428
1627 4067 18227061
1628 929 104104655
1628 4071 104104655
1630 830 28427016
1630 1742 41812940
1630 3258 41812940
1630 4170 28427016
1631 2430 73991128
1631 2570 73991128
1632 1750 385310170
1632 2265 11642792
1632 2735 11642792
1632 3250 385310170
1633 1720 17298873
1633 3280 17298873
1634 859 28394661
1634 4141 28394661
1635 903 71369351
1635 4097 71369351
1636 2259 14310068
1636 2741 14310068
1637 939 47320390
1637 1230 163419697
1637 3770 163419697
1637 4061 47320390
1638 992 31275278
1638 4008 31275278
1639 831 55901577
1639 968 64832604
1639 4032 64832604
1639 4169 55901577
1640 1768 325337914
1640 2252 81115323
1640 2265 15974335
1640 2735 15974335
1640 2748 81115323
1640 3232 325337914
1641 1741 46953361
1641 3259 46953361
1642 2233 36341890
1642 2767 36341890
1644 850 33087166
1644 2236 301039211
1644 2764 301039211
1644 4150 33087166
1646 823 28410838
1646 4177 28410838
1648 1240 115079110
1648 2294 90970494
1648 2706 90970494
1648 3760 115079110
1649 958 16604249
1649 4042 16604249
1650 800 18089552
1650 950 42612718
1650 1650 25653574
1650 1700 91702529
1650 1750 353931760
1650 2150 13284815
1650 2250 31892048
1650 2260 150273403
1650 2300 33085143
1650 2329 24600011
1650 2350 68731397
1650 2450 43415530
1650 2550 43415530
1650 2650 68731397
1650 2671 24600011
1650 2700 33085143
1650 2740 150273403
1650 2750 31892048
1650 2850 13284815
1650 3250 353931760
1650 3300 91702529
1650 3350 25653574
1650 4050 42612718
1650 4200 18089552
1651 2138 69679807
1651 2862 69679807
1652 883 32868769
1652 4117 32868769
1654 904 49679281
1654 4096 49679281
1655 2300 123101160
1655 2700 123101160
1656 835 33307585
1656 4165 33307585
1657 969 27170221
1657 4031 27170221
1658 978 42881670
1658 1248 115646336
1658 3752 115646336
1658 4022 42881670
1660 1736 461349782
1660 2127 51007863
1660 2131 105093508
1660 2322 48060513
1660 2678 48060513
1660 2869 105093508
1660 2873 51007863
1660 3264 461349782
1663 1746 464383075
1663 3254 464383075
1664 874 24225904
1664 972 54075534
1664 4028 54075534
1664 4126 24225904
1668 1742 105871042
1668 3258 105871042
1670 2423 25539320
1670 2577 25539320
1671 2408 88226374
1671 2592 88226374
1672 946 116794943
1672 2262 408786850
1672 2343 72878920
1672 2657 72878920
1672 2738 408786850
1672 4054 116794943
1674 907 55938988
1674 4093 55938988
1675 973 42341744
1675 1265 61576869
1675 3735 61576869
1675 4027 42341744
1676 1254 16856012
1676 3746 16856012
1680 1268 60383774
1680 2333 39305417
1680 2667 39305417
1680 3732 60383774
1681 1730 874085980
1681 3270 874085980
1686 966 58584019
1686 2289 111754621
1686 2711 111754621
1686 4034 58584019
1687 2342 31971925
1687 2658 31971925
1690 882 34532024
1690 2327 10688316
1690 2673 10688316
1690 4118 34532024
1691 1271 36505687
1691 3729 36505687
1692 1720 230647591
1692 2316 54642760
1692 2684 54642760
1692 3280 230647591
1696 1285 56187718
1696 3715 56187718
1697 899 15796382
1697 1715 144592045
1697 3285 144592045
1697 4101 15796382
1698 2286 88080776
1698 2714 88080776
1700 950 14219069
1700 1277 13022940
1700 1287 63481777
1700 1650 91702529
1700 1700 92314243
1700 2081 34288350
1700 2150 32303565
1700 2300 132488193
1700 2350 200384423
1700 2500 13869229
1700 2650 200384423
1700 2700 132488193
1700 2850 32303565
1700 2919 34288350
1700 3300 92314243
1700 3350 91702529
1700 3713 63481777
1700 3723 13022940
1700 4050 14219069
1701 1278 22273474
1701 3722 22273474
1704 2069 28240974
1704 2931 28240974
1705 2332 44581326
1705 2668 44581326
1708 878 16365630
1708 4122 16365630
1709 919 49472006
1709 4081 49472006
1712 942 23221884
1712 4058 23221884
1713 935 64893270
1713 4065 64893270
1714 1299 39751311
1714 3701 39751311
1715 1302 15249378
1715 1697 144592045
1715 3303 144592045
1715 3698 15249378
1716 2359 82619837
1716 2641 82619837
1718 1295 12717589
1718 3705 12717589
1720 1633 17298873
1720 1692 230647591
1720 2140 21074312
1720 2860 21074312
1720 3308 230647591
1720 3367 17298873
1724 940 63077338
1724 4060 63077338
1725 1313 40060707
1725 3687 40060707
1730 1681 874085980
1730 3319 874085980
1731 933 72220696
1731 4067 72220696
1736 1660 461349782
1736 3340 461349782
1737 1325 14807528
1737 3675 14807528
1741 1641 46953361
1741 3359 46953361
1742 1630 41812940
1742 1668 105871042
1742 3332 105871042
1742 3370 41812940
1743 1332 26156090
1743 3668 26156090
1746 1663 464383075
1746 3337 464383075
1750 900 12952164
1750 950 96794417
1750 1632 385310170
1750 1650 353931760
1750 2350 29904230
1750 2370 42366010
1750 2450 19242203
1750 2500 16193743
1750 2550 19242203
1750 2630 42366010
1750 2650 29904230
1750 3350 353931760
1750 3368 385310170
1750 4050 96794417
1750 4100 12952164
1761 950 45865420
1761 4050 45865420
1766 1355 17908565
1766 3645 17908565
1768 1640 325337914
1768 3360 325337914
1769 2370 34646278
1769 2630 34646278
1775 1360 13228193
1775 3640 13228193
1779 1370 19848862
1779 1373 53771194
1779 1627 43588428
1779 2106 28927509
1779 2894 28927509
1779 3373 43588428
1779 3627 53771194
1779 3630 19848862
1780 1620 330831208
1780 2430 34831309
1780 2570 34831309
1780 3380 330831208
1782 973 35522900
1782 4027 35522900
1784 2113 12501214
1784 2887 12501214
1790 999 48589317
1790 1612 251973667
1790 3388 251973667
1790 4001 48589317
1792 2125 33561371
1792 2875 33561371
1793 2396 110084287
1793 2604 110084287
1794 1583 129495343
1794 3417 129495343
1795 2120 29084229
1795 2880 29084229
1797 1604 41002039
1797 2405 359500887
1797 2595 359500887
1797 3396 41002039
1799 1375 44571215
1799 3625 44571215
1800 1400 141018825
1800 1595 111681822
1800 2100 26504919
1800 2118 25330023
1800 2400 19614287
1800 2450 36410644
1800 2500 21391797
1800 2550 36410644
1800 2600 19614287
1800 2882 25330023
1800 2900 26504919
1800 3405 111681822
1800 3600 141018825
1801 2100 16458651
1801 2900 16458651
1804 1391 73260104
1804 1592 163988945
1804 3408 163988945
1804 3609 73260104
1805 2420 355571761
1805 2580 355571761
1810 1390 29501813
1810 1409 39390349
1810 3591 39390349
1810 3610 29501813
1811 1574 81724004
1811 1585 79335791
1811 3415 79335791
1811 3426 81724004
1812 2430 397018683
1812 2570 397018683
1816 1571 157177179
1816 3429 157177179
1818 939 55582070
1818 4061 55582070
1823 1568 79805952
1823 3432 79805952
1824 955 24371502
1824 4045 24371502
1826 2460 498774556
1826 2540 498774556
1830 2490 12202940
1830 2510 12202940
1837 971 22664769
1837 1546 325784819
1837 3454 325784819
1837 4029 22664769
1838 954 16014779
1838 4046 16014779
1843 1462 31029582
1843 3538 31029582
1844 970 23019665
1844 4030 23019665
1846 1531 416466138
1846 3469 416466138
1850 963 11043211
1850 1472 24104573
1850 2500 213115155
1850 3528 24104573
1850 4037 11043211
1854 1520 238992182
1854 2500 376623829
1854 3480 238992182
1860 1481 314144050
1860 3519 314144050
1861 2497 598238272
1861 2503 598238272
1863 1499 144646644
1863 1504 174079702
1863 3496 174079702
1863 3501 144646644
1864 2497 192361361
1864 2503 192361361
1867 2500 65815391
1868 2499 22352340
1868 2501 22352340
1870 1479 115402662
1870 1490 122122418
1870 3510 122122418
1870 3521 115402662
1875 1482 157591729
1875 3518 157591729
1877 1474 125197166
1877 3526 125197166
1882 1470 134983582
1882 3530 134983582
1885 1461 108241056
1885 3539 108241056
1889 1457 137051277
1889 3543 137051277
1890 2456 14700352
1890 2544 14700352
1891 2450 154633257
1891 2550 154633257
1893 1448 113631218
1893 3552 113631218
1895 1442 53415287
1895 3558 53415287
1896 2444 86047459
1896 2556 86047459
1897 1435 64068214
1897 3565 64068214
1900 2500 24699098
1903 1429 146443365
1903 3571 146443365
1905 1426 23808321
1905 3574 23808321
1908 998 12665012
1908 4002 12665012
1910 1419 25477643
1910 3581 25477643
1912 1411 27287509
1912 3589 27287509
1920 2495 22056088
1920 2505 22056088
1922 2500 37100213
1927 2499 44786579
1927 2501 44786579
1931 2495 40682532
1931 2505 40682532
1935 987 133863286
1935 4013 133863286
1936 2495 25188469
1936 2505 25188469
1938 999 45357849
1938 4001 45357849
1943 2444 31209557
1943 2556 31209557
1945 985 51468924
1945 2243 98118955
1945 2757 98118955
1945 4015 51468924
1952 2236 11480005
1952 2764 11480005
1953 990 101057206
1953 4010 101057206
1956 990 12149352
1956 4010 12149352
1959 989 82228542
1959 4011 82228542
1963 2270 77868688
1963 2730 77868688
1968 990 110450304
1968 4010 110450304
1969 987 132281929
1969 4013 132281929
1970 2249 58615363
1970 2751 58615363
1971 2268 125807869
1971 2408 49398196
1971 2592 49398196
1971 2732 125807869
1973 2270 86266867
1973 2730 86266867
1976 2266 68871940
1976 2734 68871940
1979 996 246492505
1979 2231 16215987
1979 2769 16215987
1979 4004 246492505
1980 2241 34952641
1980 2245 13541634
1980 2280 44511560
1980 2720 44511560
1980 2755 13541634
1980 2759 34952641
1982 2250 70245011
1982 2750 70245011
1987 995 419113192
1987 2233 41879672
1987 2767 41879672
1987 4005 419113192
1988 2246 17596136
1988 2250 19488911
1988 2750 19488911
1988 2754 17596136
1989 2261 21673893
1989 2739 21673893
1990 1145 35946550
1990 1995 49060489
1990 2231 34664478
1990 2242 95801519
1990 2758 95801519
1990 2769 34664478
1990 3005 49060489
1990 3855 35946550
1991 999 45832054
1991 4001 45832054
1992 2235 71946688
1992 2765 71946688
1993 1993 110460415
1993 3007 110460415
1994 2032 41091016
1994 2238 26773871
1994 2762 26773871
1994 2968 41091016
1995 1990 49060489
1995 1998 50312228
1995 3002 50312228
1995 3010 49060489
1996 1184 21797247
1996 3816 21797247
1997 2034 58094648
1997 2966 58094648
1998 1090 23111675
1998 1103 11746935
1998 1113 15952091
1998 1995 50312228
1998 3005 50312228
1998 3887 15952091
1998 3897 11746935
1998 3910 23111675
1999 1030 40657255
1999 1041 32139767
1999 1080 27995277
1999 3920 27995277
1999 3959 32139767
1999 3970 40657255
2003 1051 12068464
2003 1065 11198920
2003 3935 11198920
2003 3949 12068464
2004 1075 37098191
2004 2026 11510338
2004 2974 11510338
2004 3925 37098191
2005 1057 24123783
2005 3943 24123783
2006 1095 33832345
2006 3905 33832345
2007 1040 12376849
2007 1067 27497817
2007 1108 28487682
2007 3892 28487682
2007 3933 27497817
2007 3960 12376849
2008 1086 23623290
2008 3914 23623290
2010 1036 32752492
2010 1054 14036060
2010 3946 14036060
2010 3964 32752492
2011 1129 22662747
2011 3871 22662747
2015 1151 16427307
2015 3849 16427307
2018 1080 12603335
2018 3920 12603335
2019 2263 13440524
2019 2737 13440524
2020 993 52951193
2020 4007 52951193
2021 2280 70965923
2021 2720 70965923
2024 2282 115417828
2024 2718 115417828
2026 2004 11510338
2026 2286 82855423
2026 2714 82855423
2026 2996 11510338
2028 2277 19707308
2028 2723 19707308
2030 988 72458304
2030 4012 72458304
2031 1304 33390495
2031 2287 93664058
2031 2713 93664058
2031 3696 33390495
2032 1994 41091016
2032 3006 41091016
2034 1997 58094648
2034 3003 58094648
2035 2291 92676216
2035 2709 92676216
2036 991 119706905
2036 4009 119706905
2039 2274 36219547
2039 2726 36219547
2040 1339 62990384
2040 3661 62990384
2041 1332 27813279
2041 1360 56531491
2041 2293 46109095
2041 2707 46109095
2041 3640 56531491
2041 3668 27813279
2043 2301 13192805
2043 2699 13192805
2047 994 14994581
2047 2293 49096889
2047 2303 42274000
2047 2697 42274000
2047 2707 49096889
2047 4006 14994581
2050 2300 85032316
2050 2700 85032316
2053 2300 38545072
2053 2700 38545072
2054 988 50642857
2054 4012 50642857
2057 2304 19367579
2057 2696 19367579
2060 998 19897395
2060 4002 19897395
2062 977 117851541
2062 4023 117851541
2069 1704 28240974
2069 3296 28240974
2074 990 27927533
2074 1415 25007483
2074 3585 25007483
2074 4010 27927533
2079 1463 19399934
2079 2324 77422794
2079 2676 77422794
2079 3537 19399934
2081 1700 34288350
2081 3300 34288350
2084 1487 39083987
2084 3513 39083987
2090 1476 14612386
2090 1504 12569969
2090 1517 35566378
2090 3483 35566378
2090 3496 12569969
2090 3524 14612386
2091 1551 45025198
2091 3449 45025198
2092 1497 13252460
2092 3503 13252460
2096 1520 35056784
2096 1527 45641967
2096 3473 45641967
2096 3480 35056784
2097 990 82325607
2097 4010 82325607
2098 1520 26041836
2098 3480 26041836
2100 1450 23333105
2100 1500 35893973
2100 1550 29943663
2100 1800 26504919
2100 1801 16458651
2100 2500 30951727
2100 3199 16458651
2100 3200 26504919
2100 3450 29943663
2100 3500 35893973
2100 3550 23333105
2102 1561 15780204
2102 3439 15780204
2104 998 96457722
2104 4002 96457722
2106 1520 15302966
2106 1779 28927509
2106 3221 28927509
2106 3480 15302966
2107 1530 90507411
2107 3470 90507411
2108 2457 71534160
2108 2543 71534160
2109 1548 65334109
2109 3452 65334109
2110 980 63783084
2110 1515 11955221
2110 1563 80980847
2110 3437 80980847
2110 3485 11955221
2110 4020 63783084
2111 1580 30791974
2111 3420 30791974
2113 1784 12501214
2113 3216 12501214
2114 1551 38545072
2114 3449 38545072
2115 2446 63643553
2115 2554 63643553
2118 1800 25330023
2118 3200 25330023
2120 1795 29084229
2120 3205 29084229
2122 982 99421249
2122 2404 26327977
2122 2596 26327977
2122 4018 99421249
2123 1491 38958611
2123 3509 38958611
2125 1792 33561371
2125 3208 33561371
2126 965 110318862
2126 4035 110318862
2127 1660 51007863
2127 3340 51007863
2129 959 18119885
2129 964 70584740
2129 4036 70584740
2129 4041 18119885
2130 978 66237019
2130 2430 11021978
2130 2570 11021978
2130 4022 66237019
2131 1660 105093508
2131 3340 105093508
2134 964 12267650
2134 4036 12267650
2135 2370 82630959
2135 2630 82630959
2138 1651 69679807
2138 3349 69679807
2140 971 29290493
2140 1720 21074312
2140 2358 185784170
2140 2485 72259118
2140 2493 23513080
2140 2507 23513080
2140 2515 72259118
2140 2642 185784170
2140 3280 21074312
2140 4029 29290493
2141 961 14886394
2141 4039 14886394
2150 950 42059648
2150 1650 13284815
2150 1700 32303565
2150 2400 198400649
2150 2500 56174573
2150 2600 198400649
2150 3300 32303565
2150 3350 13284815
2150 4050 42059648
2151 941 14840894
2151 4059 14840894
2156 1535 162588575
2156 3465 162588575
2157 934 11968365
2157 4066 11968365
2158 938 16700303
2158 2500 46158638
2158 4062 16700303
2171 2444 26160134
2171 2556 26160134
2176 2438 24306792
2176 2562 24306792
2180 1569 125592505
2180 3431 125592505
2181 2451 64172357
2181 2549 64172357
2185 1578 184776105
2185 3422 184776105
2191 1587 11884444
2191 3413 11884444
2193 1586 130009992
2193 3414 130009992
2195 1592 150635376
2195 3408 150635376
2199 1579 25818383
2199 3421 25818383
2200 1500 19692142
2200 1590 85053549
2200 1598 17315051
2200 2450 89758188
2200 2550 89758188
2200 3402 17315051
2200 3410 85053549
2200 3500 19692142
2201 1600 91936092
2201 3400 91936092
2203 1602 318487726
2203 3398 318487726
2208 2420 106055062
2208 2580 106055062
2210 1613 61523281
2210 3387 61523281
2211 2491 10894580
2211 2509 10894580
2212 1600 188737587
2212 3400 188737587
2214 853 32467363
2214 4147 32467363
2215 1603 246460150
2215 3397 246460150
2219 2442 60505105
2219 2558 60505105
2220 842 12500203
2220 1613 82338752
2220 3387 82338752
2220 4158 12500203
2221 1609 186924688
2221 1627 17422227
2221 3373 17422227
2221 3391 186924688
2224 1610 151269335
2224 2500 37669461
2224 3390 151269335
2231 1979 16215987
2231 1990 34664478
2231 3010 34664478
2231 3021 16215987
2232 1600 145846817
2232 3400 145846817
2233 834 26688939
2233 840 108739527
2233 907 22356384
2233 1642 36341890
2233 1987 41879672
2233 3013 41879672
2233 3358 36341890
2233 4093 22356384
2233 4160 108739527
2233 4166 26688939
2234 2430 75644273
2234 2570 75644273
2235 1620 132051398
2235 1992 71946688
2235 3008 71946688
2235 3380 132051398
2236 1644 301039211
2236 1952 11480005
2236 3048 11480005
2236 3356 301039211
2237 906 22063166
2237 1600 195088292
2237 2448 175004856
2237 2552 175004856
2237 3400 195088292
2237 4094 22063166
2238 1994 26773871
2238 2442 75644273
2238 2558 75644273
2238 3006 26773871
2239 2499 49919922
2239 2501 49919922
2240 858 76146789
2240 4142 76146789
2241 1980 34952641
2241 3020 34952641
2242 1990 95801519
2242 3010 95801519
2243 1590 30010395
2243 1605 50946186
2243 1945 98118955
2243 3055 98118955
2243 3395 50946186
2243 3410 30010395
2244 906 14634630
2244 4094 14634630
2245 1980 13541634
2245 3020 13541634
2246 1988 17596136
2246 3012 17596136
2247 838 76189255
2247 2500 34026476
2247 4162 76189255
2248 833 41076861
2248 2500 26869925
2248 4167 41076861
2249 796 81039491
2249 916 30392590
2249 1620 148011577
2249 1970 58615363
2249 2486 68723308
2249 2514 68723308
2249 3030 58615363
2249 3380 148011577
2249 4084 30392590
2249 4204 81039491
2250 820 64702172
2250 850 89113107
2250 1600 235486706
2250 1650 31892048
2250 1982 70245011
2250 1988 19488911
2250 2450 341768253
2250 2500 39574369
2250 2550 341768253
2250 3012 19488911
2250 3018 70245011
2250 3350 31892048
2250 3400 235486706
2250 4150 89113107
2250 4180 64702172
2251 840 15496086
2251 4160 15496086
2252 1640 81115323
2252 3360 81115323
2254 1574 52411267
2254 3426 52411267
2257 857 17956087
2257 4143 17956087
2258 907 21325065
2258 4093 21325065
2259 1636 14310068
2259 2461 91309212
2259 2539 91309212
2259 3364 14310068
2260 1650 150273403
2260 3350 150273403
2261 1989 21673893
2261 3011 21673893
2262 940 40574345
2262 1672 408786850
2262 3328 408786850
2262 4060 40574345
2263 842 33007289
2263 2019 13440524
2263 2981 13440524
2263 4158 33007289
2264 904 35268104
2264 912 14960204
2264 4088 14960204
2264 4096 35268104
2265 1632 11642792
2265 1640 15974335
2265 3360 15974335
2265 3368 11642792
2266 840 40157773
2266 1976 68871940
2266 3024 68871940
2266 4160 40157773
2267 2453 248187105
2267 2547 248187105
2268 841 39225541
2268 879 46970550
2268 1971 125807869
2268 3029 125807869
2268 4121 46970550
2268 4159 39225541
2269 938 24845707
2269 2491 81566273
2269 2509 81566273
2269 4062 24845707
2270 823 11549771
2270 1963 77868688
2270 1973 86266867
2270 3027 86266867
2270 3037 77868688
2270 4177 11549771
2272 855 18872141
2272 4145 18872141
2274 2039 36219547
2274 2961 36219547
2276 962 68502889
2276 4038 68502889
2277 848 28849655
2277 939 32779792
2277 2028 19707308
2277 2972 19707308
2277 4061 32779792
2277 4152 28849655
2278 903 28938631
2278 4097 28938631
2279 2465 196234877
2279 2535 196234877
2280 908 17110809
2280 951 16001635
2280 972 16829724
2280 1980 44511560
2280 2021 70965923
2280 2979 70965923
2280 3020 44511560
2280 4028 16829724
2280 4049 16001635
2280 4092 17110809
2281 967 13211005
2281 4033 13211005
2282 920 13634655
2282 2024 115417828
2282 2976 115417828
2282 4080 13634655
2283 2481 80272068
2283 2519 80272068
2285 915 32589706
2285 4085 32589706
2286 1698 88080776
2286 2026 82855423
2286 2974 82855423
2286 3302 88080776
2287 2031 93664058
2287 2969 93664058
2289 969 16212954
2289 1686 111754621
2289 3314 111754621
2289 4031 16212954
2291 933 17669946
2291 2035 92676216
2291 2965 92676216
2291 4067 17669946
2292 819 105212818
2292 4181 105212818
2293 2041 46109095
2293 2047 49096889
2293 2953 49096889
2293 2959 46109095
2294 1648 90970494
2294 3352 90970494
2296 837 25396756
2296 929 49172721
2296 4071 49172721
2296 4163 25396756
2297 913 15748860
2297 947 38021323
2297 994 14371745
2297 4006 14371745
2297 4053 38021323
2297 4087 15748860
2298 955 27363341
2298 4045 27363341
2300 800 18012708
2300 900 21777025
2300 933 30205537
2300 950 31709039
2300 1600 13006763
2300 1650 33085143
2300 1655 123101160
2300 1700 132488193
2300 2050 85032316
2300 2053 38545072
2300 2947 38545072
2300 2950 85032316
2300 3300 132488193
2300 3345 123101160
2300 3350 33085143
2300 3400 13006763
2300 4050 31709039
2300 4067 30205537
2300 4100 21777025
2300 4200 18012708
2301 897 73848563
2301 915 38617871
2301 2043 13192805
2301 2957 13192805
2301 4085 38617871
2301 4103 73848563
2303 963 59593095
2303 2047 42274000
2303 2953 42274000
2303 4037 59593095
2304 973 35840385
2304 2057 19367579
2304 2943 19367579
2304 4027 35840385
2305 824 25229924
2305 4176 25229924
2306 865 23693056
2306 4135 23693056
2309 810 78396481
2309 4190 78396481
2310 830 23478703
2310 960 23056064
2310 4040 23056064
2310 4170 23478703
2311 886 27271331
2311 4114 27271331
2314 981 18207850
2314 4019 18207850
2315 814 23903364
2315 927 77809033
2315 4073 77809033
2315 4186 23903364
2316 953 23914486
2316 1692 54642760
2316 3308 54642760
2316 4047 23914486
2319 890 37776637
2319 2500 189391767
2319 4110 37776637
2320 978 34511802
2320 4022 34511802
2321 872 17664891
2321 2500 23979196
2321 4128 17664891
2322 809 23727433
2322 1660 48060513
2322 3340 48060513
2322 4191 23727433
2324 2079 77422794
2324 2921 77422794
2325 971 21533351
2325 4029 21533351
2327 1690 10688316
2327 3310 10688316
2329 828 36678585
2329 1650 24600011
2329 3350 24600011
2329 4172 36678585
2330 961 30138804
2330 983 25086349
2330 988 31923392
2330 4012 31923392
2330 4017 25086349
2330 4039 30138804
2332 1705 44581326
2332 3295 44581326
2333 964 22444350
2333 986 40117329
2333 1680 39305417
2333 3320 39305417
2333 4014 40117329
2333 4036 22444350
2335 810 27505906
2335 4190 27505906
2336 820 18404003
2336 4180 18404003
2337 819 42077847
2337 4181 42077847
2339 795 36519843
2339 901 30682775
2339 4099 30682775
2339 4205 36519843
2340 889 11445628
2340 908 40003075
2340 968 25724351
2340 4032 25724351
2340 4092 40003075
2340 4111 11445628
2341 831 15652806
2341 4169 15652806
2342 976 32388497
2342 989 26890147
2342 1687 31971925
2342 3313 31971925
2342 4011 26890147
2342 4024 32388497
2343 1672 72878920
2343 3328 72878920
2347 990 16645704
2347 4010 16645704
2349 980 37539029
2349 4020 37539029
2350 800 40437847
2350 827 52586187
2350 900 26379543
2350 950 37226600
2350 1650 68731397
2350 1700 200384423
2350 1750 29904230
2350 3250 29904230
2350 3300 200384423
2350 3350 68731397
2350 4050 37226600
2350 4100 26379543
2350 4173 52586187
2350 4200 40437847
2357 940 37851459
2357 4060 37851459
2358 808 46309292
2358 2140 185784170
2358 2860 185784170
2358 4192 46309292
2359 961 13086640
2359 1716 82619837
2359 3284 82619837
2359 4039 13086640
2360 912 10777292
2360 973 11278797
2360 4027 11278797
2360 4088 10777292
2361 951 18624422
2361 960 12340449
2361 4040 12340449
2361 4049 18624422
2362 793 24431157
2362 4207 24431157
2369 797 42659229
2369 4203 42659229
2370 1750 42366010
2370 1769 34646278
2370 2135 82630959
2370 2865 82630959
2370 3231 34646278
2370 3250 42366010
2371 970 12242373
2371 4030 12242373
2373 893 11604370
2373 901 33790890
2373 942 25373500
2373 957 19751796
2373 4043 19751796
2373 4058 25373500
2373 4099 33790890
2373 4107 11604370
2375 953 34598757
2375 4047 34598757
2379 930 15376776
2379 961 23950886
2379 4039 23950886
2379 4070 15376776
2380 788 23608124
2380 4212 23608124
2381 908 20518209
2381 4092 20518209
2383 989 13851030
2383 4011 13851030
2388 978 12519414
2388 4022 12519414
2390 899 32642283
2390 4101 32642283
2391 895 20161291
2391 974 56511269
2391 4026 56511269
2391 4105 20161291
2393 952 50241451
2393 965 34988030
2393 4035 34988030
2393 4048 50241451
2395 933 32475451
2395 4067 32475451
2396 1793 110084287
2396 3207 110084287
2400 900 20031871
2400 950 23051009
2400 1600 42446898
2400 1800 19614287
2400 2150 198400649
2400 2850 198400649
2400 3200 19614287
2400 3400 42446898
2400 4050 23051009
2400 4100 20031871
2402 934 10520473
2402 4066 10520473
2404 2122 26327977
2404 2878 26327977
2405 1797 359500887
2405 3203 359500887
2406 888 11350585
2406 968 41232570
2406 4032 41232570
2406 4112 11350585
2408 1671 88226374
2408 1971 49398196
2408 3029 49398196
2408 3329 88226374
2410 893 23489825
2410 992 91705562
2410 1600 81506618
2410 3400 81506618
2410 4008 91705562
2410 4107 23489825
2411 930 12059364
2411 4070 12059364
2415 975 38233654
2415 4025 38233654
2416 960 46324458
2416 4040 46324458
2417 1604 48049391
2417 3396 48049391
2418 870 40056663
2418 4130 40056663
2419 940 10173667
2419 4060 10173667
2420 950 31927436
2420 1611 56504191
2420 1805 355571761
2420 2208 106055062
2420 2792 106055062
2420 3195 355571761
2420 3389 56504191
2420 4050 31927436
2423 932 42949414
2423 1670 25539320
2423 3330 25539320
2423 4068 42949414
2424 989 14473866
2424 1620 84366003
2424 3380 84366003
2424 4011 14473866
2428 870 68026662
2428 1603 65230977
2428 3397 65230977
2428 4130 68026662
2429 1603 48834003
2429 3397 48834003
2430 930 15224100
2430 1631 73991128
2430 1780 34831309
2430 1812 397018683
2430 2130 11021978
2430 2234 75644273
2430 2766 75644273
2430 2870 11021978
2430 3188 397018683
2430 3220 34831309
2430 3369 73991128
2430 4070 15224100
2432 941 32695871
2432 4059 32695871
2434 959 23210762
2434 4041 23210762
2435 949 34446081
2435 4051 34446081
2438 864 53790405
2438 2176 24306792
2438 2824 24306792
2438 4136 53790405
2441 930 39303395
2441 4070 39303395
2442 2219 60505105
2442 2238 75644273
2442 2762 75644273
2442 2781 60505105
2443 852 52136249
2443 939 32283343
2443 1620 39667390
2443 3380 39667390
2443 4061 32283343
2443 4148 52136249
2444 1896 86047459
2444 1943 31209557
2444 2171 26160134
2444 2829 26160134
2444 3057 31209557
2444 3104 86047459
2446 960 17320106
2446 2115 63643553
2446 2885 63643553
2446 4040 17320106
2448 2237 175004856
2448 2763 175004856
2450 850 94073553
2450 1650 43415530
2450 1750 19242203
2450 1800 36410644
2450 1891 154633257
2450 2200 89758188
2450 2250 341768253
2450 2750 341768253
2450 2800 89758188
2450 3109 154633257
2450 3200 36410644
2450 3250 19242203
2450 3350 43415530
2450 4150 94073553
2451 2181 64172357
2451 2819 64172357
2453 2267 248187105
2453 2733 248187105
2456 1890 14700352
2456 3110 14700352
2457 2108 71534160
2457 2892 71534160
2460 1826 498774556
2460 3174 498774556
2461 2259 91309212
2461 2741 91309212
2463 983 30227781
2463 4017 30227781
2464 989 60285697
2464 4011 60285697
2465 2279 196234877
2465 2721 196234877
2466 841 71842545
2466 858 17522326
2466 4142 17522326
2466 4159 71842545
2467 1064 21165311
2467 3936 21165311
2470 830 16372708
2470 943 45219328
2470 955 16932856
2470 4045 16932856
2470 4057 45219328
2470 4170 16372708
2471 990 20228024
2471 4010 20228024
2472 924 15086591
2472 4076 15086591
2474 983 44570204
2474 4017 44570204
2476 1079 22452439
2476 3921 22452439
2479 930 55831811
2479 943 30966894
2479 4057 30966894
2479 4070 55831811
2480 957 27070123
2480 987 49391118
2480 4013 49391118
2480 4043 27070123
2481 2283 80272068
2481 2717 80272068
2484 984 57689198
2484 4016 57689198
2485 2140 72259118
2485 2860 72259118
2486 2249 68723308
2486 2751 68723308
2490 833 88969531
2490 843 83639024
2490 942 34583590
2490 988 14349501
2490 1830 12202940
2490 3170 12202940
2490 4012 14349501
2490 4058 34583590
2490 4157 83639024
2490 4167 88969531
2491 2211 10894580
2491 2269 81566273
2491 2731 81566273
2491 2789 10894580
2492 988 16281709
2492 4012 16281709
2493 2140 23513080
2493 2860 23513080
2494 955 15638651
2494 962 35783764
2494 991 32957745
2494 4009 32957745
2494 4038 35783764
2494 4045 15638651
2495 1920 22056088
2495 1931 40682532
2495 1936 25188469
2495 3064 25188469
2495 3069 40682532
2495 3080 22056088
2496 1082 25840628
2496 3918 25840628
2497 1861 598238272
2497 1864 192361361
2497 3136 192361361
2497 3139 598238272
2499 833 45915975
2499 930 19374657
2499 987 35290348
2499 1868 22352340
2499 1927 44786579
2499 2239 49919922
2499 2761 49919922
2499 3073 44786579
2499 3132 22352340
2499 4013 35290348
2499 4070 19374657
2499 4167 45915975
2500 834 17761956
2500 939 30654464
2500 949 17140131
2500 950 12699389
2500 1057 30256092
2500 1500 11401140
2500 1700 13869229
2500 1750 16193743
2500 1800 21391797
2500 1850 213115155
2500 1854 376623829
2500 1867 65815391
2500 1900 24699098
2500 1922 37100213
2500 2100 30951727
2500 2150 56174573
2500 2158 46158638
2500 2224 37669461
2500 2247 34026476
2500 2248 26869925
2500 2250 39574369
2500 2319 189391767
2500 2321 23979196
2500 2679 23979196
2500 2681 189391767
2500 2750 39574369
2500 2752 26869925
2500 2753 34026476
2500 2776 37669461
2500 2842 46158638
2500 2850 56174573
2500 2900 30951727
2500 3078 37100213
2500 3100 24699098
2500 3133 65815391
2500 3146 376623829
2500 3150 213115155
2500 3200 21391797
2500 3250 16193743
2500 3300 13869229
2500 3500 11401140
2500 3943 30256092
2500 4050 12699389
2500 4051 17140131
2500 4061 30654464
2500 4166 17761956
2501 833 45915975
2501 930 19374657
2501 987 35290348
2501 1868 22352340
2501 1927 44786579
2501 2239 49919922
2501 2761 49919922
2501 3073 44786579
2501 3132 22352340
2501 4013 35290348
2501 4070 19374657
2501 4167 45915975
2503 1861 598238272
2503 1864 192361361
2503 3136 192361361
2503 3139 598238272
2504 1082 25840628
2504 3918 25840628
2505 1920 22056088
2505 1931 40682532
2505 1936 25188469
2505 3064 25188469
2505 3069 40682532
2505 3080 22056088
2506 955 15638651
2506 962 35783764
2506 991 32957745
2506 4009 32957745
2506 4038 35783764
2506 4045 15638651
2507 2140 23513080
2507 2860 23513080
2508 988 16281709
2508 4012 16281709
2509 2211 10894580
2509 2269 81566273
2509 2731 81566273
2509 2789 10894580
2510 833 88969531
2510 843 83639024
2510 942 34583590
2510 988 14349501
2510 1830 12202940
2510 3170 12202940
2510 4012 14349501
2510 4058 34583590
2510 4157 83639024
2510 4167 88969531
2514 2249 68723308
2514 2751 68723308
2515 2140 72259118
2515 2860 72259118
2516 984 57689198
2516 4016 57689198
2519 2283 80272068
2519 2717 80272068
2520 957 27070123
2520 987 49391118
2520 4013 49391118
2520 4043 27070123
2521 930 55831811
2521 943 30966894
2521 4057 30966894
2521 4070 55831811
2524 1079 22452439
2524 3921 22452439
2526 983 44570204
2526 4017 44570204
2528 924 15086591
2528 4076 15086591
2529 990 20228024
2529 4010 20228024
2530 830 16372708
2530 943 45219328
2530 955 16932856
2530 4045 16932856
2530 4057 45219328
2530 4170 16372708
2533 1064 21165311
2533 3936 21165311
2534 841 71842545
2534 858 17522326
2534 4142 17522326
2534 4159 71842545
2535 2279 196234877
2535 2721 196234877
2536 989 60285697
2536 4011 60285697
2537 983 30227781
2537 4017 30227781
2539 2259 91309212
2539 2741 91309212
2540 1826 498774556
2540 3174 498774556
2543 2108 71534160
2543 2892 71534160
2544 1890 14700352
2544 3110 14700352
2547 2267 248187105
2547 2733 248187105
2549 2181 64172357
2549 2819 64172357
2550 850 94073553
2550 1650 43415530
2550 1750 19242203
2550 1800 36410644
2550 1891 154633257
2550 2200 89758188
2550 2250 341768253
2550 2750 341768253
2550 2800 89758188
2550 3109 154633257
2550 3200 36410644
2550 3250 19242203
2550 3350 43415530
2550 4150 94073553
2552 2237 175004856
2552 2763 175004856
2554 960 17320106
2554 2115 63643553
2554 2885 63643553
2554 4040 17320106
2556 1896 86047459
2556 1943 31209557
2556 2171 26160134
2556 2829 26160134
2556 3057 31209557
2556 3104 86047459
2557 852 52136249
2557 939 32283343
2557 1620 39667390
2557 3380 39667390
2557 4061 32283343
2557 4148 52136249
2558 2219 60505105
2558 2238 75644273
2558 2762 75644273
2558 2781 60505105
2559 930 39303395
2559 4070 39303395
2562 864 53790405
2562 2176 24306792
2562 2824 24306792
2562 4136 53790405
2565 949 34446081
2565 4051 34446081
2566 959 23210762
2566 4041 23210762
2568 941 32695871
2568 4059 32695871
2570 930 15224100
2570 1631 73991128
2570 1780 34831309
2570 1812 397018683
2570 2130 11021978
2570 2234 75644273
2570 2766 75644273
2570 2870 11021978
2570 3188 397018683
2570 3220 34831309
2570 3369 73991128
2570 4070 15224100
2571 1603 48834003
2571 3397 48834003
2572 870 68026662
2572 1603 65230977
2572 3397 65230977
2572 4130 68026662
2576 989 14473866
2576 1620 84366003
2576 3380 84366003
2576 4011 14473866
2577 932 42949414
2577 1670 25539320
2577 3330 25539320
2577 4068 42949414
2580 950 31927436
2580 1611 56504191
2580 1805 355571761
2580 2208 106055062
2580 2792 106055062
2580 3195 355571761
2580 3389 56504191
2580 4050 31927436
2581 940 10173667
2581 4060 10173667
2582 870 40056663
2582 4130 40056663
2583 1604 48049391
2583 3396 48049391
2584 960 46324458
2584 4040 46324458
2585 975 38233654
2585 4025 38233654
2589 930 12059364
2589 4070 12059364
2590 893 23489825
2590 992 91705562
2590 1600 81506618
2590 3400 81506618
2590 4008 91705562
2590 4107 23489825
2592 1671 88226374
2592 1971 49398196
2592 3029 49398196
2592 3329 88226374
2594 888 11350585
2594 968 41232570
2594 4032 41232570
2594 4112 11350585
2595 1797 359500887
2595 3203 359500887
2596 2122 26327977
2596 2878 26327977
2598 934 10520473
2598 4066 10520473
2600 900 20031871
2600 950 23051009
2600 1600 42446898
2600 1800 19614287
2600 2150 198400649
2600 2850 198400649
2600 3200 19614287
2600 3400 42446898
2600 4050 23051009
2600 4100 20031871
2604 1793 110084287
2604 3207 110084287
2605 933 32475451
2605 4067 32475451
2607 952 50241451
2607 965 34988030
2607 4035 34988030
2607 4048 50241451
2609 895 20161291
2609 974 56511269
2609 4026 56511269
2609 4105 20161291
2610 899 32642283
2610 4101 32642283
2612 978 12519414
2612 4022 12519414
2617 989 13851030
2617 4011 13851030
2619 908 20518209
2619 4092 20518209
2620 788 23608124
2620 4212 23608124
2621 930 15376776
2621 961 23950886
2621 4039 23950886
2621 4070 15376776
2625 953 34598757
2625 4047 34598757
2627 893 11604370
2627 901 33790890
2627 942 25373500
2627 957 19751796
2627 4043 19751796
2627 4058 25373500
2627 4099 33790890
2627 4107 11604370
2629 970 12242373
2629 4030 12242373
2630 1750 42366010
2630 1769 34646278
2630 2135 82630959
2630 2865 82630959
2630 3231 34646278
2630 3250 42366010
2631 797 42659229
2631 4203 42659229
2638 793 24431157
2638 4207 24431157
2639 951 18624422
2639 960 12340449
2639 4040 12340449
2639 4049 18624422
2640 912 10777292
2640 973 11278797
2640 4027 11278797
2640 4088 10777292
2641 961 13086640
2641 1716 82619837
2641 3284 82619837
2641 4039 13086640
2642 808 46309292
2642 2140 185784170
2642 2860 185784170
2642 4192 46309292
2643 940 37851459
2643 4060 37851459
2650 800 40437847
2650 827 52586187
2650 900 26379543
2650 950 37226600
2650 1650 68731397
2650 1700 200384423
2650 1750 29904230
2650 3250 29904230
2650 3300 200384423
2650 3350 68731397
2650 4050 37226600
2650 4100 26379543
2650 4173 52586187
2650 4200 40437847
2651 980 37539029
2651 4020 37539029
2653 990 16645704
2653 4010 16645704
2657 1672 72878920
2657 3328 72878920
2658 976 32388497
2658 989 26890147
2658 1687 31971925
2658 3313 31971925
2658 4011 26890147
2658 4024 32388497
2659 831 15652806
2659 4169 15652806
2660 889 11445628
2660 908 40003075
2660 968 25724351
2660 4032 25724351
2660 4092 40003075
2660 4111 11445628
2661 795 36519843
2661 901 30682775
2661 4099 30682775
2661 4205 36519843
2663 819 42077847
2663 4181 42077847
2664 820 18404003
2664 4180 18404003
2665 810 27505906
2665 4190 27505906
2667 964 22444350
2667 986 40117329
2667 1680 39305417
2667 3320 39305417
2667 4014 40117329
2667 4036 22444350
2668 1705 44581326
2668 3295 44581326
2670 961 30138804
2670 983 25086349
2670 988 31923392
2670 4012 31923392
2670 4017 25086349
2670 4039 30138804
2671 828 36678585
2671 1650 24600011
2671 3350 24600011
2671 4172 36678585
2673 1690 10688316
2673 3310 10688316
2675 971 21533351
2675 4029 21533351
2676 2079 77422794
2676 2921 77422794
2678 809 23727433
2678 1660 48060513
2678 3340 48060513
2678 4191 23727433
2679 872 17664891
2679 2500 23979196
2679 4128 17664891
2680 978 34511802
2680 4022 34511802
2681 890 37776637
2681 2500 189391767
2681 4110 37776637
2684 953 23914486
2684 1692 54642760
2684 3308 54642760
2684 4047 23914486
2685 814 23903364
2685 927 77809033
2685 4073 77809033
2685 4186 23903364
2686 981 18207850
2686 4019 18207850
2689 886 27271331
2689 4114 27271331
2690 830 23478703
2690 960 23056064
2690 4040 23056064
2690 4170 23478703
2691 810 78396481
2691 4190 78396481
2694 865 23693056
2694 4135 23693056
2695 824 25229924
2695 4176 25229924
2696 973 35840385
2696 2057 19367579
2696 2943 19367579
2696 4027 35840385
2697 963 59593095
2697 2047 42274000
2697 2953 42274000
2697 4037 59593095
2699 897 73848563
2699 915 38617871
2699 2043 13192805
2699 2957 13192805
2699 4085 38617871
2699 4103 73848563
2700 800 18012708
2700 900 21777025
2700 933 30205537
2700 950 31709039
2700 1600 13006763
2700 1650 33085143
2700 1655 123101160
2700 1700 132488193
2700 2050 85032316
2700 2053 38545072
2700 2947 38545072
2700 2950 85032316
2700 3300 132488193
2700 3345 123101160
2700 3350 33085143
2700 3400 13006763
2700 4050 31709039
2700 4067 30205537
2700 4100 21777025
2700 4200 18012708
2702 955 27363341
2702 4045 27363341
2703 913 15748860
2703 947 38021323
2703 994 14371745
2703 4006 14371745
2703 4053 38021323
2703 4087 15748860
2704 837 25396756
2704 929 49172721
2704 4071 49172721
2704 4163 25396756
2706 1648 90970494
2706 3352 90970494
2707 2041 46109095
2707 2047 49096889
2707 2953 49096889
2707 2959 46109095
2708 819 105212818
2708 4181 105212818
2709 933 17669946
2709 2035 92676216
2709 2965 92676216
2709 4067 17669946
2711 969 16212954
2711 1686 111754621
2711 3314 111754621
2711 4031 16212954
2713 2031 93664058
2713 2969 93664058
2714 1698 88080776
2714 2026 82855423
2714 2974 82855423
2714 3302 88080776
2715 915 32589706
2715 4085 32589706
2717 2481 80272068
2717 2519 80272068
2718 920 13634655
2718 2024 115417828
2718 2976 115417828
2718 4080 13634655
2719 967 13211005
2719 4033 13211005
2720 908 17110809
2720 951 16001635
2720 972 16829724
2720 1980 44511560
2720 2021 70965923
2720 2979 70965923
2720 3020 44511560
2720 4028 16829724
2720 4049 16001635
2720 4092 17110809
2721 2465 196234877
2721 2535 196234877
2722 903 28938631
2722 4097 28938631
2723 848 28849655
2723 939 32779792
2723 2028 19707308
2723 2972 19707308
2723 4061 32779792
2723 4152 28849655
2724 962 68502889
2724 4038 68502889
2726 2039 36219547
2726 2961 36219547
2728 855 18872141
2728 4145 18872141
2730 823 11549771
2730 1963 77868688
2730 1973 86266867
2730 3027 86266867
2730 3037 77868688
2730 4177 11549771
2731 938 24845707
2731 2491 81566273
2731 2509 81566273
2731 4062 24845707
2732 841 39225541
2732 879 46970550
2732 1971 125807869
2732 3029 125807869
2732 4121 46970550
2732 4159 39225541
2733 2453 248187105
2733 2547 248187105
2734 840 40157773
2734 1976 68871940
2734 3024 68871940
2734 4160 40157773
2735 1632 11642792
2735 1640 15974335
2735 3360 15974335
2735 3368 11642792
2736 904 35268104
2736 912 14960204
2736 4088 14960204
2736 4096 35268104
2737 842 33007289
2737 2019 13440524
2737 2981 13440524
2737 4158 33007289
2738 940 40574345
2738 1672 408786850
2738 3328 408786850
2738 4060 40574345
2739 1989 21673893
2739 3011 21673893
2740 1650 150273403
2740 3350 150273403
2741 1636 14310068
2741 2461 91309212
2741 2539 91309212
2741 3364 14310068
2742 907 21325065
2742 4093 21325065
2743 857 17956087
2743 4143 17956087
2746 1574 52411267
2746 3426 52411267
2748 1640 81115323
2748 3360 81115323
2749 840 15496086
2749 4160 15496086
2750 820 64702172
2750 850 89113107
2750 1600 235486706
2750 1650 31892048
2750 1982 70245011
2750 1988 19488911
2750 2450 341768253
2750 2500 39574369
2750 2550 341768253
2750 3012 19488911
2750 3018 70245011
2750 3350 31892048
2750 3400 235486706
2750 4150 89113107
2750 4180 64702172
2751 796 81039491
2751 916 30392590
2751 1620 148011577
2751 1970 58615363
2751 2486 68723308
2751 2514 68723308
2751 3030 58615363
2751 3380 148011577
2751 4084 30392590
2751 4204 81039491
2752 833 41076861
2752 2500 26869925
2752 4167 41076861
2753 838 76189255
2753 2500 34026476
2753 4162 76189255
2754 1988 17596136
2754 3012 17596136
2755 1980 13541634
2755 3020 13541634
2756 906 14634630
2756 4094 14634630
2757 1590 30010395
2757 1605 50946186
2757 1945 98118955
2757 3055 98118955
2757 3395 50946186
2757 3410 30010395
2758 1990 95801519
2758 3010 95801519
2759 1980 34952641
2759 3020 34952641
2760 858 76146789
2760 4142 76146789
2761 2499 49919922
2761 2501 49919922
2762 1994 26773871
2762 2442 75644273
2762 2558 75644273
2762 3006 26773871
2763 906 22063166
2763 1600 195088292
2763 2448 175004856
2763 2552 175004856
2763 3400 195088292
2763 4094 22063166
2764 1644 301039211
2764 1952 11480005
2764 3048 11480005
2764 3356 301039211
2765 1620 132051398
2765 1992 71946688
2765 3008 71946688
2765 3380 132051398
2766 2430 75644273
2766 2570 75644273
2767 834 26688939
2767 840 108739527
2767 907 22356384
2767 1642 36341890
2767 1987 41879672
2767 3013 41879672
2767 3358 36341890
2767 4093 22356384
2767 4160 108739527
2767 4166 26688939
2768 1600 145846817
2768 3400 145846817
2769 1979 16215987
2769 1990 34664478
2769 3010 34664478
2769 3021 16215987
2776 1610 151269335
2776 2500 37669461
2776 3390 151269335
2779 1609 186924688
2779 1627 17422227
2779 3373 17422227
2779 3391 186924688
2780 842 12500203
2780 1613 82338752
2780 3387 82338752
2780 4158 12500203
2781 2442 60505105
2781 2558 60505105
2785 1603 246460150
2785 3397 246460150
2786 853 32467363
2786 4147 32467363
2788 1600 188737587
2788 3400 188737587
2789 2491 10894580
2789 2509 10894580
2790 1613 61523281
2790 3387 61523281
2792 2420 106055062
2792 2580 106055062
2797 1602 318487726
2797 3398 318487726
2799 1600 91936092
2799 3400 91936092
2800 1500 19692142
2800 1590 85053549
2800 1598 17315051
2800 2450 89758188
2800 2550 89758188
2800 3402 17315051
2800 3410 85053549
2800 3500 19692142
2801 1579 25818383
2801 3421 25818383
2805 1592 150635376
2805 3408 150635376
2807 1586 130009992
2807 3414 130009992
2809 1587 11884444
2809 3413 11884444
2815 1578 184776105
2815 3422 184776105
2819 2451 64172357
2819 2549 64172357
2820 1569 125592505
2820 3431 125592505
2824 2438 24306792
2824 2562 24306792
2829 2444 26160134
2829 2556 26160134
2842 938 16700303
2842 2500 46158638
2842 4062 16700303
2843 934 11968365
2843 4066 11968365
2844 1535 162588575
2844 3465 162588575
2849 941 14840894
2849 4059 14840894
2850 950 42059648
2850 1650 13284815
2850 1700 32303565
2850 2400 198400649
2850 2500 56174573
2850 2600 198400649
2850 3300 32303565
2850 3350 13284815
2850 4050 42059648
2859 961 14886394
2859 4039 14886394
2860 971 29290493
2860 1720 21074312
2860 2358 185784170
2860 2485 72259118
2860 2493 23513080
2860 2507 23513080
2860 2515 72259118
2860 2642 185784170
2860 3280 21074312
2860 4029 29290493
2862 1651 69679807
2862 3349 69679807
2865 2370 82630959
2865 2630 82630959
2866 964 12267650
2866 4036 12267650
2869 1660 105093508
2869 3340 105093508
2870 978 66237019
2870 2430 11021978
2870 2570 11021978
2870 4022 66237019
2871 959 18119885
2871 964 70584740
2871 4036 70584740
2871 4041 18119885
2873 1660 51007863
2873 3340 51007863
2874 965 110318862
2874 4035 110318862
2875 1792 33561371
2875 3208 33561371
2877 1491 38958611
2877 3509 38958611
2878 982 99421249
2878 2404 26327977
2878 2596 26327977
2878 4018 99421249
2880 1795 29084229
2880 3205 29084229
2882 1800 25330023
2882 3200 25330023
2885 2446 63643553
2885 2554 63643553
2886 1551 38545072
2886 3449 38545072
2887 1784 12501214
2887 3216 12501214
2889 1580 30791974
2889 3420 30791974
2890 980 63783084
2890 1515 11955221
2890 1563 80980847
2890 3437 80980847
2890 3485 11955221
2890 4020 63783084
2891 1548 65334109
2891 3452 65334109
2892 2457 71534160
2892 2543 71534160
2893 1530 90507411
2893 3470 90507411
2894 1520 15302966
2894 1779 28927509
2894 3221 28927509
2894 3480 15302966
2896 998 96457722
2896 4002 96457722
2898 1561 15780204
2898 3439 15780204
2900 1450 23333105
2900 1500 35893973
2900 1550 29943663
2900 1800 26504919
2900 1801 16458651
2900 2500 30951727
2900 3199 16458651
2900 3200 26504919
2900 3450 29943663
2900 3500 35893973
2900 3550 23333105
2902 1520 26041836
2902 3480 26041836
2903 990 82325607
2903 4010 82325607
2904 1520 35056784
2904 1527 45641967
2904 3473 45641967
2904 3480 35056784
2908 1497 13252460
2908 3503 13252460
2909 1551 45025198
2909 3449 45025198
2910 1476 14612386
2910 1504 12569969
2910 1517 35566378
2910 3483 35566378
2910 3496 12569969
2910 3524 14612386
2916 1487 39083987
2916 3513 39083987
2919 1700 34288350
2919 3300 34288350
2921 1463 19399934
2921 2324 77422794
2921 2676 77422794
2921 3537 19399934
2926 990 27927533
2926 1415 25007483
2926 3585 25007483
2926 4010 27927533
2931 1704 28240974
2931 3296 28240974
2938 977 117851541
2938 4023 117851541
2940 998 19897395
2940 4002 19897395
2943 2304 19367579
2943 2696 19367579
2946 988 50642857
2946 4012 50642857
2947 2300 38545072
2947 2700 38545072
2950 2300 85032316
2950 2700 85032316
2953 994 14994581
2953 2293 49096889
2953 2303 42274000
2953 2697 42274000
2953 2707 49096889
2953 4006 14994581
2957 2301 13192805
2957 2699 13192805
2959 1332 27813279
2959 1360 56531491
2959 2293 46109095
2959 2707 46109095
2959 3640 56531491
2959 3668 27813279
2960 1339 62990384
2960 3661 62990384
2961 2274 36219547
2961 2726 36219547
2964 991 119706905
2964 4009 119706905
2965 2291 92676216
2965 2709 92676216
2966 1997 58094648
2966 3003 58094648
2968 1994 41091016
2968 3006 41091016
2969 1304 33390495
2969 2287 93664058
2969 2713 93664058
2969 3696 33390495
2970 988 72458304
2970 4012 72458304
2972 2277 19707308
2972 2723 19707308
2974 2004 11510338
2974 2286 82855423
2974 2714 82855423
2974 2996 11510338
2976 2282 115417828
2976 2718 115417828
2979 2280 70965923
2979 2720 70965923
2980 993 52951193
2980 4007 52951193
2981 2263 13440524
2981 2737 13440524
2982 1080 12603335
2982 3920 12603335
2985 1151 16427307
2985 3849 16427307
2989 1129 22662747
2989 3871 22662747
2990 1036 32752492
2990 1054 14036060
2990 3946 14036060
2990 3964 32752492
2992 1086 23623290
2992 3914 23623290
2993 1040 12376849
2993 1067 27497817
2993 1108 28487682
2993 3892 28487682
2993 3933 27497817
2993 3960 12376849
2994 1095 33832345
2994 3905 33832345
2995 1057 24123783
2995 3943 24123783
2996 1075 37098191
2996 2026 11510338
2996 2974 11510338
2996 3925 37098191
2997 1051 12068464
2997 1065 11198920
2997 3935 11198920
2997 3949 12068464
3001 1030 40657255
3001 1041 32139767
3001 1080 27995277
3001 3920 27995277
3001 3959 32139767
3001 3970 40657255
3002 1090 23111675
3002 1103 11746935
3002 1113 15952091
3002 1995 50312228
3002 3005 50312228
3002 3887 15952091
3002 3897 11746935
3002 3910 23111675
3003 2034 58094648
3003 2966 58094648
3004 1184 21797247
3004 3816 21797247
3005 1990 49060489
3005 1998 50312228
3005 3002 50312228
3005 3010 49060489
3006 2032 41091016
3006 2238 26773871
3006 2762 26773871
3006 2968 41091016
3007 1993 110460415
3007 3007 110460415
3008 2235 71946688
3008 2765 71946688
3009 999 45832054
3009 4001 45832054
3010 1145 35946550
3010 1995 49060489
3010 2231 34664478
3010 2242 95801519
3010 2758 95801519
3010 2769 34664478
3010 3005 49060489
3010 3855 35946550
3011 2261 21673893
3011 2739 21673893
3012 2246 17596136
3012 2250 19488911
3012 2750 19488911
3012 2754 17596136
3013 995 419113192
3013 2233 41879672
3013 2767 41879672
3013 4005 419113192
3018 2250 70245011
3018 2750 70245011
3020 2241 34952641
3020 2245 13541634
3020 2280 44511560
3020 2720 44511560
3020 2755 13541634
3020 2759 34952641
3021 996 246492505
3021 2231 16215987
3021 2769 16215987
3021 4004 246492505
3024 2266 68871940
3024 2734 68871940
3027 2270 86266867
3027 2730 86266867
3029 2268 125807869
3029 2408 49398196
3029 2592 49398196
3029 2732 125807869
3030 2249 58615363
3030 2751 58615363
3031 987 132281929
3031 4013 132281929
3032 990 110450304
3032 4010 110450304
3037 2270 77868688
3037 2730 77868688
3041 989 82228542
3041 4011 82228542
3044 990 12149352
3044 4010 12149352
3047 990 101057206
3047 4010 101057206
3048 2236 11480005
3048 2764 11480005
3055 985 51468924
3055 2243 98118955
3055 2757 98118955
3055 4015 51468924
3057 2444 31209557
3057 2556 31209557
3062 999 45357849
3062 4001 45357849
3064 2495 25188469
3064 2505 25188469
3065 987 133863286
3065 4013 133863286
3069 2495 40682532
3069 2505 40682532
3073 2499 44786579
3073 2501 44786579
3078 2500 37100213
3080 2495 22056088
3080 2505 22056088
3088 1411 27287509
3088 3589 27287509
3090 1419 25477643
3090 3581 25477643
3092 998 12665012
3092 4002 12665012
3095 1426 23808321
3095 3574 23808321
3097 1429 146443365
3097 3571 146443365
3100 2500 24699098
3103 1435 64068214
3103 3565 64068214
3104 2444 86047459
3104 2556 86047459
3105 1442 53415287
3105 3558 53415287
3107 1448 113631218
3107 3552 113631218
3109 2450 154633257
3109 2550 154633257
3110 2456 14700352
3110 2544 14700352
3111 1457 137051277
3111 3543 137051277
3115 1461 108241056
3115 3539 108241056
3118 1470 134983582
3118 3530 134983582
3123 1474 125197166
3123 3526 125197166
3125 1482 157591729
3125 3518 157591729
3130 1479 115402662
3130 1490 122122418
3130 3510 122122418
3130 3521 115402662
3132 2499 22352340
3132 2501 22352340
3133 2500 65815391
3136 2497 192361361
3136 2503 192361361
3137 1499 144646644
3137 1504 174079702
3137 3496 174079702
3137 3501 144646644
3139 2497 598238272
3139 2503 598238272
3140 1481 314144050
3140 3519 314144050
3146 1520 238992182
3146 2500 376623829
3146 3480 238992182
3150 963 11043211
3150 1472 24104573
3150 2500 213115155
3150 3528 24104573
3150 4037 11043211
3154 1531 416466138
3154 3469 416466138
3156 970 23019665
3156 4030 23019665
3157 1462 31029582
3157 3538 31029582
3162 954 16014779
3162 4046 16014779
3163 971 22664769
3163 1546 325784819
3163 3454 325784819
3163 4029 22664769
3170 2490 12202940
3170 2510 12202940
3174 2460 498774556
3174 2540 498774556
3176 955 24371502
3176 4045 24371502
3177 1568 79805952
3177 3432 79805952
3182 939 55582070
3182 4061 55582070
3184 1571 157177179
3184 3429 157177179
3188 2430 397018683
3188 2570 397018683
3189 1574 81724004
3189 1585 79335791
3189 3415 79335791
3189 3426 81724004
3190 1390 29501813
3190 1409 39390349
3190 3591 39390349
3190 3610 29501813
3195 2420 355571761
3195 2580 355571761
3196 1391 73260104
3196 1592 163988945
3196 3408 163988945
3196 3609 73260104
3199 2100 16458651
3199 2900 16458651
3200 1400 141018825
3200 1595 111681822
3200 2100 26504919
3200 2118 25330023
3200 2400 19614287
3200 2450 36410644
3200 2500 21391797
3200 2550 36410644
3200 2600 19614287
3200 2882 25330023
3200 2900 26504919
3200 3405 111681822
3200 3600 141018825
3201 1375 44571215
3201 3625 44571215
3203 1604 41002039
3203 2405 359500887
3203 2595 359500887
3203 3396 41002039
3205 2120 29084229
3205 2880 29084229
3206 1583 129495343
3206 3417 129495343
3207 2396 110084287
3207 2604 110084287
3208 2125 33561371
3208 2875 33561371
3210 999 48589317
3210 1612 251973667
3210 3388 251973667
3210 4001 48589317
3216 2113 12501214
3216 2887 12501214
3218 973 35522900
3218 4027 35522900
3220 1620 330831208
3220 2430 34831309
3220 2570 34831309
3220 3380 330831208
3221 1370 19848862
3221 1373 53771194
3221 1627 43588428
3221 2106 28927509
3221 2894 28927509
3221 3373 43588428
3221 3627 53771194
3221 3630 19848862
3225 1360 13228193
3225 3640 13228193
3231 2370 34646278
3231 2630 34646278
3232 1640 325337914
3232 3360 325337914
3234 1355 17908565
3234 3645 17908565
3239 950 45865420
3239 4050 45865420
3250 900 12952164
3250 950 96794417
3250 1632 385310170
3250 1650 353931760
3250 2350 29904230
3250 2370 42366010
3250 2450 19242203
3250 2500 16193743
3250 2550 19242203
3250 2630 42366010
3250 2650 29904230
3250 3350 353931760
3250 3368 385310170
3250 4050 96794417
3250 4100 12952164
3254 1663 464383075
3254 3337 464383075
3257 1332 26156090
3257 3668 26156090
3258 1630 41812940
3258 1668 105871042
3258 3332 105871042
3258 3370 41812940
3259 1641 46953361
3259 3359 46953361
3263 1325 14807528
3263 3675 14807528
3264 1660 461349782
3264 3340 461349782
3269 933 72220696
3269 4067 72220696
3270 1681 874085980
3270 3319 874085980
3275 1313 40060707
3275 3687 40060707
3276 940 63077338
3276 4060 63077338
3280 1633 17298873
3280 1692 230647591
3280 2140 21074312
3280 2860 21074312
3280 3308 230647591
3280 3367 17298873
3282 1295 12717589
3282 3705 12717589
3284 2359 82619837
3284 2641 82619837
3285 1302 15249378
3285 1697 144592045
3285 3303 144592045
3285 3698 15249378
3286 1299 39751311
3286 3701 39751311
3287 935 64893270
3287 4065 64893270
3288 942 23221884
3288 4058 23221884
3291 919 49472006
3291 4081 49472006
3292 878 16365630
3292 4122 16365630
3295 2332 44581326
3295 2668 44581326
3296 2069 28240974
3296 2931 28240974
3299 1278 22273474
3299 3722 22273474
3300 950 14219069
3300 1277 13022940
3300 1287 63481777
3300 1650 91702529
3300 1700 92314243
3300 2081 34288350
3300 2150 32303565
3300 2300 132488193
3300 2350 200384423
3300 2500 13869229
3300 2650 200384423
3300 2700 132488193
3300 2850 32303565
3300 2919 34288350
3300 3300 92314243
3300 3350 91702529
3300 3713 63481777
3300 3723 13022940
3300 4050 14219069
3302 2286 88080776
3302 2714 88080776
3303 899 15796382
3303 1715 144592045
3303 3285 144592045
3303 4101 15796382
3304 1285 56187718
3304 3715 56187718
3308 1720 230647591
3308 2316 54642760
3308 2684 54642760
3308 3280 230647591
3309 1271 36505687
3309 3729 36505687
3310 882 34532024
3310 2327 10688316
3310 2673 10688316
3310 4118 34532024
3313 2342 31971925
3313 2658 31971925
3314 966 58584019
3314 2289 111754621
3314 2711 111754621
3314 4034 58584019
3319 1730 874085980
3319 3270 874085980
3320 1268 60383774
3320 2333 39305417
3320 2667 39305417
3320 3732 60383774
3324 1254 16856012
3324 3746 16856012
3325 973 42341744
3325 1265 61576869
3325 3735 61576869
3325 4027 42341744
3326 907 55938988
3326 4093 55938988
3328 946 116794943
3328 2262 408786850
3328 2343 72878920
3328 2657 72878920
3328 2738 408786850
3328 4054 116794943
3329 2408 88226374
3329 2592 88226374
3330 2423 25539320
3330 2577 25539320
3332 1742 105871042
3332 3258 105871042
3336 874 24225904
3336 972 54075534
3336 4028 54075534
3336 4126 24225904
3337 1746 464383075
3337 3254 464383075
3340 1736 461349782
3340 2127 51007863
3340 2131 105093508
3340 2322 48060513
3340 2678 48060513
3340 2869 105093508
3340 2873 51007863
3340 3264 461349782
3342 978 42881670
3342 1248 115646336
3342 3752 115646336
3342 4022 42881670
3343 969 27170221
3343 4031 27170221
3344 835 33307585
3344 4165 33307585
3345 2300 123101160
3345 2700 123101160
3346 904 49679281
3346 4096 49679281
3348 883 32868769
3348 4117 32868769
3349 2138 69679807
3349 2862 69679807
3350 800 18089552
3350 950 42612718
3350 1650 25653574
3350 1700 91702529
3350 1750 353931760
3350 2150 13284815
3350 2250 31892048
3350 2260 150273403
3350 2300 33085143
3350 2329 24600011
3350 2350 68731397
3350 2450 43415530
3350 2550 43415530
3350 2650 68731397
3350 2671 24600011
3350 2700 33085143
3350 2740 150273403
3350 2750 31892048
3350 2850 13284815
3350 3250 353931760
3350 3300 91702529
3350 3350 25653574
3350 4050 42612718
3350 4200 18089552
3351 958 16604249
3351 4042 16604249
3352 1240 115079110
3352 2294 90970494
3352 2706 90970494
3352 3760 115079110
3354 823 28410838
3354 4177 28410838
3356 850 33087166
3356 2236 301039211
3356 2764 301039211
3356 4150 33087166
3358 2233 36341890
3358 2767 36341890
3359 1741 46953361
3359 3259 46953361
3360 1768 325337914
3360 2252 81115323
3360 2265 15974335
3360 2735 15974335
3360 2748 81115323
3360 3232 325337914
3361 831 55901577
3361 968 64832604
3361 4032 64832604
3361 4169 55901577
3362 992 31275278
3362 4008 31275278
3363 939 47320390
3363 1230 163419697
3363 3770 163419697
3363 4061 47320390
3364 2259 14310068
3364 2741 14310068
3365 903 71369351
3365 4097 71369351
3366 859 28394661
3366 4141 28394661
3367 1720 17298873
3367 3280 17298873
3368 1750 385310170
3368 2265 11642792
3368 2735 11642792
3368 3250 385310170
3369 2430 73991128
3369 2570 73991128
3370 830 28427016
3370 1742 41812940
3370 3258 41812940
3370 4170 28427016
3372 929 104104655
3372 4071 104104655
3373 933 18227061
3373 1779 43588428
3373 2221 17422227
3373 2779 17422227
3373 3221 43588428
3373 4067 18227061
3376 1220 120673515
3376 3780 120673515
3377 886 116258050
3377 4114 116258050
3378 832 12537614
3378 1217 12919808
3378 3783 12919808
3378 4168 12537614
3380 811 35628054
3380 1231 17982375
3380 1780 330831208
3380 2235 132051398
3380 2249 148011577
3380 2424 84366003
3380 2443 39667390
3380 2557 39667390
3380 2576 84366003
3380 2751 148011577
3380 2765 132051398
3380 3220 330831208
3380 3769 17982375
3380 4189 35628054
3382 837 12648834
3382 4163 12648834
3386 905 17295840
3386 4095 17295840
3387 2210 61523281
3387 2220 82338752
3387 2780 82338752
3387 2790 61523281
3388 1790 251973667
3388 3210 251973667
3389 942 43770425
3389 2420 56504191
3389 2580 56504191
3389 4058 43770425
3390 1221 30138804
3390 2224 151269335
3390 2776 151269335
3390 3779 30138804
3391 846 40207317
3391 870 131389129
3391 2221 186924688
3391 2779 186924688
3391 4130 131389129
3391 4154 40207317
3393 814 15673028
3393 867 19025828
3393 4133 19025828
3393 4186 15673028
3394 823 26310788
3394 922 35461223
3394 4078 35461223
3394 4177 26310788
3395 875 31457276
3395 896 67134874
3395 1205 145832662
3395 2243 50946186
3395 2757 50946186
3395 3795 145832662
3395 4104 67134874
3395 4125 31457276
3396 1797 41002039
3396 2417 48049391
3396 2583 48049391
3396 3203 41002039
3397 2215 246460150
3397 2428 65230977
3397 2429 48834003
3397 2571 48834003
3397 2572 65230977
3397 2785 246460150
3398 2203 318487726
3398 2797 318487726
3399 889 17716457
3399 4111 17716457
3400 850 25509999
3400 864 10099857
3400 900 88165708
3400 1200 59173489
3400 2201 91936092
3400 2212 188737587
3400 2232 145846817
3400 2237 195088292
3400 2250 235486706
3400 2300 13006763
3400 2400 42446898
3400 2410 81506618
3400 2590 81506618
3400 2600 42446898
3400 2700 13006763
3400 2750 235486706
3400 2763 195088292
3400 2768 145846817
3400 2788 188737587
3400 2799 91936092
3400 3800 59173489
3400 4100 88165708
3400 4136 10099857
3400 4150 25509999
3402 2200 17315051
3402 2800 17315051
3405 1800 111681822
3405 3200 111681822
3406 914 92524551
3406 4086 92524551
3407 1197 88919987
3407 3803 88919987
3408 1804 163988945
3408 2195 150635376
3408 2805 150635376
3408 3196 163988945
3410 892 29842553
3410 1192 35427857
3410 2200 85053549
3410 2243 30010395
3410 2757 30010395
3410 2800 85053549
3410 3808 35427857
3410 4108 29842553
3411 964 12233273
3411 4036 12233273
3413 2191 11884444
3413 2809 11884444
3414 2193 130009992
3414 2807 130009992
3415 877 115761601
3415 1811 79335791
3415 3189 79335791
3415 4123 115761601
3416 1189 56344438
3416 3811 56344438
3417 1794 129495343
3417 3206 129495343
3419 949 37558240
3419 970 21496951
3419 1187 50076642
3419 3813 50076642
3419 4030 21496951
3419 4051 37558240
3420 2111 30791974
3420 2889 30791974
3421 2199 25818383
3421 2801 25818383
3422 880 65991322
3422 924 65060101
3422 2185 184776105
3422 2815 184776105
3422 4076 65060101
3422 4120 65991322
3426 1811 81724004
3426 2254 52411267
3426 2746 52411267
3426 3189 81724004
3427 910 53047248
3427 4090 53047248
3429 833 18438380
3429 891 41614765
3429 1816 157177179
3429 3184 157177179
3429 4109 41614765
3429 4167 18438380
3430 883 64153146
3430 1180 55528482
3430 3820 55528482
3430 4117 64153146
3431 906 27621171
3431 1188 38225565
3431 2180 125592505
3431 2820 125592505
3431 3812 38225565
3431 4094 27621171
3432 1823 79805952
3432 3177 79805952
3433 880 52451711
3433 4120 52451711
3435 915 90373946
3435 4085 90373946
3436 888 54595239
3436 4112 54595239
3437 851 67964985
3437 941 32982011
3437 2110 80980847
3437 2890 80980847
3437 4059 32982011
3437 4149 67964985
3438 858 27218754
3438 4142 27218754
3439 945 78310538
3439 2102 15780204
3439 2898 15780204
3439 4055 78310538
3440 893 21702204
3440 938 31732295
3440 4062 31732295
3440 4107 21702204
3441 1171 87342675
3441 1176 46443768
3441 3824 46443768
3441 3829 87342675
3443 824 75327799
3443 4176 75327799
3448 872 41221448
3448 4128 41221448
3449 2091 45025198
3449 2114 38545072
3449 2886 38545072
3449 2909 45025198
3450 850 25567631
3450 900 30000284
3450 910 14520376
3450 950 52683253
3450 2100 29943663
3450 2900 29943663
3450 4050 52683253
3450 4090 14520376
3450 4100 30000284
3450 4150 25567631
3451 1164 12768144
3451 1170 19666864
3451 3830 19666864
3451 3836 12768144
3452 915 57455634
3452 2109 65334109
3452 2891 65334109
3452 4085 57455634
3454 1837 325784819
3454 3163 325784819
3456 880 32419841
3456 891 39846355
3456 4109 39846355
3456 4120 32419841
3459 960 16571894
3459 4040 16571894
3460 895 43306331
3460 4105 43306331
3461 1158 78306494
3461 3842 78306494
3463 833 69363333
3463 4167 69363333
3465 2156 162588575
3465 2844 162588575
3466 893 45139452
3466 1155 10684271
3466 3845 10684271
3466 4107 45139452
3467 911 46181894
3467 4089 46181894
3469 950 16453595
3469 1846 416466138
3469 3154 416466138
3469 4050 16453595
3470 2107 90507411
3470 2893 90507411
3473 2096 45641967
3473 2904 45641967
3474 899 46472079
3474 4101 46472079
3476 911 58287768
3476 4089 58287768
3477 909 17593103
3477 4091 17593103
3479 900 63516155
3479 4100 63516155
3480 1854 238992182
3480 2096 35056784
3480 2098 26041836
3480 2106 15302966
3480 2894 15302966
3480 2902 26041836
3480 2904 35056784
3480 3146 238992182
3481 918 61226018
3481 4082 61226018
3483 942 39143642
3483 2090 35566378
3483 2910 35566378
3483 4058 39143642
3484 863 75793915
3484 900 36277179
3484 4100 36277179
3484 4137 75793915
3485 2110 11955221
3485 2890 11955221
3488 872 27530172
3488 4128 27530172
3489 896 24410935
3489 4104 24410935
3496 862 29589778
3496 1863 174079702
3496 2090 12569969
3496 2910 12569969
3496 3137 174079702
3496 4138 29589778
3499 883 24700109
3499 4117 24700109
3500 850 11141287
3500 900 57923773
3500 913 32309631
3500 950 22960010
3500 2100 35893973
3500 2200 19692142
3500 2500 11401140
3500 2800 19692142
3500 2900 35893973
3500 4050 22960010
3500 4087 32309631
3500 4100 57923773
3500 4150 11141287
3501 1863 144646644
3501 3137 144646644
3502 934 95773208
3502 4066 95773208
3503 2092 13252460
3503 2908 13252460
3504 918 40222483
3504 4082 40222483
3505 922 33841445
3505 4078 33841445
3506 973 45825987
3506 4027 45825987
3508 944 19235125
3508 4056 19235125
3509 895 32295476
3509 2123 38958611
3509 2877 38958611
3509 4105 32295476
3510 1870 122122418
3510 3130 122122418
3513 911 43834124
3513 923 29538212
3513 2084 39083987
3513 2916 39083987
3513 4077 29538212
3513 4089 43834124
3516 990 42170868
3516 4010 42170868
3518 1875 157591729
3518 3125 157591729
3519 930 47127270
3519 950 45030253
3519 1860 314144050
3519 3140 314144050
3519 4050 45030253
3519 4070 47127270
3520 872 41901916
3520 882 59946979
3520 915 32079101
3520 4085 32079101
3520 4118 59946979
3520 4128 41901916
3521 863 36040582
3521 1870 115402662
3521 3130 115402662
3521 4137 36040582
3524 2090 14612386
3524 2910 14612386
3525 891 31100358
3525 4109 31100358
3526 1877 125197166
3526 3123 125197166
3528 1850 24104573
3528 3150 24104573
3530 966 34207462
3530 1882 134983582
3530 3118 134983582
3530 4034 34207462
3531 950 33215575
3531 4050 33215575
3533 912 65784047
3533 977 37254911
3533 987 13191794
3533 4013 13191794
3533 4023 37254911
3533 4088 65784047
3535 902 32295476
3535 4098 32295476
3536 918 61326117
3536 4082 61326117
3537 931 70511940
3537 2079 19399934
3537 2921 19399934
3537 4069 70511940
3538 1843 31029582
3538 3157 31029582
3539 1885 108241056
3539 3115 108241056
3543 1889 137051277
3543 3111 137051277
3545 945 112867839
3545 4055 112867839
3546 920 79638109
3546 971 18213917
3546 4029 18213917
3546 4080 79638109
3547 883 30285414
3547 4117 30285414
3548 960 35144750
3548 966 21485829
3548 4034 21485829
3548 4040 35144750
3549 950 16011746
3549 4050 16011746
3550 884 61661801
3550 897 22841711
3550 900 13714531
3550 950 42092003
3550 2100 23333105
3550 2900 23333105
3550 4050 42092003
3550 4100 13714531
3550 4103 22841711
3550 4116 61661801
3552 1893 113631218
3552 3107 113631218
3553 925 76406641
3553 931 21691082
3553 940 29970962
3553 4060 29970962
3553 4069 21691082
3553 4075 76406641
3556 953 78744299
3556 4047 78744299
3558 1895 53415287
3558 3105 53415287
3560 960 56405104
3560 980 55963254
3560 4020 55963254
3560 4040 56405104
3561 970 49214176
3561 4030 49214176
3565 1897 64068214
3565 3103 64068214
3569 957 53374843
3569 4043 53374843
3571 1903 146443365
3571 3097 146443365
3572 999 29100407
3572 4001 29100407
3573 964 90763219
3573 4036 90763219
3574 975 24608099
3574 1905 23808321
3574 3095 23808321
3574 4025 24608099
3580 967 64154157
3580 985 19985360
3580 4015 19985360
3580 4033 64154157
3581 1910 25477643
3581 3090 25477643
3585 2074 25007483
3585 2926 25007483
3589 927 13747898
3589 951 50415360
3589 1912 27287509
3589 3088 27287509
3589 4049 50415360
3589 4073 13747898
3590 979 29172195
3590 4021 29172195
3591 1810 39390349
3591 3190 39390349
3600 944 12912731
3600 964 41274025
3600 1800 141018825
3600 3200 141018825
3600 4036 41274025
3600 4056 12912731
3602 979 23089430
3602 4021 23089430
3607 967 20979269
3607 4033 20979269
3609 1804 73260104
3609 3196 73260104
3610 1810 29501813
3610 3190 29501813
3613 969 33921321
3613 4031 33921321
3623 967 19858973
3623 4033 19858973
3625 954 16591105
3625 1799 44571215
3625 3201 44571215
3625 4046 16591105
3627 1779 53771194
3627 3221 53771194
3630 986 26039814
3630 1779 19848862
3630 3221 19848862
3630 4014 26039814
3640 1775 13228193
3640 2041 56531491
3640 2959 56531491
3640 3225 13228193
3641 959 17623436
3641 4041 17623436
3645 970 20138036
3645 1766 17908565
3645 3234 17908565
3645 4030 20138036
3650 950 23219862
3650 4050 23219862
3654 962 42042459
3654 4038 42042459
3661 2040 62990384
3661 2960 62990384
3668 955 14163459
3668 1743 26156090
3668 2041 27813279
3668 2959 27813279
3668 3257 26156090
3668 4045 14163459
3675 1737 14807528
3675 3263 14807528
3687 1725 40060707
3687 3275 40060707
3696 2031 33390495
3696 2969 33390495
3698 1715 15249378
3698 3285 15249378
3701 1714 39751311
3701 3286 39751311
3705 1718 12717589
3705 3282 12717589
3713 1700 63481777
3713 3300 63481777
3715 1696 56187718
3715 3304 56187718
3722 1701 22273474
3722 3299 22273474
3723 1700 13022940
3723 3300 13022940
3729 1691 36505687
3729 3309 36505687
3732 1680 60383774
3732 3320 60383774
3735 1675 61576869
3735 3325 61576869
3746 1676 16856012
3746 3324 16856012
3752 1658 115646336
3752 3342 115646336
3760 1648 115079110
3760 3352 115079110
3769 1620 17982375
3769 3380 17982375
3770 1637 163419697
3770 3363 163419697
3779 1610 30138804
3779 3390 30138804
3780 1624 120673515
3780 3376 120673515
3783 1622 12919808
3783 3378 12919808
3795 1605 145832662
3795 3395 145832662
3800 1600 59173489
3800 3400 59173489
3803 1593 88919987
3803 3407 88919987
3808 1590 35427857
3808 3410 35427857
3811 1584 56344438
3811 3416 56344438
3812 1569 38225565
3812 3431 38225565
3813 1581 50076642
3813 3419 50076642
3816 1996 21797247
3816 3004 21797247
3820 1570 55528482
3820 3430 55528482
3824 1559 46443768
3824 3441 46443768
3829 1559 87342675
3829 3441 87342675
3830 1549 19666864
3830 3451 19666864
3836 1549 12768144
3836 3451 12768144
3842 1539 78306494
3842 3461 78306494
3845 1534 10684271
3845 3466 10684271
3849 2015 16427307
3849 2985 16427307
3855 1990 35946550
3855 3010 35946550
3871 2011 22662747
3871 2989 22662747
3887 1998 15952091
3887 3002 15952091
3892 2007 28487682
3892 2993 28487682
3897 1998 11746935
3897 3002 11746935
3905 2006 33832345
3905 2994 33832345
3910 1998 23111675
3910 3002 23111675
3914 2008 23623290
3914 2992 23623290
3918 2496 25840628
3918 2504 25840628
3920 1999 27995277
3920 2018 12603335
3920 2982 12603335
3920 3001 27995277
3921 2476 22452439
3921 2524 22452439
3925 2004 37098191
3925 2996 37098191
3933 2007 27497817
3933 2993 27497817
3935 2003 11198920
3935 2997 11198920
3936 2467 21165311
3936 2533 21165311
3943 2005 24123783
3943 2500 30256092
3943 2995 24123783
3946 2010 14036060
3946 2990 14036060
3949 2003 12068464
3949 2997 12068464
3959 1999 32139767
3959 3001 32139767
3960 2007 12376849
3960 2993 12376849
3964 2010 32752492
3964 2990 32752492
3970 1999 40657255
3970 3001 40657255
4001 1428 29100407
4001 1790 48589317
4001 1938 45357849
4001 1991 45832054
4001 3009 45832054
4001 3062 45357849
4001 3210 48589317
4001 3572 29100407
4002 1908 12665012
4002 2060 19897395
4002 2104 96457722
4002 2896 96457722
4002 2940 19897395
4002 3092 12665012
4004 1979 246492505
4004 3021 246492505
4005 1987 419113192
4005 3013 419113192
4006 2047 14994581
4006 2297 14371745
4006 2703 14371745
4006 2953 14994581
4007 2020 52951193
4007 2980 52951193
4008 1638 31275278
4008 2410 91705562
4008 2590 91705562
4008 3362 31275278
4009 2036 119706905
4009 2494 32957745
4009 2506 32957745
4009 2964 119706905
4010 1484 42170868
4010 1953 101057206
4010 1956 12149352
4010 1968 110450304
4010 2074 27927533
4010 2097 82325607
4010 2347 16645704
4010 2471 20228024
4010 2529 20228024
4010 2653 16645704
4010 2903 82325607
4010 2926 27927533
4010 3032 110450304
4010 3044 12149352
4010 3047 101057206
4010 3516 42170868
4011 1959 82228542
4011 2342 26890147
4011 2383 13851030
4011 2424 14473866
4011 2464 60285697
4011 2536 60285697
4011 2576 14473866
4011 2617 13851030
4011 2658 26890147
4011 3041 82228542
4012 2030 72458304
4012 2054 50642857
4012 2330 31923392
4012 2490 14349501
4012 2492 16281709
4012 2508 16281709
4012 2510 14349501
4012 2670 31923392
4012 2946 50642857
4012 2970 72458304
4013 1467 13191794
4013 1935 133863286
4013 1969 132281929
4013 2480 49391118
4013 2499 35290348
4013 2501 35290348
4013 2520 49391118
4013 3031 132281929
4013 3065 133863286
4013 3533 13191794
4014 1370 26039814
4014 2333 40117329
4014 2667 40117329
4014 3630 26039814
4015 1420 19985360
4015 1945 51468924
4015 3055 51468924
4015 3580 19985360
4016 2484 57689198
4016 2516 57689198
4017 2330 25086349
4017 2463 30227781
4017 2474 44570204
4017 2526 44570204
4017 2537 30227781
4017 2670 25086349
4018 2122 99421249
4018 2878 99421249
4019 2314 18207850
4019 2686 18207850
4020 1440 55963254
4020 2110 63783084
4020 2349 37539029
4020 2651 37539029
4020 2890 63783084
4020 3560 55963254
4021 1398 23089430
4021 1410 29172195
4021 3590 29172195
4021 3602 23089430
4022 1658 42881670
4022 2130 66237019
4022 2320 34511802
4022 2388 12519414
4022 2612 12519414
4022 2680 34511802
4022 2870 66237019
4022 3342 42881670
4023 1467 37254911
4023 2062 117851541
4023 2938 117851541
4023 3533 37254911
4024 2342 32388497
4024 2658 32388497
4025 1426 24608099
4025 2415 38233654
4025 2585 38233654
4025 3574 24608099
4026 2391 56511269
4026 2609 56511269
4027 1494 45825987
4027 1675 42341744
4027 1782 35522900
4027 2304 35840385
4027 2360 11278797
4027 2640 11278797
4027 2696 35840385
4027 3218 35522900
4027 3325 42341744
4027 3506 45825987
4028 1664 54075534
4028 2280 16829724
4028 2720 16829724
4028 3336 54075534
4029 1454 18213917
4029 1837 22664769
4029 2140 29290493
4029 2325 21533351
4029 2675 21533351
4029 2860 29290493
4029 3163 22664769
4029 3546 18213917
4030 1355 20138036
4030 1439 49214176
4030 1581 21496951
4030 1844 23019665
4030 2371 12242373
4030 2629 12242373
4030 3156 23019665
4030 3419 21496951
4030 3561 49214176
4030 3645 20138036
4031 1387 33921321
4031 1657 27170221
4031 2289 16212954
4031 2711 16212954
4031 3343 27170221
4031 3613 33921321
4032 1639 64832604
4032 2340 25724351
4032 2406 41232570
4032 2594 41232570
4032 2660 25724351
4032 3361 64832604
4033 1377 19858973
4033 1393 20979269
4033 1420 64154157
4033 2281 13211005
4033 2719 13211005
4033 3580 64154157
4033 3607 20979269
4033 3623 19858973
4034 1452 21485829
4034 1470 34207462
4034 1686 58584019
4034 3314 58584019
4034 3530 34207462
4034 3548 21485829
4035 2126 110318862
4035 2393 34988030
4035 2607 34988030
4035 2874 110318862
4036 1400 41274025
4036 1427 90763219
4036 1589 12233273
4036 2129 70584740
4036 2134 12267650
4036 2333 22444350
4036 2667 22444350
4036 2866 12267650
4036 2871 70584740
4036 3411 12233273
4036 3573 90763219
4036 3600 41274025
4037 1850 11043211
4037 2303 59593095
4037 2697 59593095
4037 3150 11043211
4038 1346 42042459
4038 2276 68502889
4038 2494 35783764
4038 2506 35783764
4038 2724 68502889
4038 3654 42042459
4039 2141 14886394
4039 2330 30138804
4039 2359 13086640
4039 2379 23950886
4039 2621 23950886
4039 2641 13086640
4039 2670 30138804
4039 2859 14886394
4040 1440 56405104
4040 1452 35144750
4040 1541 16571894
4040 2310 23056064
4040 2361 12340449
4040 2416 46324458
4040 2446 17320106
4040 2554 17320106
4040 2584 46324458
4040 2639 12340449
4040 2690 23056064
4040 3459 16571894
4040 3548 35144750
4040 3560 56405104
4041 1359 17623436
4041 2129 18119885
4041 2434 23210762
4041 2566 23210762
4041 2871 18119885
4041 3641 17623436
4042 1649 16604249
4042 3351 16604249
4043 1431 53374843
4043 2373 19751796
4043 2480 27070123
4043 2520 27070123
4043 2627 19751796
4043 3569 53374843
4045 1332 14163459
4045 1824 24371502
4045 2298 27363341
4045 2470 16932856
4045 2494 15638651
4045 2506 15638651
4045 2530 16932856
4045 2702 27363341
4045 3176 24371502
4045 3668 14163459
4046 1375 16591105
4046 1838 16014779
4046 3162 16014779
4046 3625 16591105
4047 1444 78744299
4047 2316 23914486
4047 2375 34598757
4047 2625 34598757
4047 2684 23914486
4047 3556 78744299
4048 2393 50241451
4048 2607 50241451
4049 1411 50415360
4049 2280 16001635
4049 2361 18624422
4049 2639 18624422
4049 2720 16001635
4049 3589 50415360
4050 1350 23219862
4050 1450 42092003
4050 1451 16011746
4050 1469 33215575
4050 1481 45030253
4050 1500 22960010
4050 1531 16453595
4050 1550 52683253
4050 1650 42612718
4050 1700 14219069
4050 1750 96794417
4050 1761 45865420
4050 2150 42059648
4050 2300 31709039
4050 2350 37226600
4050 2400 23051009
4050 2420 31927436
4050 2500 12699389
4050 2580 31927436
4050 2600 23051009
4050 2650 37226600
4050 2700 31709039
4050 2850 42059648
4050 3239 45865420
4050 3250 96794417
4050 3300 14219069
4050 3350 42612718
4050 3450 52683253
4050 3469 16453595
4050 3500 22960010
4050 3519 45030253
4050 3531 33215575
4050 3549 16011746
4050 3550 42092003
4050 3650 23219862
4051 1581 37558240
4051 2435 34446081
4051 2500 17140131
4051 2565 34446081
4051 3419 37558240
4053 2297 38021323
4053 2703 38021323
4054 1672 116794943
4054 3328 116794943
4055 1455 112867839
4055 1561 78310538
4055 3439 78310538
4055 3545 112867839
4056 1400 12912731
4056 1492 19235125
4056 3508 19235125
4056 3600 12912731
4057 2470 45219328
4057 2479 30966894
4057 2521 30966894
4057 2530 45219328
4058 1517 39143642
4058 1611 43770425
4058 1712 23221884
4058 2373 25373500
4058 2490 34583590
4058 2510 34583590
4058 2627 25373500
4058 3288 23221884
4058 3389 43770425
4058 3483 39143642
4059 1563 32982011
4059 2151 14840894
4059 2432 32695871
4059 2568 32695871
4059 2849 14840894
4059 3437 32982011
4060 1447 29970962
4060 1724 63077338
4060 2262 40574345
4060 2357 37851459
4060 2419 10173667
4060 2581 10173667
4060 2643 37851459
4060 2738 40574345
4060 3276 63077338
4060 3553 29970962
4061 1637 47320390
4061 1818 55582070
4061 2277 32779792
4061 2443 32283343
4061 2500 30654464
4061 2557 32283343
4061 2723 32779792
4061 3182 55582070
4061 3363 47320390
4062 1560 31732295
4062 2158 16700303
4062 2269 24845707
4062 2731 24845707
4062 2842 16700303
4062 3440 31732295
4065 1713 64893270
4065 3287 64893270
4066 1498 95773208
4066 2157 11968365
4066 2402 10520473
4066 2598 10520473
4066 2843 11968365
4066 3502 95773208
4067 1627 18227061
4067 1731 72220696
4067 2291 17669946
4067 2300 30205537
4067 2395 32475451
4067 2605 32475451
4067 2700 30205537
4067 2709 17669946
4067 3269 72220696
4067 3373 18227061
4068 2423 42949414
4068 2577 42949414
4069 1447 21691082
4069 1463 70511940
4069 3537 70511940
4069 3553 21691082
4070 1481 47127270
4070 2379 15376776
4070 2411 12059364
4070 2430 15224100
4070 2441 39303395
4070 2479 55831811
4070 2499 19374657
4070 2501 19374657
4070 2521 55831811
4070 2559 39303395
4070 2570 15224100
4070 2589 12059364
4070 2621 15376776
4070 3519 47127270
4071 1628 104104655
4071 2296 49172721
4071 2704 49172721
4071 3372 104104655
4073 1411 13747898
4073 2315 77809033
4073 2685 77809033
4073 3589 13747898
4075 1447 76406641
4075 3553 76406641
4076 1578 65060101
4076 2472 15086591
4076 2528 15086591
4076 3422 65060101
4077 1487 29538212
4077 3513 29538212
4078 1495 33841445
4078 1606 35461223
4078 3394 35461223
4078 3505 33841445
4080 1454 79638109
4080 2282 13634655
4080 2718 13634655
4080 3546 79638109
4081 1709 49472006
4081 3291 49472006
4082 1464 61326117
4082 1496 40222483
4082 1519 61226018
4082 3481 61226018
4082 3504 40222483
4082 3536 61326117
4084 2249 30392590
4084 2751 30392590
4085 1480 32079101
4085 1548 57455634
4085 1565 90373946
4085 2285 32589706
4085 2301 38617871
4085 2699 38617871
4085 2715 32589706
4085 3435 90373946
4085 3452 57455634
4085 3520 32079101
4086 1594 92524551
4086 3406 92524551
4087 1500 32309631
4087 2297 15748860
4087 2703 15748860
4087 3500 32309631
4088 1467 65784047
4088 2264 14960204
4088 2360 10777292
4088 2640 10777292
4088 2736 14960204
4088 3533 65784047
4089 1487 43834124
4089 1524 58287768
4089 1533 46181894
4089 3467 46181894
4089 3476 58287768
4089 3513 43834124
4090 1550 14520376
4090 1573 53047248
4090 3427 53047248
4090 3450 14520376
4091 1523 17593103
4091 3477 17593103
4092 2280 17110809
4092 2340 40003075
4092 2381 20518209
4092 2619 20518209
4092 2660 40003075
4092 2720 17110809
4093 1674 55938988
4093 2233 22356384
4093 2258 21325065
4093 2742 21325065
4093 2767 22356384
4093 3326 55938988
4094 1569 27621171
4094 2237 22063166
4094 2244 14634630
4094 2756 14634630
4094 2763 22063166
4094 3431 27621171
4095 1614 17295840
4095 3386 17295840
4096 1654 49679281
4096 2264 35268104
4096 2736 35268104
4096 3346 49679281
4097 1635 71369351
4097 2278 28938631
4097 2722 28938631
4097 3365 71369351
4098 1465 32295476
4098 3535 32295476
4099 2339 30682775
4099 2373 33790890
4099 2627 33790890
4099 2661 30682775
4100 1450 13714531
4100 1500 57923773
4100 1516 36277179
4100 1521 63516155
4100 1550 30000284
4100 1600 88165708
4100 1750 12952164
4100 2300 21777025
4100 2350 26379543
4100 2400 20031871
4100 2600 20031871
4100 2650 26379543
4100 2700 21777025
4100 3250 12952164
4100 3400 88165708
4100 3450 30000284
4100 3479 63516155
4100 3484 36277179
4100 3500 57923773
4100 3550 13714531
4101 1526 46472079
4101 1697 15796382
4101 2390 32642283
4101 2610 32642283
4101 3303 15796382
4101 3474 46472079
4103 1450 22841711
4103 2301 73848563
4103 2699 73848563
4103 3550 22841711
4104 1511 24410935
4104 1605 67134874
4104 3395 67134874
4104 3489 24410935
4105 1491 32295476
4105 1540 43306331
4105 2391 20161291
4105 2609 20161291
4105 3460 43306331
4105 3509 32295476
4107 1534 45139452
4107 1560 21702204
4107 2373 11604370
4107 2410 23489825
4107 2590 23489825
4107 2627 11604370
4107 3440 21702204
4107 3466 45139452
4108 1590 29842553
4108 3410 29842553
4109 1475 31100358
4109 1544 39846355
4109 1571 41614765
4109 3429 41614765
4109 3456 39846355
4109 3525 31100358
4110 2319 37776637
4110 2681 37776637
4111 1601 17716457
4111 2340 11445628
4111 2660 11445628
4111 3399 17716457
4112 1564 54595239
4112 2406 11350585
4112 2594 11350585
4112 3436 54595239
4114 1623 116258050
4114 2311 27271331
4114 2689 27271331
4114 3377 116258050
4116 1450 61661801
4116 3550 61661801
4117 1453 30285414
4117 1501 24700109
4117 1570 64153146
4117 1652 32868769
4117 3348 32868769
4117 3430 64153146
4117 3499 24700109
4117 3547 30285414
4118 1480 59946979
4118 1690 34532024
4118 3310 34532024
4118 3520 59946979
4120 1544 32419841
4120 1567 52451711
4120 1578 65991322
4120 3422 65991322
4120 3433 52451711
4120 3456 32419841
4121 2268 46970550
4121 2732 46970550
4122 1708 16365630
4122 3292 16365630
4123 1585 115761601
4123 3415 115761601
4125 1605 31457276
4125 3395 31457276
4126 1664 24225904
4126 3336 24225904
4128 1480 41901916
4128 1512 27530172
4128 1552 41221448
4128 2321 17664891
4128 2679 17664891
4128 3448 41221448
4128 3488 27530172
4128 3520 41901916
4130 1609 131389129
4130 2418 40056663
4130 2428 68026662
4130 2572 68026662
4130 2582 40056663
4130 3391 131389129
4133 1607 19025828
4133 3393 19025828
4135 2306 23693056
4135 2694 23693056
4136 1600 10099857
4136 2438 53790405
4136 2562 53790405
4136 3400 10099857
4137 1479 36040582
4137 1516 75793915
4137 3484 75793915
4137 3521 36040582
4138 1504 29589778
4138 3496 29589778
4141 1634 28394661
4141 3366 28394661
4142 1562 27218754
4142 2240 76146789
4142 2466 17522326
4142 2534 17522326
4142 2760 76146789
4142 3438 27218754
4143 2257 17956087
4143 2743 17956087
4145 2272 18872141
4145 2728 18872141
4147 2214 32467363
4147 2786 32467363
4148 2443 52136249
4148 2557 52136249
4149 1563 67964985
4149 3437 67964985
4150 1500 11141287
4150 1550 25567631
4150 1600 25509999
4150 1644 33087166
4150 2250 89113107
4150 2450 94073553
4150 2550 94073553
4150 2750 89113107
4150 3356 33087166
4150 3400 25509999
4150 3450 25567631
4150 3500 11141287
4152 2277 28849655
4152 2723 28849655
4154 1609 40207317
4154 3391 40207317
4157 2490 83639024
4157 2510 83639024
4158 2220 12500203
4158 2263 33007289
4158 2737 33007289
4158 2780 12500203
4159 2268 39225541
4159 2466 71842545
4159 2534 71842545
4159 2732 39225541
4160 2233 108739527
4160 2251 15496086
4160 2266 40157773
4160 2734 40157773
4160 2749 15496086
4160 2767 108739527
4162 2247 76189255
4162 2753 76189255
4163 1618 12648834
4163 2296 25396756
4163 2704 25396756
4163 3382 12648834
4165 1656 33307585
4165 3344 33307585
4166 2233 26688939
4166 2500 17761956
4166 2767 26688939
4167 1537 69363333
4167 1571 18438380
4167 2248 41076861
4167 2490 88969531
4167 2499 45915975
4167 2501 45915975
4167 2510 88969531
4167 2752 41076861
4167 3429 18438380
4167 3463 69363333
4168 1622 12537614
4168 3378 12537614
4169 1639 55901577
4169 2341 15652806
4169 2659 15652806
4169 3361 55901577
4170 1630 28427016
4170 2310 23478703
4170 2470 16372708
4170 2530 16372708
4170 2690 23478703
4170 3370 28427016
4172 2329 36678585
4172 2671 36678585
4173 2350 52586187
4173 2650 52586187
4176 1557 75327799
4176 2305 25229924
4176 2695 25229924
4176 3443 75327799
4177 1606 26310788
4177 1646 28410838
4177 2270 11549771
4177 2730 11549771
4177 3354 28410838
4177 3394 26310788
4180 2250 64702172
4180 2336 18404003
4180 2664 18404003
4180 2750 64702172
4181 2292 105212818
4181 2337 42077847
4181 2663 42077847
4181 2708 105212818
4186 1607 15673028
4186 2315 23903364
4186 2685 23903364
4186 3393 15673028
4189 1620 35628054
4189 3380 35628054
4190 2309 78396481
4190 2335 27505906
4190 2665 27505906
4190 2691 78396481
4191 2322 23727433
4191 2678 23727433
4192 2358 46309292
4192 2642 46309292
4200 1650 18089552
4200 2300 18012708
4200 2350 40437847
4200 2650 40437847
4200 2700 18012708
4200 3350 18089552
4203 2369 42659229
4203 2631 42659229
4204 2249 81039491
4204 2751 81039491
4205 2339 36519843
4205 2661 36519843
4207 2362 24431157
4207 2638 24431157
4212 2380 23608124
4212 2620 23608124
1872
20 1000 40 1000 296252
20 4000 40 4000 296252
40 1000 60 1000 499483
40 4000 60 4000 499483
60 1000 80 1000 4317388
60 4000 80 4000 4317388
80 1000 100 1000 459039
80 4000 100 4000 459039
100 1000 120 1000 398373
100 4000 120 4000 398373
120 1000 140 1000 510605
120 4000 140 4000 510605
140 1000 160 1000 705747
140 4000 160 4000 705747
160 1000 180 1000 194131
160 4000 180 4000 194131
180 1000 200 1000 1264884
180 4000 200 4000 1264884
200 1000 220 1000 1320494
200 4000 220 4000 1320494
220 1000 240 1000 1382171
220 4000 240 4000 1382171
240 1000 260 1000 2841185
240 4000 260 4000 2841185
260 1000 280 1000 98534517
260 4000 280 4000 98534517
280 1000 300 1000 192067132
280 4000 300 4000 192067132
300 1000 320 1000 74752485
300 2000 320 2000 52094794
300 3000 320 3000 52094794
300 4000 320 4000 74752485
320 1000 340 1000 149473625
320 2000 340 2000 133980573
320 3000 340 3000 133980573
320 4000 340 4000 149473625
340 1000 360 1000 94871309
340 2000 360 2000 179220123
340 3000 360 3000 179220123
340 4000 360 4000 94871309
360 1000 380 1000 75111424
360 2000 380 2000 82658259
360 3000 380 3000 82658259
360 4000 380 4000 75111424
380 1000 400 1000 82706791
380 2000 400 2000 157275256
380 3000 400 3000 157275256
380 4000 400 4000 82706791
400 1000 420 1000 30664575
400 2000 420 2000 94232295
400 3000 420 3000 94232295
400 4000 420 4000 30664575
420 1000 440 1000 14325234
420 2000 440 2000 128743086
420 3000 440 3000 128743086
420 4000 440 4000 14325234
440 1000 460 1000 164745246
440 2000 460 2000 163870647
440 3000 460 3000 163870647
440 4000 460 4000 164745246
460 1000 480 1000 378236530
460 2000 480 2000 379052485
460 3000 480 3000 379052485
460 4000 480 4000 378236530
480 1000 500 1000 708880684
480 2000 500 2000 710115235
480 3000 500 3000 710115235
480 4000 500 4000 708880684
500 1000 520 1000 1083841256
500 2000 520 2000 1084939308
500 3000 520 3000 1084939308
500 4000 520 4000 1083841256
520 1000 540 1000 1042598576
520 2000 540 2000 1042319513
520 3000 540 3000 1042319513
520 4000 540 4000 1042598576
540 1000 560 1000 1063041963
540 2000 560 2000 1061535427
540 3000 560 3000 1061535427
540 4000 560 4000 1063041963
560 1000 580 1000 1000968645
560 2000 580 2000 1003800730
560 3000 580 3000 1003800730
560 4000 580 4000 1000968645
580 1000 600 1000 1031259114
580 2000 600 2000 1029777856
580 3000 600 3000 1029777856
580 4000 600 4000 1031259114
600 1000 620 1000 1059702307
600 2000 620 2000 1059734662
600 3000 620 3000 1059734662
600 4000 620 4000 1059702307
620 1000 640 1000 1114062970
620 2000 640 2000 1113011428
620 3000 640 3000 1113011428
620 4000 640 4000 1114062970
640 1000 660 1000 1176936066
640 2000 660 2000 1178072540
640 3000 660 3000 1178072540
640 4000 660 4000 1176936066
660 1000 680 1000 1144140097
660 2000 680 2000 1150862886
660 3000 680 3000 1150862886
660 4000 680 4000 1144140097
680 1000 700 1000 1267285745
680 2000 700 2000 1265090652
680 3000 700 3000 1265090652
680 4000 700 4000 1267285745
700 1000 720 1000 1679696370
700 2000 720 2000 1416212366
700 3000 720 3000 1416212366
700 4000 720 4000 1679696370
720 1000 740 1000 1500264928
720 2000 740 2000 1582000054
720 3000 740 3000 1582000054
720 4000 740 4000 1500264928
740 1000 760 1000 1602803391
740 2000 760 2000 1664769532
740 3000 760 3000 1664769532
740 4000 760 4000 1602803391
760 1000 780 1000 2047006976
760 2000 780 2000 1991809123
760 3000 780 3000 1991809123
760 4000 780 4000 2047006976
780 1000 800 1000 1551589264
780 2000 800 2000 1699326834
780 3000 800 3000 1699326834
780 4000 800 4000 1551589264
800 1000 820 1000 2935077449
800 2000 820 2000 2607201680
800 3000 820 3000 2607201680
800 4000 820 4000 2935077449
820 1000 840 1000 723260517
820 2000 840 2000 753244623
820 3000 840 3000 753244623
820 4000 840 4000 723260517
840 1000 860 1000 2002470139
840 2000 860 2000 1979165345
840 3000 860 3000 1979165345
840 4000 860 4000 2002470139
860 1000 880 1000 2291679504
860 2000 880 2000 2293358938
860 3000 880 3000 2293358938
860 4000 880 4000 2291679504
880 1000 900 1000 4218692423
880 2000 900 2000 4224489047
880 3000 900 3000 4224489047
880 4000 900 4000 4218692423
900 1000 920 1000 701401593
900 2000 920 2000 789163873
900 3000 920 3000 789163873
900 4000 920 4000 701401593
920 1000 940 1000 4406133782
920 2000 940 2000 4315603116
920 3000 940 3000 4315603116
920 4000 940 4000 4406133782
940 1000 960 1000 2013753990
940 2000 960 2000 2014194829
940 3000 960 3000 2014194829
940 4000 960 4000 2013753990
960 1000 980 1000 654116593
960 2000 980 2000 998716930
960 3000 980 3000 998716930
960 4000 980 4000 654116593
980 1000 1000 1000 9367662586
980 2000 1000 2000 9029572708
980 3000 1000 3000 9029572708
980 4000 1000 4000 9367662586
1000 20 1000 40 296252
1000 40 1000 60 499483
1000 60 1000 80 4317388
1000 80 1000 100 459039
1000 100 1000 120 398373
1000 120 1000 140 510605
1000 140 1000 160 705747
1000 160 1000 180 194131
1000 180 1000 200 1264884
1000 200 1000 220 1320494
1000 220 1000 240 1382171
1000 240 1000 260 2841185
1000 260 1000 280 98534517
1000 280 1000 300 192067132
1000 300 1000 320 74752485
1000 320 1000 340 149473625
1000 340 1000 360 94871309
1000 360 1000 380 75111424
1000 380 1000 400 82706791
1000 400 1000 420 30664575
1000 420 1000 440 14325234
1000 440 1000 460 164745246
1000 460 1000 480 378236530
1000 480 1000 500 708880684
1000 500 1000 520 1083841256
1000 520 1000 540 1042598576
1000 540 1000 560 1063041963
1000 560 1000 580 1000968645
1000 580 1000 600 1031259114
1000 600 1000 620 1059702307
1000 620 1000 640 1114062970
1000 640 1000 660 1176936066
1000 660 1000 680 1144140097
1000 680 1000 700 1267285745
1000 700 1000 720 1679696370
1000 720 1000 740 1500264928
1000 740 1000 760 1602803391
1000 760 1000 780 2047006976
1000 780 1000 800 1551589264
1000 800 1000 820 2935077449
1000 820 1000 840 723260517
1000 840 1000 860 2002470139
1000 860 1000 880 2291679504
1000 880 1000 900 4218692423
1000 900 1000 920 701401593
1000 920 1000 940 4406133782
1000 940 1000 960 2013753990
1000 960 1000 980 654116593
1000 980 1000 1000 9367662586
1000 1000 1000 1020 32234810
1000 1000 1020 1000 32234810
1000 1020 1000 1040 140063338
1000 1040 1000 1060 202260009
1000 1060 1000 1080 154842554
1000 1080 1000 1100 212161690
1000 1100 1000 1120 370305478
1000 1120 1000 1140 414056692
1000 1140 1000 1160 384842032
1000 1160 1000 1180 560082473
1000 1180 1000 1200 588872472
1000 1200 1000 1220 657837433
1000 1220 1000 1240 617240844
1000 1240 1000 1260 1630161676
1000 1260 1000 1280 1461705701
1000 1280 1000 1300 1115877891
1000 1300 1000 1320 1145832675
1000 1320 1000 1340 1185551631
1000 1340 1000 1360 1147435265
1000 1360 1000 1380 1103738650
1000 1380 1000 1400 1100580992
1000 1400 1000 1420 1085608655
1000 1420 1000 1440 1035405626
1000 1440 1000 1460 1124427734
1000 1460 1000 1480 1024013587
1000 1480 1000 1500 968275808
1000 1500 1000 1520 1048207136
1000 1520 1000 1540 1022457507
1000 1540 1000 1560 1037578475
1000 1560 1000 1580 1098349499
1000 1580 1000 1600 1075692819
1000 1600 1000 1620 1061635526
1000 1620 1000 1640 1008218217
1000 1640 1000 1660 867873795
1000 1660 1000 1680 814903391
1000 1680 1000 1700 764126058
1000 1700 1000 1720 646043988
1000 1720 1000 1740 729316993
1000 1740 1000 1760 695050888
1000 1760 1000 1780 681459711
1000 1780 1000 1800 769095604
1000 1800 1000 1820 1147532330
1000 1820 1000 1840 1008234394
1000 1840 1000 1860 600109814
1000 1860 1000 1880 734583802
1000 1880 1000 1900 943071162
1000 1900 1000 1920 1066687982
1000 1920 1000 1940 1092952259
1000 1940 1000 1960 989461341
1000 1960 1000 1980 857609129
1000 1980 1000 2000 715480120
1000 2000 1000 2020 64805304
1000 2000 1020 2000 37564307
1000 2020 1000 2040 357904363
1000 2040 1000 2060 468237380
1000 2060 1000 2080 383036211
1000 2080 1000 2100 574335919
1000 2100 1000 2120 623035446
1000 2120 1000 2140 517433356
1000 2140 1000 2160 626386224
1000 2160 1000 2180 617179167
1000 2180 1000 2200 605203724
1000 2200 1000 2220 616758550
1000 2220 1000 2240 660063870
1000 2240 1000 2260 651339107
1000 2260 1000 2280 632677274
1000 2280 1000 2300 569432095
1000 2300 1000 2320 820577672
1000 2320 1000 2340 932045140
1000 2340 1000 2360 1082069813
1000 2360 1000 2380 1060727560
1000 2380 1000 2400 1011306109
1000 2400 1000 2420 972157413
1000 2420 1000 2440 1164158823
1000 2440 1000 2460 1111109553
1000 2460 1000 2480 1064470644
1000 2480 1000 2500 1072144877
1000 2500 1000 2520 1072144877
1000 2520 1000 2540 1064470644
1000 2540 1000 2560 1111109553
1000 2560 1000 2580 1164158823
1000 2580 1000 2600 972157413
1000 2600 1000 2620 1011306109
1000 2620 1000 2640 1060727560
1000 2640 1000 2660 1082069813
1000 2660 1000 2680 932045140
1000 2680 1000 2700 820577672
1000 2700 1000 2720 569432095
1000 2720 1000 2740 632677274
1000 2740 1000 2760 651339107
1000 2760 1000 2780 660063870
1000 2780 1000 2800 616758550
1000 2800 1000 2820 605203724
1000 2820 1000 2840 617179167
1000 2840 1000 2860 626386224
1000 2860 1000 2880 517433356
1000 2880 1000 2900 623035446
1000 2900 1000 2920 574335919
1000 2920 1000 2940 383036211
1000 2940 1000 2960 468237380
1000 2960 1000 2980 357904363
1000 2980 1000 3000 64805304
1000 3000 1000 3020 715480120
1000 3000 1020 3000 37564307
1000 3020 1000 3040 857609129
1000 3040 1000 3060 989461341
1000 3060 1000 3080 1092952259
1000 3080 1000 3100 1066687982
1000 3100 1000 3120 943071162
1000 3120 1000 3140 734583802
1000 3140 1000 3160 600109814
1000 3160 1000 3180 1008234394
1000 3180 1000 3200 1147532330
1000 3200 1000 3220 769095604
1000 3220 1000 3240 681459711
1000 3240 1000 3260 695050888
1000 3260 1000 3280 729316993
1000 3280 1000 3300 646043988
1000 3300 1000 3320 764126058
1000 3320 1000 3340 814903391
1000 3340 1000 3360 867873795
1000 3360 1000 3380 1008218217
1000 3380 1000 3400 1061635526
1000 3400 1000 3420 1075692819
1000 3420 1000 3440 1098349499
1000 3440 1000 3460 1037578475
1000 3460 1000 3480 1022457507
1000 3480 1000 3500 1048207136
1000 3500 1000 3520 968275808
1000 3520 1000 3540 1024013587
1000 3540 1000 3560 1124427734
1000 3560 1000 3580 1035405626
1000 3580 1000 3600 1085608655
1000 3600 1000 3620 1100580992
1000 3620 1000 3640 1103738650
1000 3640 1000 3660 1147435265
1000 3660 1000 3680 1185551631
1000 3680 1000 3700 1145832675
1000 3700 1000 3720 1115877891
1000 3720 1000 3740 1461705701
1000 3740 1000 3760 1630161676
1000 3760 1000 3780 617240844
1000 3780 1000 3800 657837433
1000 3800 1000 3820 588872472
1000 3820 1000 3840 560082473
1000 3840 1000 3860 384842032
1000 3860 1000 3880 414056692
1000 3880 1000 3900 370305478
1000 3900 1000 3920 212161690
1000 3920 1000 3940 154842554
1000 3940 1000 3960 202260009
1000 3960 1000 3980 140063338
1000 3980 1000 4000 32234810
1000 4000 1000 4020 9367662586
1000 4000 1020 4000 32234810
1000 4020 1000 4040 654116593
1000 4040 1000 4060 2013753990
1000 4060 1000 4080 4406133782
1000 4080 1000 4100 701401593
1000 4100 1000 4120 4218692423
1000 4120 1000 4140 2291679504
1000 4140 1000 4160 2002470139
1000 4160 1000 4180 723260517
1000 4180 1000 4200 2935077449
1000 4200 1000 4220 1551589264
1000 4220 1000 4240 2047006976
1000 4240 1000 4260 1602803391
1000 4260 1000 4280 1500264928
1000 4280 1000 4300 1679696370
1000 4300 1000 4320 1267285745
1000 4320 1000 4340 1144140097
1000 4340 1000 4360 1176936066
1000 4360 1000 4380 1114062970
1000 4380 1000 4400 1059702307
1000 4400 1000 4420 1031259114
1000 4420 1000 4440 1000968645
1000 4440 1000 4460 1063041963
1000 4460 1000 4480 1042598576
1000 4480 1000 4500 1083841256
1000 4500 1000 4520 708880684
1000 4520 1000 4540 378236530
1000 4540 1000 4560 164745246
1000 4560 1000 4580 14325234
1000 4580 1000 4600 30664575
1000 4600 1000 4620 82706791
1000 4620 1000 4640 75111424
1000 4640 1000 4660 94871309
1000 4660 1000 4680 149473625
1000 4680 1000 4700 74752485
1000 4700 1000 4720 192067132
1000 4720 1000 4740 98534517
1000 4740 1000 4760 2841185
1000 4760 1000 4780 1382171
1000 4780 1000 4800 1320494
1000 4800 1000 4820 1264884
1000 4820 1000 4840 194131
1000 4840 1000 4860 705747
1000 4860 1000 4880 510605
1000 4880 1000 4900 398373
1000 4900 1000 4920 459039
1000 4920 1000 4940 4317388
1000 4940 1000 4960 499483
1000 4960 1000 4980 296252
1020 1000 1040 1000 140063338
1020 2000 1040 2000 140899515
1020 3000 1040 3000 140899515
1020 4000 1040 4000 140063338
1040 1000 1060 1000 202260009
1040 2000 1060 2000 202302475
1040 3000 1060 3000 202302475
1040 4000 1060 4000 202260009
1060 1000 1080 1000 154842554
1060 2000 1080 2000 154355205
1060 3000 1080 3000 154355205
1060 4000 1080 4000 154842554
1080 1000 1100 1000 212161690
1080 2000 1100 2000 213860334
1080 3000 1100 3000 213860334
1080 4000 1100 4000 212161690
1100 1000 1120 1000 370305478
1100 2000 1120 2000 371306465
1100 3000 1120 3000 371306465
1100 4000 1120 4000 370305478
1120 1000 1140 1000 414056692
1120 2000 1140 2000 414103203
1120 3000 1140 3000 414103203
1120 4000 1140 4000 414056692
1140 1000 1160 1000 384842032
1140 2000 1160 2000 384548813
1140 3000 1160 3000 384548813
1140 4000 1160 4000 384842032
1160 1000 1180 1000 560082473
1160 2000 1180 2000 561947948
1160 3000 1180 3000 561947948
1160 4000 1180 4000 560082473
1180 1000 1200 1000 588872472
1180 2000 1200 2000 589607540
1180 3000 1200 3000 589607540
1180 4000 1200 4000 588872472
1200 1000 1220 1000 657837433
1200 2000 1220 2000 657948653
1200 3000 1220 3000 657948653
1200 4000 1220 4000 657837433
1220 1000 1240 1000 617240844
1220 2000 1240 2000 571312736
1220 3000 1240 3000 571312736
1220 4000 1240 4000 617240844
1240 1000 1260 1000 1630161676
1240 2000 1260 2000 1080217482
1240 3000 1260 3000 1080217482
1240 4000 1260 4000 1630161676
1260 1000 1280 1000 1461705701
1260 2000 1280 2000 1551329412
1260 3000 1280 3000 1551329412
1260 4000 1280 4000 1461705701
1280 1000 1300 1000 1115877891
1280 2000 1300 2000 1191113680
1280 3000 1300 3000 1191113680
1280 4000 1300 4000 1115877891
1300 1000 1320 1000 1145832675
1300 2000 1320 2000 1288736186
1300 3000 1320 3000 1288736186
1300 4000 1320 4000 1145832675
1320 1000 1340 1000 1185551631
1320 2000 1340 2000 1160404617
1320 3000 1340 3000 1160404617
1320 4000 1340 4000 1185551631
1340 1000 1360 1000 1147435265
1340 2000 1360 2000 1116573526
1340 3000 1360 3000 1116573526
1340 4000 1360 4000 1147435265
1360 1000 1380 1000 1103738650
1360 2000 1380 2000 1175388075
1360 3000 1380 3000 1175388075
1360 4000 1380 4000 1103738650
1380 1000 1400 1000 1100580992
1380 2000 1400 2000 1126541939
1380 3000 1400 3000 1126541939
1380 4000 1400 4000 1100580992
1400 1000 1420 1000 1085608655
1400 2000 1420 2000 909877831
1400 3000 1420 3000 909877831
1400 4000 1420 4000 1085608655
1420 1000 1440 1000 1035405626
1420 2000 1440 2000 907283354
1420 3000 1440 3000 907283354
1420 4000 1440 4000 1035405626
1440 1000 1460 1000 1124427734
1440 2000 1460 2000 929119023
1440 3000 1460 3000 929119023
1440 4000 1460 4000 1124427734
1460 1000 1480 1000 1024013587
1460 2000 1480 2000 861322892
1460 3000 1480 3000 861322892
1460 4000 1480 4000 1024013587
1480 1000 1500 1000 968275808
1480 2000 1500 2000 865800033
1480 3000 1500 3000 865800033
1480 4000 1500 4000 968275808
1500 1000 1520 1000 1048207136
1500 2000 1520 2000 863716160
1500 3000 1520 3000 863716160
1500 4000 1520 4000 1048207136
1520 1000 1540 1000 1022457507
1520 2000 1540 2000 841348654
1520 3000 1540 3000 841348654
1520 4000 1540 4000 1022457507
1540 1000 1560 1000 1037578475
1540 2000 1560 2000 880361864
1540 3000 1560 3000 880361864
1540 4000 1560 4000 1037578475
1560 1000 1580 1000 1098349499
1560 2000 1580 2000 945498808
1560 3000 1580 3000 945498808
1560 4000 1580 4000 1098349499
1580 1000 1600 1000 1075692819
1580 2000 1600 2000 1093536673
1580 3000 1600 3000 1093536673
1580 4000 1600 4000 1075692819
1600 1000 1620 1000 1061635526
1600 2000 1620 2000 967718693
1600 3000 1620 3000 967718693
1600 4000 1620 4000 1061635526
1620 1000 1640 1000 1008218217
1620 2000 1640 2000 1008311238
1620 3000 1640 3000 1008311238
1620 4000 1640 4000 1008218217
1640 1000 1660 1000 867873795
1640 2000 1660 2000 992727187
1640 3000 1660 3000 992727187
1640 4000 1660 4000 867873795
1660 1000 1680 1000 814903391
1660 2000 1680 2000 949215603
1660 3000 1680 3000 949215603
1660 4000 1680 4000 814903391
1680 1000 1700 1000 764126058
1680 2000 1700 2000 789434848
1680 3000 1700 3000 789434848
1680 4000 1700 4000 764126058
1700 1000 1720 1000 646043988
1700 2000 1720 2000 945484652
1700 3000 1720 3000 945484652
1700 4000 1720 4000 646043988
1720 1000 1740 1000 729316993
1720 2000 1740 2000 985195519
1720 3000 1740 3000 985195519
1720 4000 1740 4000 729316993
1740 1000 1760 1000 695050888
1740 2000 1760 2000 1004176859
1740 3000 1760 3000 1004176859
1740 4000 1760 4000 695050888
1760 1000 1780 1000 681459711
1760 2000 1780 2000 1218322322
1760 3000 1780 3000 1218322322
1760 4000 1780 4000 681459711
1780 1000 1800 1000 769095604
1780 2000 1800 2000 843142342
1780 3000 1800 3000 843142342
1780 4000 1800 4000 769095604
1800 1000 1820 1000 1147532330
1800 2000 1820 2000 783065942
1800 3000 1820 3000 783065942
1800 4000 1820 4000 1147532330
1820 1000 1840 1000 1008234394
1820 2000 1840 2000 587358859
1820 3000 1840 3000 587358859
1820 4000 1840 4000 1008234394
1840 1000 1860 1000 600109814
1840 2000 1860 2000 710413508
1840 3000 1860 3000 710413508
1840 4000 1860 4000 600109814
1860 1000 1880 1000 734583802
1860 2000 1880 2000 718137285
1860 3000 1880 3000 718137285
1860 4000 1880 4000 734583802
1880 1000 1900 1000 943071162
1880 2000 1900 2000 670634898
1880 3000 1900 3000 670634898
1880 4000 1900 4000 943071162
1900 1000 1920 1000 1066687982
1900 2000 1920 2000 703562310
1900 3000 1920 3000 703562310
1900 4000 1920 4000 1066687982
1920 1000 1940 1000 1092952259
1920 2000 1940 2000 722196842
1920 3000 1940 3000 722196842
1920 4000 1940 4000 1092952259
1940 1000 1960 1000 989461341
1940 2000 1960 2000 651633336
1940 3000 1960 3000 651633336
1940 4000 1960 4000 989461341
1960 1000 1980 1000 857609129
1960 2000 1980 2000 858990289
1960 3000 1980 3000 858990289
1960 4000 1980 4000 857609129
1980 1000 2000 1000 715480120
1980 2000 2000 2000 719897606
1980 3000 2000 3000 719897606
1980 4000 2000 4000 715480120
2000 300 2000 320 52094794
2000 320 2000 340 133980573
2000 340 2000 360 179220123
2000 360 2000 380 82658259
2000 380 2000 400 157275256
2000 400 2000 420 94232295
2000 420 2000 440 128743086
2000 440 2000 460 163870647
2000 460 2000 480 379052485
2000 480 2000 500 710115235
2000 500 2000 520 1084939308
2000 520 2000 540 1042319513
2000 540 2000 560 1061535427
2000 560 2000 580 1003800730
2000 580 2000 600 1029777856
2000 600 2000 620 1059734662
2000 620 2000 640 1113011428
2000 640 2000 660 1178072540
2000 660 2000 680 1150862886
2000 680 2000 700 1265090652
2000 700 2000 720 1416212366
2000 720 2000 740 1582000054
2000 740 2000 760 1664769532
2000 760 2000 780 1991809123
2000 780 2000 800 1699326834
2000 800 2000 820 2607201680
2000 820 2000 840 753244623
2000 840 2000 860 1979165345
2000 860 2000 880 2293358938
2000 880 2000 900 4224489047
2000 900 2000 920 789163873
2000 920 2000 940 4315603116
2000 940 2000 960 2014194829
2000 960 2000 980 998716930
2000 980 2000 1000 9029572708
2000 1000 2000 1020 37564307
2000 1000 2020 1000 64805304
2000 1020 2000 1040 140899515
2000 1040 2000 1060 202302475
2000 1060 2000 1080 154355205
2000 1080 2000 1100 213860334
2000 1100 2000 1120 371306465
2000 1120 2000 1140 414103203
2000 1140 2000 1160 384548813
2000 1160 2000 1180 561947948
2000 1180 2000 1200 589607540
2000 1200 2000 1220 657948653
2000 1220 2000 1240 571312736
2000 1240 2000 1260 1080217482
2000 1260 2000 1280 1551329412
2000 1280 2000 1300 1191113680
2000 1300 2000 1320 1288736186
2000 1320 2000 1340 1160404617
2000 1340 2000 1360 1116573526
2000 1360 2000 1380 1175388075
2000 1380 2000 1400 1126541939
2000 1400 2000 1420 909877831
2000 1420 2000 1440 907283354
2000 1440 2000 1460 929119023
2000 1460 2000 1480 861322892
2000 1480 2000 1500 865800033
2000 1500 2000 1520 863716160
2000 1520 2000 1540 841348654
2000 1540 2000 1560 880361864
2000 1560 2000 1580 945498808
2000 1580 2000 1600 1093536673
2000 1600 2000 1620 967718693
2000 1620 2000 1640 1008311238
2000 1640 2000 1660 992727187
2000 1660 2000 1680 949215603
2000 1680 2000 1700 789434848
2000 1700 2000 1720 945484652
2000 1720 2000 1740 985195519
2000 1740 2000 1760 1004176859
2000 1760 2000 1780 1218322322
2000 1780 2000 1800 843142342
2000 1800 2000 1820 783065942
2000 1820 2000 1840 587358859
2000 1840 2000 1860 710413508
2000 1860 2000 1880 718137285
2000 1880 2000 1900 670634898
2000 1900 2000 1920 703562310
2000 1920 2000 1940 722196842
2000 1940 2000 1960 651633336
2000 1960 2000 1980 858990289
2000 1980 2000 2000 719897606
2000 2000 2000 2020 234218789
2000 2000 2020 2000 234218789
2000 2020 2000 2040 440432190
2000 2040 2000 2060 467186849
2000 2060 2000 2080 329625980
2000 2080 2000 2100 318272362
2000 2100 2000 2120 428587179
2000 2120 2000 2140 361356251
2000 2140 2000 2160 382733893
2000 2160 2000 2180 457770495
2000 2180 2000 2200 553426416
2000 2200 2000 2220 617057835
2000 2220 2000 2240 813496954
2000 2240 2000 2260 779994227
2000 2260 2000 2280 1195740463
2000 2280 2000 2300 845320246
2000 2300 2000 2320 815839667
2000 2320 2000 2340 834077850
2000 2340 2000 2360 1189113728
2000 2360 2000 2380 989230811
2000 2380 2000 2400 1077979922
2000 2400 2000 2420 912545107
2000 2420 2000 2440 1164002103
2000 2440 2000 2460 940717326
2000 2460 2000 2480 770330154
2000 2480 2000 2500 881893677
2000 2500 2000 2520 881893677
2000 2520 2000 2540 770330154
2000 2540 2000 2560 940717326
2000 2560 2000 2580 1164002103
2000 2580 2000 2600 912545107
2000 2600 2000 2620 1077979922
2000 2620 2000 2640 989230811
2000 2640 2000 2660 1189113728
2000 2660 2000 2680 834077850
2000 2680 2000 2700 815839667
2000 2700 2000 2720 845320246
2000 2720 2000 2740 1195740463
2000 2740 2000 2760 779994227
2000 2760 2000 2780 813496954
2000 2780 2000 2800 617057835
2000 2800 2000 2820 553426416
2000 2820 2000 2840 457770495
2000 2840 2000 2860 382733893
2000 2860 2000 2880 361356251
2000 2880 2000 2900 428587179
2000 2900 2000 2920 318272362
2000 2920 2000 2940 329625980
2000 2940 2000 2960 467186849
2000 2960 2000 2980 440432190
2000 2980 2000 3000 234218789
2000 3000 2000 3020 719897606
2000 3000 2020 3000 234218789
2000 3020 2000 3040 858990289
2000 3040 2000 3060 651633336
2000 3060 2000 3080 722196842
2000 3080 2000 3100 703562310
2000 3100 2000 3120 670634898
2000 3120 2000 3140 718137285
2000 3140 2000 3160 710413508
2000 3160 2000 3180 587358859
2000 3180 2000 3200 783065942
2000 3200 2000 3220 843142342
2000 3220 2000 3240 1218322322
2000 3240 2000 3260 1004176859
2000 3260 2000 3280 985195519
2000 3280 2000 3300 945484652
2000 3300 2000 3320 789434848
2000 3320 2000 3340 949215603
2000 3340 2000 3360 992727187
2000 3360 2000 3380 1008311238
2000 3380 2000 3400 967718693
2000 3400 2000 3420 1093536673
2000 3420 2000 3440 945498808
2000 3440 2000 3460 880361864
2000 3460 2000 3480 841348654
2000 3480 2000 3500 863716160
2000 3500 2000 3520 865800033
2000 3520 2000 3540 861322892
2000 3540 2000 3560 929119023
2000 3560 2000 3580 907283354
2000 3580 2000 3600 909877831
2000 3600 2000 3620 1126541939
2000 3620 2000 3640 1175388075
2000 3640 2000 3660 1116573526
2000 3660 2000 3680 1160404617
2000 3680 2000 3700 1288736186
2000 3700 2000 3720 1191113680
2000 3720 2000 3740 1551329412
2000 3740 2000 3760 1080217482
2000 3760 2000 3780 571312736
2000 3780 2000 3800 657948653
2000 3800 2000 3820 589607540
2000 3820 2000 3840 561947948
2000 3840 2000 3860 384548813
2000 3860 2000 3880 414103203
2000 3880 2000 3900 371306465
2000 3900 2000 3920 213860334
2000 3920 2000 3940 154355205
2000 3940 2000 3960 202302475
2000 3960 2000 3980 140899515
2000 3980 2000 4000 37564307
2000 4000 2000 4020 9029572708
2000 4000 2020 4000 64805304
2000 4020 2000 4040 998716930
2000 4040 2000 4060 2014194829
2000 4060 2000 4080 4315603116
2000 4080 2000 4100 789163873
2000 4100 2000 4120 4224489047
2000 4120 2000 4140 2293358938
2000 4140 2000 4160 1979165345
2000 4160 2000 4180 753244623
2000 4180 2000 4200 2607201680
2000 4200 2000 4220 1699326834
2000 4220 2000 4240 1991809123
2000 4240 2000 4260 1664769532
2000 4260 2000 4280 1582000054
2000 4280 2000 4300 1416212366
2000 4300 2000 4320 1265090652
2000 4320 2000 4340 1150862886
2000 4340 2000 4360 1178072540
2000 4360 2000 4380 1113011428
2000 4380 2000 4400 1059734662
2000 4400 2000 4420 1029777856
2000 4420 2000 4440 1003800730
2000 4440 2000 4460 1061535427
2000 4460 2000 4480 1042319513
2000 4480 2000 4500 1084939308
2000 4500 2000 4520 710115235
2000 4520 2000 4540 379052485
2000 4540 2000 4560 163870647
2000 4560 2000 4580 128743086
2000 4580 2000 4600 94232295
2000 4600 2000 4620 157275256
2000 4620 2000 4640 82658259
2000 4640 2000 4660 179220123
2000 4660 2000 4680 133980573
2000 4680 2000 4700 52094794
2020 1000 2040 1000 357904363
2020 2000 2040 2000 440432190
2020 3000 2040 3000 440432190
2020 4000 2040 4000 357904363
2040 1000 2060 1000 468237380
2040 2000 2060 2000 467186849
2040 3000 2060 3000 467186849
2040 4000 2060 4000 468237380
2060 1000 2080 1000 383036211
2060 2000 2080 2000 329625980
2060 3000 2080 3000 329625980
2060 4000 2080 4000 383036211
2080 1000 2100 1000 574335919
2080 2000 2100 2000 318272362
2080 3000 2100 3000 318272362
2080 4000 2100 4000 574335919
2100 1000 2120 1000 623035446
2100 2000 2120 2000 428587179
2100 3000 2120 3000 428587179
2100 4000 2120 4000 623035446
2120 1000 2140 1000 517433356
2120 2000 2140 2000 361356251
2120 3000 2140 3000 361356251
2120 4000 2140 4000 517433356
2140 1000 2160 1000 626386224
2140 2000 2160 2000 382733893
2140 3000 2160 3000 382733893
2140 4000 2160 4000 626386224
2160 1000 2180 1000 617179167
2160 2000 2180 2000 457770495
2160 3000 2180 3000 457770495
2160 4000 2180 4000 617179167
2180 1000 2200 1000 605203724
2180 2000 2200 2000 553426416
2180 3000 2200 3000 553426416
2180 4000 2200 4000 605203724
2200 1000 2220 1000 616758550
2200 2000 2220 2000 617057835
2200 3000 2220 3000 617057835
2200 4000 2220 4000 616758550
2220 1000 2240 1000 660063870
2220 2000 2240 2000 813496954
2220 3000 2240 3000 813496954
2220 4000 2240 4000 660063870
2240 1000 2260 1000 651339107
2240 2000 2260 2000 779994227
2240 3000 2260 3000 779994227
2240 4000 2260 4000 651339107
2260 1000 2280 1000 632677274
2260 2000 2280 2000 1195740463
2260 3000 2280 3000 1195740463
2260 4000 2280 4000 632677274
2280 1000 2300 1000 569432095
2280 2000 2300 2000 845320246
2280 3000 2300 3000 845320246
2280 4000 2300 4000 569432095
2300 1000 2320 1000 820577672
2300 2000 2320 2000 815839667
2300 3000 2320 3000 815839667
2300 4000 2320 4000 820577672
2320 1000 2340 1000 932045140
2320 2000 2340 2000 834077850
2320 3000 2340 3000 834077850
2320 4000 2340 4000 932045140
2340 1000 2360 1000 1082069813
2340 2000 2360 2000 1189113728
2340 3000 2360 3000 1189113728
2340 4000 2360 4000 1082069813
2360 1000 2380 1000 1060727560
2360 2000 2380 2000 989230811
2360 3000 2380 3000 989230811
2360 4000 2380 4000 1060727560
2380 1000 2400 1000 1011306109
2380 2000 2400 2000 1077979922
2380 3000 2400 3000 1077979922
2380 4000 2400 4000 1011306109
2400 1000 2420 1000 972157413
2400 2000 2420 2000 912545107
2400 3000 2420 3000 912545107
2400 4000 2420 4000 972157413
2420 1000 2440 1000 1164158823
2420 2000 2440 2000 1164002103
2420 3000 2440 3000 1164002103
2420 4000 2440 4000 1164158823
2440 1000 2460 1000 1111109553
2440 2000 2460 2000 940717326
2440 3000 2460 3000 940717326
2440 4000 2460 4000 1111109553
2460 1000 2480 1000 1064470644
2460 2000 2480 2000 770330154
2460 3000 2480 3000 770330154
2460 4000 2480 4000 1064470644
2480 1000 2500 1000 1072144877
2480 2000 2500 2000 881893677
2480 3000 2500 3000 881893677
2480 4000 2500 4000 1072144877
2500 1000 2520 1000 1072144877
2500 2000 2520 2000 881893677
2500 3000 2520 3000 881893677
2500 4000 2520 4000 1072144877
2520 1000 2540 1000 1064470644
2520 2000 2540 2000 770330154
2520 3000 2540 3000 770330154
2520 4000 2540 4000 1064470644
2540 1000 2560 1000 1111109553
2540 2000 2560 2000 940717326
2540 3000 2560 3000 940717326
2540 4000 2560 4000 1111109553
2560 1000 2580 1000 1164158823
2560 2000 2580 2000 1164002103
2560 3000 2580 3000 1164002103
2560 4000 2580 4000 1164158823
2580 1000 2600 1000 972157413
2580 2000 2600 2000 912545107
2580 3000 2600 3000 912545107
2580 4000 2600 4000 972157413
2600 1000 2620 1000 1011306109
2600 2000 2620 2000 1077979922
2600 3000 2620 3000 1077979922
2600 4000 2620 4000 1011306109
2620 1000 2640 1000 1060727560
2620 2000 2640 2000 989230811
2620 3000 2640 3000 989230811
2620 4000 2640 4000 1060727560
2640 1000 2660 1000 1082069813
2640 2000 2660 2000 1189113728
2640 3000 2660 3000 1189113728
2640 4000 2660 4000 1082069813
2660 1000 2680 1000 932045140
2660 2000 2680 2000 834077850
2660 3000 2680 3000 834077850
2660 4000 2680 4000 932045140
2680 1000 2700 1000 820577672
2680 2000 2700 2000 815839667
2680 3000 2700 3000 815839667
2680 4000 2700 4000 820577672
2700 1000 2720 1000 569432095
2700 2000 2720 2000 845320246
2700 3000 2720 3000 845320246
2700 4000 2720 4000 569432095
2720 1000 2740 1000 632677274
2720 2000 2740 2000 1195740463
2720 3000 2740 3000 1195740463
2720 4000 2740 4000 632677274
2740 1000 2760 1000 651339107
2740 2000 2760 2000 779994227
2740 3000 2760 3000 779994227
2740 4000 2760 4000 651339107
2760 1000 2780 1000 660063870
2760 2000 2780 2000 813496954
2760 3000 2780 3000 813496954
2760 4000 2780 4000 660063870
2780 1000 2800 1000 616758550
2780 2000 2800 2000 617057835
2780 3000 2800 3000 617057835
2780 4000 2800 4000 616758550
2800 1000 2820 1000 605203724
2800 2000 2820 2000 553426416
2800 3000 2820 3000 553426416
2800 4000 2820 4000 605203724
2820 1000 2840 1000 617179167
2820 2000 2840 2000 457770495
2820 3000 2840 3000 457770495
2820 4000 2840 4000 617179167
2840 1000 2860 1000 626386224
2840 2000 2860 2000 382733893
2840 3000 2860 3000 382733893
2840 4000 2860 4000 626386224
2860 1000 2880 1000 517433356
2860 2000 2880 2000 361356251
2860 3000 2880 3000 361356251
2860 4000 2880 4000 517433356
2880 1000 2900 1000 623035446
2880 2000 2900 2000 428587179
2880 3000 2900 3000 428587179
2880 4000 2900 4000 623035446
2900 1000 2920 1000 574335919
2900 2000 2920 2000 318272362
2900 3000 2920 3000 318272362
2900 4000 2920 4000 574335919
2920 1000 2940 1000 383036211
2920 2000 2940 2000 329625980
2920 3000 2940 3000 329625980
2920 4000 2940 4000 383036211
2940 1000 2960 1000 468237380
2940 2000 2960 2000 467186849
2940 3000 2960 3000 467186849
2940 4000 2960 4000 468237380
2960 1000 2980 1000 357904363
2960 2000 2980 2000 440432190
2960 3000 2980 3000 440432190
2960 4000 2980 4000 357904363
2980 1000 3000 1000 64805304
2980 2000 3000 2000 234218789
2980 3000 3000 3000 234218789
2980 4000 3000 4000 64805304
3000 300 3000 320 52094794
3000 320 3000 340 133980573
3000 340 3000 360 179220123
3000 360 3000 380 82658259
3000 380 3000 400 157275256
3000 400 3000 420 94232295
3000 420 3000 440 128743086
3000 440 3000 460 163870647
3000 460 3000 480 379052485
3000 480 3000 500 710115235
3000 500 3000 520 1084939308
3000 520 3000 540 1042319513
3000 540 3000 560 1061535427
3000 560 3000 580 1003800730
3000 580 3000 600 1029777856
3000 600 3000 620 1059734662
3000 620 3000 640 1113011428
3000 640 3000 660 1178072540
3000 660 3000 680 1150862886
3000 680 3000 700 1265090652
3000 700 3000 720 1416212366
3000 720 3000 740 1582000054
3000 740 3000 760 1664769532
3000 760 3000 780 1991809123
3000 780 3000 800 1699326834
3000 800 3000 820 2607201680
3000 820 3000 840 753244623
3000 840 3000 860 1979165345
3000 860 3000 880 2293358938
3000 880 3000 900 4224489047
3000 900 3000 920 789163873
3000 920 3000 940 4315603116
3000 940 3000 960 2014194829
3000 960 3000 980 998716930
3000 980 3000 1000 9029572708
3000 1000 3000 1020 37564307
3000 1000 3020 1000 715480120
3000 1020 3000 1040 140899515
3000 1040 3000 1060 202302475
3000 1060 3000 1080 154355205
3000 1080 3000 1100 213860334
3000 1100 3000 1120 371306465
3000 1120 3000 1140 414103203
3000 1140 3000 1160 384548813
3000 1160 3000 1180 561947948
3000 1180 3000 1200 589607540
3000 1200 3000 1220 657948653
3000 1220 3000 1240 571312736
3000 1240 3000 1260 1080217482
3000 1260 3000 1280 1551329412
3000 1280 3000 1300 1191113680
3000 1300 3000 1320 1288736186
3000 1320 3000 1340 1160404617
3000 1340 3000 1360 1116573526
3000 1360 3000 1380 1175388075
3000 1380 3000 1400 1126541939
3000 1400 3000 1420 909877831
3000 1420 3000 1440 907283354
3000 1440 3000 1460 929119023
3000 1460 3000 1480 861322892
3000 1480 3000 1500 865800033
3000 1500 3000 1520 863716160
3000 1520 3000 1540 841348654
3000 1540 3000 1560 880361864
3000 1560 3000 1580 945498808
3000 1580 3000 1600 1093536673
3000 1600 3000 1620 967718693
3000 1620 3000 1640 1008311238
3000 1640 3000 1660 992727187
3000 1660 3000 1680 949215603
3000 1680 3000 1700 789434848
3000 1700 3000 1720 945484652
3000 1720 3000 1740 985195519
3000 1740 3000 1760 1004176859
3000 1760 3000 1780 1218322322
3000 1780 3000 1800 843142342
3000 1800 3000 1820 783065942
3000 1820 3000 1840 587358859
3000 1840 3000 1860 710413508
3000 1860 3000 1880 718137285
3000 1880 3000 1900 670634898
3000 1900 3000 1920 703562310
3000 1920 3000 1940 722196842
3000 1940 3000 1960 651633336
3000 1960 3000 1980 858990289
3000 1980 3000 2000 719897606
3000 2000 3000 2020 234218789
3000 2000 3020 2000 719897606
3000 2020 3000 2040 440432190
3000 2040 3000 2060 467186849
3000 2060 3000 2080 329625980
3000 2080 3000 2100 318272362
3000 2100 3000 2120 428587179
3000 2120 3000 2140 361356251
3000 2140 3000 2160 382733893
3000 2160 3000 2180 457770495
3000 2180 3000 2200 553426416
3000 2200 3000 2220 617057835
3000 2220 3000 2240 813496954
3000 2240 3000 2260 779994227
3000 2260 3000 2280 1195740463
3000 2280 3000 2300 845320246
3000 2300 3000 2320 815839667
3000 2320 3000 2340 834077850
3000 2340 3000 2360 1189113728
3000 2360 3000 2380 989230811
3000 2380 3000 2400 1077979922
3000 2400 3000 2420 912545107
3000 2420 3000 2440 1164002103
3000 2440 3000 2460 940717326
3000 2460 3000 2480 770330154
3000 2480 3000 2500 881893677
3000 2500 3000 2520 881893677
3000 2520 3000 2540 770330154
3000 2540 3000 2560 940717326
3000 2560 3000 2580 1164002103
3000 2580 3000 2600 912545107
3000 2600 3000 2620 1077979922
3000 2620 3000 2640 989230811
3000 2640 3000 2660 1189113728
3000 2660 3000 2680 834077850
3000 2680 3000 2700 815839667
3000 2700 3000 2720 845320246
3000 2720 3000 2740 1195740463
3000 2740 3000 2760 779994227
3000 2760 3000 2780 813496954
3000 2780 3000 2800 617057835
3000 2800 3000 2820 553426416
3000 2820 3000 2840 457770495
3000 2840 3000 2860 382733893
3000 2860 3000 2880 361356251
3000 2880 3000 2900 428587179
3000 2900 3000 2920 318272362
3000 2920 3000 2940 329625980
3000 2940 3000 2960 467186849
3000 2960 3000 2980 440432190
3000 2980 3000 3000 234218789
3000 3000 3000 3020 719897606
3000 3000 3020 3000 719897606
3000 3020 3000 3040 858990289
3000 3040 3000 3060 651633336
3000 3060 3000 3080 722196842
3000 3080 3000 3100 703562310
3000 3100 3000 3120 670634898
3000 3120 3000 3140 718137285
3000 3140 3000 3160 710413508
3000 3160 3000 3180 587358859
3000 3180 3000 3200 783065942
3000 3200 3000 3220 843142342
3000 3220 3000 3240 1218322322
3000 3240 3000 3260 1004176859
3000 3260 3000 3280 985195519
3000 3280 3000 3300 945484652
3000 3300 3000 3320 789434848
3000 3320 3000 3340 949215603
3000 3340 3000 3360 992727187
3000 3360 3000 3380 1008311238
3000 3380 3000 3400 967718693
3000 3400 3000 3420 1093536673
3000 3420 3000 3440 945498808
3000 3440 3000 3460 880361864
3000 3460 3000 3480 841348654
3000 3480 3000 3500 863716160
3000 3500 3000 3520 865800033
3000 3520 3000 3540 861322892
3000 3540 3000 3560 929119023
3000 3560 3000 3580 907283354
3000 3580 3000 3600 909877831
3000 3600 3000 3620 1126541939
3000 3620 3000 3640 1175388075
3000 3640 3000 3660 1116573526
3000 3660 3000 3680 1160404617
3000 3680 3000 3700 1288736186
3000 3700 3000 3720 1191113680
3000 3720 3000 3740 1551329412
3000 3740 3000 3760 1080217482
3000 3760 3000 3780 571312736
3000 3780 3000 3800 657948653
3000 3800 3000 3820 589607540
3000 3820 3000 3840 561947948
3000 3840 3000 3860 384548813
3000 3860 3000 3880 414103203
3000 3880 3000 3900 371306465
3000 3900 3000 3920 213860334
3000 3920 3000 3940 154355205
3000 3940 3000 3960 202302475
3000 3960 3000 3980 140899515
3000 3980 3000 4000 37564307
3000 4000 3000 4020 9029572708
3000 4000 3020 4000 715480120
3000 4020 3000 4040 998716930
3000 4040 3000 4060 2014194829
3000 4060 3000 4080 4315603116
3000 4080 3000 4100 789163873
3000 4100 3000 4120 4224489047
3000 4120 3000 4140 2293358938
3000 4140 3000 4160 1979165345
3000 4160 3000 4180 753244623
3000 4180 3000 4200 2607201680
3000 4200 3000 4220 1699326834
3000 4220 3000 4240 1991809123
3000 4240 3000 4260 1664769532
3000 4260 3000 4280 1582000054
3000 4280 3000 4300 1416212366
3000 4300 3000 4320 1265090652
3000 4320 3000 4340 1150862886
3000 4340 3000 4360 1178072540
3000 4360 3000 4380 1113011428
3000 4380 3000 4400 1059734662
3000 4400 3000 4420 1029777856
3000 4420 3000 4440 1003800730
3000 4440 3000 4460 1061535427
3000 4460 3000 4480 1042319513
3000 4480 3000 4500 1084939308
3000 4500 3000 4520 710115235
3000 4520 3000 4540 379052485
3000 4540 3000 4560 163870647
3000 4560 3000 4580 128743086
3000 4580 3000 4600 94232295
3000 4600 3000 4620 157275256
3000 4620 3000 4640 82658259
3000 4640 3000 4660 179220123
3000 4660 3000 4680 133980573
3000 4680 3000 4700 52094794
3020 1000 3040 1000 857609129
3020 2000 3040 2000 858990289
3020 3000 3040 3000 858990289
3020 4000 3040 4000 857609129
3040 1000 3060 1000 989461341
3040 2000 3060 2000 651633336
3040 3000 3060 3000 651633336
3040 4000 3060 4000 989461341
3060 1000 3080 1000 1092952259
3060 2000 3080 2000 722196842
3060 3000 3080 3000 722196842
3060 4000 3080 4000 1092952259
3080 1000 3100 1000 1066687982
3080 2000 3100 2000 703562310
3080 3000 3100 3000 703562310
3080 4000 3100 4000 1066687982
3100 1000 3120 1000 943071162
3100 2000 3120 2000 670634898
3100 3000 3120 3000 670634898
3100 4000 3120 4000 943071162
3120 1000 3140 1000 734583802
3120 2000 3140 2000 718137285
3120 3000 3140 3000 718137285
3120 4000 3140 4000 734583802
3140 1000 3160 1000 600109814
3140 2000 3160 2000 710413508
3140 3000 3160 3000 710413508
3140 4000 3160 4000 600109814
3160 1000 3180 1000 1008234394
3160 2000 3180 2000 587358859
3160 3000 3180 3000 587358859
3160 4000 3180 4000 1008234394
3180 1000 3200 1000 1147532330
3180 2000 3200 2000 783065942
3180 3000 3200 3000 783065942
3180 4000 3200 4000 1147532330
3200 1000 3220 1000 769095604
3200 2000 3220 2000 843142342
3200 3000 3220 3000 843142342
3200 4000 3220 4000 769095604
3220 1000 3240 1000 681459711
3220 2000 3240 2000 1218322322
3220 3000 3240 3000 1218322322
3220 4000 3240 4000 681459711
3240 1000 3260 1000 695050888
3240 2000 3260 2000 1004176859
3240 3000 3260 3000 1004176859
3240 4000 3260 4000 695050888
3260 1000 3280 1000 729316993
3260 2000 3280 2000 985195519
3260 3000 3280 3000 985195519
3260 4000 3280 4000 729316993
3280 1000 3300 1000 646043988
3280 2000 3300 2000 945484652
3280 3000 3300 3000 945484652
3280 4000 3300 4000 646043988
3300 1000 3320 1000 764126058
3300 2000 3320 2000 789434848
3300 3000 3320 3000 789434848
3300 4000 3320 4000 764126058
3320 1000 3340 1000 814903391
3320 2000 3340 2000 949215603
3320 3000 3340 3000 949215603
3320 4000 3340 4000 814903391
3340 1000 3360 1000 867873795
3340 2000 3360 2000 992727187
3340 3000 3360 3000 992727187
3340 4000 3360 4000 867873795
3360 1000 3380 1000 1008218217
3360 2000 3380 2000 1008311238
3360 3000 3380 3000 1008311238
3360 4000 3380 4000 1008218217
3380 1000 3400 1000 1061635526
3380 2000 3400 2000 967718693
3380 3000 3400 3000 967718693
3380 4000 3400 4000 1061635526
3400 1000 3420 1000 1075692819
3400 2000 3420 2000 1093536673
3400 3000 3420 3000 1093536673
3400 4000 3420 4000 1075692819
3420 1000 3440 1000 1098349499
3420 2000 3440 2000 945498808
3420 3000 3440 3000 945498808
3420 4000 3440 4000 1098349499
3440 1000 3460 1000 1037578475
3440 2000 3460 2000 880361864
3440 3000 3460 3000 880361864
3440 4000 3460 4000 1037578475
3460 1000 3480 1000 1022457507
3460 2000 3480 2000 841348654
3460 3000 3480 3000 841348654
3460 4000 3480 4000 1022457507
3480 1000 3500 1000 1048207136
3480 2000 3500 2000 863716160
3480 3000 3500 3000 863716160
3480 4000 3500 4000 1048207136
3500 1000 3520 1000 968275808
3500 2000 3520 2000 865800033
3500 3000 3520 3000 865800033
3500 4000 3520 4000 968275808
3520 1000 3540 1000 1024013587
3520 2000 3540 2000 861322892
3520 3000 3540 3000 861322892
3520 4000 3540 4000 1024013587
3540 1000 3560 1000 1124427734
3540 2000 3560 2000 929119023
3540 3000 3560 3000 929119023
3540 4000 3560 4000 1124427734
3560 1000 3580 1000 1035405626
3560 2000 3580 2000 907283354
3560 3000 3580 3000 907283354
3560 4000 3580 4000 1035405626
3580 1000 3600 1000 1085608655
3580 2000 3600 2000 909877831
3580 3000 3600 3000 909877831
3580 4000 3600 4000 1085608655
3600 1000 3620 1000 1100580992
3600 2000 3620 2000 1126541939
3600 3000 3620 3000 1126541939
3600 4000 3620 4000 1100580992
3620 1000 3640 1000 1103738650
3620 2000 3640 2000 1175388075
3620 3000 3640 3000 1175388075
3620 4000 3640 4000 1103738650
3640 1000 3660 1000 1147435265
3640 2000 3660 2000 1116573526
3640 3000 3660 3000 1116573526
3640 4000 3660 4000 1147435265
3660 1000 3680 1000 1185551631
3660 2000 3680 2000 1160404617
3660 3000 3680 3000 1160404617
3660 4000 3680 4000 1185551631
3680 1000 3700 1000 1145832675
3680 2000 3700 2000 1288736186
3680 3000 3700 3000 1288736186
3680 4000 3700 4000 1145832675
3700 1000 3720 1000 1115877891
3700 2000 3720 2000 1191113680
3700 3000 3720 3000 1191113680
3700 4000 3720 4000 1115877891
3720 1000 3740 1000 1461705701
3720 2000 3740 2000 1551329412
3720 3000 3740 3000 1551329412
3720 4000 3740 4000 1461705701
3740 1000 3760 1000 1630161676
3740 2000 3760 2000 1080217482
3740 3000 3760 3000 1080217482
3740 4000 3760 4000 1630161676
3760 1000 3780 1000 617240844
3760 2000 3780 2000 571312736
3760 3000 3780 3000 571312736
3760 4000 3780 4000 617240844
3780 1000 3800 1000 657837433
3780 2000 3800 2000 657948653
3780 3000 3800 3000 657948653
3780 4000 3800 4000 657837433
3800 1000 3820 1000 588872472
3800 2000 3820 2000 589607540
3800 3000 3820 3000 589607540
3800 4000 3820 4000 588872472
3820 1000 3840 1000 560082473
3820 2000 3840 2000 561947948
3820 3000 3840 3000 561947948
3820 4000 3840 4000 560082473
3840 1000 3860 1000 384842032
3840 2000 3860 2000 384548813
3840 3000 3860 3000 384548813
3840 4000 3860 4000 384842032
3860 1000 3880 1000 414056692
3860 2000 3880 2000 414103203
3860 3000 3880 3000 414103203
3860 4000 3880 4000 414056692
3880 1000 3900 1000 370305478
3880 2000 3900 2000 371306465
3880 3000 3900 3000 371306465
3880 4000 3900 4000 370305478
3900 1000 3920 1000 212161690
3900 2000 3920 2000 213860334
3900 3000 3920 3000 213860334
3900 4000 3920 4000 212161690
3920 1000 3940 1000 154842554
3920 2000 3940 2000 154355205
3920 3000 3940 3000 154355205
3920 4000 3940 4000 154842554
3940 1000 3960 1000 202260009
3940 2000 3960 2000 202302475
3940 3000 3960 3000 202302475
3940 4000 3960 4000 202260009
3960 1000 3980 1000 140063338
3960 2000 3980 2000 140899515
3960 3000 3980 3000 140899515
3960 4000 3980 4000 140063338
3980 1000 4000 1000 32234810
3980 2000 4000 2000 37564307
3980 3000 4000 3000 37564307
3980 4000 4000 4000 32234810
4000 20 4000 40 296252
4000 40 4000 60 499483
4000 60 4000 80 4317388
4000 80 4000 100 459039
4000 100 4000 120 398373
4000 120 4000 140 510605
4000 140 4000 160 705747
4000 160 4000 180 194131
4000 180 4000 200 1264884
4000 200 4000 220 1320494
4000 220 4000 240 1382171
4000 240 4000 260 2841185
4000 260 4000 280 98534517
4000 280 4000 300 192067132
4000 300 4000 320 74752485
4000 320 4000 340 149473625
4000 340 4000 360 94871309
4000 360 4000 380 75111424
4000 380 4000 400 82706791
4000 400 4000 420 30664575
4000 420 4000 440 14325234
4000 440 4000 460 164745246
4000 460 4000 480 378236530
4000 480 4000 500 708880684
4000 500 4000 520 1083841256
4000 520 4000 540 1042598576
4000 540 4000 560 1063041963
4000 560 4000 580 1000968645
4000 580 4000 600 1031259114
4000 600 4000 620 1059702307
4000 620 4000 640 1114062970
4000 640 4000 660 1176936066
4000 660 4000 680 1144140097
4000 680 4000 700 1267285745
4000 700 4000 720 1679696370
4000 720 4000 740 1500264928
4000 740 4000 760 1602803391
4000 760 4000 780 2047006976
4000 780 4000 800 1551589264
4000 800 4000 820 2935077449
4000 820 4000 840 723260517
4000 840 4000 860 2002470139
4000 860 4000 880 2291679504
4000 880 4000 900 4218692423
4000 900 4000 920 701401593
4000 920 4000 940 4406133782
4000 940 4000 960 2013753990
4000 960 4000 980 654116593
4000 980 4000 1000 9367662586
4000 1000 4000 1020 32234810
4000 1000 4020 1000 9367662586
4000 1020 4000 1040 140063338
4000 1040 4000 1060 202260009
4000 1060 4000 1080 154842554
4000 1080 4000 1100 212161690
4000 1100 4000 1120 370305478
4000 1120 4000 1140 414056692
4000 1140 4000 1160 384842032
4000 1160 4000 1180 560082473
4000 1180 4000 1200 588872472
4000 1200 4000 1220 657837433
4000 1220 4000 1240 617240844
4000 1240 4000 1260 1630161676
4000 1260 4000 1280 1461705701
4000 1280 4000 1300 1115877891
4000 1300 4000 1320 1145832675
4000 1320 4000 1340 1185551631
4000 1340 4000 1360 1147435265
4000 1360 4000 1380 1103738650
4000 1380 4000 1400 1100580992
4000 1400 4000 1420 1085608655
4000 1420 4000 1440 1035405626
4000 1440 4000 1460 1124427734
4000 1460 4000 1480 1024013587
4000 1480 4000 1500 968275808
4000 1500 4000 1520 1048207136
4000 1520 4000 1540 1022457507
4000 1540 4000 1560 1037578475
4000 1560 4000 1580 1098349499
4000 1580 4000 1600 1075692819
4000 1600 4000 1620 1061635526
4000 1620 4000 1640 1008218217
4000 1640 4000 1660 867873795
4000 1660 4000 1680 814903391
4000 1680 4000 1700 764126058
4000 1700 4000 1720 646043988
4000 1720 4000 1740 729316993
4000 1740 4000 1760 695050888
4000 1760 4000 1780 681459711
4000 1780 4000 1800 769095604
4000 1800 4000 1820 1147532330
4000 1820 4000 1840 1008234394
4000 1840 4000 1860 600109814
4000 1860 4000 1880 734583802
4000 1880 4000 1900 943071162
4000 1900 4000 1920 1066687982
4000 1920 4000 1940 1092952259
4000 1940 4000 1960 989461341
4000 1960 4000 1980 857609129
4000 1980 4000 2000 715480120
4000 2000 4000 2020 64805304
4000 2000 4020 2000 9029572708
4000 2020 4000 2040 357904363
4000 2040 4000 2060 468237380
4000 2060 4000 2080 383036211
4000 2080 4000 2100 574335919
4000 2100 4000 2120 623035446
4000 2120 4000 2140 517433356
4000 2140 4000 2160 626386224
4000 2160 4000 2180 617179167
4000 2180 4000 2200 605203724
4000 2200 4000 2220 616758550
4000 2220 4000 2240 660063870
4000 2240 4000 2260 651339107
4000 2260 4000 2280 632677274
4000 2280 4000 2300 569432095
4000 2300 4000 2320 820577672
4000 2320 4000 2340 932045140
4000 2340 4000 2360 1082069813
4000 2360 4000 2380 1060727560
4000 2380 4000 2400 1011306109
4000 2400 4000 2420 972157413
4000 2420 4000 2440 1164158823
4000 2440 4000 2460 1111109553
4000 2460 4000 2480 1064470644
4000 2480 4000 2500 1072144877
4000 2500 4000 2520 1072144877
4000 2520 4000 2540 1064470644
4000 2540 4000 2560 1111109553
4000 2560 4000 2580 1164158823
4000 2580 4000 2600 972157413
4000 2600 4000 2620 1011306109
4000 2620 4000 2640 1060727560
4000 2640 4000 2660 1082069813
4000 2660 4000 2680 932045140
4000 2680 4000 2700 820577672
4000 2700 4000 2720 569432095
4000 2720 4000 2740 632677274
4000 2740 4000 2760 651339107
4000 2760 4000 2780 660063870
4000 2780 4000 2800 616758550
4000 2800 4000 2820 605203724
4000 2820 4000 2840 617179167
4000 2840 4000 2860 626386224
4000 2860 4000 2880 517433356
4000 2880 4000 2900 623035446
4000 2900 4000 2920 574335919
4000 2920 4000 2940 383036211
4000 2940 4000 2960 468237380
4000 2960 4000 2980 357904363
4000 2980 4000 3000 64805304
4000 3000 4000 3020 715480120
4000 3000 4020 3000 9029572708
4000 3020 4000 3040 857609129
4000 3040 4000 3060 989461341
4000 3060 4000 3080 1092952259
4000 3080 4000 3100 1066687982
4000 3100 4000 3120 943071162
4000 3120 4000 3140 734583802
4000 3140 4000 3160 600109814
4000 3160 4000 3180 1008234394
4000 3180 4000 3200 1147532330
4000 3200 4000 3220 769095604
4000 3220 4000 3240 681459711
4000 3240 4000 3260 695050888
4000 3260 4000 3280 729316993
4000 3280 4000 3300 646043988
4000 3300 4000 3320 764126058
4000 3320 4000 3340 814903391
4000 3340 4000 3360 867873795
4000 3360 4000 3380 1008218217
4000 3380 4000 3400 1061635526
4000 3400 4000 3420 1075692819
4000 3420 4000 3440 1098349499
4000 3440 4000 3460 1037578475
4000 3460 4000 3480 1022457507
4000 3480 4000 3500 1048207136
4000 3500 4000 3520 968275808
4000 3520 4000 3540 1024013587
4000 3540 4000 3560 1124427734
4000 3560 4000 3580 1035405626
4000 3580 4000 3600 1085608655
4000 3600 4000 3620 1100580992
4000 3620 4000 3640 1103738650
4000 3640 4000 3660 1147435265
4000 3660 4000 3680 1185551631
4000 3680 4000 3700 1145832675
4000 3700 4000 3720 1115877891
4000 3720 4000 3740 1461705701
4000 3740 4000 3760 1630161676
4000 3760 4000 3780 617240844
4000 3780 4000 3800 657837433
4000 3800 4000 3820 588872472
4000 3820 4000 3840 560082473
4000 3840 4000 3860 384842032
4000 3860 4000 3880 414056692
4000 3880 4000 3900 370305478
4000 3900 4000 3920 212161690
4000 3920 4000 3940 154842554
4000 3940 4000 3960 202260009
4000 3960 4000 3980 140063338
4000 3980 4000 4000 32234810
4000 4000 4000 4020 9367662586
4000 4000 4020 4000 9367662586
4000 4020 4000 4040 654116593
4000 4040 4000 4060 2013753990
4000 4060 4000 4080 4406133782
4000 4080 4000 4100 701401593
4000 4100 4000 4120 4218692423
4000 4120 4000 4140 2291679504
4000 4140 4000 4160 2002470139
4000 4160 4000 4180 723260517
4000 4180 4000 4200 2935077449
4000 4200 4000 4220 1551589264
4000 4220 4000 4240 2047006976
4000 4240 4000 4260 1602803391
4000 4260 4000 4280 1500264928
4000 4280 4000 4300 1679696370
4000 4300 4000 4320 1267285745
4000 4320 4000 4340 1144140097
4000 4340 4000 4360 1176936066
4000 4360 4000 4380 1114062970
4000 4380 4000 4400 1059702307
4000 4400 4000 4420 1031259114
4000 4420 4000 4440 1000968645
4000 4440 4000 4460 1063041963
4000 4460 4000 4480 1042598576
4000 4480 4000 4500 1083841256
4000 4500 4000 4520 708880684
4000 4520 4000 4540 378236530
4000 4540 4000 4560 164745246
4000 4560 4000 4580 14325234
4000 4580 4000 4600 30664575
4000 4600 4000 4620 82706791
4000 4620 4000 4640 75111424
4000 4640 4000 4660 94871309
4000 4660 4000 4680 149473625
4000 4680 4000 4700 74752485
4000 4700 4000 4720 192067132
4000 4720 4000 4740 98534517
4000 4740 4000 4760 2841185
4000 4760 4000 4780 1382171
4000 4780 4000 4800 1320494
4000 4800 4000 4820 1264884
4000 4820 4000 4840 194131
4000 4840 4000 4860 705747
4000 4860 4000 4880 510605
4000 4880 4000 4900 398373
4000 4900 4000 4920 459039
4000 4920 4000 4940 4317388
4000 4940 4000 4960 499483
4000 4960 4000 4980 296252
4020 1000 4040 1000 654116593
4020 2000 4040 2000 998716930
4020 3000 4040 3000 998716930
4020 4000 4040 4000 654116593
4040 1000 4060 1000 2013753990
4040 2000 4060 2000 2014194829
4040 3000 4060 3000 2014194829
4040 4000 4060 4000 2013753990
4060 1000 4080 1000 4406133782
4060 2000 4080 2000 4315603116
4060 3000 4080 3000 4315603116
4060 4000 4080 4000 4406133782
4080 1000 4100 1000 701401593
4080 2000 4100 2000 789163873
4080 3000 4100 3000 789163873
4080 4000 4100 4000 701401593
4100 1000 4120 1000 4218692423
4100 2000 4120 2000 4224489047
4100 3000 4120 3000 4224489047
4100 4000 4120 4000 4218692423
4120 1000 4140 1000 2291679504
4120 2000 4140 2000 2293358938
4120 3000 4140 3000 2293358938
4120 4000 4140 4000 2291679504
4140 1000 4160 1000 2002470139
4140 2000 4160 2000 1979165345
4140 3000 4160 3000 1979165345
4140 4000 4160 4000 2002470139
4160 1000 4180 1000 723260517
4160 2000 4180 2000 753244623
4160 3000 4180 3000 753244623
4160 4000 4180 4000 723260517
4180 1000 4200 1000 2935077449
4180 2000 4200 2000 2607201680
4180 3000 4200 3000 2607201680
4180 4000 4200 4000 2935077449
4200 1000 4220 1000 1551589264
4200 2000 4220 2000 1699326834
4200 3000 4220 3000 1699326834
4200 4000 4220 4000 1551589264
4220 1000 4240 1000 2047006976
4220 2000 4240 2000 1991809123
4220 3000 4240 3000 1991809123
4220 4000 4240 4000 2047006976
4240 1000 4260 1000 1602803391
4240 2000 4260 2000 1664769532
4240 3000 4260 3000 1664769532
4240 4000 4260 4000 1602803391
4260 1000 4280 1000 1500264928
4260 2000 4280 2000 1582000054
4260 3000 4280 3000 1582000054
4260 4000 4280 4000 1500264928
4280 1000 4300 1000 1679696370
4280 2000 4300 2000 1416212366
4280 3000 4300 3000 1416212366
4280 4000 4300 4000 1679696370
4300 1000 4320 1000 1267285745
4300 2000 4320 2000 1265090652
4300 3000 4320 3000 1265090652
4300 4000 4320 4000 1267285745
4320 1000 4340 1000 1144140097
4320 2000 4340 2000 1150862886
4320 3000 4340 3000 1150862886
4320 4000 4340 4000 1144140097
4340 1000 4360 1000 1176936066
4340 2000 4360 2000 1178072540
4340 3000 4360 3000 1178072540
4340 4000 4360 4000 1176936066
4360 1000 4380 1000 1114062970
4360 2000 4380 2000 1113011428
4360 3000 4380 3000 1113011428
4360 4000 4380 4000 1114062970
4380 1000 4400 1000 1059702307
4380 2000 4400 2000 1059734662
4380 3000 4400 3000 1059734662
4380 4000 4400 4000 1059702307
4400 1000 4420 1000 1031259114
4400 2000 4420 2000 1029777856
4400 3000 4420 3000 1029777856
4400 4000 4420 4000 1031259114
4420 1000 4440 1000 1000968645
4420 2000 4440 2000 1003800730
4420 3000 4440 3000 1003800730
4420 4000 4440 4000 1000968645
4440 1000 4460 1000 1063041963
4440 2000 4460 2000 1061535427
4440 3000 4460 3000 1061535427
4440 4000 4460 4000 1063041963
4460 1000 4480 1000 1042598576
4460 2000 4480 2000 1042319513
4460 3000 4480 3000 1042319513
4460 4000 4480 4000 1042598576
4480 1000 4500 1000 1083841256
4480 2000 4500 2000 1084939308
4480 3000 4500 3000 1084939308
4480 4000 4500 4000 1083841256
4500 1000 4520 1000 708880684
4500 2000 4520 2000 710115235
4500 3000 4520 3000 710115235
4500 4000 4520 4000 708880684
4520 1000 4540 1000 378236530
4520 2000 4540 2000 379052485
4520 3000 4540 3000 379052485
4520 4000 4540 4000 378236530
4540 1000 4560 1000 164745246
4540 2000 4560 2000 163870647
4540 3000 4560 3000 163870647
4540 4000 4560 4000 164745246
4560 1000 4580 1000 14325234
4560 2000 4580 2000 128743086
4560 3000 4580 3000 128743086
4560 4000 4580 4000 14325234
4580 1000 4600 1000 30664575
4580 2000 4600 2000 94232295
4580 3000 4600 3000 94232295
4580 4000 4600 4000 30664575
4600 1000 4620 1000 82706791
4600 2000 4620 2000 157275256
4600 3000 4620 3000 157275256
4600 4000 4620 4000 82706791
4620 1000 4640 1000 75111424
4620 2000 4640 2000 82658259
4620 3000 4640 3000 82658259
4620 4000 4640 4000 75111424
4640 1000 4660 1000 94871309
4640 2000 4660 2000 179220123
4640 3000 4660 3000 179220123
4640 4000 4660 4000 94871309
4660 1000 4680 1000 149473625
4660 2000 4680 2000 133980573
4660 3000 4680 3000 133980573
4660 4000 4680 4000 149473625
4680 1000 4700 1000 74752485
4680 2000 4700 2000 52094794
4680 3000 4700 3000 52094794
4680 4000 4700 4000 74752485
4700 1000 4720 1000 192067132
4700 4000 4720 4000 192067132
4720 1000 4740 1000 98534517
4720 4000 4740 4000 98534517
4740 1000 4760 1000 2841185
4740 4000 4760 4000 2841185
4760 1000 4780 1000 1382171
4760 4000 4780 4000 1382171
4780 1000 4800 1000 1320494
4780 4000 4800 4000 1320494
4800 1000 4820 1000 1264884
4800 4000 4820 4000 1264884
4820 1000 4840 1000 194131
4820 4000 4840 4000 194131
4840 1000 4860 1000 705747
4840 4000 4860 4000 705747
4860 1000 4880 1000 510605
4860 4000 4880 4000 510605
4880 1000 4900 1000 398373
4880 4000 4900 4000 398373
4900 1000 4920 1000 459039
4900 4000 4920 4000 459039
4920 1000 4940 1000 4317388
4920 4000 4940 4000 4317388
4940 1000 4960 1000 499483
4940 4000 4960 4000 499483
4960 1000 4980 1000 296252
4960 4000 4980 4000 296252
0
