mixed 1
# scaled by 1004558599/1000000000 = 1.004558599 from s21_mixed_cover_5.txt (search/golf/golf.py)
5 1
1000
100000000000
7536
750 2300 6948219
750 2700 6948219
762 2252 2016
762 2748 2016
779 2318 2016
779 2682 2016
788 2380 23525806
788 2620 23525806
793 2362 24345969
793 2638 24345969
795 2339 36392503
795 2661 36392503
796 2249 80756918
796 2751 80756918
797 2369 42510482
797 2631 42510482
799 1664 1632268
799 3336 1632268
800 1550 2061493
800 1600 2856468
800 1650 18026476
800 2300 17949901
800 2350 40296846
800 2650 40296846
800 2700 17949901
800 3350 18026476
800 3400 2856468
800 3450 2061493
805 1630 6627811
805 3370 6627811
808 2280 2016
808 2358 46147818
808 2642 46147818
808 2720 2016
809 1638 820164
809 2322 23644699
809 2678 23644699
809 3362 820164
810 1989 1820684
810 2240 7142680
810 2252 2496765
810 2309 78123124
810 2335 27409997
810 2665 27409997
810 2691 78123124
810 2748 2496765
810 2760 7142680
810 3011 1820684
811 1620 35503825
811 1640 7484247
811 2250 2003054
811 2323 7181976
811 2355 2016
811 2645 2016
811 2677 7181976
811 2750 2003054
811 3360 7484247
811 3380 35503825
814 1607 15618378
814 2315 23820017
814 2685 23820017
814 3393 15618378
815 2257 2016
815 2743 2016
819 2292 104845956
819 2337 41931128
819 2663 41931128
819 2708 104845956
820 1642 5839889
820 2250 64476566
820 2336 18339831
820 2664 18339831
820 2750 64476566
820 3358 5839889
823 1606 26219046
823 1646 28311774
823 2270 11509499
823 2730 11509499
823 3354 28311774
823 3394 26219046
824 1557 75065143
824 2305 25141951
824 2695 25141951
824 3443 75065143
826 1600 8283252
826 3400 8283252
827 2231 2016
827 2350 52402827
827 2650 52402827
827 2769 2016
828 2329 36550692
828 2671 36550692
830 1604 1957713
830 1630 28327895
830 2310 23396836
830 2470 16315618
830 2530 16315618
830 2690 23396836
830 3370 28327895
830 3396 1957713
831 1639 55706656
831 2341 15598227
831 2659 15598227
831 3361 55706656
832 1622 12493897
832 2433 9286794
832 2477 4568333
832 2523 4568333
832 2567 9286794
832 3378 12493897
833 1537 69121474
833 1571 18374089
833 2248 40933632
833 2490 88659308
833 2499 45755873
833 2501 45755873
833 2510 88659308
833 2752 40933632
833 3429 18374089
833 3463 69121474
834 1619 4276137
834 2233 26595878
834 2463 2585431
834 2500 17700023
834 2537 2585431
834 2767 26595878
834 3381 4276137
835 1550 2016
835 1656 33191446
835 3344 33191446
835 3450 2016
837 1618 12604730
837 2296 25308201
837 2704 25308201
837 3382 12604730
838 2247 75923594
838 2753 75923594
840 2233 108360368
840 2251 15442053
840 2266 40017749
840 2734 40017749
840 2749 15442053
840 2767 108360368
841 2268 39088767
841 2466 71592041
841 2534 71592041
841 2732 39088767
842 2220 12456617
842 2231 7392558
842 2263 32892197
842 2737 32892197
842 2769 7392558
842 2780 12456617
843 2490 83347387
843 2510 83347387
844 2267 5674648
844 2733 5674648
845 2220 2636817
845 2780 2636817
846 1609 40067120
846 3391 40067120
848 2277 28749060
848 2723 28749060
850 1500 11102439
850 1550 25478481
850 1600 25421049
850 1644 32971796
850 1650 2016
850 1700 9094348
850 2250 88802383
850 2350 2016
850 2400 9232385
850 2450 93745533
850 2491 7988033
850 2500 5845935
850 2509 7988033
850 2550 93745533
850 2600 9232385
850 2650 2016
850 2750 88802383
850 3300 9094348
850 3350 2016
850 3356 32971796
850 3400 25421049
850 3450 25478481
850 3500 11102439
851 1563 67728001
851 1683 2566287
851 2462 5901351
851 2538 5901351
851 3317 2566287
851 3437 67728001
852 2443 51954457
852 2557 51954457
853 2214 32354154
853 2786 32354154
854 2335 9784535
854 2665 9784535
855 2272 18806337
855 2728 18806337
857 2257 17893477
857 2743 17893477
858 1562 27123846
858 2240 75881276
858 2466 17461228
858 2534 17461228
858 2760 75881276
858 3438 27123846
859 1634 28295653
859 3366 28295653
862 1504 29486603
862 2270 2016
862 2730 2016
862 3496 29486603
863 1479 35914914
863 1516 75529633
863 1681 2016
863 3319 2016
863 3484 75529633
863 3521 35914914
864 1600 10064640
864 2438 53602846
864 2562 53602846
864 3400 10064640
865 1558 2016
865 2306 23610442
865 2694 23610442
865 3442 2016
866 2453 2016
866 2547 2016
867 1607 18959488
867 1702 5399580
867 3298 5399580
867 3393 18959488
870 1609 130930995
870 2418 39916991
870 2428 67789463
870 2572 67789463
870 2582 39916991
870 3391 130930995
871 1641 6090775
871 3359 6090775
872 1480 41755811
872 1512 27434178
872 1552 41077715
872 1710 2016
872 2321 17603296
872 2679 17603296
872 3290 2016
872 3448 41077715
872 3488 27434178
872 3520 41755811
873 1580 8875705
873 2261 2016
873 2739 2016
873 3420 8875705
874 1633 2016
874 1664 24141432
874 3336 24141432
874 3367 2016
875 1605 31347589
875 3395 31347589
877 1585 115357958
877 3415 115357958
878 1708 16308565
878 3292 16308565
879 2268 46806771
879 2424 3029770
879 2576 3029770
879 2732 46806771
880 1544 32306798
880 1567 52268820
880 1578 65761220
880 3422 65761220
880 3433 52268820
880 3456 32306798
882 1480 59737953
882 1690 34411616
882 3310 34411616
882 3520 59737953
883 1453 30179813
883 1501 24613984
883 1570 63929454
883 1652 32754160
883 3348 32754160
883 3430 63929454
883 3499 24613984
883 3547 30179813
884 1450 61446796
884 3550 61446796
886 1623 115852676
886 1703 8175442
886 2311 27176240
886 2689 27176240
886 3297 8175442
886 3377 115852676
888 1564 54404873
888 2406 11311007
888 2594 11311007
888 3436 54404873
889 1601 17654682
889 2340 11405719
889 2660 11405719
889 3399 17654682
890 1707 4074623
890 2246 1507329
890 2319 37644916
890 2681 37644916
890 2754 1507329
890 3293 4074623
891 1475 30991916
891 1544 39707416
891 1571 41469660
891 3429 41469660
891 3456 39707416
891 3525 30991916
892 1590 29738496
892 2362 4365811
892 2638 4365811
892 3410 29738496
893 1534 44982057
893 1560 21626532
893 1645 8279222
893 2373 11563907
893 2410 23407920
893 2590 23407920
893 2627 11563907
893 3355 8279222
893 3440 21626532
893 3466 44982057
894 2426 4208630
894 2574 4208630
895 1491 32182867
895 1540 43155329
895 1687 7241422
895 2391 20090992
895 2609 20090992
895 3313 7241422
895 3460 43155329
895 3509 32182867
896 1511 24325818
896 1593 8156298
896 1605 66900784
896 3395 66900784
896 3407 8156298
896 3489 24325818
897 1450 22762066
897 2301 73591064
897 2699 73591064
897 3550 22762066
899 1526 46310037
899 1697 15741302
899 2390 32528464
899 2610 32528464
899 3303 15741302
899 3474 46310037
900 1450 13666711
900 1483 2016
900 1500 57721801
900 1516 36150686
900 1521 63294683
900 1550 29895677
900 1600 87858288
900 1750 12907001
900 2250 614620
900 2300 21701092
900 2344 2067539
900 2350 26287561
900 2393 8524062
900 2400 19962022
900 2450 2016
900 2550 2016
900 2600 19962022
900 2607 8524062
900 2650 26287561
900 2656 2067539
900 2700 21701092
900 2750 614620
900 3250 12907001
900 3400 87858288
900 3450 29895677
900 3479 63294683
900 3484 36150686
900 3500 57721801
900 3517 2016
900 3550 13666711
901 2339 30575789
901 2373 33673066
901 2627 33673066
901 2661 30575789
902 1465 32182867
902 1620 9364377
902 3380 9364377
902 3535 32182867
903 1635 71120497
903 1733 9022810
903 2278 28837727
903 2722 28837727
903 3267 9022810
903 3365 71120497
904 1654 49506057
904 2264 35145129
904 2736 35145129
904 3346 49506057
905 1614 17235532
905 3386 17235532
906 1569 27524860
906 2237 21986235
906 2244 14583602
906 2756 14583602
906 2763 21986235
906 3431 27524860
907 1674 55743937
907 2233 22278431
907 2258 21250707
907 2407 1801540
907 2447 93705
907 2553 93705
907 2593 1801540
907 2742 21250707
907 2767 22278431
907 3326 55743937
908 2280 17051146
908 2340 39863590
908 2381 20446665
908 2619 20446665
908 2660 39863590
908 2720 17051146
909 1523 17531758
909 3477 17531758
910 1502 1942600
910 1550 14469746
910 1573 52862280
910 2290 2016
910 2320 7755284
910 2680 7755284
910 2710 2016
910 3427 52862280
910 3450 14469746
910 3498 1942600
911 1487 43681281
911 1524 58084527
911 1533 46020864
911 3467 46020864
911 3476 58084527
911 3513 43681281
912 1426 2016
912 1467 65554668
912 2235 9285787
912 2264 14908040
912 2360 10739713
912 2640 10739713
912 2736 14908040
912 2765 9285787
912 3533 65554668
912 3574 2016
913 1500 32196973
913 2297 15693946
913 2703 15693946
913 3500 32196973
914 1594 92201932
914 3406 92201932
915 1480 31967246
915 1548 57255295
915 1565 90058826
915 2285 32476070
915 2301 38483216
915 2699 38483216
915 2715 32476070
915 3435 90058826
915 3452 57255295
915 3520 31967246
916 2249 30286616
916 2751 30286616
918 1464 61112282
918 1496 40082233
918 1519 61012532
918 3481 61012532
918 3504 40082233
918 3536 61112282
919 1709 49299504
919 2308 8502903
919 2692 8502903
919 3291 49299504
920 1454 79360423
920 2282 13587113
920 2470 4255986
920 2530 4255986
920 2718 13587113
920 3546 79360423
921 1506 4270092
921 3494 4270092
922 1495 33723445
922 1606 35337575
922 3394 35337575
922 3505 33723445
923 1487 29435217
923 3513 29435217
924 1578 64833246
924 2472 15033986
924 2528 15033986
924 3422 64833246
925 1447 76140222
925 1520 5257513
925 2399 2016
925 2601 2016
925 3480 5257513
925 3553 76140222
927 1411 13699961
927 1589 6536122
927 2315 77537725
927 2685 77537725
927 3411 6536122
927 3589 13699961
929 1628 103741657
929 2285 9185029
929 2296 49001263
929 2704 49001263
929 2715 9185029
929 3372 103741657
930 1481 46962944
930 2379 15323160
930 2411 12017315
930 2430 15171016
930 2441 39166350
930 2479 55637134
930 2499 19307100
930 2501 19307100
930 2521 55637134
930 2559 39166350
930 2570 15171016
930 2589 12017315
930 2621 15323160
930 3519 46962944
931 1447 21615449
931 1463 70266076
931 2279 7021772
931 2721 7021772
931 3537 70266076
931 3553 21615449
932 2423 42799656
932 2577 42799656
933 1627 18163506
933 1731 71968873
933 2291 17608334
933 2300 30100215
933 2395 32362214
933 2605 32362214
933 2700 30100215
933 2709 17608334
933 3269 71968873
933 3373 18163506
934 1498 95439262
934 2157 11926634
934 2339 5074134
934 2402 10483790
934 2598 10483790
934 2661 5074134
934 2843 11926634
934 3502 95439262
935 1713 64666997
935 3287 64666997
936 1599 9725088
936 3401 9725088
938 1560 31621649
938 2158 16642072
938 2269 24759074
938 2731 24759074
938 2842 16642072
938 3440 31621649
939 1637 47155391
939 1818 55388264
939 2277 32665494
939 2341 1214125
939 2443 32170776
939 2492 7626315
939 2500 30547577
939 2508 7626315
939 2557 32170776
939 2659 1214125
939 2723 32665494
939 3182 55388264
939 3363 47155391
940 1447 29866458
940 1724 62857397
940 2165 7006658
940 2262 40432868
940 2357 37719476
940 2419 10138193
940 2581 10138193
940 2643 37719476
940 2738 40432868
940 2835 7006658
940 3276 62857397
940 3553 29866458
941 1563 32867008
941 2151 14789146
941 2432 32581865
941 2458 7390543
941 2542 7390543
941 2568 32581865
941 2849 14789146
941 3437 32867008
942 1517 39007154
942 1611 43617804
942 1712 23140913
942 2373 25285027
942 2490 34463003
942 2510 34463003
942 2627 25285027
942 3288 23140913
942 3389 43617804
942 3483 39007154
943 2443 1670555
943 2470 45061655
943 2479 30858917
943 2521 30858917
943 2530 45061655
943 2557 1670555
944 1400 12867706
944 1492 19168055
944 3508 19168055
944 3600 12867706
945 1455 112474286
945 1561 78037481
945 3439 78037481
945 3545 112474286
946 1672 116387697
946 3328 116387697
947 1329 6496827
947 1604 513862
947 2297 37888748
947 2703 37888748
947 3396 513862
947 3671 6496827
948 2299 5180937
948 2701 5180937
949 1581 37427280
949 2435 34325973
949 2500 17080366
949 2565 34325973
949 3419 37427280
950 1350 23138898
950 1357 1212110
950 1450 41945234
950 1451 15955915
950 1469 33099757
950 1481 44873239
950 1500 22879952
950 1524 5511421
950 1531 16396224
950 1550 52499554
950 1600 2016
950 1650 42464134
950 1700 14169489
950 1750 96456910
950 1761 45705494
950 1850 6997590
950 2150 41912992
950 2300 31598475
950 2350 37096797
950 2400 22970633
950 2420 31816110
950 2450 1837812
950 2500 12655108
950 2550 1837812
950 2580 31816110
950 2600 22970633
950 2650 37096797
950 2700 31598475
950 2850 41912992
950 3150 6997590
950 3239 45705494
950 3250 96456910
950 3300 14169489
950 3350 42464134
950 3400 2016
950 3450 52499554
950 3469 16396224
950 3476 5511421
950 3500 22879952
950 3519 44873239
950 3531 33099757
950 3549 15955915
950 3550 41945234
950 3643 1212110
950 3650 23138898
951 1359 9805694
951 1411 50239569
951 2280 15945839
951 2361 18559482
951 2639 18559482
951 2720 15945839
951 3589 50239569
951 3641 9805694
952 1322 1795494
952 2393 50066267
952 2464 6963332
952 2536 6963332
952 2607 50066267
952 3678 1795494
953 1444 78469729
953 2316 23831100
953 2375 34478116
953 2625 34478116
953 2684 23831100
953 3556 78469729
954 1375 16533254
954 1838 15958938
954 2275 6635872
954 2343 8584516
954 2657 8584516
954 2725 6635872
954 3162 15958938
954 3625 16533254
955 1332 14114073
955 1338 2016
955 1678 2020183
955 1824 24286523
955 2298 27267929
955 2470 16873813
955 2494 15584121
955 2506 15584121
955 2530 16873813
955 2702 27267929
955 3176 24286523
955 3322 2020183
955 3662 2016
955 3668 14114073
956 2262 8239927
956 2738 8239927
957 1431 53188733
957 2373 19682925
957 2480 26975733
957 2520 26975733
957 2627 19682925
957 3569 53188733
958 1649 16546352
958 3351 16546352
959 1359 17561985
959 2129 18056703
959 2434 23129830
959 2566 23129830
959 2871 18056703
959 3641 17561985
960 1440 56208427
960 1452 35022205
960 1541 16514110
960 2141 2823218
960 2310 22975671
960 2361 12297420
960 2416 46162932
960 2446 17259714
960 2554 17259714
960 2584 46162932
960 2639 12297420
960 2690 22975671
960 2859 2823218
960 3459 16514110
960 3548 35022205
960 3560 56208427
961 2141 14834487
961 2330 30033715
961 2359 13041008
961 2379 23867373
961 2621 23867373
961 2641 13041008
961 2670 30033715
961 2859 14834487
962 1346 41895863
962 1416 9512490
962 1480 7893322
962 2276 68264030
962 2494 35658991
962 2506 35658991
962 2724 68264030
962 3520 7893322
962 3584 9512490
962 3654 41895863
963 1850 11004705
963 2303 59385303
963 2697 59385303
963 3150 11004705
964 1400 41130108
964 1427 90446741
964 1589 12190617
964 1765 9697884
964 2129 70338621
964 2134 12224875
964 2333 22366090
964 2667 22366090
964 2866 12224875
964 2871 70338621
964 3235 9697884
964 3411 12190617
964 3573 90446741
964 3600 41130108
965 2126 109934196
965 2393 34866031
965 2607 34866031
965 2874 109934196
966 1452 21410911
966 1470 34088186
966 1686 58379746
966 2423 4791007
966 2577 4791007
966 3314 58379746
966 3530 34088186
966 3548 21410911
967 1377 19789728
967 1393 20906118
967 1420 63930461
967 2131 10044489
967 2281 13164940
967 2719 13164940
967 2869 10044489
967 3580 63930461
967 3607 20906118
967 3623 19789728
968 1639 64606542
968 2340 25634654
968 2406 41088798
968 2594 41088798
968 2660 25634654
968 3361 64606542
969 1387 33803043
969 1657 27075483
969 2289 16156422
969 2711 16156422
969 3343 27075483
969 3613 33803043
970 1340 7463088
970 1355 20067817
970 1439 49042573
970 1581 21421995
970 1844 22939398
970 2371 12199686
970 2629 12199686
970 3156 22939398
970 3419 21421995
970 3561 49042573
970 3645 20067817
970 3660 7463088
971 1454 18150407
971 1837 22585741
971 2140 29188362
971 2325 21458267
971 2376 5433838
971 2624 5433838
971 2675 21458267
971 2860 29188362
971 3163 22585741
971 3546 18150407
972 1664 53886981
972 2280 16771041
972 2720 16771041
972 3336 53886981
973 1494 45666199
973 1675 42194105
973 1782 35399037
973 2304 35715415
973 2360 11239469
973 2640 11239469
973 2696 35715415
973 3218 35399037
973 3325 42194105
973 3506 45666199
974 2391 56314223
974 2609 56314223
975 1426 24522295
975 2415 38100338
975 2585 38100338
975 3574 24522295
976 2126 7260566
976 2342 32275563
976 2658 32275563
976 2874 7260566
977 1369 2016
977 1424 9778489
977 1467 37125009
977 2062 117440610
977 2479 9501407
977 2521 9501407
977 2938 117440610
977 3533 37125009
977 3576 9778489
977 3631 2016
978 1658 42732148
978 2130 66006060
978 2320 34391465
978 2388 12475760
978 2612 12475760
978 2680 34391465
978 2870 66006060
978 3342 42732148
979 1398 23008921
979 1410 29070476
979 3590 29070476
979 3602 23008921
980 1440 55768118
980 1736 5428800
980 1957 8290305
980 2110 63560682
980 2349 37408136
980 2651 37408136
980 2890 63560682
980 3043 8290305
980 3264 5428800
980 3560 55768118
981 2314 18144362
981 2686 18144362
982 2122 99074582
982 2432 7321021
982 2568 7321021
982 2878 99074582
983 2330 24998876
983 2463 30122381
983 2474 44414794
983 2526 44414794
983 2537 30122381
983 2670 24998876
984 1859 3132543
984 2452 8572425
984 2484 57488044
984 2516 57488044
984 2548 8572425
984 3141 3132543
985 1420 19915674
985 1945 51289460
985 3055 51289460
985 3580 19915674
986 1370 25949017
986 2333 39977446
986 2667 39977446
986 3630 25949017
987 1460 2016
987 1467 13145796
987 1935 133396524
987 1969 131820681
987 2480 49218899
987 2499 35167296
987 2501 35167296
987 2520 49218899
987 3031 131820681
987 3065 133396524
987 3533 13145796
987 3540 2016
988 2030 72205652
988 2054 50466273
988 2330 31812080
988 2388 2016
988 2490 14299466
988 2492 16224937
988 2508 16224937
988 2510 14299466
988 2612 2016
988 2670 31812080
988 2946 50466273
988 2970 72205652
989 1959 81941823
989 2101 3852957
989 2342 26796385
989 2383 13802733
989 2424 14423398
989 2464 60075490
989 2536 60075490
989 2576 14423398
989 2617 13802733
989 2658 26796385
989 2899 3852957
989 3041 81941823
990 1484 42023825
990 1953 100704834
990 1956 12106989
990 1968 110065181
990 2074 27830154
990 2097 82038550
990 2107 2405076
990 2347 16587663
990 2471 20157491
990 2529 20157491
990 2653 16587663
990 2893 2405076
990 2903 82038550
990 2926 27830154
990 3032 110065181
990 3044 12106989
990 3047 100704834
990 3516 42023825
991 2036 119289505
991 2494 32842826
991 2506 32842826
991 2964 119289505
992 1638 31166226
992 2410 91385798
992 2590 91385798
992 3362 31166226
993 2020 52766561
993 2980 52766561
994 2047 14942297
994 2297 14321633
994 2703 14321633
994 2953 14942297
995 1987 417651807
995 3013 417651807
996 1979 245633023
996 3021 245633023
998 1859 3414663
998 1908 12620851
998 2060 19828015
998 2104 96121388
998 2896 96121388
998 2940 19828015
998 3092 12620851
998 3141 3414663
999 1420 7364346
999 1428 28998938
999 1790 48419894
999 1938 45199693
999 1991 45672244
999 3009 45672244
999 3062 45199693
999 3210 48419894
999 3572 28998938
999 3580 7364346
1001 2150 470537
1001 2361 1589950
1001 2639 1589950
1001 2850 470537
1002 2157 2016
1002 2189 691195
1002 2811 691195
1002 2843 2016
1004 2304 333507
1004 2696 333507
1009 2190 2016
1009 2810 2016
1011 2212 571294
1011 2788 571294
1030 1999 40515489
1030 3001 40515489
1036 2010 32638289
1036 2990 32638289
1040 2007 12333693
1040 2993 12333693
1041 1999 32027700
1041 3001 32027700
1050 2007 3361262
1050 2993 3361262
1051 2003 12026383
1051 2997 12026383
1054 2010 13987119
1054 2990 13987119
1057 2005 24039667
1057 2500 30150593
1057 2995 24039667
1062 2002 5191013
1062 2998 5191013
1064 2467 21091511
1064 2533 21091511
1065 2003 11159871
1065 2997 11159871
1067 2007 27401936
1067 2993 27401936
1071 2491 4462538
1071 2509 4462538
1072 2462 9122560
1072 2538 9122560
1073 2480 9276718
1073 2520 9276718
1075 2004 36968835
1075 2996 36968835
1079 2476 22374150
1079 2524 22374150
1080 1999 27897662
1080 2018 12559389
1080 2982 12559389
1080 3001 27897662
1081 2488 6766856
1081 2512 6766856
1082 2496 25750525
1082 2504 25750525
1083 2007 3939608
1083 2993 3939608
1086 2008 23540919
1086 2992 23540919
1090 1998 23031088
1090 2492 7991056
1090 2508 7991056
1090 3002 23031088
1095 2006 33714376
1095 2994 33714376
1103 1998 11705975
1103 3002 11705975
1108 2007 28388349
1108 2993 28388349
1113 1998 15896468
1113 3002 15896468
1123 2011 2398023
1123 2989 2398023
1129 2011 22583725
1129 2989 22583725
1133 2030 4846423
1133 2970 4846423
1142 2025 2016
1142 2975 2016
1144 2013 2763771
1144 2017 9466142
1144 2983 9466142
1144 2987 2763771
1145 1990 35821210
1145 3010 35821210
1148 2028 2016
1148 2972 2016
1151 2015 16370027
1151 2985 16370027
1155 1534 10647017
1155 3466 10647017
1157 2025 506809
1157 2975 506809
1158 1539 78033450
1158 3461 78033450
1164 1549 12723623
1164 3451 12723623
1166 1997 9569922
1166 3003 9569922
1170 1549 19598289
1170 3451 19598289
1171 1559 87038124
1171 3441 87038124
1176 1559 46281825
1176 3441 46281825
1180 1570 55334862
1180 3430 55334862
1184 1996 21721244
1184 3004 21721244
1187 1581 49902033
1187 3419 49902033
1188 1569 38092278
1188 3431 38092278
1189 1584 56147973
1189 3416 56147973
1192 1590 35304325
1192 3410 35304325
1197 1593 88609937
1197 3407 88609937
1200 1600 58967160
1200 3400 58967160
1205 1605 145324165
1205 3395 145324165
1217 1622 12874759
1217 3378 12874759
1220 1624 120252744
1220 3376 120252744
1221 1610 30033715
1221 3390 30033715
1230 1637 162849877
1230 3363 162849877
1231 1620 17919673
1231 3380 17919673
1240 1648 114677847
1240 3352 114677847
1248 1658 115243095
1248 3342 115243095
1254 1676 16797238
1254 3324 16797238
1265 1675 61362160
1265 3325 61362160
1268 1680 60173224
1268 3320 60173224
1271 1691 36378397
1271 3309 36378397
1277 1700 12977531
1277 3300 12977531
1278 1701 22195810
1278 3299 22195810
1281 1704 2016
1281 3296 2016
1285 1696 55991799
1285 3304 55991799
1287 1700 63260426
1287 3300 63260426
1292 2032 3253451
1292 2968 3253451
1295 1718 12673245
1295 3282 12673245
1299 1714 39612704
1299 3286 39612704
1302 1715 15196206
1302 3285 15196206
1304 1727 1936554
1304 2031 33274067
1304 2969 33274067
1304 3273 1936554
1313 1725 39921022
1313 3275 39921022
1318 1740 8040427
1318 3260 8040427
1322 952 1795494
1322 4048 1795494
1324 2320 9213241
1324 2680 9213241
1325 1737 14755896
1325 3263 14755896
1329 947 6496827
1329 4053 6496827
1332 955 14114073
1332 1743 26064888
1332 2041 27716299
1332 2959 27716299
1332 3257 26064888
1332 4045 14114073
1338 955 2016
1338 4045 2016
1339 2040 62770746
1339 2960 62770746
1340 970 7463088
1340 4030 7463088
1346 962 41895863
1346 4038 41895863
1350 950 23138898
1350 2050 3707866
1350 2950 3707866
1350 4050 23138898
1355 970 20067817
1355 1766 17846121
1355 3234 17846121
1355 4030 20067817
1357 950 1212110
1357 4050 1212110
1359 951 9805694
1359 959 17561985
1359 4041 17561985
1359 4049 9805694
1360 1775 13182069
1360 2041 56334374
1360 2959 56334374
1360 3225 13182069
1363 1799 7524550
1363 3201 7524550
1367 1803 1736048
1367 3197 1736048
1369 977 2016
1369 4023 2016
1370 986 25949017
1370 1779 19779652
1370 3221 19779652
1370 4014 25949017
1373 1779 53583702
1373 3221 53583702
1375 954 16533254
1375 1799 44415802
1375 3201 44415802
1375 4046 16533254
1377 967 19789728
1377 4033 19789728
1384 1830 8097859
1384 3170 8097859
1387 969 33803043
1387 4031 33803043
1390 1810 29398944
1390 3190 29398944
1391 1804 73004657
1391 3196 73004657
1393 967 20906118
1393 4033 20906118
1398 979 23008921
1398 4021 23008921
1399 1802 2016
1399 3198 2016
1400 944 12867706
1400 964 41130108
1400 1800 140527113
1400 3200 140527113
1400 4036 41130108
1400 4056 12867706
1408 2084 6351736
1408 2916 6351736
1409 1810 39253001
1409 3190 39253001
1410 979 29070476
1410 4021 29070476
1411 927 13699961
1411 951 50239569
1411 1912 27192361
1411 3088 27192361
1411 4049 50239569
1411 4073 13699961
1415 2074 24920286
1415 2926 24920286
1416 962 9512490
1416 4038 9512490
1419 1910 25388807
1419 3090 25388807
1420 967 63930461
1420 985 19915674
1420 999 7364346
1420 4001 7364346
1420 4015 19915674
1420 4033 63930461
1421 2081 208568
1421 2919 208568
1424 977 9778489
1424 4023 9778489
1426 912 2016
1426 975 24522295
1426 1905 23725305
1426 3095 23725305
1426 4025 24522295
1426 4088 2016
1427 964 90446741
1427 2082 7028825
1427 2095 280106
1427 2905 280106
1427 2918 7028825
1427 4036 90446741
1428 999 28998938
1428 4001 28998938
1429 1903 145932738
1429 3097 145932738
1430 2080 788930
1430 2090 2631779
1430 2910 2631779
1430 2920 788930
1431 957 53188733
1431 4043 53188733
1435 1897 63844818
1435 3103 63844818
1439 970 49042573
1439 4030 49042573
1440 960 56208427
1440 980 55768118
1440 4020 55768118
1440 4040 56208427
1442 1895 53229036
1442 3105 53229036
1444 953 78469729
1444 4047 78469729
1447 925 76140222
1447 931 21615449
1447 940 29866458
1447 4060 29866458
1447 4069 21615449
1447 4075 76140222
1448 1893 113235003
1448 3107 113235003
1450 884 61446796
1450 897 22762066
1450 900 13666711
1450 950 41945234
1450 1450 3169823
1450 2100 23251746
1450 2900 23251746
1450 3550 3169823
1450 4050 41945234
1450 4100 13666711
1450 4103 22762066
1450 4116 61446796
1451 950 15955915
1451 4050 15955915
1452 960 35022205
1452 966 21410911
1452 4034 21410911
1452 4040 35022205
1453 883 30179813
1453 2101 1845873
1453 2899 1845873
1453 4117 30179813
1454 920 79360423
1454 971 18150407
1454 4029 18150407
1454 4080 79360423
1455 945 112474286
1455 4055 112474286
1456 1885 8699380
1456 3115 8699380
1457 1889 136573400
1457 3111 136573400
1460 987 2016
1460 4013 2016
1461 1885 107863635
1461 2100 8929106
1461 2900 8929106
1461 3115 107863635
1462 1843 30921386
1462 3157 30921386
1463 931 70266076
1463 2079 19332290
1463 2921 19332290
1463 4069 70266076
1464 918 61112282
1464 4082 61112282
1465 902 32182867
1465 4098 32182867
1466 1857 9130620
1466 3143 9130620
1467 912 65554668
1467 977 37125009
1467 987 13145796
1467 4013 13145796
1467 4023 37125009
1467 4088 65554668
1469 950 33099757
1469 4050 33099757
1470 966 34088186
1470 1882 134512914
1470 3118 134512914
1470 4034 34088186
1472 1850 24020524
1472 3150 24020524
1474 1877 124760622
1474 3123 124760622
1475 891 30991916
1475 4109 30991916
1476 2090 14561435
1476 2910 14561435
1479 863 35914914
1479 1870 115000270
1479 3130 115000270
1479 4137 35914914
1480 872 41755811
1480 882 59737953
1480 915 31967246
1480 962 7893322
1480 4038 7893322
1480 4085 31967246
1480 4118 59737953
1480 4128 41755811
1481 930 46962944
1481 950 44873239
1481 1860 313048676
1481 3140 313048676
1481 4050 44873239
1481 4070 46962944
1482 1875 157042230
1482 3125 157042230
1483 900 2016
1483 4100 2016
1484 990 42023825
1484 4010 42023825
1487 911 43681281
1487 923 29435217
1487 2084 38947707
1487 2916 38947707
1487 4077 29435217
1487 4089 43681281
1490 1870 121696595
1490 3130 121696595
1491 895 32182867
1491 2123 38822768
1491 2877 38822768
1491 4105 32182867
1492 944 19168055
1492 4056 19168055
1494 973 45666199
1494 4027 45666199
1495 922 33723445
1495 4078 33723445
1496 918 40082233
1496 4082 40082233
1497 2092 13206250
1497 2908 13206250
1498 934 95439262
1498 4066 95439262
1499 1863 144142283
1499 3137 144142283
1500 850 11102439
1500 900 57721801
1500 913 32196973
1500 950 22879952
1500 1500 4099812
1500 1550 2410113
1500 2100 35768816
1500 2200 19623478
1500 2500 11361385
1500 2800 19623478
1500 2900 35768816
1500 3450 2410113
1500 3500 4099812
1500 4050 22879952
1500 4087 32196973
1500 4100 57721801
1500 4150 11102439
1501 883 24613984
1501 4117 24613984
1502 910 1942600
1502 4090 1942600
1504 862 29486603
1504 1863 173472711
1504 2090 12526139
1504 2910 12526139
1504 3137 173472711
1504 4138 29486603
1506 921 4270092
1506 4079 4270092
1511 896 24325818
1511 4104 24325818
1512 872 27434178
1512 2087 80606
1512 2913 80606
1512 4128 27434178
1515 2110 11913535
1515 2890 11913535
1516 863 75529633
1516 900 36150686
1516 4100 36150686
1516 4137 75529633
1517 942 39007154
1517 2090 35442363
1517 2910 35442363
1517 4058 39007154
1519 918 61012532
1519 4082 61012532
1520 925 5257513
1520 1854 238158852
1520 2096 34934546
1520 2098 25951032
1520 2106 15249607
1520 2894 15249607
1520 2902 25951032
1520 2904 34934546
1520 3146 238158852
1520 4075 5257513
1521 900 63294683
1521 4100 63294683
1523 909 17531758
1523 4091 17531758
1524 911 58084527
1524 950 5511421
1524 4050 5511421
1524 4089 58084527
1526 899 46310037
1526 4101 46310037
1527 1840 5842912
1527 2096 45482821
1527 2904 45482821
1527 3160 5842912
1530 2107 90191825
1530 2893 90191825
1531 950 16396224
1531 1846 415013983
1531 3154 415013983
1531 4050 16396224
1533 911 46020864
1533 2091 5640390
1533 2909 5640390
1533 4089 46020864
1534 893 44982057
1534 1155 10647017
1534 3845 10647017
1534 4107 44982057
1535 2156 162021653
1535 2844 162021653
1537 833 69121474
1537 4167 69121474
1538 2101 5534595
1538 2899 5534595
1539 1158 78033450
1539 3842 78033450
1540 895 43155329
1540 4105 43155329
1541 960 16514110
1541 4040 16514110
1544 880 32306798
1544 891 39707416
1544 4109 39707416
1544 4120 32306798
1546 1837 324648856
1546 3163 324648856
1548 915 57255295
1548 2109 65106298
1548 2891 65106298
1548 4085 57255295
1549 1164 12723623
1549 1170 19598289
1549 3830 19598289
1549 3836 12723623
1550 800 2061493
1550 835 2016
1550 850 25478481
1550 900 29895677
1550 910 14469746
1550 950 52499554
1550 1500 2410113
1550 1550 5200081
1550 1600 3287709
1550 1650 4452462
1550 1750 2016
1550 1800 2016
1550 2100 29839253
1550 2300 2392985
1550 2500 2016
1550 2700 2392985
1550 2900 29839253
1550 3200 2016
1550 3250 2016
1550 3350 4452462
1550 3400 3287709
1550 3450 5200081
1550 3500 2410113
1550 4050 52499554
1550 4090 14469746
1550 4100 29895677
1550 4150 25478481
1550 4165 2016
1550 4200 2061493
1551 2091 44868201
1551 2114 38410671
1551 2886 38410671
1551 2909 44868201
1552 872 41077715
1552 4128 41077715
1557 824 75065143
1557 4176 75065143
1558 865 2016
1558 4135 2016
1559 1171 87038124
1559 1176 46281825
1559 3824 46281825
1559 3829 87038124
1560 893 21626532
1560 938 31621649
1560 4062 31621649
1560 4107 21626532
1561 945 78037481
1561 2102 15725181
1561 2898 15725181
1561 4055 78037481
1562 858 27123846
1562 4142 27123846
1563 851 67728001
1563 941 32867008
1563 2110 80698479
1563 2890 80698479
1563 4059 32867008
1563 4149 67728001
1564 888 54404873
1564 4112 54404873
1565 915 90058826
1565 4085 90058826
1567 880 52268820
1567 4120 52268820
1568 1823 79527680
1568 3177 79527680
1569 906 27524860
1569 1188 38092278
1569 2180 125154583
1569 2820 125154583
1569 3812 38092278
1569 4094 27524860
1570 883 63929454
1570 1180 55334862
1570 2198 2016
1570 2802 2016
1570 3820 55334862
1570 4117 63929454
1571 833 18374089
1571 891 41469660
1571 1816 156629126
1571 3184 156629126
1571 4109 41469660
1571 4167 18374089
1573 910 52862280
1573 4090 52862280
1574 1811 81439045
1574 2254 52228517
1574 2746 52228517
1574 3189 81439045
1578 880 65761220
1578 924 64833246
1578 2185 184131819
1578 2815 184131819
1578 4076 64833246
1578 4120 65761220
1579 2199 25728359
1579 2801 25728359
1580 873 8875705
1580 2111 30684607
1580 2889 30684607
1580 4127 8875705
1581 949 37427280
1581 970 21421995
1581 1187 49902033
1581 3813 49902033
1581 4030 21421995
1581 4051 37427280
1583 1794 129043812
1583 3206 129043812
1584 1189 56147973
1584 3811 56147973
1585 877 115357958
1585 1811 79059159
1585 3189 79059159
1585 4123 115357958
1586 2193 129556666
1586 2807 129556666
1587 2191 11843005
1587 2809 11843005
1589 927 6536122
1589 964 12190617
1589 4036 12190617
1589 4073 6536122
1590 892 29738496
1590 1192 35304325
1590 2200 84756980
1590 2243 29905753
1590 2757 29905753
1590 2800 84756980
1590 3808 35304325
1590 4108 29738496
1592 1804 163417140
1592 2195 150110133
1592 2805 150110133
1592 3196 163417140
1593 896 8156298
1593 1197 88609937
1593 3803 88609937
1593 4104 8156298
1594 914 92201932
1594 4086 92201932
1595 1800 111292404
1595 3200 111292404
1598 2200 17254676
1598 2800 17254676
1599 936 9725088
1599 4064 9725088
1600 800 2856468
1600 826 8283252
1600 850 25421049
1600 864 10064640
1600 900 87858288
1600 950 2016
1600 1200 58967160
1600 1550 3287709
1600 1600 9375461
1600 1650 6450478
1600 1700 7045953
1600 1750 1859979
1600 1800 3638344
1600 2201 91615525
1600 2212 188079487
1600 2232 145338271
1600 2237 194408048
1600 2250 234665598
1600 2300 12961410
1600 2308 6956279
1600 2400 42298892
1600 2410 81222417
1600 2500 2016
1600 2590 81222417
1600 2600 42298892
1600 2692 6956279
1600 2700 12961410
1600 2750 234665598
1600 2763 194408048
1600 2768 145338271
1600 2788 188079487
1600 2799 91615525
1600 3200 3638344
1600 3250 1859979
1600 3300 7045953
1600 3350 6450478
1600 3400 9375461
1600 3450 3287709
1600 3800 58967160
1600 4050 2016
1600 4100 87858288
1600 4136 10064640
1600 4150 25421049
1600 4174 8283252
1600 4200 2856468
1601 889 17654682
1601 4111 17654682
1602 2203 317377206
1602 2797 317377206
1603 2215 245600780
1603 2428 65003526
1603 2429 48663726
1603 2571 48663726
1603 2572 65003526
1603 2785 245600780
1604 830 1957713
1604 947 513862
1604 1750 1302791
1604 1797 40859071
1604 2417 47881850
1604 2583 47881850
1604 3203 40859071
1604 3250 1302791
1604 4053 513862
1604 4170 1957713
1605 875 31347589
1605 896 66900784
1605 1205 145324165
1605 2243 50768545
1605 2757 50768545
1605 3795 145324165
1605 4104 66900784
1605 4125 31347589
1606 823 26219046
1606 922 35337575
1606 4078 35337575
1606 4177 26219046
1607 814 15618378
1607 867 18959488
1607 4133 18959488
1607 4186 15618378
1609 846 40067120
1609 870 130930995
1609 2221 186272910
1609 2779 186272910
1609 4130 130930995
1609 4154 40067120
1610 1221 30033715
1610 2224 150741881
1610 2282 4887734
1610 2718 4887734
1610 2776 150741881
1610 3779 30033715
1611 942 43617804
1611 2420 56307170
1611 2580 56307170
1611 4058 43617804
1612 1790 251095072
1612 3210 251095072
1613 2210 61308758
1613 2220 82051649
1613 2780 82051649
1613 2790 61308758
1614 905 17235532
1614 4095 17235532
1618 837 12604730
1618 4163 12604730
1619 834 4276137
1619 4166 4276137
1620 811 35503825
1620 902 9364377
1620 1231 17919673
1620 1780 329677649
1620 2235 131590955
1620 2249 147495483
1620 2424 84071831
1620 2443 39529076
1620 2557 39529076
1620 2576 84071831
1620 2751 147495483
1620 2765 131590955
1620 3220 329677649
1620 3769 17919673
1620 4098 9364377
1620 4189 35503825
1622 832 12493897
1622 1217 12874759
1622 3783 12874759
1622 4168 12493897
1623 886 115852676
1623 4114 115852676
1624 1220 120252744
1624 3780 120252744
1627 933 18163506
1627 1779 43436441
1627 2221 17361478
1627 2779 17361478
1627 3221 43436441
1627 4067 18163506
1628 929 103741657
1628 4071 103741657
1630 805 6627811
1630 830 28327895
1630 1742 41667144
1630 2316 3123475
1630 2684 3123475
1630 3258 41667144
1630 4170 28327895
1630 4195 6627811
1631 2430 73733132
1631 2570 73733132
1632 1750 383966651
1632 1775 2701302
1632 2265 11602195
1632 2735 11602195
1632 3225 2701302
1632 3250 383966651
1633 874 2016
1633 1720 17238555
1633 3280 17238555
1633 4126 2016
1634 859 28295653
1634 4141 28295653
1635 903 71120497
1635 4097 71120497
1636 2259 14260171
1636 2741 14260171
1637 939 47155391
1637 1230 162849877
1637 3770 162849877
1637 4061 47155391
1638 809 820164
1638 992 31166226
1638 4008 31166226
1638 4191 820164
1639 831 55706656
1639 968 64606542
1639 4032 64606542
1639 4169 55706656
1640 811 7484247
1640 1768 324203509
1640 2252 80832486
1640 2265 15918635
1640 2735 15918635
1640 2748 80832486
1640 3232 324203509
1640 4189 7484247
1641 871 6090775
1641 1741 46789642
1641 3259 46789642
1641 4129 6090775
1642 820 5839889
1642 2233 36215171
1642 2767 36215171
1642 4180 5839889
1643 1766 2016
1643 3234 2016
1644 850 32971796
1644 2236 299989532
1644 2764 299989532
1644 4150 32971796
1645 893 8279222
1645 4107 8279222
1646 823 28311774
1646 4177 28311774
1648 1240 114677847
1648 2294 90653293
1648 2706 90653293
1648 3760 114677847
1649 958 16546352
1649 4042 16546352
1650 800 18026476
1650 850 2016
1650 950 42464134
1650 1550 4452462
1650 1600 6450478
1650 1650 25564124
1650 1700 91382776
1650 1750 352697653
1650 2150 13238493
1650 2250 31780845
1650 2260 149749422
1650 2300 32969780
1650 2329 24514234
1650 2350 68491741
1650 2400 2016
1650 2450 43264146
1650 2500 2016
1650 2550 43264146
1650 2600 2016
1650 2650 68491741
1650 2671 24514234
1650 2700 32969780
1650 2740 149749422
1650 2750 31780845
1650 2850 13238493
1650 3250 352697653
1650 3300 91382776
1650 3350 25564124
1650 3400 6450478
1650 3450 4452462
1650 4050 42464134
1650 4150 2016
1650 4200 18026476
1651 2138 69436844
1651 2862 69436844
1652 883 32754160
1652 4117 32754160
1654 904 49506057
1654 4096 49506057
1655 2300 122671925
1655 2700 122671925
1656 835 33191446
1656 4165 33191446
1657 969 27075483
1657 4031 27075483
1658 978 42732148
1658 1248 115243095
1658 3752 115243095
1658 4022 42732148
1660 1736 459741123
1660 2127 50830007
1660 2131 104727063
1660 2322 47892933
1660 2678 47892933
1660 2869 104727063
1660 2873 50830007
1660 3264 459741123
1662 2330 3148664
1662 2375 2016
1662 2625 2016
1662 2670 3148664
1663 1746 462763840
1663 3254 462763840
1664 799 1632268
1664 874 24141432
1664 972 53886981
1664 4028 53886981
1664 4126 24141432
1664 4201 1632268
1668 1742 105501886
1668 3258 105501886
1670 2131 6020245
1670 2423 25450269
1670 2577 25450269
1670 2869 6020245
1671 2408 87918742
1671 2592 87918742
1672 946 116387697
1672 2262 407361471
1672 2343 72624802
1672 2657 72624802
1672 2738 407361471
1672 4054 116387697
1674 907 55743937
1674 4093 55743937
1675 973 42194105
1675 1265 61362160
1675 3735 61362160
1675 4027 42194105
1676 1254 16797238
1676 3746 16797238
1678 955 2020183
1678 4045 2020183
1680 1268 60173224
1680 2333 39168365
1680 2667 39168365
1680 3732 60173224
1681 863 2016
1681 1730 871038171
1681 3270 871038171
1681 4137 2016
1683 851 2566287
1683 4149 2566287
1686 966 58379746
1686 2289 111364949
1686 2711 111364949
1686 4034 58379746
1687 895 7241422
1687 2342 31860443
1687 2658 31860443
1687 4105 7241422
1690 882 34411616
1690 2327 10651047
1690 2673 10651047
1690 4118 34411616
1691 1271 36378397
1691 3729 36378397
1692 1720 229843358
1692 2316 54452229
1692 2684 54452229
1692 3280 229843358
1696 1285 55991799
1696 3715 55991799
1697 899 15741302
1697 1715 144087874
1697 3285 144087874
1697 4101 15741302
1698 2286 87773652
1698 2714 87773652
1700 850 9094348
1700 950 14169489
1700 1277 12977531
1700 1287 63260426
1700 1600 7045953
1700 1650 91382776
1700 1700 91992357
1700 2081 34168791
1700 2150 32190927
1700 2300 132026226
1700 2350 199685712
1700 2400 2016
1700 2450 2016
1700 2500 13820869
1700 2550 2016
1700 2600 2016
1700 2650 199685712
1700 2700 132026226
1700 2850 32190927
1700 2919 34168791
1700 3300 91992357
1700 3350 91382776
1700 3400 7045953
1700 3713 63260426
1700 3723 12977531
1700 4050 14169489
1700 4150 9094348
1701 1278 22195810
1701 3722 22195810
1702 867 5399580
1702 4133 5399580
1703 886 8175442
1703 4114 8175442
1704 1281 2016
1704 2069 28142502
1704 2931 28142502
1704 3719 2016
1705 2332 44425877
1705 2668 44425877
1707 890 4074623
1707 4110 4074623
1708 878 16308565
1708 4122 16308565
1709 919 49299504
1709 4081 49299504
1710 872 2016
1710 4128 2016
1712 942 23140913
1712 2430 2016
1712 2570 2016
1712 4058 23140913
1713 935 64666997
1713 4065 64666997
1714 1299 39612704
1714 3701 39612704
1715 1302 15196206
1715 1697 144087874
1715 3303 144087874
1715 3698 15196206
1716 2359 82331754
1716 2641 82331754
1717 2383 4151198
1717 2617 4151198
1718 1295 12673245
1718 3705 12673245
1720 1633 17238555
1720 1692 229843358
1720 2140 21000829
1720 2860 21000829
1720 3308 229843358
1720 3367 17238555
1724 940 62857397
1724 4060 62857397
1725 1313 39921022
1725 3687 39921022
1727 1304 1936554
1727 3696 1936554
1730 1681 871038171
1730 3319 871038171
1731 933 71968873
1731 4067 71968873
1733 903 9022810
1733 4097 9022810
1736 980 5428800
1736 1660 459741123
1736 3340 459741123
1736 4020 5428800
1737 1325 14755896
1737 3675 14755896
1740 1318 8040427
1740 3682 8040427
1741 1641 46789642
1741 3359 46789642
1742 1630 41667144
1742 1668 105501886
1742 3332 105501886
1742 3370 41667144
1743 1332 26064888
1743 3668 26064888
1746 1663 462763840
1746 3337 462763840
1750 900 12907001
1750 950 96456910
1750 1550 2016
1750 1600 1859979
1750 1604 1302791
1750 1632 383966651
1750 1650 352697653
1750 2350 29799958
1750 2370 42218286
1750 2400 2016
1750 2450 19175108
1750 2500 16137278
1750 2550 19175108
1750 2600 2016
1750 2630 42218286
1750 2650 29799958
1750 3350 352697653
1750 3368 383966651
1750 3396 1302791
1750 3400 1859979
1750 3450 2016
1750 4050 96456910
1750 4100 12907001
1760 2417 2016
1760 2583 2016
1761 950 45705494
1761 4050 45705494
1765 964 9697884
1765 4036 9697884
1766 1355 17846121
1766 1643 2016
1766 3357 2016
1766 3645 17846121
1768 1640 324203509
1768 3360 324203509
1769 2370 34525472
1769 2630 34525472
1775 1360 13182069
1775 1632 2701302
1775 3368 2701302
1775 3640 13182069
1779 1370 19779652
1779 1373 53583702
1779 1627 43436441
1779 2106 28826643
1779 2894 28826643
1779 3373 43436441
1779 3627 53583702
1779 3630 19779652
1780 1620 329677649
1780 2430 34709858
1780 2570 34709858
1780 3380 329677649
1782 973 35399037
1782 4027 35399037
1784 2113 12457624
1784 2887 12457624
1790 999 48419894
1790 1612 251095072
1790 3388 251095072
1790 4001 48419894
1792 2125 33444347
1792 2875 33444347
1793 2396 109700439
1793 2604 109700439
1794 1583 129043812
1794 3417 129043812
1795 2120 28982817
1795 2880 28982817
1797 1604 40859071
1797 2405 358247361
1797 2595 358247361
1797 3396 40859071
1799 1363 7524550
1799 1375 44415802
1799 3625 44415802
1799 3637 7524550
1800 1400 140527113
1800 1550 2016
1800 1595 111292404
1800 1600 3638344
1800 2100 26412500
1800 2118 25241701
1800 2400 19545895
1800 2450 36283686
1800 2500 21317207
1800 2550 36283686
1800 2600 19545895
1800 2882 25241701
1800 2900 26412500
1800 3400 3638344
1800 3405 111292404
1800 3450 2016
1800 3600 140527113
1801 2100 16401262
1801 2900 16401262
1802 1399 2016
1802 3601 2016
1803 1367 1736048
1803 3633 1736048
1804 1391 73004657
1804 1592 163417140
1804 3408 163417140
1804 3609 73004657
1805 2420 354331935
1805 2580 354331935
1810 1390 29398944
1810 1409 39253001
1810 3591 39253001
1810 3610 29398944
1811 1574 81439045
1811 1585 79059159
1811 3415 79059159
1811 3426 81439045
1812 2430 395634337
1812 2570 395634337
1816 1571 156629126
1816 3429 156629126
1818 939 55388264
1818 4061 55388264
1823 1568 79527680
1823 3432 79527680
1824 955 24286523
1824 4045 24286523
1826 2460 497035404
1826 2540 497035404
1830 1384 8097859
1830 2490 12160390
1830 2510 12160390
1830 3616 8097859
1837 971 22585741
1837 1546 324648856
1837 3454 324648856
1837 4029 22585741
1838 954 15958938
1838 4046 15958938
1840 1527 5842912
1840 3473 5842912
1843 1462 30921386
1843 3538 30921386
1844 970 22939398
1844 4030 22939398
1846 1531 415013983
1846 3469 415013983
1850 950 6997590
1850 963 11004705
1850 1472 24020524
1850 2500 212372054
1850 3528 24020524
1850 4037 11004705
1850 4050 6997590
1854 1520 238158852
1854 2500 375310597
1854 3480 238158852
1857 1466 9130620
1857 3534 9130620
1859 984 3132543
1859 998 3414663
1859 4002 3414663
1859 4016 3132543
1860 1481 313048676
1860 3519 313048676
1861 2497 596152303
1861 2503 596152303
1863 1499 144142283
1863 1504 173472711
1863 3496 173472711
1863 3501 144142283
1864 2497 191690626
1864 2503 191690626
1867 2500 65585903
1868 2499 22274401
1868 2501 22274401
1870 1479 115000270
1870 1490 121696595
1870 3510 121696595
1870 3521 115000270
1875 1482 157042230
1875 3518 157042230
1877 1474 124760622
1877 3526 124760622
1882 1470 134512914
1882 3530 134512914
1885 1456 8699380
1885 1461 107863635
1885 3539 107863635
1885 3544 8699380
1889 1457 136573400
1889 3543 136573400
1890 2456 14649094
1890 2544 14649094
1891 2450 154094074
1891 2550 154094074
1893 1448 113235003
1893 3552 113235003
1895 1442 53229036
1895 3558 53229036
1896 2444 85747424
1896 2556 85747424
1897 1435 63844818
1897 3565 63844818
1900 2500 24612976
1903 1429 145932738
1903 3571 145932738
1905 1426 23725305
1905 3574 23725305
1908 998 12620851
1908 2495 2464522
1908 2505 2464522
1908 4002 12620851
1910 1419 25388807
1910 3581 25388807
1912 1411 27192361
1912 3589 27192361
1920 2495 21979182
1920 2505 21979182
1922 2500 36970850
1927 2499 44630414
1927 2501 44630414
1931 2476 2016
1931 2495 40540679
1931 2505 40540679
1931 2524 2016
1935 987 133396524
1935 4013 133396524
1936 2495 25100641
1936 2505 25100641
1938 999 45199693
1938 4001 45199693
1943 2444 31100734
1943 2556 31100734
1945 985 51289460
1945 2243 97776829
1945 2757 97776829
1945 4015 51289460
1950 2400 9046992
1950 2600 9046992
1952 2236 11439976
1952 2764 11439976
1953 990 100704834
1953 2225 3235315
1953 2433 8124056
1953 2567 8124056
1953 2775 3235315
1953 4010 100704834
1956 990 12106989
1956 4010 12106989
1957 980 8290305
1957 4020 8290305
1959 989 81941823
1959 4011 81941823
1963 2270 77597172
1963 2730 77597172
1968 990 110065181
1968 4010 110065181
1969 987 131820681
1969 4013 131820681
1970 2249 58410980
1970 2751 58410980
1971 2268 125369196
1971 2408 49225952
1971 2592 49225952
1971 2732 125369196
1973 2270 85966067
1973 2730 85966067
1976 2266 68631794
1976 2734 68631794
1979 996 245633023
1979 2231 16159445
1979 2769 16159445
1979 4004 245633023
1980 2241 34830766
1980 2245 13494416
1980 2247 3001558
1980 2280 44356355
1980 2720 44356355
1980 2753 3001558
1980 2755 13494416
1980 2759 34830766
1982 2250 70000077
1982 2750 70000077
1987 995 417651807
1987 1993 2016
1987 2233 41733644
1987 2767 41733644
1987 3007 2016
1987 4005 417651807
1988 2246 17534781
1988 2250 19420956
1988 2750 19420956
1988 2754 17534781
1989 810 1820684
1989 2261 21598320
1989 2739 21598320
1989 4190 1820684
1990 1145 35821210
1990 1995 48889422
1990 2231 34543608
1990 2242 95467474
1990 2758 95467474
1990 2769 34543608
1990 3005 48889422
1990 3855 35821210
1991 999 45672244
1991 4001 45672244
1992 2235 71695821
1992 2252 5645428
1992 2748 5645428
1992 2765 71695821
1993 1987 2016
1993 1993 110075256
1993 3007 110075256
1993 3013 2016
1994 2032 40947738
1994 2238 26680514
1994 2762 26680514
1994 2968 40947738
1995 1990 48889422
1995 1998 50136797
1995 2044 7154771
1995 2956 7154771
1995 3002 50136797
1995 3010 48889422
1996 1184 21721244
1996 3816 21721244
1997 1166 9569922
1997 2034 57892081
1997 2966 57892081
1997 3834 9569922
1998 1090 23031088
1998 1103 11705975
1998 1113 15896468
1998 1995 50136797
1998 3005 50136797
1998 3887 15896468
1998 3897 11705975
1998 3910 23031088
1999 1030 40515489
1999 1041 32027700
1999 1080 27897662
1999 1999 6104881
1999 2018 9972951
1999 2982 9972951
1999 3001 6104881
1999 3920 27897662
1999 3959 32027700
1999 3970 40515489
2001 2020 442325
2001 2980 442325
2002 1062 5191013
2002 3938 5191013
2003 1051 12026383
2003 1065 11159871
2003 3935 11159871
2003 3949 12026383
2004 1075 36968835
2004 2026 11470203
2004 2974 11470203
2004 3925 36968835
2005 1057 24039667
2005 3943 24039667
2006 1095 33714376
2006 3905 33714376
2007 1040 12333693
2007 1050 3361262
2007 1067 27401936
2007 1083 3939608
2007 1108 28388349
2007 3892 28388349
2007 3917 3939608
2007 3933 27401936
2007 3950 3361262
2007 3960 12333693
2008 1086 23540919
2008 3914 23540919
2010 1036 32638289
2010 1054 13987119
2010 3946 13987119
2010 3964 32638289
2011 1123 2398023
2011 1129 22583725
2011 3871 22583725
2011 3877 2398023
2013 1144 2763771
2013 3856 2763771
2015 1151 16370027
2015 3849 16370027
2017 1144 9466142
2017 3856 9466142
2018 1080 12559389
2018 1999 9972951
2018 3001 9972951
2018 3920 12559389
2019 2263 13393659
2019 2737 13393659
2020 993 52766561
2020 2001 442325
2020 2999 442325
2020 4007 52766561
2021 2280 70718476
2021 2720 70718476
2024 2282 115015383
2024 2718 115015383
2025 1142 2016
2025 1157 506809
2025 3843 506809
2025 3858 2016
2026 2004 11470203
2026 2286 82566518
2026 2714 82566518
2026 2996 11470203
2028 1148 2016
2028 2277 19638592
2028 2723 19638592
2028 3852 2016
2029 2252 1108330
2029 2748 1108330
2030 988 72205652
2030 1133 4846423
2030 3867 4846423
2030 4012 72205652
2031 1304 33274067
2031 2287 93337466
2031 2713 93337466
2031 3696 33274067
2032 1292 3253451
2032 1994 40947738
2032 3006 40947738
2032 3708 3253451
2034 1997 57892081
2034 3003 57892081
2035 2291 92353068
2035 2709 92353068
2036 991 119289505
2036 4009 119289505
2039 2274 36093255
2039 2726 36093255
2040 1339 62770746
2040 3661 62770746
2041 1332 27716299
2041 1360 56334374
2041 2293 45948319
2041 2707 45948319
2041 3640 56334374
2041 3668 27716299
2043 2301 13146804
2043 2699 13146804
2044 1995 7154771
2044 3005 7154771
2047 994 14942297
2047 2293 48925695
2047 2303 42126597
2047 2697 42126597
2047 2707 48925695
2047 4006 14942297
2050 1350 3707866
2050 2300 84735821
2050 2700 84735821
2050 3650 3707866
2053 2300 38410671
2053 2700 38410671
2054 988 50466273
2054 4012 50466273
2057 2304 19300047
2057 2696 19300047
2060 998 19828015
2060 2324 3313906
2060 2676 3313906
2060 4002 19828015
2062 977 117440610
2062 4023 117440610
2069 1704 28142502
2069 3296 28142502
2074 990 27830154
2074 1415 24920286
2074 3585 24920286
2074 4010 27830154
2079 1463 19332290
2079 2324 77152832
2079 2676 77152832
2079 3537 19332290
2080 1430 788930
2080 3570 788930
2081 1421 208568
2081 1700 34168791
2081 3300 34168791
2081 3579 208568
2082 1427 7028825
2082 3573 7028825
2084 1408 6351736
2084 1487 38947707
2084 3513 38947707
2084 3592 6351736
2087 1512 80606
2087 3488 80606
2090 1430 2631779
2090 1476 14561435
2090 1504 12526139
2090 1517 35442363
2090 3483 35442363
2090 3496 12526139
2090 3524 14561435
2090 3570 2631779
2091 1533 5640390
2091 1551 44868201
2091 3449 44868201
2091 3467 5640390
2092 1497 13206250
2092 3503 13206250
2095 1427 280106
2095 3573 280106
2096 1520 34934546
2096 1527 45482821
2096 3473 45482821
2096 3480 34934546
2097 990 82038550
2097 4010 82038550
2098 1520 25951032
2098 2497 726460
2098 2503 726460
2098 3480 25951032
2100 1450 23251746
2100 1461 8929106
2100 1500 35768816
2100 1550 29839253
2100 1800 26412500
2100 1801 16401262
2100 2500 30843803
2100 3199 16401262
2100 3200 26412500
2100 3450 29839253
2100 3500 35768816
2100 3539 8929106
2100 3550 23251746
2101 989 3852957
2101 1453 1845873
2101 1538 5534595
2101 3462 5534595
2101 3547 1845873
2101 4011 3852957
2102 1561 15725181
2102 3439 15725181
2104 998 96121388
2104 4002 96121388
2106 1520 15249607
2106 1779 28826643
2106 3221 28826643
2106 3480 15249607
2107 990 2405076
2107 1530 90191825
2107 2446 830240
2107 2554 830240
2107 3470 90191825
2107 4010 2405076
2108 2406 4779923
2108 2457 71284731
2108 2543 71284731
2108 2594 4779923
2109 1548 65106298
2109 3452 65106298
2110 980 63560682
2110 1515 11913535
2110 1563 80698479
2110 3437 80698479
2110 3485 11913535
2110 4020 63560682
2111 1580 30684607
2111 3420 30684607
2113 1784 12457624
2113 3216 12457624
2114 1551 38410671
2114 3449 38410671
2115 2446 63421637
2115 2554 63421637
2118 1800 25241701
2118 3200 25241701
2120 1795 28982817
2120 3205 28982817
2122 982 99074582
2122 2404 26236175
2122 2596 26236175
2122 4018 99074582
2123 1491 38822768
2123 3509 38822768
2125 1792 33444347
2125 3208 33444347
2126 965 109934196
2126 976 7260566
2126 4024 7260566
2126 4035 109934196
2127 1660 50830007
2127 3340 50830007
2129 959 18056703
2129 964 70338621
2129 4036 70338621
2129 4041 18056703
2130 978 66006060
2130 2390 2016
2130 2430 10983546
2130 2570 10983546
2130 2610 2016
2130 4022 66006060
2131 967 10044489
2131 1660 104727063
2131 1670 6020245
2131 3330 6020245
2131 3340 104727063
2131 4033 10044489
2132 2374 2016
2132 2383 2095751
2132 2617 2095751
2132 2626 2016
2134 964 12224875
2134 4036 12224875
2135 2370 82342837
2135 2630 82342837
2138 1651 69436844
2138 3349 69436844
2140 971 29188362
2140 1720 21000829
2140 2358 185136368
2140 2485 72007161
2140 2493 23431094
2140 2507 23431094
2140 2515 72007161
2140 2642 185136368
2140 3280 21000829
2140 4029 29188362
2141 960 2823218
2141 961 14834487
2141 4039 14834487
2141 4040 2823218
2150 950 41912992
2150 1001 470537
2150 1650 13238493
2150 1700 32190927
2150 2400 197708855
2150 2500 55978701
2150 2600 197708855
2150 3300 32190927
2150 3350 13238493
2150 3999 470537
2150 4050 41912992
2151 941 14789146
2151 4059 14789146
2156 1535 162021653
2156 3465 162021653
2157 934 11926634
2157 1002 2016
2157 3998 2016
2157 4066 11926634
2158 938 16642072
2158 2500 45997690
2158 4062 16642072
2165 940 7006658
2165 4060 7006658
2169 2426 2016
2169 2574 2016
2171 2444 26068918
2171 2556 26068918
2176 2438 24222038
2176 2562 24222038
2180 1569 125154583
2180 3431 125154583
2181 2451 63948598
2181 2549 63948598
2185 1578 184131819
2185 3422 184131819
2189 1002 691195
2189 3998 691195
2190 1009 2016
2190 3991 2016
2191 1587 11843005
2191 3413 11843005
2193 1586 129556666
2193 3414 129556666
2195 1592 150110133
2195 3408 150110133
2198 1570 2016
2198 3430 2016
2199 1579 25728359
2199 3421 25728359
2200 1500 19623478
2200 1590 84756980
2200 1598 17254676
2200 2400 3412648
2200 2450 89445214
2200 2500 8376956
2200 2550 89445214
2200 2600 3412648
2200 3402 17254676
2200 3410 84756980
2200 3500 19623478
2201 1600 91615525
2201 3400 91615525
2203 1602 317377206
2203 3398 317377206
2208 2420 105685264
2208 2443 7675686
2208 2557 7675686
2208 2580 105685264
2210 1613 61308758
2210 3387 61308758
2211 2491 10856592
2211 2509 10856592
2212 1011 571294
2212 1600 188079487
2212 3400 188079487
2212 3989 571294
2214 853 32354154
2214 4147 32354154
2215 1603 245600780
2215 3397 245600780
2219 2442 60294133
2219 2558 60294133
2220 842 12456617
2220 845 2636817
2220 1613 82051649
2220 3387 82051649
2220 4155 2636817
2220 4158 12456617
2221 1609 186272910
2221 1627 17361478
2221 2419 9798641
2221 2581 9798641
2221 3373 17361478
2221 3391 186272910
2224 1610 150741881
2224 2500 37538113
2224 3390 150741881
2225 1953 3235315
2225 3047 3235315
2231 827 2016
2231 842 7392558
2231 1979 16159445
2231 1990 34543608
2231 3010 34543608
2231 3021 16159445
2231 4158 7392558
2231 4173 2016
2232 1600 145338271
2232 3400 145338271
2233 834 26595878
2233 840 108360368
2233 907 22278431
2233 1642 36215171
2233 1987 41733644
2233 3013 41733644
2233 3358 36215171
2233 4093 22278431
2233 4160 108360368
2233 4166 26595878
2234 2430 75380513
2234 2570 75380513
2235 912 9285787
2235 1620 131590955
2235 1992 71695821
2235 3008 71695821
2235 3380 131590955
2235 4088 9285787
2236 1644 299989532
2236 1952 11439976
2236 3048 11439976
2236 3356 299989532
2237 906 21986235
2237 1600 194408048
2237 2448 174394640
2237 2552 174394640
2237 3400 194408048
2237 4094 21986235
2238 1994 26680514
2238 2442 75380513
2238 2558 75380513
2238 3006 26680514
2239 2499 49745859
2239 2501 49745859
2240 810 7142680
2240 858 75881276
2240 4142 75881276
2240 4190 7142680
2241 1980 34830766
2241 3020 34830766
2242 1990 95467474
2242 3010 95467474
2243 1590 29905753
2243 1605 50768545
2243 1945 97776829
2243 3055 97776829
2243 3395 50768545
2243 3410 29905753
2244 906 14583602
2244 4094 14583602
2245 1980 13494416
2245 3020 13494416
2246 890 1507329
2246 1988 17534781
2246 3012 17534781
2246 4110 1507329
2247 838 75923594
2247 1980 3001558
2247 2500 33907830
2247 3020 3001558
2247 4162 75923594
2248 833 40933632
2248 2500 26776234
2248 4167 40933632
2249 796 80756918
2249 916 30286616
2249 1620 147495483
2249 1970 58410980
2249 2486 68483680
2249 2514 68483680
2249 3030 58410980
2249 3380 147495483
2249 4084 30286616
2249 4204 80756918
2250 811 2003054
2250 820 64476566
2250 850 88802383
2250 900 614620
2250 1600 234665598
2250 1650 31780845
2250 1982 70000077
2250 1988 19420956
2250 2450 340576558
2250 2500 39436379
2250 2550 340576558
2250 3012 19420956
2250 3018 70000077
2250 3350 31780845
2250 3400 234665598
2250 4100 614620
2250 4150 88802383
2250 4180 64476566
2250 4189 2003054
2251 840 15442053
2251 4160 15442053
2252 762 2016
2252 810 2496765
2252 1640 80832486
2252 1992 5645428
2252 2029 1108330
2252 2971 1108330
2252 3008 5645428
2252 3360 80832486
2252 4190 2496765
2252 4238 2016
2254 1574 52228517
2254 3426 52228517
2257 815 2016
2257 857 17893477
2257 4143 17893477
2257 4185 2016
2258 907 21250707
2258 4093 21250707
2259 1636 14260171
2259 2461 90990830
2259 2539 90990830
2259 3364 14260171
2260 1650 149749422
2260 3350 149749422
2261 873 2016
2261 1989 21598320
2261 3011 21598320
2261 4127 2016
2262 940 40432868
2262 956 8239927
2262 1672 407361471
2262 3328 407361471
2262 4044 8239927
2262 4060 40432868
2263 842 32892197
2263 2019 13393659
2263 2981 13393659
2263 4158 32892197
2264 904 35145129
2264 912 14908040
2264 4088 14908040
2264 4096 35145129
2265 1632 11602195
2265 1640 15918635
2265 3360 15918635
2265 3368 11602195
2266 840 40017749
2266 1976 68631794
2266 3024 68631794
2266 4160 40017749
2267 844 5674648
2267 2453 247321714
2267 2547 247321714
2267 4156 5674648
2268 841 39088767
2268 879 46806771
2268 1971 125369196
2268 3029 125369196
2268 4121 46806771
2268 4159 39088767
2269 938 24759074
2269 2491 81281863
2269 2509 81281863
2269 4062 24759074
2270 823 11509499
2270 862 2016
2270 1963 77597172
2270 1973 85966067
2270 3027 85966067
2270 3037 77597172
2270 4138 2016
2270 4177 11509499
2272 855 18806337
2272 4145 18806337
2274 2039 36093255
2274 2961 36093255
2275 954 6635872
2275 4046 6635872
2276 962 68264030
2276 4038 68264030
2277 848 28749060
2277 939 32665494
2277 2028 19638592
2277 2972 19638592
2277 4061 32665494
2277 4152 28749060
2278 903 28837727
2278 4097 28837727
2279 931 7021772
2279 2465 195550635
2279 2535 195550635
2279 4069 7021772
2280 808 2016
2280 908 17051146
2280 951 15945839
2280 972 16771041
2280 1980 44356355
2280 2021 70718476
2280 2979 70718476
2280 3020 44356355
2280 4028 16771041
2280 4049 15945839
2280 4092 17051146
2280 4192 2016
2281 967 13164940
2281 4033 13164940
2282 920 13587113
2282 1610 4887734
2282 2024 115015383
2282 2976 115015383
2282 3390 4887734
2282 4080 13587113
2283 2481 79992171
2283 2519 79992171
2285 915 32476070
2285 929 9185029
2285 4071 9185029
2285 4085 32476070
2286 1698 87773652
2286 2026 82566518
2286 2974 82566518
2286 3302 87773652
2287 2031 93337466
2287 2969 93337466
2289 969 16156422
2289 1686 111364949
2289 3314 111364949
2289 4031 16156422
2290 910 2016
2290 2472 658953
2290 2528 658953
2290 4090 2016
2291 933 17608334
2291 2035 92353068
2291 2965 92353068
2291 4067 17608334
2292 819 104845956
2292 4181 104845956
2293 2041 45948319
2293 2047 48925695
2293 2953 48925695
2293 2959 45948319
2294 1648 90653293
2294 3352 90653293
2296 837 25308201
2296 929 49001263
2296 4071 49001263
2296 4163 25308201
2297 913 15693946
2297 947 37888748
2297 994 14321633
2297 4006 14321633
2297 4053 37888748
2297 4087 15693946
2298 955 27267929
2298 4045 27267929
2299 948 5180937
2299 4052 5180937
2300 750 6948219
2300 800 17949901
2300 900 21701092
2300 933 30100215
2300 950 31598475
2300 1550 2392985
2300 1600 12961410
2300 1650 32969780
2300 1655 122671925
2300 1700 132026226
2300 2050 84735821
2300 2053 38410671
2300 2947 38410671
2300 2950 84735821
2300 3300 132026226
2300 3345 122671925
2300 3350 32969780
2300 3400 12961410
2300 3450 2392985
2300 4050 31598475
2300 4067 30100215
2300 4100 21701092
2300 4200 17949901
2300 4250 6948219
2301 897 73591064
2301 915 38483216
2301 2043 13146804
2301 2957 13146804
2301 4085 38483216
2301 4103 73591064
2303 963 59385303
2303 2047 42126597
2303 2953 42126597
2303 4037 59385303
2304 973 35715415
2304 1004 333507
2304 2057 19300047
2304 2943 19300047
2304 3996 333507
2304 4027 35715415
2305 824 25141951
2305 4176 25141951
2306 865 23610442
2306 4135 23610442
2308 919 8502903
2308 1600 6956279
2308 3400 6956279
2308 4081 8502903
2309 810 78123124
2309 4190 78123124
2310 830 23396836
2310 960 22975671
2310 4040 22975671
2310 4170 23396836
2311 886 27176240
2311 4114 27176240
2314 981 18144362
2314 4019 18144362
2315 814 23820017
2315 927 77537725
2315 4073 77537725
2315 4186 23820017
2316 953 23831100
2316 1630 3123475
2316 1692 54452229
2316 3308 54452229
2316 3370 3123475
2316 4047 23831100
2318 779 2016
2318 4221 2016
2319 890 37644916
2319 2500 188731386
2319 4110 37644916
2320 910 7755284
2320 978 34391465
2320 1324 9213241
2320 3676 9213241
2320 4022 34391465
2320 4090 7755284
2321 872 17603296
2321 2500 23895585
2321 4128 17603296
2322 809 23644699
2322 1660 47892933
2322 3340 47892933
2322 4191 23644699
2323 811 7181976
2323 4189 7181976
2324 2060 3313906
2324 2079 77152832
2324 2921 77152832
2324 2940 3313906
2325 971 21458267
2325 4029 21458267
2327 1690 10651047
2327 3310 10651047
2329 828 36550692
2329 1650 24514234
2329 3350 24514234
2329 4172 36550692
2330 961 30033715
2330 983 24998876
2330 988 31812080
2330 1662 3148664
2330 3338 3148664
2330 4012 31812080
2330 4017 24998876
2330 4039 30033715
2332 1705 44425877
2332 3295 44425877
2333 964 22366090
2333 986 39977446
2333 1680 39168365
2333 3320 39168365
2333 4014 39977446
2333 4036 22366090
2335 810 27409997
2335 854 9784535
2335 4146 9784535
2335 4190 27409997
2336 820 18339831
2336 4180 18339831
2337 819 41931128
2337 4181 41931128
2339 795 36392503
2339 901 30575789
2339 934 5074134
2339 4066 5074134
2339 4099 30575789
2339 4205 36392503
2340 889 11405719
2340 908 39863590
2340 968 25634654
2340 4032 25634654
2340 4092 39863590
2340 4111 11405719
2341 831 15598227
2341 939 1214125
2341 4061 1214125
2341 4169 15598227
2342 976 32275563
2342 989 26796385
2342 1687 31860443
2342 3313 31860443
2342 4011 26796385
2342 4024 32275563
2343 954 8584516
2343 1672 72624802
2343 3328 72624802
2343 4046 8584516
2344 900 2067539
2344 4100 2067539
2347 990 16587663
2347 4010 16587663
2349 980 37408136
2349 4020 37408136
2350 800 40296846
2350 827 52402827
2350 850 2016
2350 900 26287561
2350 950 37096797
2350 1650 68491741
2350 1700 199685712
2350 1750 29799958
2350 3250 29799958
2350 3300 199685712
2350 3350 68491741
2350 4050 37096797
2350 4100 26287561
2350 4150 2016
2350 4173 52402827
2350 4200 40296846
2355 811 2016
2355 4189 2016
2357 940 37719476
2357 4060 37719476
2358 808 46147818
2358 2140 185136368
2358 2860 185136368
2358 4192 46147818
2359 961 13041008
2359 1716 82331754
2359 3284 82331754
2359 4039 13041008
2360 912 10739713
2360 973 11239469
2360 4027 11239469
2360 4088 10739713
2361 951 18559482
2361 960 12297420
2361 1001 1589950
2361 3999 1589950
2361 4040 12297420
2361 4049 18559482
2362 793 24345969
2362 892 4365811
2362 4108 4365811
2362 4207 24345969
2369 797 42510482
2369 4203 42510482
2370 1750 42218286
2370 1769 34525472
2370 2135 82342837
2370 2865 82342837
2370 3231 34525472
2370 3250 42218286
2371 970 12199686
2371 4030 12199686
2373 893 11563907
2373 901 33673066
2373 942 25285027
2373 957 19682925
2373 4043 19682925
2373 4058 25285027
2373 4099 33673066
2373 4107 11563907
2374 2132 2016
2374 2868 2016
2375 953 34478116
2375 1662 2016
2375 3338 2016
2375 4047 34478116
2376 971 5433838
2376 4029 5433838
2379 930 15323160
2379 961 23867373
2379 4039 23867373
2379 4070 15323160
2380 788 23525806
2380 4212 23525806
2381 908 20446665
2381 4092 20446665
2383 989 13802733
2383 1717 4151198
2383 2132 2095751
2383 2868 2095751
2383 3283 4151198
2383 4011 13802733
2388 978 12475760
2388 988 2016
2388 4012 2016
2388 4022 12475760
2390 899 32528464
2390 2130 2016
2390 2870 2016
2390 4101 32528464
2391 895 20090992
2391 974 56314223
2391 4026 56314223
2391 4105 20090992
2393 900 8524062
2393 952 50066267
2393 965 34866031
2393 4035 34866031
2393 4048 50066267
2393 4100 8524062
2395 933 32362214
2395 4067 32362214
2396 1793 109700439
2396 3207 109700439
2399 925 2016
2399 4075 2016
2400 850 9232385
2400 900 19962022
2400 950 22970633
2400 1600 42298892
2400 1650 2016
2400 1700 2016
2400 1750 2016
2400 1800 19545895
2400 1950 9046992
2400 2150 197708855
2400 2200 3412648
2400 2800 3412648
2400 2850 197708855
2400 3050 9046992
2400 3200 19545895
2400 3250 2016
2400 3300 2016
2400 3350 2016
2400 3400 42298892
2400 4050 22970633
2400 4100 19962022
2400 4150 9232385
2402 934 10483790
2402 4066 10483790
2404 2122 26236175
2404 2878 26236175
2405 1797 358247361
2405 3203 358247361
2406 888 11311007
2406 968 41088798
2406 2108 4779923
2406 2892 4779923
2406 4032 41088798
2406 4112 11311007
2407 907 1801540
2407 4093 1801540
2408 1671 87918742
2408 1971 49225952
2408 3029 49225952
2408 3329 87918742
2410 893 23407920
2410 992 91385798
2410 1600 81222417
2410 3400 81222417
2410 4008 91385798
2410 4107 23407920
2411 930 12017315
2411 4070 12017315
2415 975 38100338
2415 4025 38100338
2416 960 46162932
2416 4040 46162932
2417 1604 47881850
2417 1760 2016
2417 3240 2016
2417 3396 47881850
2418 870 39916991
2418 4130 39916991
2419 940 10138193
2419 2221 9798641
2419 2779 9798641
2419 4060 10138193
2420 950 31816110
2420 1611 56307170
2420 1805 354331935
2420 2208 105685264
2420 2792 105685264
2420 3195 354331935
2420 3389 56307170
2420 4050 31816110
2423 932 42799656
2423 966 4791007
2423 1670 25450269
2423 3330 25450269
2423 4034 4791007
2423 4068 42799656
2424 879 3029770
2424 989 14423398
2424 1620 84071831
2424 3380 84071831
2424 4011 14423398
2424 4121 3029770
2426 894 4208630
2426 2169 2016
2426 2831 2016
2426 4106 4208630
2428 870 67789463
2428 1603 65003526
2428 3397 65003526
2428 4130 67789463
2429 1603 48663726
2429 3397 48663726
2430 930 15171016
2430 1631 73733132
2430 1712 2016
2430 1780 34709858
2430 1812 395634337
2430 2130 10983546
2430 2234 75380513
2430 2766 75380513
2430 2870 10983546
2430 3188 395634337
2430 3220 34709858
2430 3288 2016
2430 3369 73733132
2430 4070 15171016
2432 941 32581865
2432 982 7321021
2432 4018 7321021
2432 4059 32581865
2433 832 9286794
2433 1953 8124056
2433 3047 8124056
2433 4168 9286794
2434 959 23129830
2434 4041 23129830
2435 949 34325973
2435 4051 34325973
2438 864 53602846
2438 2176 24222038
2438 2824 24222038
2438 4136 53602846
2441 930 39166350
2441 4070 39166350
2442 2219 60294133
2442 2238 75380513
2442 2762 75380513
2442 2781 60294133
2443 852 51954457
2443 939 32170776
2443 943 1670555
2443 1620 39529076
2443 2208 7675686
2443 2792 7675686
2443 3380 39529076
2443 4057 1670555
2443 4061 32170776
2443 4148 51954457
2444 1896 85747424
2444 1943 31100734
2444 2171 26068918
2444 2829 26068918
2444 3057 31100734
2444 3104 85747424
2446 960 17259714
2446 2107 830240
2446 2115 63421637
2446 2885 63421637
2446 2893 830240
2446 4040 17259714
2447 907 93705
2447 4093 93705
2448 2237 174394640
2448 2763 174394640
2450 850 93745533
2450 900 2016
2450 950 1837812
2450 1650 43264146
2450 1700 2016
2450 1750 19175108
2450 1800 36283686
2450 1891 154094074
2450 2200 89445214
2450 2250 340576558
2450 2750 340576558
2450 2800 89445214
2450 3109 154094074
2450 3200 36283686
2450 3250 19175108
2450 3300 2016
2450 3350 43264146
2450 4050 1837812
2450 4100 2016
2450 4150 93745533
2451 2181 63948598
2451 2819 63948598
2452 984 8572425
2452 4016 8572425
2453 866 2016
2453 2267 247321714
2453 2733 247321714
2453 4134 2016
2456 1890 14649094
2456 3110 14649094
2457 2108 71284731
2457 2892 71284731
2458 941 7390543
2458 4059 7390543
2460 1826 497035404
2460 3174 497035404
2461 2259 90990830
2461 2741 90990830
2462 851 5901351
2462 1072 9122560
2462 3928 9122560
2462 4149 5901351
2463 834 2585431
2463 983 30122381
2463 4017 30122381
2463 4166 2585431
2464 952 6963332
2464 989 60075490
2464 4011 60075490
2464 4048 6963332
2465 2279 195550635
2465 2721 195550635
2466 841 71592041
2466 858 17461228
2466 4142 17461228
2466 4159 71592041
2467 1064 21091511
2467 3936 21091511
2470 830 16315618
2470 920 4255986
2470 943 45061655
2470 955 16873813
2470 4045 16873813
2470 4057 45061655
2470 4080 4255986
2470 4170 16315618
2471 990 20157491
2471 4010 20157491
2472 924 15033986
2472 2290 658953
2472 2710 658953
2472 4076 15033986
2474 983 44414794
2474 4017 44414794
2476 1079 22374150
2476 1931 2016
2476 3069 2016
2476 3921 22374150
2477 832 4568333
2477 4168 4568333
2479 930 55637134
2479 943 30858917
2479 977 9501407
2479 4023 9501407
2479 4057 30858917
2479 4070 55637134
2480 957 26975733
2480 987 49218899
2480 1073 9276718
2480 3927 9276718
2480 4013 49218899
2480 4043 26975733
2481 2283 79992171
2481 2717 79992171
2484 984 57488044
2484 4016 57488044
2485 2140 72007161
2485 2860 72007161
2486 2249 68483680
2486 2751 68483680
2488 1081 6766856
2488 3919 6766856
2490 833 88659308
2490 843 83347387
2490 942 34463003
2490 988 14299466
2490 1830 12160390
2490 3170 12160390
2490 4012 14299466
2490 4058 34463003
2490 4157 83347387
2490 4167 88659308
2491 850 7988033
2491 1071 4462538
2491 2211 10856592
2491 2269 81281863
2491 2731 81281863
2491 2789 10856592
2491 3929 4462538
2491 4150 7988033
2492 939 7626315
2492 988 16224937
2492 1090 7991056
2492 3910 7991056
2492 4012 16224937
2492 4061 7626315
2493 2140 23431094
2493 2860 23431094
2494 955 15584121
2494 962 35658991
2494 991 32842826
2494 4009 32842826
2494 4038 35658991
2494 4045 15584121
2495 1908 2464522
2495 1920 21979182
2495 1931 40540679
2495 1936 25100641
2495 3064 25100641
2495 3069 40540679
2495 3080 21979182
2495 3092 2464522
2496 1082 25750525
2496 3918 25750525
2497 1861 596152303
2497 1864 191690626
2497 2098 726460
2497 2902 726460
2497 3136 191690626
2497 3139 596152303
2499 833 45755873
2499 930 19307100
2499 987 35167296
2499 1868 22274401
2499 1927 44630414
2499 2239 49745859
2499 2761 49745859
2499 3073 44630414
2499 3132 22274401
2499 4013 35167296
2499 4070 19307100
2499 4167 45755873
2500 834 17700023
2500 850 5845935
2500 939 30547577
2500 949 17080366
2500 950 12655108
2500 1057 30150593
2500 1500 11361385
2500 1550 2016
2500 1600 2016
2500 1650 2016
2500 1700 13820869
2500 1750 16137278
2500 1800 21317207
2500 1850 212372054
2500 1854 375310597
2500 1867 65585903
2500 1900 24612976
2500 1922 36970850
2500 2100 30843803
2500 2150 55978701
2500 2158 45997690
2500 2200 8376956
2500 2224 37538113
2500 2247 33907830
2500 2248 26776234
2500 2250 39436379
2500 2319 188731386
2500 2321 23895585
2500 2679 23895585
2500 2681 188731386
2500 2750 39436379
2500 2752 26776234
2500 2753 33907830
2500 2776 37538113
2500 2800 8376956
2500 2842 45997690
2500 2850 55978701
2500 2900 30843803
2500 3078 36970850
2500 3100 24612976
2500 3133 65585903
2500 3146 375310597
2500 3150 212372054
2500 3200 21317207
2500 3250 16137278
2500 3300 13820869
2500 3350 2016
2500 3400 2016
2500 3450 2016
2500 3500 11361385
2500 3943 30150593
2500 4050 12655108
2500 4051 17080366
2500 4061 30547577
2500 4150 5845935
2500 4166 17700023
2501 833 45755873
2501 930 19307100
2501 987 35167296
2501 1868 22274401
2501 1927 44630414
2501 2239 49745859
2501 2761 49745859
2501 3073 44630414
2501 3132 22274401
2501 4013 35167296
2501 4070 19307100
2501 4167 45755873
2503 1861 596152303
2503 1864 191690626
2503 2098 726460
2503 2902 726460
2503 3136 191690626
2503 3139 596152303
2504 1082 25750525
2504 3918 25750525
2505 1908 2464522
2505 1920 21979182
2505 1931 40540679
2505 1936 25100641
2505 3064 25100641
2505 3069 40540679
2505 3080 21979182
2505 3092 2464522
2506 955 15584121
2506 962 35658991
2506 991 32842826
2506 4009 32842826
2506 4038 35658991
2506 4045 15584121
2507 2140 23431094
2507 2860 23431094
2508 939 7626315
2508 988 16224937
2508 1090 7991056
2508 3910 7991056
2508 4012 16224937
2508 4061 7626315
2509 850 7988033
2509 1071 4462538
2509 2211 10856592
2509 2269 81281863
2509 2731 81281863
2509 2789 10856592
2509 3929 4462538
2509 4150 7988033
2510 833 88659308
2510 843 83347387
2510 942 34463003
2510 988 14299466
2510 1830 12160390
2510 3170 12160390
2510 4012 14299466
2510 4058 34463003
2510 4157 83347387
2510 4167 88659308
2512 1081 6766856
2512 3919 6766856
2514 2249 68483680
2514 2751 68483680
2515 2140 72007161
2515 2860 72007161
2516 984 57488044
2516 4016 57488044
2519 2283 79992171
2519 2717 79992171
2520 957 26975733
2520 987 49218899
2520 1073 9276718
2520 3927 9276718
2520 4013 49218899
2520 4043 26975733
2521 930 55637134
2521 943 30858917
2521 977 9501407
2521 4023 9501407
2521 4057 30858917
2521 4070 55637134
2523 832 4568333
2523 4168 4568333
2524 1079 22374150
2524 1931 2016
2524 3069 2016
2524 3921 22374150
2526 983 44414794
2526 4017 44414794
2528 924 15033986
2528 2290 658953
2528 2710 658953
2528 4076 15033986
2529 990 20157491
2529 4010 20157491
2530 830 16315618
2530 920 4255986
2530 943 45061655
2530 955 16873813
2530 4045 16873813
2530 4057 45061655
2530 4080 4255986
2530 4170 16315618
2533 1064 21091511
2533 3936 21091511
2534 841 71592041
2534 858 17461228
2534 4142 17461228
2534 4159 71592041
2535 2279 195550635
2535 2721 195550635
2536 952 6963332
2536 989 60075490
2536 4011 60075490
2536 4048 6963332
2537 834 2585431
2537 983 30122381
2537 4017 30122381
2537 4166 2585431
2538 851 5901351
2538 1072 9122560
2538 3928 9122560
2538 4149 5901351
2539 2259 90990830
2539 2741 90990830
2540 1826 497035404
2540 3174 497035404
2542 941 7390543
2542 4059 7390543
2543 2108 71284731
2543 2892 71284731
2544 1890 14649094
2544 3110 14649094
2547 866 2016
2547 2267 247321714
2547 2733 247321714
2547 4134 2016
2548 984 8572425
2548 4016 8572425
2549 2181 63948598
2549 2819 63948598
2550 850 93745533
2550 900 2016
2550 950 1837812
2550 1650 43264146
2550 1700 2016
2550 1750 19175108
2550 1800 36283686
2550 1891 154094074
2550 2200 89445214
2550 2250 340576558
2550 2750 340576558
2550 2800 89445214
2550 3109 154094074
2550 3200 36283686
2550 3250 19175108
2550 3300 2016
2550 3350 43264146
2550 4050 1837812
2550 4100 2016
2550 4150 93745533
2552 2237 174394640
2552 2763 174394640
2553 907 93705
2553 4093 93705
2554 960 17259714
2554 2107 830240
2554 2115 63421637
2554 2885 63421637
2554 2893 830240
2554 4040 17259714
2556 1896 85747424
2556 1943 31100734
2556 2171 26068918
2556 2829 26068918
2556 3057 31100734
2556 3104 85747424
2557 852 51954457
2557 939 32170776
2557 943 1670555
2557 1620 39529076
2557 2208 7675686
2557 2792 7675686
2557 3380 39529076
2557 4057 1670555
2557 4061 32170776
2557 4148 51954457
2558 2219 60294133
2558 2238 75380513
2558 2762 75380513
2558 2781 60294133
2559 930 39166350
2559 4070 39166350
2562 864 53602846
2562 2176 24222038
2562 2824 24222038
2562 4136 53602846
2565 949 34325973
2565 4051 34325973
2566 959 23129830
2566 4041 23129830
2567 832 9286794
2567 1953 8124056
2567 3047 8124056
2567 4168 9286794
2568 941 32581865
2568 982 7321021
2568 4018 7321021
2568 4059 32581865
2570 930 15171016
2570 1631 73733132
2570 1712 2016
2570 1780 34709858
2570 1812 395634337
2570 2130 10983546
2570 2234 75380513
2570 2766 75380513
2570 2870 10983546
2570 3188 395634337
2570 3220 34709858
2570 3288 2016
2570 3369 73733132
2570 4070 15171016
2571 1603 48663726
2571 3397 48663726
2572 870 67789463
2572 1603 65003526
2572 3397 65003526
2572 4130 67789463
2574 894 4208630
2574 2169 2016
2574 2831 2016
2574 4106 4208630
2576 879 3029770
2576 989 14423398
2576 1620 84071831
2576 3380 84071831
2576 4011 14423398
2576 4121 3029770
2577 932 42799656
2577 966 4791007
2577 1670 25450269
2577 3330 25450269
2577 4034 4791007
2577 4068 42799656
2580 950 31816110
2580 1611 56307170
2580 1805 354331935
2580 2208 105685264
2580 2792 105685264
2580 3195 354331935
2580 3389 56307170
2580 4050 31816110
2581 940 10138193
2581 2221 9798641
2581 2779 9798641
2581 4060 10138193
2582 870 39916991
2582 4130 39916991
2583 1604 47881850
2583 1760 2016
2583 3240 2016
2583 3396 47881850
2584 960 46162932
2584 4040 46162932
2585 975 38100338
2585 4025 38100338
2589 930 12017315
2589 4070 12017315
2590 893 23407920
2590 992 91385798
2590 1600 81222417
2590 3400 81222417
2590 4008 91385798
2590 4107 23407920
2592 1671 87918742
2592 1971 49225952
2592 3029 49225952
2592 3329 87918742
2593 907 1801540
2593 4093 1801540
2594 888 11311007
2594 968 41088798
2594 2108 4779923
2594 2892 4779923
2594 4032 41088798
2594 4112 11311007
2595 1797 358247361
2595 3203 358247361
2596 2122 26236175
2596 2878 26236175
2598 934 10483790
2598 4066 10483790
2600 850 9232385
2600 900 19962022
2600 950 22970633
2600 1600 42298892
2600 1650 2016
2600 1700 2016
2600 1750 2016
2600 1800 19545895
2600 1950 9046992
2600 2150 197708855
2600 2200 3412648
2600 2800 3412648
2600 2850 197708855
2600 3050 9046992
2600 3200 19545895
2600 3250 2016
2600 3300 2016
2600 3350 2016
2600 3400 42298892
2600 4050 22970633
2600 4100 19962022
2600 4150 9232385
2601 925 2016
2601 4075 2016
2604 1793 109700439
2604 3207 109700439
2605 933 32362214
2605 4067 32362214
2607 900 8524062
2607 952 50066267
2607 965 34866031
2607 4035 34866031
2607 4048 50066267
2607 4100 8524062
2609 895 20090992
2609 974 56314223
2609 4026 56314223
2609 4105 20090992
2610 899 32528464
2610 2130 2016
2610 2870 2016
2610 4101 32528464
2612 978 12475760
2612 988 2016
2612 4012 2016
2612 4022 12475760
2617 989 13802733
2617 1717 4151198
2617 2132 2095751
2617 2868 2095751
2617 3283 4151198
2617 4011 13802733
2619 908 20446665
2619 4092 20446665
2620 788 23525806
2620 4212 23525806
2621 930 15323160
2621 961 23867373
2621 4039 23867373
2621 4070 15323160
2624 971 5433838
2624 4029 5433838
2625 953 34478116
2625 1662 2016
2625 3338 2016
2625 4047 34478116
2626 2132 2016
2626 2868 2016
2627 893 11563907
2627 901 33673066
2627 942 25285027
2627 957 19682925
2627 4043 19682925
2627 4058 25285027
2627 4099 33673066
2627 4107 11563907
2629 970 12199686
2629 4030 12199686
2630 1750 42218286
2630 1769 34525472
2630 2135 82342837
2630 2865 82342837
2630 3231 34525472
2630 3250 42218286
2631 797 42510482
2631 4203 42510482
2638 793 24345969
2638 892 4365811
2638 4108 4365811
2638 4207 24345969
2639 951 18559482
2639 960 12297420
2639 1001 1589950
2639 3999 1589950
2639 4040 12297420
2639 4049 18559482
2640 912 10739713
2640 973 11239469
2640 4027 11239469
2640 4088 10739713
2641 961 13041008
2641 1716 82331754
2641 3284 82331754
2641 4039 13041008
2642 808 46147818
2642 2140 185136368
2642 2860 185136368
2642 4192 46147818
2643 940 37719476
2643 4060 37719476
2645 811 2016
2645 4189 2016
2650 800 40296846
2650 827 52402827
2650 850 2016
2650 900 26287561
2650 950 37096797
2650 1650 68491741
2650 1700 199685712
2650 1750 29799958
2650 3250 29799958
2650 3300 199685712
2650 3350 68491741
2650 4050 37096797
2650 4100 26287561
2650 4150 2016
2650 4173 52402827
2650 4200 40296846
2651 980 37408136
2651 4020 37408136
2653 990 16587663
2653 4010 16587663
2656 900 2067539
2656 4100 2067539
2657 954 8584516
2657 1672 72624802
2657 3328 72624802
2657 4046 8584516
2658 976 32275563
2658 989 26796385
2658 1687 31860443
2658 3313 31860443
2658 4011 26796385
2658 4024 32275563
2659 831 15598227
2659 939 1214125
2659 4061 1214125
2659 4169 15598227
2660 889 11405719
2660 908 39863590
2660 968 25634654
2660 4032 25634654
2660 4092 39863590
2660 4111 11405719
2661 795 36392503
2661 901 30575789
2661 934 5074134
2661 4066 5074134
2661 4099 30575789
2661 4205 36392503
2663 819 41931128
2663 4181 41931128
2664 820 18339831
2664 4180 18339831
2665 810 27409997
2665 854 9784535
2665 4146 9784535
2665 4190 27409997
2667 964 22366090
2667 986 39977446
2667 1680 39168365
2667 3320 39168365
2667 4014 39977446
2667 4036 22366090
2668 1705 44425877
2668 3295 44425877
2670 961 30033715
2670 983 24998876
2670 988 31812080
2670 1662 3148664
2670 3338 3148664
2670 4012 31812080
2670 4017 24998876
2670 4039 30033715
2671 828 36550692
2671 1650 24514234
2671 3350 24514234
2671 4172 36550692
2673 1690 10651047
2673 3310 10651047
2675 971 21458267
2675 4029 21458267
2676 2060 3313906
2676 2079 77152832
2676 2921 77152832
2676 2940 3313906
2677 811 7181976
2677 4189 7181976
2678 809 23644699
2678 1660 47892933
2678 3340 47892933
2678 4191 23644699
2679 872 17603296
2679 2500 23895585
2679 4128 17603296
2680 910 7755284
2680 978 34391465
2680 1324 9213241
2680 3676 9213241
2680 4022 34391465
2680 4090 7755284
2681 890 37644916
2681 2500 188731386
2681 4110 37644916
2682 779 2016
2682 4221 2016
2684 953 23831100
2684 1630 3123475
2684 1692 54452229
2684 3308 54452229
2684 3370 3123475
2684 4047 23831100
2685 814 23820017
2685 927 77537725
2685 4073 77537725
2685 4186 23820017
2686 981 18144362
2686 4019 18144362
2689 886 27176240
2689 4114 27176240
2690 830 23396836
2690 960 22975671
2690 4040 22975671
2690 4170 23396836
2691 810 78123124
2691 4190 78123124
2692 919 8502903
2692 1600 6956279
2692 3400 6956279
2692 4081 8502903
2694 865 23610442
2694 4135 23610442
2695 824 25141951
2695 4176 25141951
2696 973 35715415
2696 1004 333507
2696 2057 19300047
2696 2943 19300047
2696 3996 333507
2696 4027 35715415
2697 963 59385303
2697 2047 42126597
2697 2953 42126597
2697 4037 59385303
2699 897 73591064
2699 915 38483216
2699 2043 13146804
2699 2957 13146804
2699 4085 38483216
2699 4103 73591064
2700 750 6948219
2700 800 17949901
2700 900 21701092
2700 933 30100215
2700 950 31598475
2700 1550 2392985
2700 1600 12961410
2700 1650 32969780
2700 1655 122671925
2700 1700 132026226
2700 2050 84735821
2700 2053 38410671
2700 2947 38410671
2700 2950 84735821
2700 3300 132026226
2700 3345 122671925
2700 3350 32969780
2700 3400 12961410
2700 3450 2392985
2700 4050 31598475
2700 4067 30100215
2700 4100 21701092
2700 4200 17949901
2700 4250 6948219
2701 948 5180937
2701 4052 5180937
2702 955 27267929
2702 4045 27267929
2703 913 15693946
2703 947 37888748
2703 994 14321633
2703 4006 14321633
2703 4053 37888748
2703 4087 15693946
2704 837 25308201
2704 929 49001263
2704 4071 49001263
2704 4163 25308201
2706 1648 90653293
2706 3352 90653293
2707 2041 45948319
2707 2047 48925695
2707 2953 48925695
2707 2959 45948319
2708 819 104845956
2708 4181 104845956
2709 933 17608334
2709 2035 92353068
2709 2965 92353068
2709 4067 17608334
2710 910 2016
2710 2472 658953
2710 2528 658953
2710 4090 2016
2711 969 16156422
2711 1686 111364949
2711 3314 111364949
2711 4031 16156422
2713 2031 93337466
2713 2969 93337466
2714 1698 87773652
2714 2026 82566518
2714 2974 82566518
2714 3302 87773652
2715 915 32476070
2715 929 9185029
2715 4071 9185029
2715 4085 32476070
2717 2481 79992171
2717 2519 79992171
2718 920 13587113
2718 1610 4887734
2718 2024 115015383
2718 2976 115015383
2718 3390 4887734
2718 4080 13587113
2719 967 13164940
2719 4033 13164940
2720 808 2016
2720 908 17051146
2720 951 15945839
2720 972 16771041
2720 1980 44356355
2720 2021 70718476
2720 2979 70718476
2720 3020 44356355
2720 4028 16771041
2720 4049 15945839
2720 4092 17051146
2720 4192 2016
2721 931 7021772
2721 2465 195550635
2721 2535 195550635
2721 4069 7021772
2722 903 28837727
2722 4097 28837727
2723 848 28749060
2723 939 32665494
2723 2028 19638592
2723 2972 19638592
2723 4061 32665494
2723 4152 28749060
2724 962 68264030
2724 4038 68264030
2725 954 6635872
2725 4046 6635872
2726 2039 36093255
2726 2961 36093255
2728 855 18806337
2728 4145 18806337
2730 823 11509499
2730 862 2016
2730 1963 77597172
2730 1973 85966067
2730 3027 85966067
2730 3037 77597172
2730 4138 2016
2730 4177 11509499
2731 938 24759074
2731 2491 81281863
2731 2509 81281863
2731 4062 24759074
2732 841 39088767
2732 879 46806771
2732 1971 125369196
2732 3029 125369196
2732 4121 46806771
2732 4159 39088767
2733 844 5674648
2733 2453 247321714
2733 2547 247321714
2733 4156 5674648
2734 840 40017749
2734 1976 68631794
2734 3024 68631794
2734 4160 40017749
2735 1632 11602195
2735 1640 15918635
2735 3360 15918635
2735 3368 11602195
2736 904 35145129
2736 912 14908040
2736 4088 14908040
2736 4096 35145129
2737 842 32892197
2737 2019 13393659
2737 2981 13393659
2737 4158 32892197
2738 940 40432868
2738 956 8239927
2738 1672 407361471
2738 3328 407361471
2738 4044 8239927
2738 4060 40432868
2739 873 2016
2739 1989 21598320
2739 3011 21598320
2739 4127 2016
2740 1650 149749422
2740 3350 149749422
2741 1636 14260171
2741 2461 90990830
2741 2539 90990830
2741 3364 14260171
2742 907 21250707
2742 4093 21250707
2743 815 2016
2743 857 17893477
2743 4143 17893477
2743 4185 2016
2746 1574 52228517
2746 3426 52228517
2748 762 2016
2748 810 2496765
2748 1640 80832486
2748 1992 5645428
2748 2029 1108330
2748 2971 1108330
2748 3008 5645428
2748 3360 80832486
2748 4190 2496765
2748 4238 2016
2749 840 15442053
2749 4160 15442053
2750 811 2003054
2750 820 64476566
2750 850 88802383
2750 900 614620
2750 1600 234665598
2750 1650 31780845
2750 1982 70000077
2750 1988 19420956
2750 2450 340576558
2750 2500 39436379
2750 2550 340576558
2750 3012 19420956
2750 3018 70000077
2750 3350 31780845
2750 3400 234665598
2750 4100 614620
2750 4150 88802383
2750 4180 64476566
2750 4189 2003054
2751 796 80756918
2751 916 30286616
2751 1620 147495483
2751 1970 58410980
2751 2486 68483680
2751 2514 68483680
2751 3030 58410980
2751 3380 147495483
2751 4084 30286616
2751 4204 80756918
2752 833 40933632
2752 2500 26776234
2752 4167 40933632
2753 838 75923594
2753 1980 3001558
2753 2500 33907830
2753 3020 3001558
2753 4162 75923594
2754 890 1507329
2754 1988 17534781
2754 3012 17534781
2754 4110 1507329
2755 1980 13494416
2755 3020 13494416
2756 906 14583602
2756 4094 14583602
2757 1590 29905753
2757 1605 50768545
2757 1945 97776829
2757 3055 97776829
2757 3395 50768545
2757 3410 29905753
2758 1990 95467474
2758 3010 95467474
2759 1980 34830766
2759 3020 34830766
2760 810 7142680
2760 858 75881276
2760 4142 75881276
2760 4190 7142680
2761 2499 49745859
2761 2501 49745859
2762 1994 26680514
2762 2442 75380513
2762 2558 75380513
2762 3006 26680514
2763 906 21986235
2763 1600 194408048
2763 2448 174394640
2763 2552 174394640
2763 3400 194408048
2763 4094 21986235
2764 1644 299989532
2764 1952 11439976
2764 3048 11439976
2764 3356 299989532
2765 912 9285787
2765 1620 131590955
2765 1992 71695821
2765 3008 71695821
2765 3380 131590955
2765 4088 9285787
2766 2430 75380513
2766 2570 75380513
2767 834 26595878
2767 840 108360368
2767 907 22278431
2767 1642 36215171
2767 1987 41733644
2767 3013 41733644
2767 3358 36215171
2767 4093 22278431
2767 4160 108360368
2767 4166 26595878
2768 1600 145338271
2768 3400 145338271
2769 827 2016
2769 842 7392558
2769 1979 16159445
2769 1990 34543608
2769 3010 34543608
2769 3021 16159445
2769 4158 7392558
2769 4173 2016
2775 1953 3235315
2775 3047 3235315
2776 1610 150741881
2776 2500 37538113
2776 3390 150741881
2779 1609 186272910
2779 1627 17361478
2779 2419 9798641
2779 2581 9798641
2779 3373 17361478
2779 3391 186272910
2780 842 12456617
2780 845 2636817
2780 1613 82051649
2780 3387 82051649
2780 4155 2636817
2780 4158 12456617
2781 2442 60294133
2781 2558 60294133
2785 1603 245600780
2785 3397 245600780
2786 853 32354154
2786 4147 32354154
2788 1011 571294
2788 1600 188079487
2788 3400 188079487
2788 3989 571294
2789 2491 10856592
2789 2509 10856592
2790 1613 61308758
2790 3387 61308758
2792 2420 105685264
2792 2443 7675686
2792 2557 7675686
2792 2580 105685264
2797 1602 317377206
2797 3398 317377206
2799 1600 91615525
2799 3400 91615525
2800 1500 19623478
2800 1590 84756980
2800 1598 17254676
2800 2400 3412648
2800 2450 89445214
2800 2500 8376956
2800 2550 89445214
2800 2600 3412648
2800 3402 17254676
2800 3410 84756980
2800 3500 19623478
2801 1579 25728359
2801 3421 25728359
2802 1570 2016
2802 3430 2016
2805 1592 150110133
2805 3408 150110133
2807 1586 129556666
2807 3414 129556666
2809 1587 11843005
2809 3413 11843005
2810 1009 2016
2810 3991 2016
2811 1002 691195
2811 3998 691195
2815 1578 184131819
2815 3422 184131819
2819 2451 63948598
2819 2549 63948598
2820 1569 125154583
2820 3431 125154583
2824 2438 24222038
2824 2562 24222038
2829 2444 26068918
2829 2556 26068918
2831 2426 2016
2831 2574 2016
2835 940 7006658
2835 4060 7006658
2842 938 16642072
2842 2500 45997690
2842 4062 16642072
2843 934 11926634
2843 1002 2016
2843 3998 2016
2843 4066 11926634
2844 1535 162021653
2844 3465 162021653
2849 941 14789146
2849 4059 14789146
2850 950 41912992
2850 1001 470537
2850 1650 13238493
2850 1700 32190927
2850 2400 197708855
2850 2500 55978701
2850 2600 197708855
2850 3300 32190927
2850 3350 13238493
2850 3999 470537
2850 4050 41912992
2859 960 2823218
2859 961 14834487
2859 4039 14834487
2859 4040 2823218
2860 971 29188362
2860 1720 21000829
2860 2358 185136368
2860 2485 72007161
2860 2493 23431094
2860 2507 23431094
2860 2515 72007161
2860 2642 185136368
2860 3280 21000829
2860 4029 29188362
2862 1651 69436844
2862 3349 69436844
2865 2370 82342837
2865 2630 82342837
2866 964 12224875
2866 4036 12224875
2868 2374 2016
2868 2383 2095751
2868 2617 2095751
2868 2626 2016
2869 967 10044489
2869 1660 104727063
2869 1670 6020245
2869 3330 6020245
2869 3340 104727063
2869 4033 10044489
2870 978 66006060
2870 2390 2016
2870 2430 10983546
2870 2570 10983546
2870 2610 2016
2870 4022 66006060
2871 959 18056703
2871 964 70338621
2871 4036 70338621
2871 4041 18056703
2873 1660 50830007
2873 3340 50830007
2874 965 109934196
2874 976 7260566
2874 4024 7260566
2874 4035 109934196
2875 1792 33444347
2875 3208 33444347
2877 1491 38822768
2877 3509 38822768
2878 982 99074582
2878 2404 26236175
2878 2596 26236175
2878 4018 99074582
2880 1795 28982817
2880 3205 28982817
2882 1800 25241701
2882 3200 25241701
2885 2446 63421637
2885 2554 63421637
2886 1551 38410671
2886 3449 38410671
2887 1784 12457624
2887 3216 12457624
2889 1580 30684607
2889 3420 30684607
2890 980 63560682
2890 1515 11913535
2890 1563 80698479
2890 3437 80698479
2890 3485 11913535
2890 4020 63560682
2891 1548 65106298
2891 3452 65106298
2892 2406 4779923
2892 2457 71284731
2892 2543 71284731
2892 2594 4779923
2893 990 2405076
2893 1530 90191825
2893 2446 830240
2893 2554 830240
2893 3470 90191825
2893 4010 2405076
2894 1520 15249607
2894 1779 28826643
2894 3221 28826643
2894 3480 15249607
2896 998 96121388
2896 4002 96121388
2898 1561 15725181
2898 3439 15725181
2899 989 3852957
2899 1453 1845873
2899 1538 5534595
2899 3462 5534595
2899 3547 1845873
2899 4011 3852957
2900 1450 23251746
2900 1461 8929106
2900 1500 35768816
2900 1550 29839253
2900 1800 26412500
2900 1801 16401262
2900 2500 30843803
2900 3199 16401262
2900 3200 26412500
2900 3450 29839253
2900 3500 35768816
2900 3539 8929106
2900 3550 23251746
2902 1520 25951032
2902 2497 726460
2902 2503 726460
2902 3480 25951032
2903 990 82038550
2903 4010 82038550
2904 1520 34934546
2904 1527 45482821
2904 3473 45482821
2904 3480 34934546
2905 1427 280106
2905 3573 280106
2908 1497 13206250
2908 3503 13206250
2909 1533 5640390
2909 1551 44868201
2909 3449 44868201
2909 3467 5640390
2910 1430 2631779
2910 1476 14561435
2910 1504 12526139
2910 1517 35442363
2910 3483 35442363
2910 3496 12526139
2910 3524 14561435
2910 3570 2631779
2913 1512 80606
2913 3488 80606
2916 1408 6351736
2916 1487 38947707
2916 3513 38947707
2916 3592 6351736
2918 1427 7028825
2918 3573 7028825
2919 1421 208568
2919 1700 34168791
2919 3300 34168791
2919 3579 208568
2920 1430 788930
2920 3570 788930
2921 1463 19332290
2921 2324 77152832
2921 2676 77152832
2921 3537 19332290
2926 990 27830154
2926 1415 24920286
2926 3585 24920286
2926 4010 27830154
2931 1704 28142502
2931 3296 28142502
2938 977 117440610
2938 4023 117440610
2940 998 19828015
2940 2324 3313906
2940 2676 3313906
2940 4002 19828015
2943 2304 19300047
2943 2696 19300047
2946 988 50466273
2946 4012 50466273
2947 2300 38410671
2947 2700 38410671
2950 1350 3707866
2950 2300 84735821
2950 2700 84735821
2950 3650 3707866
2953 994 14942297
2953 2293 48925695
2953 2303 42126597
2953 2697 42126597
2953 2707 48925695
2953 4006 14942297
2956 1995 7154771
2956 3005 7154771
2957 2301 13146804
2957 2699 13146804
2959 1332 27716299
2959 1360 56334374
2959 2293 45948319
2959 2707 45948319
2959 3640 56334374
2959 3668 27716299
2960 1339 62770746
2960 3661 62770746
2961 2274 36093255
2961 2726 36093255
2964 991 119289505
2964 4009 119289505
2965 2291 92353068
2965 2709 92353068
2966 1997 57892081
2966 3003 57892081
2968 1292 3253451
2968 1994 40947738
2968 3006 40947738
2968 3708 3253451
2969 1304 33274067
2969 2287 93337466
2969 2713 93337466
2969 3696 33274067
2970 988 72205652
2970 1133 4846423
2970 3867 4846423
2970 4012 72205652
2971 2252 1108330
2971 2748 1108330
2972 1148 2016
2972 2277 19638592
2972 2723 19638592
2972 3852 2016
2974 2004 11470203
2974 2286 82566518
2974 2714 82566518
2974 2996 11470203
2975 1142 2016
2975 1157 506809
2975 3843 506809
2975 3858 2016
2976 2282 115015383
2976 2718 115015383
2979 2280 70718476
2979 2720 70718476
2980 993 52766561
2980 2001 442325
2980 2999 442325
2980 4007 52766561
2981 2263 13393659
2981 2737 13393659
2982 1080 12559389
2982 1999 9972951
2982 3001 9972951
2982 3920 12559389
2983 1144 9466142
2983 3856 9466142
2985 1151 16370027
2985 3849 16370027
2987 1144 2763771
2987 3856 2763771
2989 1123 2398023
2989 1129 22583725
2989 3871 22583725
2989 3877 2398023
2990 1036 32638289
2990 1054 13987119
2990 3946 13987119
2990 3964 32638289
2992 1086 23540919
2992 3914 23540919
2993 1040 12333693
2993 1050 3361262
2993 1067 27401936
2993 1083 3939608
2993 1108 28388349
2993 3892 28388349
2993 3917 3939608
2993 3933 27401936
2993 3950 3361262
2993 3960 12333693
2994 1095 33714376
2994 3905 33714376
2995 1057 24039667
2995 3943 24039667
2996 1075 36968835
2996 2026 11470203
2996 2974 11470203
2996 3925 36968835
2997 1051 12026383
2997 1065 11159871
2997 3935 11159871
2997 3949 12026383
2998 1062 5191013
2998 3938 5191013
2999 2020 442325
2999 2980 442325
3001 1030 40515489
3001 1041 32027700
3001 1080 27897662
3001 1999 6104881
3001 2018 9972951
3001 2982 9972951
3001 3001 6104881
3001 3920 27897662
3001 3959 32027700
3001 3970 40515489
3002 1090 23031088
3002 1103 11705975
3002 1113 15896468
3002 1995 50136797
3002 3005 50136797
3002 3887 15896468
3002 3897 11705975
3002 3910 23031088
3003 1166 9569922
3003 2034 57892081
3003 2966 57892081
3003 3834 9569922
3004 1184 21721244
3004 3816 21721244
3005 1990 48889422
3005 1998 50136797
3005 2044 7154771
3005 2956 7154771
3005 3002 50136797
3005 3010 48889422
3006 2032 40947738
3006 2238 26680514
3006 2762 26680514
3006 2968 40947738
3007 1987 2016
3007 1993 110075256
3007 3007 110075256
3007 3013 2016
3008 2235 71695821
3008 2252 5645428
3008 2748 5645428
3008 2765 71695821
3009 999 45672244
3009 4001 45672244
3010 1145 35821210
3010 1995 48889422
3010 2231 34543608
3010 2242 95467474
3010 2758 95467474
3010 2769 34543608
3010 3005 48889422
3010 3855 35821210
3011 810 1820684
3011 2261 21598320
3011 2739 21598320
3011 4190 1820684
3012 2246 17534781
3012 2250 19420956
3012 2750 19420956
3012 2754 17534781
3013 995 417651807
3013 1993 2016
3013 2233 41733644
3013 2767 41733644
3013 3007 2016
3013 4005 417651807
3018 2250 70000077
3018 2750 70000077
3020 2241 34830766
3020 2245 13494416
3020 2247 3001558
3020 2280 44356355
3020 2720 44356355
3020 2753 3001558
3020 2755 13494416
3020 2759 34830766
3021 996 245633023
3021 2231 16159445
3021 2769 16159445
3021 4004 245633023
3024 2266 68631794
3024 2734 68631794
3027 2270 85966067
3027 2730 85966067
3029 2268 125369196
3029 2408 49225952
3029 2592 49225952
3029 2732 125369196
3030 2249 58410980
3030 2751 58410980
3031 987 131820681
3031 4013 131820681
3032 990 110065181
3032 4010 110065181
3037 2270 77597172
3037 2730 77597172
3041 989 81941823
3041 4011 81941823
3043 980 8290305
3043 4020 8290305
3044 990 12106989
3044 4010 12106989
3047 990 100704834
3047 2225 3235315
3047 2433 8124056
3047 2567 8124056
3047 2775 3235315
3047 4010 100704834
3048 2236 11439976
3048 2764 11439976
3050 2400 9046992
3050 2600 9046992
3055 985 51289460
3055 2243 97776829
3055 2757 97776829
3055 4015 51289460
3057 2444 31100734
3057 2556 31100734
3062 999 45199693
3062 4001 45199693
3064 2495 25100641
3064 2505 25100641
3065 987 133396524
3065 4013 133396524
3069 2476 2016
3069 2495 40540679
3069 2505 40540679
3069 2524 2016
3073 2499 44630414
3073 2501 44630414
3078 2500 36970850
3080 2495 21979182
3080 2505 21979182
3088 1411 27192361
3088 3589 27192361
3090 1419 25388807
3090 3581 25388807
3092 998 12620851
3092 2495 2464522
3092 2505 2464522
3092 4002 12620851
3095 1426 23725305
3095 3574 23725305
3097 1429 145932738
3097 3571 145932738
3100 2500 24612976
3103 1435 63844818
3103 3565 63844818
3104 2444 85747424
3104 2556 85747424
3105 1442 53229036
3105 3558 53229036
3107 1448 113235003
3107 3552 113235003
3109 2450 154094074
3109 2550 154094074
3110 2456 14649094
3110 2544 14649094
3111 1457 136573400
3111 3543 136573400
3115 1456 8699380
3115 1461 107863635
3115 3539 107863635
3115 3544 8699380
3118 1470 134512914
3118 3530 134512914
3123 1474 124760622
3123 3526 124760622
3125 1482 157042230
3125 3518 157042230
3130 1479 115000270
3130 1490 121696595
3130 3510 121696595
3130 3521 115000270
3132 2499 22274401
3132 2501 22274401
3133 2500 65585903
3136 2497 191690626
3136 2503 191690626
3137 1499 144142283
3137 1504 173472711
3137 3496 173472711
3137 3501 144142283
3139 2497 596152303
3139 2503 596152303
3140 1481 313048676
3140 3519 313048676
3141 984 3132543
3141 998 3414663
3141 4002 3414663
3141 4016 3132543
3143 1466 9130620
3143 3534 9130620
3146 1520 238158852
3146 2500 375310597
3146 3480 238158852
3150 950 6997590
3150 963 11004705
3150 1472 24020524
3150 2500 212372054
3150 3528 24020524
3150 4037 11004705
3150 4050 6997590
3154 1531 415013983
3154 3469 415013983
3156 970 22939398
3156 4030 22939398
3157 1462 30921386
3157 3538 30921386
3160 1527 5842912
3160 3473 5842912
3162 954 15958938
3162 4046 15958938
3163 971 22585741
3163 1546 324648856
3163 3454 324648856
3163 4029 22585741
3170 1384 8097859
3170 2490 12160390
3170 2510 12160390
3170 3616 8097859
3174 2460 497035404
3174 2540 497035404
3176 955 24286523
3176 4045 24286523
3177 1568 79527680
3177 3432 79527680
3182 939 55388264
3182 4061 55388264
3184 1571 156629126
3184 3429 156629126
3188 2430 395634337
3188 2570 395634337
3189 1574 81439045
3189 1585 79059159
3189 3415 79059159
3189 3426 81439045
3190 1390 29398944
3190 1409 39253001
3190 3591 39253001
3190 3610 29398944
3195 2420 354331935
3195 2580 354331935
3196 1391 73004657
3196 1592 163417140
3196 3408 163417140
3196 3609 73004657
3197 1367 1736048
3197 3633 1736048
3198 1399 2016
3198 3601 2016
3199 2100 16401262
3199 2900 16401262
3200 1400 140527113
3200 1550 2016
3200 1595 111292404
3200 1600 3638344
3200 2100 26412500
3200 2118 25241701
3200 2400 19545895
3200 2450 36283686
3200 2500 21317207
3200 2550 36283686
3200 2600 19545895
3200 2882 25241701
3200 2900 26412500
3200 3400 3638344
3200 3405 111292404
3200 3450 2016
3200 3600 140527113
3201 1363 7524550
3201 1375 44415802
3201 3625 44415802
3201 3637 7524550
3203 1604 40859071
3203 2405 358247361
3203 2595 358247361
3203 3396 40859071
3205 2120 28982817
3205 2880 28982817
3206 1583 129043812
3206 3417 129043812
3207 2396 109700439
3207 2604 109700439
3208 2125 33444347
3208 2875 33444347
3210 999 48419894
3210 1612 251095072
3210 3388 251095072
3210 4001 48419894
3216 2113 12457624
3216 2887 12457624
3218 973 35399037
3218 4027 35399037
3220 1620 329677649
3220 2430 34709858
3220 2570 34709858
3220 3380 329677649
3221 1370 19779652
3221 1373 53583702
3221 1627 43436441
3221 2106 28826643
3221 2894 28826643
3221 3373 43436441
3221 3627 53583702
3221 3630 19779652
3225 1360 13182069
3225 1632 2701302
3225 3368 2701302
3225 3640 13182069
3231 2370 34525472
3231 2630 34525472
3232 1640 324203509
3232 3360 324203509
3234 1355 17846121
3234 1643 2016
3234 3357 2016
3234 3645 17846121
3235 964 9697884
3235 4036 9697884
3239 950 45705494
3239 4050 45705494
3240 2417 2016
3240 2583 2016
3250 900 12907001
3250 950 96456910
3250 1550 2016
3250 1600 1859979
3250 1604 1302791
3250 1632 383966651
3250 1650 352697653
3250 2350 29799958
3250 2370 42218286
3250 2400 2016
3250 2450 19175108
3250 2500 16137278
3250 2550 19175108
3250 2600 2016
3250 2630 42218286
3250 2650 29799958
3250 3350 352697653
3250 3368 383966651
3250 3396 1302791
3250 3400 1859979
3250 3450 2016
3250 4050 96456910
3250 4100 12907001
3254 1663 462763840
3254 3337 462763840
3257 1332 26064888
3257 3668 26064888
3258 1630 41667144
3258 1668 105501886
3258 3332 105501886
3258 3370 41667144
3259 1641 46789642
3259 3359 46789642
3260 1318 8040427
3260 3682 8040427
3263 1325 14755896
3263 3675 14755896
3264 980 5428800
3264 1660 459741123
3264 3340 459741123
3264 4020 5428800
3267 903 9022810
3267 4097 9022810
3269 933 71968873
3269 4067 71968873
3270 1681 871038171
3270 3319 871038171
3273 1304 1936554
3273 3696 1936554
3275 1313 39921022
3275 3687 39921022
3276 940 62857397
3276 4060 62857397
3280 1633 17238555
3280 1692 229843358
3280 2140 21000829
3280 2860 21000829
3280 3308 229843358
3280 3367 17238555
3282 1295 12673245
3282 3705 12673245
3283 2383 4151198
3283 2617 4151198
3284 2359 82331754
3284 2641 82331754
3285 1302 15196206
3285 1697 144087874
3285 3303 144087874
3285 3698 15196206
3286 1299 39612704
3286 3701 39612704
3287 935 64666997
3287 4065 64666997
3288 942 23140913
3288 2430 2016
3288 2570 2016
3288 4058 23140913
3290 872 2016
3290 4128 2016
3291 919 49299504
3291 4081 49299504
3292 878 16308565
3292 4122 16308565
3293 890 4074623
3293 4110 4074623
3295 2332 44425877
3295 2668 44425877
3296 1281 2016
3296 2069 28142502
3296 2931 28142502
3296 3719 2016
3297 886 8175442
3297 4114 8175442
3298 867 5399580
3298 4133 5399580
3299 1278 22195810
3299 3722 22195810
3300 850 9094348
3300 950 14169489
3300 1277 12977531
3300 1287 63260426
3300 1600 7045953
3300 1650 91382776
3300 1700 91992357
3300 2081 34168791
3300 2150 32190927
3300 2300 132026226
3300 2350 199685712
3300 2400 2016
3300 2450 2016
3300 2500 13820869
3300 2550 2016
3300 2600 2016
3300 2650 199685712
3300 2700 132026226
3300 2850 32190927
3300 2919 34168791
3300 3300 91992357
3300 3350 91382776
3300 3400 7045953
3300 3713 63260426
3300 3723 12977531
3300 4050 14169489
3300 4150 9094348
3302 2286 87773652
3302 2714 87773652
3303 899 15741302
3303 1715 144087874
3303 3285 144087874
3303 4101 15741302
3304 1285 55991799
3304 3715 55991799
3308 1720 229843358
3308 2316 54452229
3308 2684 54452229
3308 3280 229843358
3309 1271 36378397
3309 3729 36378397
3310 882 34411616
3310 2327 10651047
3310 2673 10651047
3310 4118 34411616
3313 895 7241422
3313 2342 31860443
3313 2658 31860443
3313 4105 7241422
3314 966 58379746
3314 2289 111364949
3314 2711 111364949
3314 4034 58379746
3317 851 2566287
3317 4149 2566287
3319 863 2016
3319 1730 871038171
3319 3270 871038171
3319 4137 2016
3320 1268 60173224
3320 2333 39168365
3320 2667 39168365
3320 3732 60173224
3322 955 2020183
3322 4045 2020183
3324 1254 16797238
3324 3746 16797238
3325 973 42194105
3325 1265 61362160
3325 3735 61362160
3325 4027 42194105
3326 907 55743937
3326 4093 55743937
3328 946 116387697
3328 2262 407361471
3328 2343 72624802
3328 2657 72624802
3328 2738 407361471
3328 4054 116387697
3329 2408 87918742
3329 2592 87918742
3330 2131 6020245
3330 2423 25450269
3330 2577 25450269
3330 2869 6020245
3332 1742 105501886
3332 3258 105501886
3336 799 1632268
3336 874 24141432
3336 972 53886981
3336 4028 53886981
3336 4126 24141432
3336 4201 1632268
3337 1746 462763840
3337 3254 462763840
3338 2330 3148664
3338 2375 2016
3338 2625 2016
3338 2670 3148664
3340 1736 459741123
3340 2127 50830007
3340 2131 104727063
3340 2322 47892933
3340 2678 47892933
3340 2869 104727063
3340 2873 50830007
3340 3264 459741123
3342 978 42732148
3342 1248 115243095
3342 3752 115243095
3342 4022 42732148
3343 969 27075483
3343 4031 27075483
3344 835 33191446
3344 4165 33191446
3345 2300 122671925
3345 2700 122671925
3346 904 49506057
3346 4096 49506057
3348 883 32754160
3348 4117 32754160
3349 2138 69436844
3349 2862 69436844
3350 800 18026476
3350 850 2016
3350 950 42464134
3350 1550 4452462
3350 1600 6450478
3350 1650 25564124
3350 1700 91382776
3350 1750 352697653
3350 2150 13238493
3350 2250 31780845
3350 2260 149749422
3350 2300 32969780
3350 2329 24514234
3350 2350 68491741
3350 2400 2016
3350 2450 43264146
3350 2500 2016
3350 2550 43264146
3350 2600 2016
3350 2650 68491741
3350 2671 24514234
3350 2700 32969780
3350 2740 149749422
3350 2750 31780845
3350 2850 13238493
3350 3250 352697653
3350 3300 91382776
3350 3350 25564124
3350 3400 6450478
3350 3450 4452462
3350 4050 42464134
3350 4150 2016
3350 4200 18026476
3351 958 16546352
3351 4042 16546352
3352 1240 114677847
3352 2294 90653293
3352 2706 90653293
3352 3760 114677847
3354 823 28311774
3354 4177 28311774
3355 893 8279222
3355 4107 8279222
3356 850 32971796
3356 2236 299989532
3356 2764 299989532
3356 4150 32971796
3357 1766 2016
3357 3234 2016
3358 820 5839889
3358 2233 36215171
3358 2767 36215171
3358 4180 5839889
3359 871 6090775
3359 1741 46789642
3359 3259 46789642
3359 4129 6090775
3360 811 7484247
3360 1768 324203509
3360 2252 80832486
3360 2265 15918635
3360 2735 15918635
3360 2748 80832486
3360 3232 324203509
3360 4189 7484247
3361 831 55706656
3361 968 64606542
3361 4032 64606542
3361 4169 55706656
3362 809 820164
3362 992 31166226
3362 4008 31166226
3362 4191 820164
3363 939 47155391
3363 1230 162849877
3363 3770 162849877
3363 4061 47155391
3364 2259 14260171
3364 2741 14260171
3365 903 71120497
3365 4097 71120497
3366 859 28295653
3366 4141 28295653
3367 874 2016
3367 1720 17238555
3367 3280 17238555
3367 4126 2016
3368 1750 383966651
3368 1775 2701302
3368 2265 11602195
3368 2735 11602195
3368 3225 2701302
3368 3250 383966651
3369 2430 73733132
3369 2570 73733132
3370 805 6627811
3370 830 28327895
3370 1742 41667144
3370 2316 3123475
3370 2684 3123475
3370 3258 41667144
3370 4170 28327895
3370 4195 6627811
3372 929 103741657
3372 4071 103741657
3373 933 18163506
3373 1779 43436441
3373 2221 17361478
3373 2779 17361478
3373 3221 43436441
3373 4067 18163506
3376 1220 120252744
3376 3780 120252744
3377 886 115852676
3377 4114 115852676
3378 832 12493897
3378 1217 12874759
3378 3783 12874759
3378 4168 12493897
3380 811 35503825
3380 902 9364377
3380 1231 17919673
3380 1780 329677649
3380 2235 131590955
3380 2249 147495483
3380 2424 84071831
3380 2443 39529076
3380 2557 39529076
3380 2576 84071831
3380 2751 147495483
3380 2765 131590955
3380 3220 329677649
3380 3769 17919673
3380 4098 9364377
3380 4189 35503825
3381 834 4276137
3381 4166 4276137
3382 837 12604730
3382 4163 12604730
3386 905 17235532
3386 4095 17235532
3387 2210 61308758
3387 2220 82051649
3387 2780 82051649
3387 2790 61308758
3388 1790 251095072
3388 3210 251095072
3389 942 43617804
3389 2420 56307170
3389 2580 56307170
3389 4058 43617804
3390 1221 30033715
3390 2224 150741881
3390 2282 4887734
3390 2718 4887734
3390 2776 150741881
3390 3779 30033715
3391 846 40067120
3391 870 130930995
3391 2221 186272910
3391 2779 186272910
3391 4130 130930995
3391 4154 40067120
3393 814 15618378
3393 867 18959488
3393 4133 18959488
3393 4186 15618378
3394 823 26219046
3394 922 35337575
3394 4078 35337575
3394 4177 26219046
3395 875 31347589
3395 896 66900784
3395 1205 145324165
3395 2243 50768545
3395 2757 50768545
3395 3795 145324165
3395 4104 66900784
3395 4125 31347589
3396 830 1957713
3396 947 513862
3396 1750 1302791
3396 1797 40859071
3396 2417 47881850
3396 2583 47881850
3396 3203 40859071
3396 3250 1302791
3396 4053 513862
3396 4170 1957713
3397 2215 245600780
3397 2428 65003526
3397 2429 48663726
3397 2571 48663726
3397 2572 65003526
3397 2785 245600780
3398 2203 317377206
3398 2797 317377206
3399 889 17654682
3399 4111 17654682
3400 800 2856468
3400 826 8283252
3400 850 25421049
3400 864 10064640
3400 900 87858288
3400 950 2016
3400 1200 58967160
3400 1550 3287709
3400 1600 9375461
3400 1650 6450478
3400 1700 7045953
3400 1750 1859979
3400 1800 3638344
3400 2201 91615525
3400 2212 188079487
3400 2232 145338271
3400 2237 194408048
3400 2250 234665598
3400 2300 12961410
3400 2308 6956279
3400 2400 42298892
3400 2410 81222417
3400 2500 2016
3400 2590 81222417
3400 2600 42298892
3400 2692 6956279
3400 2700 12961410
3400 2750 234665598
3400 2763 194408048
3400 2768 145338271
3400 2788 188079487
3400 2799 91615525
3400 3200 3638344
3400 3250 1859979
3400 3300 7045953
3400 3350 6450478
3400 3400 9375461
3400 3450 3287709
3400 3800 58967160
3400 4050 2016
3400 4100 87858288
3400 4136 10064640
3400 4150 25421049
3400 4174 8283252
3400 4200 2856468
3401 936 9725088
3401 4064 9725088
3402 2200 17254676
3402 2800 17254676
3405 1800 111292404
3405 3200 111292404
3406 914 92201932
3406 4086 92201932
3407 896 8156298
3407 1197 88609937
3407 3803 88609937
3407 4104 8156298
3408 1804 163417140
3408 2195 150110133
3408 2805 150110133
3408 3196 163417140
3410 892 29738496
3410 1192 35304325
3410 2200 84756980
3410 2243 29905753
3410 2757 29905753
3410 2800 84756980
3410 3808 35304325
3410 4108 29738496
3411 927 6536122
3411 964 12190617
3411 4036 12190617
3411 4073 6536122
3413 2191 11843005
3413 2809 11843005
3414 2193 129556666
3414 2807 129556666
3415 877 115357958
3415 1811 79059159
3415 3189 79059159
3415 4123 115357958
3416 1189 56147973
3416 3811 56147973
3417 1794 129043812
3417 3206 129043812
3419 949 37427280
3419 970 21421995
3419 1187 49902033
3419 3813 49902033
3419 4030 21421995
3419 4051 37427280
3420 873 8875705
3420 2111 30684607
3420 2889 30684607
3420 4127 8875705
3421 2199 25728359
3421 2801 25728359
3422 880 65761220
3422 924 64833246
3422 2185 184131819
3422 2815 184131819
3422 4076 64833246
3422 4120 65761220
3426 1811 81439045
3426 2254 52228517
3426 2746 52228517
3426 3189 81439045
3427 910 52862280
3427 4090 52862280
3429 833 18374089
3429 891 41469660
3429 1816 156629126
3429 3184 156629126
3429 4109 41469660
3429 4167 18374089
3430 883 63929454
3430 1180 55334862
3430 2198 2016
3430 2802 2016
3430 3820 55334862
3430 4117 63929454
3431 906 27524860
3431 1188 38092278
3431 2180 125154583
3431 2820 125154583
3431 3812 38092278
3431 4094 27524860
3432 1823 79527680
3432 3177 79527680
3433 880 52268820
3433 4120 52268820
3435 915 90058826
3435 4085 90058826
3436 888 54404873
3436 4112 54404873
3437 851 67728001
3437 941 32867008
3437 2110 80698479
3437 2890 80698479
3437 4059 32867008
3437 4149 67728001
3438 858 27123846
3438 4142 27123846
3439 945 78037481
3439 2102 15725181
3439 2898 15725181
3439 4055 78037481
3440 893 21626532
3440 938 31621649
3440 4062 31621649
3440 4107 21626532
3441 1171 87038124
3441 1176 46281825
3441 3824 46281825
3441 3829 87038124
3442 865 2016
3442 4135 2016
3443 824 75065143
3443 4176 75065143
3448 872 41077715
3448 4128 41077715
3449 2091 44868201
3449 2114 38410671
3449 2886 38410671
3449 2909 44868201
3450 800 2061493
3450 835 2016
3450 850 25478481
3450 900 29895677
3450 910 14469746
3450 950 52499554
3450 1500 2410113
3450 1550 5200081
3450 1600 3287709
3450 1650 4452462
3450 1750 2016
3450 1800 2016
3450 2100 29839253
3450 2300 2392985
3450 2500 2016
3450 2700 2392985
3450 2900 29839253
3450 3200 2016
3450 3250 2016
3450 3350 4452462
3450 3400 3287709
3450 3450 5200081
3450 3500 2410113
3450 4050 52499554
3450 4090 14469746
3450 4100 29895677
3450 4150 25478481
3450 4165 2016
3450 4200 2061493
3451 1164 12723623
3451 1170 19598289
3451 3830 19598289
3451 3836 12723623
3452 915 57255295
3452 2109 65106298
3452 2891 65106298
3452 4085 57255295
3454 1837 324648856
3454 3163 324648856
3456 880 32306798
3456 891 39707416
3456 4109 39707416
3456 4120 32306798
3459 960 16514110
3459 4040 16514110
3460 895 43155329
3460 4105 43155329
3461 1158 78033450
3461 3842 78033450
3462 2101 5534595
3462 2899 5534595
3463 833 69121474
3463 4167 69121474
3465 2156 162021653
3465 2844 162021653
3466 893 44982057
3466 1155 10647017
3466 3845 10647017
3466 4107 44982057
3467 911 46020864
3467 2091 5640390
3467 2909 5640390
3467 4089 46020864
3469 950 16396224
3469 1846 415013983
3469 3154 415013983
3469 4050 16396224
3470 2107 90191825
3470 2893 90191825
3473 1840 5842912
3473 2096 45482821
3473 2904 45482821
3473 3160 5842912
3474 899 46310037
3474 4101 46310037
3476 911 58084527
3476 950 5511421
3476 4050 5511421
3476 4089 58084527
3477 909 17531758
3477 4091 17531758
3479 900 63294683
3479 4100 63294683
3480 925 5257513
3480 1854 238158852
3480 2096 34934546
3480 2098 25951032
3480 2106 15249607
3480 2894 15249607
3480 2902 25951032
3480 2904 34934546
3480 3146 238158852
3480 4075 5257513
3481 918 61012532
3481 4082 61012532
3483 942 39007154
3483 2090 35442363
3483 2910 35442363
3483 4058 39007154
3484 863 75529633
3484 900 36150686
3484 4100 36150686
3484 4137 75529633
3485 2110 11913535
3485 2890 11913535
3488 872 27434178
3488 2087 80606
3488 2913 80606
3488 4128 27434178
3489 896 24325818
3489 4104 24325818
3494 921 4270092
3494 4079 4270092
3496 862 29486603
3496 1863 173472711
3496 2090 12526139
3496 2910 12526139
3496 3137 173472711
3496 4138 29486603
3498 910 1942600
3498 4090 1942600
3499 883 24613984
3499 4117 24613984
3500 850 11102439
3500 900 57721801
3500 913 32196973
3500 950 22879952
3500 1500 4099812
3500 1550 2410113
3500 2100 35768816
3500 2200 19623478
3500 2500 11361385
3500 2800 19623478
3500 2900 35768816
3500 3450 2410113
3500 3500 4099812
3500 4050 22879952
3500 4087 32196973
3500 4100 57721801
3500 4150 11102439
3501 1863 144142283
3501 3137 144142283
3502 934 95439262
3502 4066 95439262
3503 2092 13206250
3503 2908 13206250
3504 918 40082233
3504 4082 40082233
3505 922 33723445
3505 4078 33723445
3506 973 45666199
3506 4027 45666199
3508 944 19168055
3508 4056 19168055
3509 895 32182867
3509 2123 38822768
3509 2877 38822768
3509 4105 32182867
3510 1870 121696595
3510 3130 121696595
3513 911 43681281
3513 923 29435217
3513 2084 38947707
3513 2916 38947707
3513 4077 29435217
3513 4089 43681281
3516 990 42023825
3516 4010 42023825
3517 900 2016
3517 4100 2016
3518 1875 157042230
3518 3125 157042230
3519 930 46962944
3519 950 44873239
3519 1860 313048676
3519 3140 313048676
3519 4050 44873239
3519 4070 46962944
3520 872 41755811
3520 882 59737953
3520 915 31967246
3520 962 7893322
3520 4038 7893322
3520 4085 31967246
3520 4118 59737953
3520 4128 41755811
3521 863 35914914
3521 1870 115000270
3521 3130 115000270
3521 4137 35914914
3524 2090 14561435
3524 2910 14561435
3525 891 30991916
3525 4109 30991916
3526 1877 124760622
3526 3123 124760622
3528 1850 24020524
3528 3150 24020524
3530 966 34088186
3530 1882 134512914
3530 3118 134512914
3530 4034 34088186
3531 950 33099757
3531 4050 33099757
3533 912 65554668
3533 977 37125009
3533 987 13145796
3533 4013 13145796
3533 4023 37125009
3533 4088 65554668
3534 1857 9130620
3534 3143 9130620
3535 902 32182867
3535 4098 32182867
3536 918 61112282
3536 4082 61112282
3537 931 70266076
3537 2079 19332290
3537 2921 19332290
3537 4069 70266076
3538 1843 30921386
3538 3157 30921386
3539 1885 107863635
3539 2100 8929106
3539 2900 8929106
3539 3115 107863635
3540 987 2016
3540 4013 2016
3543 1889 136573400
3543 3111 136573400
3544 1885 8699380
3544 3115 8699380
3545 945 112474286
3545 4055 112474286
3546 920 79360423
3546 971 18150407
3546 4029 18150407
3546 4080 79360423
3547 883 30179813
3547 2101 1845873
3547 2899 1845873
3547 4117 30179813
3548 960 35022205
3548 966 21410911
3548 4034 21410911
3548 4040 35022205
3549 950 15955915
3549 4050 15955915
3550 884 61446796
3550 897 22762066
3550 900 13666711
3550 950 41945234
3550 1450 3169823
3550 2100 23251746
3550 2900 23251746
3550 3550 3169823
3550 4050 41945234
3550 4100 13666711
3550 4103 22762066
3550 4116 61446796
3552 1893 113235003
3552 3107 113235003
3553 925 76140222
3553 931 21615449
3553 940 29866458
3553 4060 29866458
3553 4069 21615449
3553 4075 76140222
3556 953 78469729
3556 4047 78469729
3558 1895 53229036
3558 3105 53229036
3560 960 56208427
3560 980 55768118
3560 4020 55768118
3560 4040 56208427
3561 970 49042573
3561 4030 49042573
3565 1897 63844818
3565 3103 63844818
3569 957 53188733
3569 4043 53188733
3570 2080 788930
3570 2090 2631779
3570 2910 2631779
3570 2920 788930
3571 1903 145932738
3571 3097 145932738
3572 999 28998938
3572 4001 28998938
3573 964 90446741
3573 2082 7028825
3573 2095 280106
3573 2905 280106
3573 2918 7028825
3573 4036 90446741
3574 912 2016
3574 975 24522295
3574 1905 23725305
3574 3095 23725305
3574 4025 24522295
3574 4088 2016
3576 977 9778489
3576 4023 9778489
3579 2081 208568
3579 2919 208568
3580 967 63930461
3580 985 19915674
3580 999 7364346
3580 4001 7364346
3580 4015 19915674
3580 4033 63930461
3581 1910 25388807
3581 3090 25388807
3584 962 9512490
3584 4038 9512490
3585 2074 24920286
3585 2926 24920286
3589 927 13699961
3589 951 50239569
3589 1912 27192361
3589 3088 27192361
3589 4049 50239569
3589 4073 13699961
3590 979 29070476
3590 4021 29070476
3591 1810 39253001
3591 3190 39253001
3592 2084 6351736
3592 2916 6351736
3600 944 12867706
3600 964 41130108
3600 1800 140527113
3600 3200 140527113
3600 4036 41130108
3600 4056 12867706
3601 1802 2016
3601 3198 2016
3602 979 23008921
3602 4021 23008921
3607 967 20906118
3607 4033 20906118
3609 1804 73004657
3609 3196 73004657
3610 1810 29398944
3610 3190 29398944
3613 969 33803043
3613 4031 33803043
3616 1830 8097859
3616 3170 8097859
3623 967 19789728
3623 4033 19789728
3625 954 16533254
3625 1799 44415802
3625 3201 44415802
3625 4046 16533254
3627 1779 53583702
3627 3221 53583702
3630 986 25949017
3630 1779 19779652
3630 3221 19779652
3630 4014 25949017
3631 977 2016
3631 4023 2016
3633 1803 1736048
3633 3197 1736048
3637 1799 7524550
3637 3201 7524550
3640 1775 13182069
3640 2041 56334374
3640 2959 56334374
3640 3225 13182069
3641 951 9805694
3641 959 17561985
3641 4041 17561985
3641 4049 9805694
3643 950 1212110
3643 4050 1212110
3645 970 20067817
3645 1766 17846121
3645 3234 17846121
3645 4030 20067817
3650 950 23138898
3650 2050 3707866
3650 2950 3707866
3650 4050 23138898
3654 962 41895863
3654 4038 41895863
3660 970 7463088
3660 4030 7463088
3661 2040 62770746
3661 2960 62770746
3662 955 2016
3662 4045 2016
3668 955 14114073
3668 1743 26064888
3668 2041 27716299
3668 2959 27716299
3668 3257 26064888
3668 4045 14114073
3671 947 6496827
3671 4053 6496827
3675 1737 14755896
3675 3263 14755896
3676 2320 9213241
3676 2680 9213241
3678 952 1795494
3678 4048 1795494
3682 1740 8040427
3682 3260 8040427
3687 1725 39921022
3687 3275 39921022
3696 1727 1936554
3696 2031 33274067
3696 2969 33274067
3696 3273 1936554
3698 1715 15196206
3698 3285 15196206
3701 1714 39612704
3701 3286 39612704
3705 1718 12673245
3705 3282 12673245
3708 2032 3253451
3708 2968 3253451
3713 1700 63260426
3713 3300 63260426
3715 1696 55991799
3715 3304 55991799
3719 1704 2016
3719 3296 2016
3722 1701 22195810
3722 3299 22195810
3723 1700 12977531
3723 3300 12977531
3729 1691 36378397
3729 3309 36378397
3732 1680 60173224
3732 3320 60173224
3735 1675 61362160
3735 3325 61362160
3746 1676 16797238
3746 3324 16797238
3752 1658 115243095
3752 3342 115243095
3760 1648 114677847
3760 3352 114677847
3769 1620 17919673
3769 3380 17919673
3770 1637 162849877
3770 3363 162849877
3779 1610 30033715
3779 3390 30033715
3780 1624 120252744
3780 3376 120252744
3783 1622 12874759
3783 3378 12874759
3795 1605 145324165
3795 3395 145324165
3800 1600 58967160
3800 3400 58967160
3803 1593 88609937
3803 3407 88609937
3808 1590 35304325
3808 3410 35304325
3811 1584 56147973
3811 3416 56147973
3812 1569 38092278
3812 3431 38092278
3813 1581 49902033
3813 3419 49902033
3816 1996 21721244
3816 3004 21721244
3820 1570 55334862
3820 3430 55334862
3824 1559 46281825
3824 3441 46281825
3829 1559 87038124
3829 3441 87038124
3830 1549 19598289
3830 3451 19598289
3834 1997 9569922
3834 3003 9569922
3836 1549 12723623
3836 3451 12723623
3842 1539 78033450
3842 3461 78033450
3843 2025 506809
3843 2975 506809
3845 1534 10647017
3845 3466 10647017
3849 2015 16370027
3849 2985 16370027
3852 2028 2016
3852 2972 2016
3855 1990 35821210
3855 3010 35821210
3856 2013 2763771
3856 2017 9466142
3856 2983 9466142
3856 2987 2763771
3858 2025 2016
3858 2975 2016
3867 2030 4846423
3867 2970 4846423
3871 2011 22583725
3871 2989 22583725
3877 2011 2398023
3877 2989 2398023
3887 1998 15896468
3887 3002 15896468
3892 2007 28388349
3892 2993 28388349
3897 1998 11705975
3897 3002 11705975
3905 2006 33714376
3905 2994 33714376
3910 1998 23031088
3910 2492 7991056
3910 2508 7991056
3910 3002 23031088
3914 2008 23540919
3914 2992 23540919
3917 2007 3939608
3917 2993 3939608
3918 2496 25750525
3918 2504 25750525
3919 2488 6766856
3919 2512 6766856
3920 1999 27897662
3920 2018 12559389
3920 2982 12559389
3920 3001 27897662
3921 2476 22374150
3921 2524 22374150
3925 2004 36968835
3925 2996 36968835
3927 2480 9276718
3927 2520 9276718
3928 2462 9122560
3928 2538 9122560
3929 2491 4462538
3929 2509 4462538
3933 2007 27401936
3933 2993 27401936
3935 2003 11159871
3935 2997 11159871
3936 2467 21091511
3936 2533 21091511
3938 2002 5191013
3938 2998 5191013
3943 2005 24039667
3943 2500 30150593
3943 2995 24039667
3946 2010 13987119
3946 2990 13987119
3949 2003 12026383
3949 2997 12026383
3950 2007 3361262
3950 2993 3361262
3959 1999 32027700
3959 3001 32027700
3960 2007 12333693
3960 2993 12333693
3964 2010 32638289
3964 2990 32638289
3970 1999 40515489
3970 3001 40515489
3989 2212 571294
3989 2788 571294
3991 2190 2016
3991 2810 2016
3996 2304 333507
3996 2696 333507
3998 2157 2016
3998 2189 691195
3998 2811 691195
3998 2843 2016
3999 2150 470537
3999 2361 1589950
3999 2639 1589950
3999 2850 470537
4001 1420 7364346
4001 1428 28998938
4001 1790 48419894
4001 1938 45199693
4001 1991 45672244
4001 3009 45672244
4001 3062 45199693
4001 3210 48419894
4001 3572 28998938
4001 3580 7364346
4002 1859 3414663
4002 1908 12620851
4002 2060 19828015
4002 2104 96121388
4002 2896 96121388
4002 2940 19828015
4002 3092 12620851
4002 3141 3414663
4004 1979 245633023
4004 3021 245633023
4005 1987 417651807
4005 3013 417651807
4006 2047 14942297
4006 2297 14321633
4006 2703 14321633
4006 2953 14942297
4007 2020 52766561
4007 2980 52766561
4008 1638 31166226
4008 2410 91385798
4008 2590 91385798
4008 3362 31166226
4009 2036 119289505
4009 2494 32842826
4009 2506 32842826
4009 2964 119289505
4010 1484 42023825
4010 1953 100704834
4010 1956 12106989
4010 1968 110065181
4010 2074 27830154
4010 2097 82038550
4010 2107 2405076
4010 2347 16587663
4010 2471 20157491
4010 2529 20157491
4010 2653 16587663
4010 2893 2405076
4010 2903 82038550
4010 2926 27830154
4010 3032 110065181
4010 3044 12106989
4010 3047 100704834
4010 3516 42023825
4011 1959 81941823
4011 2101 3852957
4011 2342 26796385
4011 2383 13802733
4011 2424 14423398
4011 2464 60075490
4011 2536 60075490
4011 2576 14423398
4011 2617 13802733
4011 2658 26796385
4011 2899 3852957
4011 3041 81941823
4012 2030 72205652
4012 2054 50466273
4012 2330 31812080
4012 2388 2016
4012 2490 14299466
4012 2492 16224937
4012 2508 16224937
4012 2510 14299466
4012 2612 2016
4012 2670 31812080
4012 2946 50466273
4012 2970 72205652
4013 1460 2016
4013 1467 13145796
4013 1935 133396524
4013 1969 131820681
4013 2480 49218899
4013 2499 35167296
4013 2501 35167296
4013 2520 49218899
4013 3031 131820681
4013 3065 133396524
4013 3533 13145796
4013 3540 2016
4014 1370 25949017
4014 2333 39977446
4014 2667 39977446
4014 3630 25949017
4015 1420 19915674
4015 1945 51289460
4015 3055 51289460
4015 3580 19915674
4016 1859 3132543
4016 2452 8572425
4016 2484 57488044
4016 2516 57488044
4016 2548 8572425
4016 3141 3132543
4017 2330 24998876
4017 2463 30122381
4017 2474 44414794
4017 2526 44414794
4017 2537 30122381
4017 2670 24998876
4018 2122 99074582
4018 2432 7321021
4018 2568 7321021
4018 2878 99074582
4019 2314 18144362
4019 2686 18144362
4020 1440 55768118
4020 1736 5428800
4020 1957 8290305
4020 2110 63560682
4020 2349 37408136
4020 2651 37408136
4020 2890 63560682
4020 3043 8290305
4020 3264 5428800
4020 3560 55768118
4021 1398 23008921
4021 1410 29070476
4021 3590 29070476
4021 3602 23008921
4022 1658 42732148
4022 2130 66006060
4022 2320 34391465
4022 2388 12475760
4022 2612 12475760
4022 2680 34391465
4022 2870 66006060
4022 3342 42732148
4023 1369 2016
4023 1424 9778489
4023 1467 37125009
4023 2062 117440610
4023 2479 9501407
4023 2521 9501407
4023 2938 117440610
4023 3533 37125009
4023 3576 9778489
4023 3631 2016
4024 2126 7260566
4024 2342 32275563
4024 2658 32275563
4024 2874 7260566
4025 1426 24522295
4025 2415 38100338
4025 2585 38100338
4025 3574 24522295
4026 2391 56314223
4026 2609 56314223
4027 1494 45666199
4027 1675 42194105
4027 1782 35399037
4027 2304 35715415
4027 2360 11239469
4027 2640 11239469
4027 2696 35715415
4027 3218 35399037
4027 3325 42194105
4027 3506 45666199
4028 1664 53886981
4028 2280 16771041
4028 2720 16771041
4028 3336 53886981
4029 1454 18150407
4029 1837 22585741
4029 2140 29188362
4029 2325 21458267
4029 2376 5433838
4029 2624 5433838
4029 2675 21458267
4029 2860 29188362
4029 3163 22585741
4029 3546 18150407
4030 1340 7463088
4030 1355 20067817
4030 1439 49042573
4030 1581 21421995
4030 1844 22939398
4030 2371 12199686
4030 2629 12199686
4030 3156 22939398
4030 3419 21421995
4030 3561 49042573
4030 3645 20067817
4030 3660 7463088
4031 1387 33803043
4031 1657 27075483
4031 2289 16156422
4031 2711 16156422
4031 3343 27075483
4031 3613 33803043
4032 1639 64606542
4032 2340 25634654
4032 2406 41088798
4032 2594 41088798
4032 2660 25634654
4032 3361 64606542
4033 1377 19789728
4033 1393 20906118
4033 1420 63930461
4033 2131 10044489
4033 2281 13164940
4033 2719 13164940
4033 2869 10044489
4033 3580 63930461
4033 3607 20906118
4033 3623 19789728
4034 1452 21410911
4034 1470 34088186
4034 1686 58379746
4034 2423 4791007
4034 2577 4791007
4034 3314 58379746
4034 3530 34088186
4034 3548 21410911
4035 2126 109934196
4035 2393 34866031
4035 2607 34866031
4035 2874 109934196
4036 1400 41130108
4036 1427 90446741
4036 1589 12190617
4036 1765 9697884
4036 2129 70338621
4036 2134 12224875
4036 2333 22366090
4036 2667 22366090
4036 2866 12224875
4036 2871 70338621
4036 3235 9697884
4036 3411 12190617
4036 3573 90446741
4036 3600 41130108
4037 1850 11004705
4037 2303 59385303
4037 2697 59385303
4037 3150 11004705
4038 1346 41895863
4038 1416 9512490
4038 1480 7893322
4038 2276 68264030
4038 2494 35658991
4038 2506 35658991
4038 2724 68264030
4038 3520 7893322
4038 3584 9512490
4038 3654 41895863
4039 2141 14834487
4039 2330 30033715
4039 2359 13041008
4039 2379 23867373
4039 2621 23867373
4039 2641 13041008
4039 2670 30033715
4039 2859 14834487
4040 1440 56208427
4040 1452 35022205
4040 1541 16514110
4040 2141 2823218
4040 2310 22975671
4040 2361 12297420
4040 2416 46162932
4040 2446 17259714
4040 2554 17259714
4040 2584 46162932
4040 2639 12297420
4040 2690 22975671
4040 2859 2823218
4040 3459 16514110
4040 3548 35022205
4040 3560 56208427
4041 1359 17561985
4041 2129 18056703
4041 2434 23129830
4041 2566 23129830
4041 2871 18056703
4041 3641 17561985
4042 1649 16546352
4042 3351 16546352
4043 1431 53188733
4043 2373 19682925
4043 2480 26975733
4043 2520 26975733
4043 2627 19682925
4043 3569 53188733
4044 2262 8239927
4044 2738 8239927
4045 1332 14114073
4045 1338 2016
4045 1678 2020183
4045 1824 24286523
4045 2298 27267929
4045 2470 16873813
4045 2494 15584121
4045 2506 15584121
4045 2530 16873813
4045 2702 27267929
4045 3176 24286523
4045 3322 2020183
4045 3662 2016
4045 3668 14114073
4046 1375 16533254
4046 1838 15958938
4046 2275 6635872
4046 2343 8584516
4046 2657 8584516
4046 2725 6635872
4046 3162 15958938
4046 3625 16533254
4047 1444 78469729
4047 2316 23831100
4047 2375 34478116
4047 2625 34478116
4047 2684 23831100
4047 3556 78469729
4048 1322 1795494
4048 2393 50066267
4048 2464 6963332
4048 2536 6963332
4048 2607 50066267
4048 3678 1795494
4049 1359 9805694
4049 1411 50239569
4049 2280 15945839
4049 2361 18559482
4049 2639 18559482
4049 2720 15945839
4049 3589 50239569
4049 3641 9805694
4050 1350 23138898
4050 1357 1212110
4050 1450 41945234
4050 1451 15955915
4050 1469 33099757
4050 1481 44873239
4050 1500 22879952
4050 1524 5511421
4050 1531 16396224
4050 1550 52499554
4050 1600 2016
4050 1650 42464134
4050 1700 14169489
4050 1750 96456910
4050 1761 45705494
4050 1850 6997590
4050 2150 41912992
4050 2300 31598475
4050 2350 37096797
4050 2400 22970633
4050 2420 31816110
4050 2450 1837812
4050 2500 12655108
4050 2550 1837812
4050 2580 31816110
4050 2600 22970633
4050 2650 37096797
4050 2700 31598475
4050 2850 41912992
4050 3150 6997590
4050 3239 45705494
4050 3250 96456910
4050 3300 14169489
4050 3350 42464134
4050 3400 2016
4050 3450 52499554
4050 3469 16396224
4050 3476 5511421
4050 3500 22879952
4050 3519 44873239
4050 3531 33099757
4050 3549 15955915
4050 3550 41945234
4050 3643 1212110
4050 3650 23138898
4051 1581 37427280
4051 2435 34325973
4051 2500 17080366
4051 2565 34325973
4051 3419 37427280
4052 2299 5180937
4052 2701 5180937
4053 1329 6496827
4053 1604 513862
4053 2297 37888748
4053 2703 37888748
4053 3396 513862
4053 3671 6496827
4054 1672 116387697
4054 3328 116387697
4055 1455 112474286
4055 1561 78037481
4055 3439 78037481
4055 3545 112474286
4056 1400 12867706
4056 1492 19168055
4056 3508 19168055
4056 3600 12867706
4057 2443 1670555
4057 2470 45061655
4057 2479 30858917
4057 2521 30858917
4057 2530 45061655
4057 2557 1670555
4058 1517 39007154
4058 1611 43617804
4058 1712 23140913
4058 2373 25285027
4058 2490 34463003
4058 2510 34463003
4058 2627 25285027
4058 3288 23140913
4058 3389 43617804
4058 3483 39007154
4059 1563 32867008
4059 2151 14789146
4059 2432 32581865
4059 2458 7390543
4059 2542 7390543
4059 2568 32581865
4059 2849 14789146
4059 3437 32867008
4060 1447 29866458
4060 1724 62857397
4060 2165 7006658
4060 2262 40432868
4060 2357 37719476
4060 2419 10138193
4060 2581 10138193
4060 2643 37719476
4060 2738 40432868
4060 2835 7006658
4060 3276 62857397
4060 3553 29866458
4061 1637 47155391
4061 1818 55388264
4061 2277 32665494
4061 2341 1214125
4061 2443 32170776
4061 2492 7626315
4061 2500 30547577
4061 2508 7626315
4061 2557 32170776
4061 2659 1214125
4061 2723 32665494
4061 3182 55388264
4061 3363 47155391
4062 1560 31621649
4062 2158 16642072
4062 2269 24759074
4062 2731 24759074
4062 2842 16642072
4062 3440 31621649
4064 1599 9725088
4064 3401 9725088
4065 1713 64666997
4065 3287 64666997
4066 1498 95439262
4066 2157 11926634
4066 2339 5074134
4066 2402 10483790
4066 2598 10483790
4066 2661 5074134
4066 2843 11926634
4066 3502 95439262
4067 1627 18163506
4067 1731 71968873
4067 2291 17608334
4067 2300 30100215
4067 2395 32362214
4067 2605 32362214
4067 2700 30100215
4067 2709 17608334
4067 3269 71968873
4067 3373 18163506
4068 2423 42799656
4068 2577 42799656
4069 1447 21615449
4069 1463 70266076
4069 2279 7021772
4069 2721 7021772
4069 3537 70266076
4069 3553 21615449
4070 1481 46962944
4070 2379 15323160
4070 2411 12017315
4070 2430 15171016
4070 2441 39166350
4070 2479 55637134
4070 2499 19307100
4070 2501 19307100
4070 2521 55637134
4070 2559 39166350
4070 2570 15171016
4070 2589 12017315
4070 2621 15323160
4070 3519 46962944
4071 1628 103741657
4071 2285 9185029
4071 2296 49001263
4071 2704 49001263
4071 2715 9185029
4071 3372 103741657
4073 1411 13699961
4073 1589 6536122
4073 2315 77537725
4073 2685 77537725
4073 3411 6536122
4073 3589 13699961
4075 1447 76140222
4075 1520 5257513
4075 2399 2016
4075 2601 2016
4075 3480 5257513
4075 3553 76140222
4076 1578 64833246
4076 2472 15033986
4076 2528 15033986
4076 3422 64833246
4077 1487 29435217
4077 3513 29435217
4078 1495 33723445
4078 1606 35337575
4078 3394 35337575
4078 3505 33723445
4079 1506 4270092
4079 3494 4270092
4080 1454 79360423
4080 2282 13587113
4080 2470 4255986
4080 2530 4255986
4080 2718 13587113
4080 3546 79360423
4081 1709 49299504
4081 2308 8502903
4081 2692 8502903
4081 3291 49299504
4082 1464 61112282
4082 1496 40082233
4082 1519 61012532
4082 3481 61012532
4082 3504 40082233
4082 3536 61112282
4084 2249 30286616
4084 2751 30286616
4085 1480 31967246
4085 1548 57255295
4085 1565 90058826
4085 2285 32476070
4085 2301 38483216
4085 2699 38483216
4085 2715 32476070
4085 3435 90058826
4085 3452 57255295
4085 3520 31967246
4086 1594 92201932
4086 3406 92201932
4087 1500 32196973
4087 2297 15693946
4087 2703 15693946
4087 3500 32196973
4088 1426 2016
4088 1467 65554668
4088 2235 9285787
4088 2264 14908040
4088 2360 10739713
4088 2640 10739713
4088 2736 14908040
4088 2765 9285787
4088 3533 65554668
4088 3574 2016
4089 1487 43681281
4089 1524 58084527
4089 1533 46020864
4089 3467 46020864
4089 3476 58084527
4089 3513 43681281
4090 1502 1942600
4090 1550 14469746
4090 1573 52862280
4090 2290 2016
4090 2320 7755284
4090 2680 7755284
4090 2710 2016
4090 3427 52862280
4090 3450 14469746
4090 3498 1942600
4091 1523 17531758
4091 3477 17531758
4092 2280 17051146
4092 2340 39863590
4092 2381 20446665
4092 2619 20446665
4092 2660 39863590
4092 2720 17051146
4093 1674 55743937
4093 2233 22278431
4093 2258 21250707
4093 2407 1801540
4093 2447 93705
4093 2553 93705
4093 2593 1801540
4093 2742 21250707
4093 2767 22278431
4093 3326 55743937
4094 1569 27524860
4094 2237 21986235
4094 2244 14583602
4094 2756 14583602
4094 2763 21986235
4094 3431 27524860
4095 1614 17235532
4095 3386 17235532
4096 1654 49506057
4096 2264 35145129
4096 2736 35145129
4096 3346 49506057
4097 1635 71120497
4097 1733 9022810
4097 2278 28837727
4097 2722 28837727
4097 3267 9022810
4097 3365 71120497
4098 1465 32182867
4098 1620 9364377
4098 3380 9364377
4098 3535 32182867
4099 2339 30575789
4099 2373 33673066
4099 2627 33673066
4099 2661 30575789
4100 1450 13666711
4100 1483 2016
4100 1500 57721801
4100 1516 36150686
4100 1521 63294683
4100 1550 29895677
4100 1600 87858288
4100 1750 12907001
4100 2250 614620
4100 2300 21701092
4100 2344 2067539
4100 2350 26287561
4100 2393 8524062
4100 2400 19962022
4100 2450 2016
4100 2550 2016
4100 2600 19962022
4100 2607 8524062
4100 2650 26287561
4100 2656 2067539
4100 2700 21701092
4100 2750 614620
4100 3250 12907001
4100 3400 87858288
4100 3450 29895677
4100 3479 63294683
4100 3484 36150686
4100 3500 57721801
4100 3517 2016
4100 3550 13666711
4101 1526 46310037
4101 1697 15741302
4101 2390 32528464
4101 2610 32528464
4101 3303 15741302
4101 3474 46310037
4103 1450 22762066
4103 2301 73591064
4103 2699 73591064
4103 3550 22762066
4104 1511 24325818
4104 1593 8156298
4104 1605 66900784
4104 3395 66900784
4104 3407 8156298
4104 3489 24325818
4105 1491 32182867
4105 1540 43155329
4105 1687 7241422
4105 2391 20090992
4105 2609 20090992
4105 3313 7241422
4105 3460 43155329
4105 3509 32182867
4106 2426 4208630
4106 2574 4208630
4107 1534 44982057
4107 1560 21626532
4107 1645 8279222
4107 2373 11563907
4107 2410 23407920
4107 2590 23407920
4107 2627 11563907
4107 3355 8279222
4107 3440 21626532
4107 3466 44982057
4108 1590 29738496
4108 2362 4365811
4108 2638 4365811
4108 3410 29738496
4109 1475 30991916
4109 1544 39707416
4109 1571 41469660
4109 3429 41469660
4109 3456 39707416
4109 3525 30991916
4110 1707 4074623
4110 2246 1507329
4110 2319 37644916
4110 2681 37644916
4110 2754 1507329
4110 3293 4074623
4111 1601 17654682
4111 2340 11405719
4111 2660 11405719
4111 3399 17654682
4112 1564 54404873
4112 2406 11311007
4112 2594 11311007
4112 3436 54404873
4114 1623 115852676
4114 1703 8175442
4114 2311 27176240
4114 2689 27176240
4114 3297 8175442
4114 3377 115852676
4116 1450 61446796
4116 3550 61446796
4117 1453 30179813
4117 1501 24613984
4117 1570 63929454
4117 1652 32754160
4117 3348 32754160
4117 3430 63929454
4117 3499 24613984
4117 3547 30179813
4118 1480 59737953
4118 1690 34411616
4118 3310 34411616
4118 3520 59737953
4120 1544 32306798
4120 1567 52268820
4120 1578 65761220
4120 3422 65761220
4120 3433 52268820
4120 3456 32306798
4121 2268 46806771
4121 2424 3029770
4121 2576 3029770
4121 2732 46806771
4122 1708 16308565
4122 3292 16308565
4123 1585 115357958
4123 3415 115357958
4125 1605 31347589
4125 3395 31347589
4126 1633 2016
4126 1664 24141432
4126 3336 24141432
4126 3367 2016
4127 1580 8875705
4127 2261 2016
4127 2739 2016
4127 3420 8875705
4128 1480 41755811
4128 1512 27434178
4128 1552 41077715
4128 1710 2016
4128 2321 17603296
4128 2679 17603296
4128 3290 2016
4128 3448 41077715
4128 3488 27434178
4128 3520 41755811
4129 1641 6090775
4129 3359 6090775
4130 1609 130930995
4130 2418 39916991
4130 2428 67789463
4130 2572 67789463
4130 2582 39916991
4130 3391 130930995
4133 1607 18959488
4133 1702 5399580
4133 3298 5399580
4133 3393 18959488
4134 2453 2016
4134 2547 2016
4135 1558 2016
4135 2306 23610442
4135 2694 23610442
4135 3442 2016
4136 1600 10064640
4136 2438 53602846
4136 2562 53602846
4136 3400 10064640
4137 1479 35914914
4137 1516 75529633
4137 1681 2016
4137 3319 2016
4137 3484 75529633
4137 3521 35914914
4138 1504 29486603
4138 2270 2016
4138 2730 2016
4138 3496 29486603
4141 1634 28295653
4141 3366 28295653
4142 1562 27123846
4142 2240 75881276
4142 2466 17461228
4142 2534 17461228
4142 2760 75881276
4142 3438 27123846
4143 2257 17893477
4143 2743 17893477
4145 2272 18806337
4145 2728 18806337
4146 2335 9784535
4146 2665 9784535
4147 2214 32354154
4147 2786 32354154
4148 2443 51954457
4148 2557 51954457
4149 1563 67728001
4149 1683 2566287
4149 2462 5901351
4149 2538 5901351
4149 3317 2566287
4149 3437 67728001
4150 1500 11102439
4150 1550 25478481
4150 1600 25421049
4150 1644 32971796
4150 1650 2016
4150 1700 9094348
4150 2250 88802383
4150 2350 2016
4150 2400 9232385
4150 2450 93745533
4150 2491 7988033
4150 2500 5845935
4150 2509 7988033
4150 2550 93745533
4150 2600 9232385
4150 2650 2016
4150 2750 88802383
4150 3300 9094348
4150 3350 2016
4150 3356 32971796
4150 3400 25421049
4150 3450 25478481
4150 3500 11102439
4152 2277 28749060
4152 2723 28749060
4154 1609 40067120
4154 3391 40067120
4155 2220 2636817
4155 2780 2636817
4156 2267 5674648
4156 2733 5674648
4157 2490 83347387
4157 2510 83347387
4158 2220 12456617
4158 2231 7392558
4158 2263 32892197
4158 2737 32892197
4158 2769 7392558
4158 2780 12456617
4159 2268 39088767
4159 2466 71592041
4159 2534 71592041
4159 2732 39088767
4160 2233 108360368
4160 2251 15442053
4160 2266 40017749
4160 2734 40017749
4160 2749 15442053
4160 2767 108360368
4162 2247 75923594
4162 2753 75923594
4163 1618 12604730
4163 2296 25308201
4163 2704 25308201
4163 3382 12604730
4165 1550 2016
4165 1656 33191446
4165 3344 33191446
4165 3450 2016
4166 1619 4276137
4166 2233 26595878
4166 2463 2585431
4166 2500 17700023
4166 2537 2585431
4166 2767 26595878
4166 3381 4276137
4167 1537 69121474
4167 1571 18374089
4167 2248 40933632
4167 2490 88659308
4167 2499 45755873
4167 2501 45755873
4167 2510 88659308
4167 2752 40933632
4167 3429 18374089
4167 3463 69121474
4168 1622 12493897
4168 2433 9286794
4168 2477 4568333
4168 2523 4568333
4168 2567 9286794
4168 3378 12493897
4169 1639 55706656
4169 2341 15598227
4169 2659 15598227
4169 3361 55706656
4170 1604 1957713
4170 1630 28327895
4170 2310 23396836
4170 2470 16315618
4170 2530 16315618
4170 2690 23396836
4170 3370 28327895
4170 3396 1957713
4172 2329 36550692
4172 2671 36550692
4173 2231 2016
4173 2350 52402827
4173 2650 52402827
4173 2769 2016
4174 1600 8283252
4174 3400 8283252
4176 1557 75065143
4176 2305 25141951
4176 2695 25141951
4176 3443 75065143
4177 1606 26219046
4177 1646 28311774
4177 2270 11509499
4177 2730 11509499
4177 3354 28311774
4177 3394 26219046
4180 1642 5839889
4180 2250 64476566
4180 2336 18339831
4180 2664 18339831
4180 2750 64476566
4180 3358 5839889
4181 2292 104845956
4181 2337 41931128
4181 2663 41931128
4181 2708 104845956
4185 2257 2016
4185 2743 2016
4186 1607 15618378
4186 2315 23820017
4186 2685 23820017
4186 3393 15618378
4189 1620 35503825
4189 1640 7484247
4189 2250 2003054
4189 2323 7181976
4189 2355 2016
4189 2645 2016
4189 2677 7181976
4189 2750 2003054
4189 3360 7484247
4189 3380 35503825
4190 1989 1820684
4190 2240 7142680
4190 2252 2496765
4190 2309 78123124
4190 2335 27409997
4190 2665 27409997
4190 2691 78123124
4190 2748 2496765
4190 2760 7142680
4190 3011 1820684
4191 1638 820164
4191 2322 23644699
4191 2678 23644699
4191 3362 820164
4192 2280 2016
4192 2358 46147818
4192 2642 46147818
4192 2720 2016
4195 1630 6627811
4195 3370 6627811
4200 1550 2061493
4200 1600 2856468
4200 1650 18026476
4200 2300 17949901
4200 2350 40296846
4200 2650 40296846
4200 2700 17949901
4200 3350 18026476
4200 3400 2856468
4200 3450 2061493
4201 1664 1632268
4201 3336 1632268
4203 2369 42510482
4203 2631 42510482
4204 2249 80756918
4204 2751 80756918
4205 2339 36392503
4205 2661 36392503
4207 2362 24345969
4207 2638 24345969
4212 2380 23525806
4212 2620 23525806
4221 2318 2016
4221 2682 2016
4238 2252 2016
4238 2748 2016
4250 2300 6948219
4250 2700 6948219
1872
20 1000 40 1000 295219
20 4000 40 4000 295219
40 1000 60 1000 497741
40 4000 60 4000 497741
60 1000 80 1000 4302334
60 4000 80 4000 4302334
80 1000 100 1000 457438
80 4000 100 4000 457438
100 1000 120 1000 396984
100 4000 120 4000 396984
120 1000 140 1000 508824
120 4000 140 4000 508824
140 1000 160 1000 703286
140 4000 160 4000 703286
160 1000 180 1000 193454
160 4000 180 4000 193454
180 1000 200 1000 1260473
180 4000 200 4000 1260473
200 1000 220 1000 1315890
200 4000 220 4000 1315890
220 1000 240 1000 1377352
220 4000 240 4000 1377352
240 1000 260 1000 2831279
240 4000 260 4000 2831279
260 1000 280 1000 98190941
260 4000 280 4000 98190941
280 1000 300 1000 191397422
280 4000 300 4000 191397422
300 1000 320 1000 74491834
300 2000 320 2000 51913147
300 3000 320 3000 51913147
300 4000 320 4000 74491834
320 1000 340 1000 148952433
320 2000 340 2000 133513403
320 3000 340 3000 133513403
320 4000 340 4000 148952433
340 1000 360 1000 94540507
340 2000 360 2000 178595209
340 3000 360 3000 178595209
340 4000 360 4000 94540507
360 1000 380 1000 74849522
360 2000 380 2000 82370042
360 3000 380 3000 82370042
360 4000 380 4000 74849522
380 1000 400 1000 82418405
380 2000 400 2000 156726860
380 3000 400 3000 156726860
380 4000 400 4000 82418405
400 1000 420 1000 30557652
400 2000 420 2000 93903721
400 3000 420 3000 93903721
400 4000 420 4000 30557652
420 1000 440 1000 14275284
420 2000 440 2000 128294178
420 3000 440 3000 128294178
420 4000 440 4000 14275284
440 1000 460 1000 164170804
440 2000 460 2000 163299254
440 3000 460 3000 163299254
440 4000 460 4000 164170804
460 1000 480 1000 376917675
460 2000 480 2000 377730786
460 3000 480 3000 377730786
460 4000 480 4000 376917675
480 1000 500 1000 706408922
480 2000 500 2000 707639168
480 3000 500 3000 707639168
480 4000 500 4000 706408922
500 1000 520 1000 1080062063
500 2000 520 2000 1081156286
500 3000 520 3000 1081156286
500 4000 520 4000 1080062063
520 1000 540 1000 1038963190
520 2000 540 2000 1038685100
520 3000 540 3000 1038685100
520 4000 540 4000 1038963190
540 1000 560 1000 1059335293
540 2000 560 2000 1057834011
540 3000 560 3000 1057834011
540 4000 560 4000 1059335293
560 1000 580 1000 997478416
560 2000 580 2000 1000300626
560 3000 580 3000 1000300626
560 4000 580 4000 997478416
580 1000 600 1000 1027663266
580 2000 600 2000 1026187173
580 3000 600 3000 1026187173
580 4000 600 4000 1027663266
600 1000 620 1000 1056007282
600 2000 620 2000 1056039524
600 3000 620 3000 1056039524
600 4000 620 4000 1056007282
620 1000 640 1000 1110178398
620 2000 640 2000 1109130523
620 3000 640 3000 1109130523
620 4000 640 4000 1110178398
640 1000 660 1000 1172832265
640 2000 660 2000 1173964776
640 3000 660 3000 1173964776
640 4000 660 4000 1172832265
660 1000 680 1000 1140150650
660 2000 680 2000 1146849998
660 3000 680 3000 1146849998
660 4000 680 4000 1140150650
680 1000 700 1000 1262866908
680 2000 700 2000 1260679469
680 3000 700 3000 1260679469
680 4000 700 4000 1262866908
700 1000 720 1000 1673839518
700 2000 720 2000 1411274243
700 3000 720 3000 1411274243
700 4000 720 4000 1673839518
720 1000 740 1000 1495033727
720 2000 740 2000 1576483854
720 3000 740 3000 1576483854
720 4000 740 4000 1495033727
740 1000 760 1000 1597214654
740 2000 760 2000 1658964728
740 3000 760 3000 1658964728
740 4000 760 4000 1597214654
760 1000 780 1000 2039869366
760 2000 780 2000 1984863981
760 3000 780 3000 1984863981
760 4000 780 4000 2039869366
780 1000 800 1000 1546179103
780 2000 800 2000 1693401533
780 3000 800 3000 1693401533
780 4000 800 4000 1546179103
800 1000 820 1000 2924843269
800 2000 820 2000 2598110755
800 3000 820 3000 2598110755
800 4000 820 4000 2924843269
820 1000 840 1000 720738615
820 2000 840 2000 750618171
820 3000 840 3000 750618171
820 4000 840 4000 720738615
840 1000 860 1000 1995487823
840 2000 860 2000 1972264289
840 3000 860 3000 1972264289
840 4000 860 4000 1995487823
860 1000 880 1000 2283688758
860 2000 880 2000 2285362336
860 3000 880 3000 2285362336
860 4000 880 4000 2283688758
880 1000 900 1000 4203982469
880 2000 900 2000 4209758881
880 3000 900 3000 4209758881
880 4000 900 4000 4203982469
900 1000 920 1000 698955910
900 2000 920 2000 786412176
900 3000 920 3000 786412176
900 4000 920 4000 698955910
920 1000 940 1000 4390770248
920 2000 940 2000 4300555249
920 3000 940 3000 4300555249
920 4000 940 4000 4390770248
940 1000 960 1000 2006732329
940 2000 960 2000 2007171631
940 3000 960 3000 2007171631
940 4000 960 4000 2006732329
960 1000 980 1000 651835785
960 2000 980 2000 995234553
960 3000 980 3000 995234553
960 4000 980 4000 651835785
980 1000 1000 1000 9334998938
980 2000 1000 2000 8998087928
980 3000 1000 3000 8998087928
980 4000 1000 4000 9334998938
1000 20 1000 40 295219
1000 40 1000 60 497741
1000 60 1000 80 4302334
1000 80 1000 100 457438
1000 100 1000 120 396984
1000 120 1000 140 508824
1000 140 1000 160 703286
1000 160 1000 180 193454
1000 180 1000 200 1260473
1000 200 1000 220 1315890
1000 220 1000 240 1377352
1000 240 1000 260 2831279
1000 260 1000 280 98190941
1000 280 1000 300 191397422
1000 300 1000 320 74491834
1000 320 1000 340 148952433
1000 340 1000 360 94540507
1000 360 1000 380 74849522
1000 380 1000 400 82418405
1000 400 1000 420 30557652
1000 420 1000 440 14275284
1000 440 1000 460 164170804
1000 460 1000 480 376917675
1000 480 1000 500 706408922
1000 500 1000 520 1080062063
1000 520 1000 540 1038963190
1000 540 1000 560 1059335293
1000 560 1000 580 997478416
1000 580 1000 600 1027663266
1000 600 1000 620 1056007282
1000 620 1000 640 1110178398
1000 640 1000 660 1172832265
1000 660 1000 680 1140150650
1000 680 1000 700 1262866908
1000 700 1000 720 1673839518
1000 720 1000 740 1495033727
1000 740 1000 760 1597214654
1000 760 1000 780 2039869366
1000 780 1000 800 1546179103
1000 800 1000 820 2924843269
1000 820 1000 840 720738615
1000 840 1000 860 1995487823
1000 860 1000 880 2283688758
1000 880 1000 900 4203982469
1000 900 1000 920 698955910
1000 920 1000 940 4390770248
1000 940 1000 960 2006732329
1000 960 1000 980 651835785
1000 980 1000 1000 9334998938
1000 1000 1000 1020 32122412
1000 1000 1020 1000 32122412
1000 1020 1000 1040 139574957
1000 1040 1000 1060 201554758
1000 1060 1000 1080 154302641
1000 1080 1000 1100 211421914
1000 1100 1000 1120 369014278
1000 1120 1000 1140 412612938
1000 1140 1000 1160 383500145
1000 1160 1000 1180 558129549
1000 1180 1000 1200 586819161
1000 1200 1000 1220 655543651
1000 1220 1000 1240 615088617
1000 1240 1000 1260 1624477544
1000 1260 1000 1280 1456608950
1000 1280 1000 1300 1111986990
1000 1300 1000 1320 1141837326
1000 1320 1000 1340 1181417788
1000 1340 1000 1360 1143434328
1000 1360 1000 1380 1099890077
1000 1380 1000 1400 1096743429
1000 1400 1000 1420 1081823299
1000 1420 1000 1440 1031795320
1000 1440 1000 1460 1120507021
1000 1460 1000 1480 1020443004
1000 1480 1000 1500 964899574
1000 1500 1000 1520 1044552193
1000 1520 1000 1540 1018892350
1000 1540 1000 1560 1033960593
1000 1560 1000 1580 1094519717
1000 1580 1000 1600 1071942038
1000 1600 1000 1620 1057933760
1000 1620 1000 1640 1004702709
1000 1640 1000 1660 864847647
1000 1660 1000 1680 812061944
1000 1680 1000 1700 761461664
1000 1700 1000 1720 643791328
1000 1720 1000 1740 726773973
1000 1740 1000 1760 692627349
1000 1760 1000 1780 679083562
1000 1780 1000 1800 766413882
1000 1800 1000 1820 1143531055
1000 1820 1000 1840 1004718831
1000 1840 1000 1860 598017320
1000 1860 1000 1880 732022417
1000 1880 1000 1900 939782813
1000 1900 1000 1920 1062968599
1000 1920 1000 1940 1089141296
1000 1940 1000 1960 986011236
1000 1960 1000 1980 854618774
1000 1980 1000 2000 712985347
1000 2000 1000 2020 64579338
1000 2000 1020 2000 37433326
1000 2020 1000 2040 356656404
1000 2040 1000 2060 466604706
1000 2060 1000 2080 381700621
1000 2080 1000 2100 572333295
1000 2100 1000 2120 620863014
1000 2120 1000 2140 515629142
1000 2140 1000 2160 624202108
1000 2160 1000 2180 615027155
1000 2180 1000 2200 603093469
1000 2200 1000 2220 614608005
1000 2220 1000 2240 657762325
1000 2240 1000 2260 649067984
1000 2260 1000 2280 630471223
1000 2280 1000 2300 567446569
1000 2300 1000 2320 817716439
1000 2320 1000 2340 928795237
1000 2340 1000 2360 1078296796
1000 2360 1000 2380 1057028960
1000 2380 1000 2400 1007779835
1000 2400 1000 2420 968767644
1000 2420 1000 2440 1160099574
1000 2440 1000 2460 1107235279
1000 2460 1000 2480 1060758993
1000 2480 1000 2500 1068406467
1000 2500 1000 2520 1068406467
1000 2520 1000 2540 1060758993
1000 2540 1000 2560 1107235279
1000 2560 1000 2580 1160099574
1000 2580 1000 2600 968767644
1000 2600 1000 2620 1007779835
1000 2620 1000 2640 1057028960
1000 2640 1000 2660 1078296796
1000 2660 1000 2680 928795237
1000 2680 1000 2700 817716439
1000 2700 1000 2720 567446569
1000 2720 1000 2740 630471223
1000 2740 1000 2760 649067984
1000 2760 1000 2780 657762325
1000 2780 1000 2800 614608005
1000 2800 1000 2820 603093469
1000 2820 1000 2840 615027155
1000 2840 1000 2860 624202108
1000 2860 1000 2880 515629142
1000 2880 1000 2900 620863014
1000 2900 1000 2920 572333295
1000 2920 1000 2940 381700621
1000 2940 1000 2960 466604706
1000 2960 1000 2980 356656404
1000 2980 1000 3000 64579338
1000 3000 1000 3020 712985347
1000 3000 1020 3000 37433326
1000 3020 1000 3040 854618774
1000 3040 1000 3060 986011236
1000 3060 1000 3080 1089141296
1000 3080 1000 3100 1062968599
1000 3100 1000 3120 939782813
1000 3120 1000 3140 732022417
1000 3140 1000 3160 598017320
1000 3160 1000 3180 1004718831
1000 3180 1000 3200 1143531055
1000 3200 1000 3220 766413882
1000 3220 1000 3240 679083562
1000 3240 1000 3260 692627349
1000 3260 1000 3280 726773973
1000 3280 1000 3300 643791328
1000 3300 1000 3320 761461664
1000 3320 1000 3340 812061944
1000 3340 1000 3360 864847647
1000 3360 1000 3380 1004702709
1000 3380 1000 3400 1057933760
1000 3400 1000 3420 1071942038
1000 3420 1000 3440 1094519717
1000 3440 1000 3460 1033960593
1000 3460 1000 3480 1018892350
1000 3480 1000 3500 1044552193
1000 3500 1000 3520 964899574
1000 3520 1000 3540 1020443004
1000 3540 1000 3560 1120507021
1000 3560 1000 3580 1031795320
1000 3580 1000 3600 1081823299
1000 3600 1000 3620 1096743429
1000 3620 1000 3640 1099890077
1000 3640 1000 3660 1143434328
1000 3660 1000 3680 1181417788
1000 3680 1000 3700 1141837326
1000 3700 1000 3720 1111986990
1000 3720 1000 3740 1456608950
1000 3740 1000 3760 1624477544
1000 3760 1000 3780 615088617
1000 3780 1000 3800 655543651
1000 3800 1000 3820 586819161
1000 3820 1000 3840 558129549
1000 3840 1000 3860 383500145
1000 3860 1000 3880 412612938
1000 3880 1000 3900 369014278
1000 3900 1000 3920 211421914
1000 3920 1000 3940 154302641
1000 3940 1000 3960 201554758
1000 3960 1000 3980 139574957
1000 3980 1000 4000 32122412
1000 4000 1000 4020 9334998938
1000 4000 1020 4000 32122412
1000 4020 1000 4040 651835785
1000 4040 1000 4060 2006732329
1000 4060 1000 4080 4390770248
1000 4080 1000 4100 698955910
1000 4100 1000 4120 4203982469
1000 4120 1000 4140 2283688758
1000 4140 1000 4160 1995487823
1000 4160 1000 4180 720738615
1000 4180 1000 4200 2924843269
1000 4200 1000 4220 1546179103
1000 4220 1000 4240 2039869366
1000 4240 1000 4260 1597214654
1000 4260 1000 4280 1495033727
1000 4280 1000 4300 1673839518
1000 4300 1000 4320 1262866908
1000 4320 1000 4340 1140150650
1000 4340 1000 4360 1172832265
1000 4360 1000 4380 1110178398
1000 4380 1000 4400 1056007282
1000 4400 1000 4420 1027663266
1000 4420 1000 4440 997478416
1000 4440 1000 4460 1059335293
1000 4460 1000 4480 1038963190
1000 4480 1000 4500 1080062063
1000 4500 1000 4520 706408922
1000 4520 1000 4540 376917675
1000 4540 1000 4560 164170804
1000 4560 1000 4580 14275284
1000 4580 1000 4600 30557652
1000 4600 1000 4620 82418405
1000 4620 1000 4640 74849522
1000 4640 1000 4660 94540507
1000 4660 1000 4680 148952433
1000 4680 1000 4700 74491834
1000 4700 1000 4720 191397422
1000 4720 1000 4740 98190941
1000 4740 1000 4760 2831279
1000 4760 1000 4780 1377352
1000 4780 1000 4800 1315890
1000 4800 1000 4820 1260473
1000 4820 1000 4840 193454
1000 4840 1000 4860 703286
1000 4860 1000 4880 508824
1000 4880 1000 4900 396984
1000 4900 1000 4920 457438
1000 4920 1000 4940 4302334
1000 4940 1000 4960 497741
1000 4960 1000 4980 295219
1020 1000 1040 1000 139574957
1020 2000 1040 2000 140408220
1020 3000 1040 3000 140408220
1020 4000 1040 4000 139574957
1040 1000 1060 1000 201554758
1040 2000 1060 2000 201597076
1040 3000 1060 3000 201597076
1040 4000 1060 4000 201554758
1060 1000 1080 1000 154302641
1060 2000 1080 2000 153816992
1060 3000 1080 3000 153816992
1060 4000 1080 4000 154302641
1080 1000 1100 1000 211421914
1080 2000 1100 2000 213114635
1080 3000 1100 3000 213114635
1080 4000 1100 4000 211421914
1100 1000 1120 1000 369014278
1100 2000 1120 2000 370011775
1100 3000 1120 3000 370011775
1100 4000 1120 4000 369014278
1120 1000 1140 1000 412612938
1120 2000 1140 2000 412659286
1120 3000 1140 3000 412659286
1120 4000 1140 4000 412612938
1140 1000 1160 1000 383500145
1140 2000 1160 2000 383207949
1140 3000 1160 3000 383207949
1140 4000 1160 4000 383500145
1160 1000 1180 1000 558129549
1160 2000 1180 2000 559988519
1160 3000 1180 3000 559988519
1160 4000 1180 4000 558129549
1180 1000 1200 1000 586819161
1180 2000 1200 2000 587551667
1180 3000 1200 3000 587551667
1180 4000 1200 4000 586819161
1200 1000 1220 1000 655543651
1200 2000 1220 2000 655654484
1200 3000 1220 3000 655654484
1200 4000 1220 4000 655543651
1220 1000 1240 1000 615088617
1220 2000 1240 2000 569320654
1220 3000 1240 3000 569320654
1220 4000 1240 4000 615088617
1240 1000 1260 1000 1624477544
1240 2000 1260 2000 1076450924
1240 3000 1260 3000 1076450924
1240 4000 1260 4000 1624477544
1260 1000 1280 1000 1456608950
1260 2000 1280 2000 1545920157
1260 3000 1280 3000 1545920157
1260 4000 1280 4000 1456608950
1280 1000 1300 1000 1111986990
1280 2000 1300 2000 1186960443
1280 3000 1300 3000 1186960443
1280 4000 1300 4000 1111986990
1300 1000 1320 1000 1141837326
1300 2000 1320 2000 1284242554
1300 3000 1320 3000 1284242554
1300 4000 1320 4000 1141837326
1320 1000 1340 1000 1181417788
1320 2000 1340 2000 1156358458
1320 3000 1340 3000 1156358458
1320 4000 1340 4000 1181417788
1340 1000 1360 1000 1143434328
1340 2000 1360 2000 1112680200
1340 3000 1360 3000 1112680200
1340 4000 1360 4000 1143434328
1360 1000 1380 1000 1099890077
1360 2000 1380 2000 1171289672
1360 3000 1380 3000 1171289672
1360 4000 1380 4000 1099890077
1380 1000 1400 1000 1096743429
1380 2000 1400 2000 1122613855
1380 3000 1400 3000 1122613855
1380 4000 1400 4000 1096743429
1400 1000 1420 1000 1081823299
1400 2000 1420 2000 906705222
1400 3000 1420 3000 906705222
1400 4000 1420 4000 1081823299
1420 1000 1440 1000 1031795320
1420 2000 1440 2000 904119792
1420 3000 1440 3000 904119792
1420 4000 1440 4000 1031795320
1440 1000 1460 1000 1120507021
1440 2000 1460 2000 925879323
1440 3000 1460 3000 925879323
1440 4000 1460 4000 1120507021
1460 1000 1480 1000 1020443004
1460 2000 1480 2000 858319587
1460 3000 1480 3000 858319587
1460 4000 1480 4000 1020443004
1480 1000 1500 1000 964899574
1480 2000 1500 2000 862781117
1480 3000 1500 3000 862781117
1480 4000 1500 4000 964899574
1500 1000 1520 1000 1044552193
1500 2000 1520 2000 860704510
1500 3000 1520 3000 860704510
1500 4000 1520 4000 1044552193
1520 1000 1540 1000 1018892350
1520 2000 1540 2000 838414996
1520 3000 1540 3000 838414996
1520 4000 1540 4000 1018892350
1540 1000 1560 1000 1033960593
1540 2000 1560 2000 877292173
1540 3000 1560 3000 877292173
1540 4000 1560 4000 1033960593
1560 1000 1580 1000 1094519717
1560 2000 1580 2000 942201994
1560 3000 1580 3000 942201994
1560 4000 1580 4000 1094519717
1580 1000 1600 1000 1071942038
1580 2000 1600 2000 1089723673
1580 3000 1600 3000 1089723673
1580 4000 1600 4000 1071942038
1600 1000 1620 1000 1057933760
1600 2000 1620 2000 964344402
1600 3000 1620 3000 964344402
1600 4000 1620 4000 1057933760
1620 1000 1640 1000 1004702709
1620 2000 1640 2000 1004795406
1620 3000 1640 3000 1004795406
1620 4000 1640 4000 1004702709
1640 1000 1660 1000 864847647
1640 2000 1660 2000 989265695
1640 3000 1660 3000 989265695
1640 4000 1660 4000 864847647
1660 1000 1680 1000 812061944
1660 2000 1680 2000 945905829
1660 3000 1680 3000 945905829
1660 4000 1680 4000 812061944
1680 1000 1700 1000 761461664
1680 2000 1700 2000 786682205
1680 3000 1700 3000 786682205
1680 4000 1700 4000 761461664
1700 1000 1720 1000 643791328
1700 2000 1720 2000 942187888
1700 3000 1720 3000 942187888
1700 4000 1720 4000 643791328
1720 1000 1740 1000 726773973
1720 2000 1740 2000 981760289
1720 3000 1740 3000 981760289
1720 4000 1740 4000 726773973
1740 1000 1760 1000 692627349
1740 2000 1760 2000 1000675443
1740 3000 1760 3000 1000675443
1740 4000 1760 4000 692627349
1760 1000 1780 1000 679083562
1760 2000 1780 2000 1214074213
1760 3000 1780 3000 1214074213
1760 4000 1780 4000 679083562
1780 1000 1800 1000 766413882
1780 2000 1800 2000 840202430
1780 3000 1800 3000 840202430
1780 4000 1800 4000 766413882
1800 1000 1820 1000 1143531055
1800 2000 1820 2000 780335508
1800 3000 1820 3000 780335508
1800 4000 1820 4000 1143531055
1820 1000 1840 1000 1004718831
1820 2000 1840 2000 585310826
1820 3000 1840 3000 585310826
1820 4000 1840 4000 1004718831
1840 1000 1860 1000 598017320
1840 2000 1860 2000 707936402
1840 3000 1860 3000 707936402
1840 4000 1860 4000 598017320
1860 1000 1880 1000 732022417
1860 2000 1880 2000 715633247
1860 3000 1880 3000 715633247
1860 4000 1880 4000 732022417
1880 1000 1900 1000 939782813
1880 2000 1900 2000 668296493
1880 3000 1900 3000 668296493
1880 4000 1900 4000 939782813
1900 1000 1920 1000 1062968599
1900 2000 1920 2000 701109092
1900 3000 1920 3000 701109092
1900 4000 1920 4000 1062968599
1920 1000 1940 1000 1089141296
1920 2000 1940 2000 719678649
1920 3000 1940 3000 719678649
1920 4000 1940 4000 1089141296
1940 1000 1960 1000 986011236
1940 2000 1960 2000 649361188
1940 3000 1960 3000 649361188
1940 4000 1960 4000 986011236
1960 1000 1980 1000 854618774
1960 2000 1980 2000 855995117
1960 3000 1980 3000 855995117
1960 4000 1980 4000 854618774
1980 1000 2000 1000 712985347
1980 2000 2000 2000 717387430
1980 3000 2000 3000 717387430
1980 4000 2000 4000 712985347
2000 300 2000 320 51913147
2000 320 2000 340 133513403
2000 340 2000 360 178595209
2000 360 2000 380 82370042
2000 380 2000 400 156726860
2000 400 2000 420 93903721
2000 420 2000 440 128294178
2000 440 2000 460 163299254
2000 460 2000 480 377730786
2000 480 2000 500 707639168
2000 500 2000 520 1081156286
2000 520 2000 540 1038685100
2000 540 2000 560 1057834011
2000 560 2000 580 1000300626
2000 580 2000 600 1026187173
2000 600 2000 620 1056039524
2000 620 2000 640 1109130523
2000 640 2000 660 1173964776
2000 660 2000 680 1146849998
2000 680 2000 700 1260679469
2000 700 2000 720 1411274243
2000 720 2000 740 1576483854
2000 740 2000 760 1658964728
2000 760 2000 780 1984863981
2000 780 2000 800 1693401533
2000 800 2000 820 2598110755
2000 820 2000 840 750618171
2000 840 2000 860 1972264289
2000 860 2000 880 2285362336
2000 880 2000 900 4209758881
2000 900 2000 920 786412176
2000 920 2000 940 4300555249
2000 940 2000 960 2007171631
2000 960 2000 980 995234553
2000 980 2000 1000 8998087928
2000 1000 2000 1020 37433326
2000 1000 2020 1000 64579338
2000 1020 2000 1040 140408220
2000 1040 2000 1060 201597076
2000 1060 2000 1080 153816992
2000 1080 2000 1100 213114635
2000 1100 2000 1120 370011775
2000 1120 2000 1140 412659286
2000 1140 2000 1160 383207949
2000 1160 2000 1180 559988519
2000 1180 2000 1200 587551667
2000 1200 2000 1220 655654484
2000 1220 2000 1240 569320654
2000 1240 2000 1260 1076450924
2000 1260 2000 1280 1545920157
2000 1280 2000 1300 1186960443
2000 1300 2000 1320 1284242554
2000 1320 2000 1340 1156358458
2000 1340 2000 1360 1112680200
2000 1360 2000 1380 1171289672
2000 1380 2000 1400 1122613855
2000 1400 2000 1420 906705222
2000 1420 2000 1440 904119792
2000 1440 2000 1460 925879323
2000 1460 2000 1480 858319587
2000 1480 2000 1500 862781117
2000 1500 2000 1520 860704510
2000 1520 2000 1540 838414996
2000 1540 2000 1560 877292173
2000 1560 2000 1580 942201994
2000 1580 2000 1600 1089723673
2000 1600 2000 1620 964344402
2000 1620 2000 1640 1004795406
2000 1640 2000 1660 989265695
2000 1660 2000 1680 945905829
2000 1680 2000 1700 786682205
2000 1700 2000 1720 942187888
2000 1720 2000 1740 981760289
2000 1740 2000 1760 1000675443
2000 1760 2000 1780 1214074213
2000 1780 2000 1800 840202430
2000 1800 2000 1820 780335508
2000 1820 2000 1840 585310826
2000 1840 2000 1860 707936402
2000 1860 2000 1880 715633247
2000 1880 2000 1900 668296493
2000 1900 2000 1920 701109092
2000 1920 2000 1940 719678649
2000 1940 2000 1960 649361188
2000 1960 2000 1980 855995117
2000 1980 2000 2000 717387430
2000 2000 2000 2020 233402103
2000 2000 2020 2000 233402103
2000 2020 2000 2040 438896468
2000 2040 2000 2060 465557838
2000 2060 2000 2080 328476623
2000 2080 2000 2100 317162594
2000 2100 2000 2120 427092759
2000 2120 2000 2140 360096256
2000 2140 2000 2160 381399356
2000 2160 2000 2180 456174318
2000 2180 2000 2200 551496700
2000 2200 2000 2220 614906246
2000 2220 2000 2240 810660410
2000 2240 2000 2260 777274503
2000 2260 2000 2280 1191571094
2000 2280 2000 2300 842372740
2000 2300 2000 2320 812994955
2000 2320 2000 2340 831169544
2000 2340 2000 2360 1184967465
2000 2360 2000 2380 985781510
2000 2380 2000 2400 1074221166
2000 2400 2000 2420 909363198
2000 2420 2000 2440 1159943400
2000 2440 2000 2460 937437184
2000 2460 2000 2480 767644127
2000 2480 2000 2500 878818645
2000 2500 2000 2520 878818645
2000 2520 2000 2540 767644127
2000 2540 2000 2560 937437184
2000 2560 2000 2580 1159943400
2000 2580 2000 2600 909363198
2000 2600 2000 2620 1074221166
2000 2620 2000 2640 985781510
2000 2640 2000 2660 1184967465
2000 2660 2000 2680 831169544
2000 2680 2000 2700 812994955
2000 2700 2000 2720 842372740
2000 2720 2000 2740 1191571094
2000 2740 2000 2760 777274503
2000 2760 2000 2780 810660410
2000 2780 2000 2800 614906246
2000 2800 2000 2820 551496700
2000 2820 2000 2840 456174318
2000 2840 2000 2860 381399356
2000 2860 2000 2880 360096256
2000 2880 2000 2900 427092759
2000 2900 2000 2920 317162594
2000 2920 2000 2940 328476623
2000 2940 2000 2960 465557838
2000 2960 2000 2980 438896468
2000 2980 2000 3000 233402103
2000 3000 2000 3020 717387430
2000 3000 2020 3000 233402103
2000 3020 2000 3040 855995117
2000 3040 2000 3060 649361188
2000 3060 2000 3080 719678649
2000 3080 2000 3100 701109092
2000 3100 2000 3120 668296493
2000 3120 2000 3140 715633247
2000 3140 2000 3160 707936402
2000 3160 2000 3180 585310826
2000 3180 2000 3200 780335508
2000 3200 2000 3220 840202430
2000 3220 2000 3240 1214074213
2000 3240 2000 3260 1000675443
2000 3260 2000 3280 981760289
2000 3280 2000 3300 942187888
2000 3300 2000 3320 786682205
2000 3320 2000 3340 945905829
2000 3340 2000 3360 989265695
2000 3360 2000 3380 1004795406
2000 3380 2000 3400 964344402
2000 3400 2000 3420 1089723673
2000 3420 2000 3440 942201994
2000 3440 2000 3460 877292173
2000 3460 2000 3480 838414996
2000 3480 2000 3500 860704510
2000 3500 2000 3520 862781117
2000 3520 2000 3540 858319587
2000 3540 2000 3560 925879323
2000 3560 2000 3580 904119792
2000 3580 2000 3600 906705222
2000 3600 2000 3620 1122613855
2000 3620 2000 3640 1171289672
2000 3640 2000 3660 1112680200
2000 3660 2000 3680 1156358458
2000 3680 2000 3700 1284242554
2000 3700 2000 3720 1186960443
2000 3720 2000 3740 1545920157
2000 3740 2000 3760 1076450924
2000 3760 2000 3780 569320654
2000 3780 2000 3800 655654484
2000 3800 2000 3820 587551667
2000 3820 2000 3840 559988519
2000 3840 2000 3860 383207949
2000 3860 2000 3880 412659286
2000 3880 2000 3900 370011775
2000 3900 2000 3920 213114635
2000 3920 2000 3940 153816992
2000 3940 2000 3960 201597076
2000 3960 2000 3980 140408220
2000 3980 2000 4000 37433326
2000 4000 2000 4020 8998087928
2000 4000 2020 4000 64579338
2000 4020 2000 4040 995234553
2000 4040 2000 4060 2007171631
2000 4060 2000 4080 4300555249
2000 4080 2000 4100 786412176
2000 4100 2000 4120 4209758881
2000 4120 2000 4140 2285362336
2000 4140 2000 4160 1972264289
2000 4160 2000 4180 750618171
2000 4180 2000 4200 2598110755
2000 4200 2000 4220 1693401533
2000 4220 2000 4240 1984863981
2000 4240 2000 4260 1658964728
2000 4260 2000 4280 1576483854
2000 4280 2000 4300 1411274243
2000 4300 2000 4320 1260679469
2000 4320 2000 4340 1146849998
2000 4340 2000 4360 1173964776
2000 4360 2000 4380 1109130523
2000 4380 2000 4400 1056039524
2000 4400 2000 4420 1026187173
2000 4420 2000 4440 1000300626
2000 4440 2000 4460 1057834011
2000 4460 2000 4480 1038685100
2000 4480 2000 4500 1081156286
2000 4500 2000 4520 707639168
2000 4520 2000 4540 377730786
2000 4540 2000 4560 163299254
2000 4560 2000 4580 128294178
2000 4580 2000 4600 93903721
2000 4600 2000 4620 156726860
2000 4620 2000 4640 82370042
2000 4640 2000 4660 178595209
2000 4660 2000 4680 133513403
2000 4680 2000 4700 51913147
2020 1000 2040 1000 356656404
2020 2000 2040 2000 438896468
2020 3000 2040 3000 438896468
2020 4000 2040 4000 356656404
2040 1000 2060 1000 466604706
2040 2000 2060 2000 465557838
2040 3000 2060 3000 465557838
2040 4000 2060 4000 466604706
2060 1000 2080 1000 381700621
2060 2000 2080 2000 328476623
2060 3000 2080 3000 328476623
2060 4000 2080 4000 381700621
2080 1000 2100 1000 572333295
2080 2000 2100 2000 317162594
2080 3000 2100 3000 317162594
2080 4000 2100 4000 572333295
2100 1000 2120 1000 620863014
2100 2000 2120 2000 427092759
2100 3000 2120 3000 427092759
2100 4000 2120 4000 620863014
2120 1000 2140 1000 515629142
2120 2000 2140 2000 360096256
2120 3000 2140 3000 360096256
2120 4000 2140 4000 515629142
2140 1000 2160 1000 624202108
2140 2000 2160 2000 381399356
2140 3000 2160 3000 381399356
2140 4000 2160 4000 624202108
2160 1000 2180 1000 615027155
2160 2000 2180 2000 456174318
2160 3000 2180 3000 456174318
2160 4000 2180 4000 615027155
2180 1000 2200 1000 603093469
2180 2000 2200 2000 551496700
2180 3000 2200 3000 551496700
2180 4000 2200 4000 603093469
2200 1000 2220 1000 614608005
2200 2000 2220 2000 614906246
2200 3000 2220 3000 614906246
2200 4000 2220 4000 614608005
2220 1000 2240 1000 657762325
2220 2000 2240 2000 810660410
2220 3000 2240 3000 810660410
2220 4000 2240 4000 657762325
2240 1000 2260 1000 649067984
2240 2000 2260 2000 777274503
2240 3000 2260 3000 777274503
2240 4000 2260 4000 649067984
2260 1000 2280 1000 630471223
2260 2000 2280 2000 1191571094
2260 3000 2280 3000 1191571094
2260 4000 2280 4000 630471223
2280 1000 2300 1000 567446569
2280 2000 2300 2000 842372740
2280 3000 2300 3000 842372740
2280 4000 2300 4000 567446569
2300 1000 2320 1000 817716439
2300 2000 2320 2000 812994955
2300 3000 2320 3000 812994955
2300 4000 2320 4000 817716439
2320 1000 2340 1000 928795237
2320 2000 2340 2000 831169544
2320 3000 2340 3000 831169544
2320 4000 2340 4000 928795237
2340 1000 2360 1000 1078296796
2340 2000 2360 2000 1184967465
2340 3000 2360 3000 1184967465
2340 4000 2360 4000 1078296796
2360 1000 2380 1000 1057028960
2360 2000 2380 2000 985781510
2360 3000 2380 3000 985781510
2360 4000 2380 4000 1057028960
2380 1000 2400 1000 1007779835
2380 2000 2400 2000 1074221166
2380 3000 2400 3000 1074221166
2380 4000 2400 4000 1007779835
2400 1000 2420 1000 968767644
2400 2000 2420 2000 909363198
2400 3000 2420 3000 909363198
2400 4000 2420 4000 968767644
2420 1000 2440 1000 1160099574
2420 2000 2440 2000 1159943400
2420 3000 2440 3000 1159943400
2420 4000 2440 4000 1160099574
2440 1000 2460 1000 1107235279
2440 2000 2460 2000 937437184
2440 3000 2460 3000 937437184
2440 4000 2460 4000 1107235279
2460 1000 2480 1000 1060758993
2460 2000 2480 2000 767644127
2460 3000 2480 3000 767644127
2460 4000 2480 4000 1060758993
2480 1000 2500 1000 1068406467
2480 2000 2500 2000 878818645
2480 3000 2500 3000 878818645
2480 4000 2500 4000 1068406467
2500 1000 2520 1000 1068406467
2500 2000 2520 2000 878818645
2500 3000 2520 3000 878818645
2500 4000 2520 4000 1068406467
2520 1000 2540 1000 1060758993
2520 2000 2540 2000 767644127
2520 3000 2540 3000 767644127
2520 4000 2540 4000 1060758993
2540 1000 2560 1000 1107235279
2540 2000 2560 2000 937437184
2540 3000 2560 3000 937437184
2540 4000 2560 4000 1107235279
2560 1000 2580 1000 1160099574
2560 2000 2580 2000 1159943400
2560 3000 2580 3000 1159943400
2560 4000 2580 4000 1160099574
2580 1000 2600 1000 968767644
2580 2000 2600 2000 909363198
2580 3000 2600 3000 909363198
2580 4000 2600 4000 968767644
2600 1000 2620 1000 1007779835
2600 2000 2620 2000 1074221166
2600 3000 2620 3000 1074221166
2600 4000 2620 4000 1007779835
2620 1000 2640 1000 1057028960
2620 2000 2640 2000 985781510
2620 3000 2640 3000 985781510
2620 4000 2640 4000 1057028960
2640 1000 2660 1000 1078296796
2640 2000 2660 2000 1184967465
2640 3000 2660 3000 1184967465
2640 4000 2660 4000 1078296796
2660 1000 2680 1000 928795237
2660 2000 2680 2000 831169544
2660 3000 2680 3000 831169544
2660 4000 2680 4000 928795237
2680 1000 2700 1000 817716439
2680 2000 2700 2000 812994955
2680 3000 2700 3000 812994955
2680 4000 2700 4000 817716439
2700 1000 2720 1000 567446569
2700 2000 2720 2000 842372740
2700 3000 2720 3000 842372740
2700 4000 2720 4000 567446569
2720 1000 2740 1000 630471223
2720 2000 2740 2000 1191571094
2720 3000 2740 3000 1191571094
2720 4000 2740 4000 630471223
2740 1000 2760 1000 649067984
2740 2000 2760 2000 777274503
2740 3000 2760 3000 777274503
2740 4000 2760 4000 649067984
2760 1000 2780 1000 657762325
2760 2000 2780 2000 810660410
2760 3000 2780 3000 810660410
2760 4000 2780 4000 657762325
2780 1000 2800 1000 614608005
2780 2000 2800 2000 614906246
2780 3000 2800 3000 614906246
2780 4000 2800 4000 614608005
2800 1000 2820 1000 603093469
2800 2000 2820 2000 551496700
2800 3000 2820 3000 551496700
2800 4000 2820 4000 603093469
2820 1000 2840 1000 615027155
2820 2000 2840 2000 456174318
2820 3000 2840 3000 456174318
2820 4000 2840 4000 615027155
2840 1000 2860 1000 624202108
2840 2000 2860 2000 381399356
2840 3000 2860 3000 381399356
2840 4000 2860 4000 624202108
2860 1000 2880 1000 515629142
2860 2000 2880 2000 360096256
2860 3000 2880 3000 360096256
2860 4000 2880 4000 515629142
2880 1000 2900 1000 620863014
2880 2000 2900 2000 427092759
2880 3000 2900 3000 427092759
2880 4000 2900 4000 620863014
2900 1000 2920 1000 572333295
2900 2000 2920 2000 317162594
2900 3000 2920 3000 317162594
2900 4000 2920 4000 572333295
2920 1000 2940 1000 381700621
2920 2000 2940 2000 328476623
2920 3000 2940 3000 328476623
2920 4000 2940 4000 381700621
2940 1000 2960 1000 466604706
2940 2000 2960 2000 465557838
2940 3000 2960 3000 465557838
2940 4000 2960 4000 466604706
2960 1000 2980 1000 356656404
2960 2000 2980 2000 438896468
2960 3000 2980 3000 438896468
2960 4000 2980 4000 356656404
2980 1000 3000 1000 64579338
2980 2000 3000 2000 233402103
2980 3000 3000 3000 233402103
2980 4000 3000 4000 64579338
3000 300 3000 320 51913147
3000 320 3000 340 133513403
3000 340 3000 360 178595209
3000 360 3000 380 82370042
3000 380 3000 400 156726860
3000 400 3000 420 93903721
3000 420 3000 440 128294178
3000 440 3000 460 163299254
3000 460 3000 480 377730786
3000 480 3000 500 707639168
3000 500 3000 520 1081156286
3000 520 3000 540 1038685100
3000 540 3000 560 1057834011
3000 560 3000 580 1000300626
3000 580 3000 600 1026187173
3000 600 3000 620 1056039524
3000 620 3000 640 1109130523
3000 640 3000 660 1173964776
3000 660 3000 680 1146849998
3000 680 3000 700 1260679469
3000 700 3000 720 1411274243
3000 720 3000 740 1576483854
3000 740 3000 760 1658964728
3000 760 3000 780 1984863981
3000 780 3000 800 1693401533
3000 800 3000 820 2598110755
3000 820 3000 840 750618171
3000 840 3000 860 1972264289
3000 860 3000 880 2285362336
3000 880 3000 900 4209758881
3000 900 3000 920 786412176
3000 920 3000 940 4300555249
3000 940 3000 960 2007171631
3000 960 3000 980 995234553
3000 980 3000 1000 8998087928
3000 1000 3000 1020 37433326
3000 1000 3020 1000 712985347
3000 1020 3000 1040 140408220
3000 1040 3000 1060 201597076
3000 1060 3000 1080 153816992
3000 1080 3000 1100 213114635
3000 1100 3000 1120 370011775
3000 1120 3000 1140 412659286
3000 1140 3000 1160 383207949
3000 1160 3000 1180 559988519
3000 1180 3000 1200 587551667
3000 1200 3000 1220 655654484
3000 1220 3000 1240 569320654
3000 1240 3000 1260 1076450924
3000 1260 3000 1280 1545920157
3000 1280 3000 1300 1186960443
3000 1300 3000 1320 1284242554
3000 1320 3000 1340 1156358458
3000 1340 3000 1360 1112680200
3000 1360 3000 1380 1171289672
3000 1380 3000 1400 1122613855
3000 1400 3000 1420 906705222
3000 1420 3000 1440 904119792
3000 1440 3000 1460 925879323
3000 1460 3000 1480 858319587
3000 1480 3000 1500 862781117
3000 1500 3000 1520 860704510
3000 1520 3000 1540 838414996
3000 1540 3000 1560 877292173
3000 1560 3000 1580 942201994
3000 1580 3000 1600 1089723673
3000 1600 3000 1620 964344402
3000 1620 3000 1640 1004795406
3000 1640 3000 1660 989265695
3000 1660 3000 1680 945905829
3000 1680 3000 1700 786682205
3000 1700 3000 1720 942187888
3000 1720 3000 1740 981760289
3000 1740 3000 1760 1000675443
3000 1760 3000 1780 1214074213
3000 1780 3000 1800 840202430
3000 1800 3000 1820 780335508
3000 1820 3000 1840 585310826
3000 1840 3000 1860 707936402
3000 1860 3000 1880 715633247
3000 1880 3000 1900 668296493
3000 1900 3000 1920 701109092
3000 1920 3000 1940 719678649
3000 1940 3000 1960 649361188
3000 1960 3000 1980 855995117
3000 1980 3000 2000 717387430
3000 2000 3000 2020 233402103
3000 2000 3020 2000 717387430
3000 2020 3000 2040 438896468
3000 2040 3000 2060 465557838
3000 2060 3000 2080 328476623
3000 2080 3000 2100 317162594
3000 2100 3000 2120 427092759
3000 2120 3000 2140 360096256
3000 2140 3000 2160 381399356
3000 2160 3000 2180 456174318
3000 2180 3000 2200 551496700
3000 2200 3000 2220 614906246
3000 2220 3000 2240 810660410
3000 2240 3000 2260 777274503
3000 2260 3000 2280 1191571094
3000 2280 3000 2300 842372740
3000 2300 3000 2320 812994955
3000 2320 3000 2340 831169544
3000 2340 3000 2360 1184967465
3000 2360 3000 2380 985781510
3000 2380 3000 2400 1074221166
3000 2400 3000 2420 909363198
3000 2420 3000 2440 1159943400
3000 2440 3000 2460 937437184
3000 2460 3000 2480 767644127
3000 2480 3000 2500 878818645
3000 2500 3000 2520 878818645
3000 2520 3000 2540 767644127
3000 2540 3000 2560 937437184
3000 2560 3000 2580 1159943400
3000 2580 3000 2600 909363198
3000 2600 3000 2620 1074221166
3000 2620 3000 2640 985781510
3000 2640 3000 2660 1184967465
3000 2660 3000 2680 831169544
3000 2680 3000 2700 812994955
3000 2700 3000 2720 842372740
3000 2720 3000 2740 1191571094
3000 2740 3000 2760 777274503
3000 2760 3000 2780 810660410
3000 2780 3000 2800 614906246
3000 2800 3000 2820 551496700
3000 2820 3000 2840 456174318
3000 2840 3000 2860 381399356
3000 2860 3000 2880 360096256
3000 2880 3000 2900 427092759
3000 2900 3000 2920 317162594
3000 2920 3000 2940 328476623
3000 2940 3000 2960 465557838
3000 2960 3000 2980 438896468
3000 2980 3000 3000 233402103
3000 3000 3000 3020 717387430
3000 3000 3020 3000 717387430
3000 3020 3000 3040 855995117
3000 3040 3000 3060 649361188
3000 3060 3000 3080 719678649
3000 3080 3000 3100 701109092
3000 3100 3000 3120 668296493
3000 3120 3000 3140 715633247
3000 3140 3000 3160 707936402
3000 3160 3000 3180 585310826
3000 3180 3000 3200 780335508
3000 3200 3000 3220 840202430
3000 3220 3000 3240 1214074213
3000 3240 3000 3260 1000675443
3000 3260 3000 3280 981760289
3000 3280 3000 3300 942187888
3000 3300 3000 3320 786682205
3000 3320 3000 3340 945905829
3000 3340 3000 3360 989265695
3000 3360 3000 3380 1004795406
3000 3380 3000 3400 964344402
3000 3400 3000 3420 1089723673
3000 3420 3000 3440 942201994
3000 3440 3000 3460 877292173
3000 3460 3000 3480 838414996
3000 3480 3000 3500 860704510
3000 3500 3000 3520 862781117
3000 3520 3000 3540 858319587
3000 3540 3000 3560 925879323
3000 3560 3000 3580 904119792
3000 3580 3000 3600 906705222
3000 3600 3000 3620 1122613855
3000 3620 3000 3640 1171289672
3000 3640 3000 3660 1112680200
3000 3660 3000 3680 1156358458
3000 3680 3000 3700 1284242554
3000 3700 3000 3720 1186960443
3000 3720 3000 3740 1545920157
3000 3740 3000 3760 1076450924
3000 3760 3000 3780 569320654
3000 3780 3000 3800 655654484
3000 3800 3000 3820 587551667
3000 3820 3000 3840 559988519
3000 3840 3000 3860 383207949
3000 3860 3000 3880 412659286
3000 3880 3000 3900 370011775
3000 3900 3000 3920 213114635
3000 3920 3000 3940 153816992
3000 3940 3000 3960 201597076
3000 3960 3000 3980 140408220
3000 3980 3000 4000 37433326
3000 4000 3000 4020 8998087928
3000 4000 3020 4000 712985347
3000 4020 3000 4040 995234553
3000 4040 3000 4060 2007171631
3000 4060 3000 4080 4300555249
3000 4080 3000 4100 786412176
3000 4100 3000 4120 4209758881
3000 4120 3000 4140 2285362336
3000 4140 3000 4160 1972264289
3000 4160 3000 4180 750618171
3000 4180 3000 4200 2598110755
3000 4200 3000 4220 1693401533
3000 4220 3000 4240 1984863981
3000 4240 3000 4260 1658964728
3000 4260 3000 4280 1576483854
3000 4280 3000 4300 1411274243
3000 4300 3000 4320 1260679469
3000 4320 3000 4340 1146849998
3000 4340 3000 4360 1173964776
3000 4360 3000 4380 1109130523
3000 4380 3000 4400 1056039524
3000 4400 3000 4420 1026187173
3000 4420 3000 4440 1000300626
3000 4440 3000 4460 1057834011
3000 4460 3000 4480 1038685100
3000 4480 3000 4500 1081156286
3000 4500 3000 4520 707639168
3000 4520 3000 4540 377730786
3000 4540 3000 4560 163299254
3000 4560 3000 4580 128294178
3000 4580 3000 4600 93903721
3000 4600 3000 4620 156726860
3000 4620 3000 4640 82370042
3000 4640 3000 4660 178595209
3000 4660 3000 4680 133513403
3000 4680 3000 4700 51913147
3020 1000 3040 1000 854618774
3020 2000 3040 2000 855995117
3020 3000 3040 3000 855995117
3020 4000 3040 4000 854618774
3040 1000 3060 1000 986011236
3040 2000 3060 2000 649361188
3040 3000 3060 3000 649361188
3040 4000 3060 4000 986011236
3060 1000 3080 1000 1089141296
3060 2000 3080 2000 719678649
3060 3000 3080 3000 719678649
3060 4000 3080 4000 1089141296
3080 1000 3100 1000 1062968599
3080 2000 3100 2000 701109092
3080 3000 3100 3000 701109092
3080 4000 3100 4000 1062968599
3100 1000 3120 1000 939782813
3100 2000 3120 2000 668296493
3100 3000 3120 3000 668296493
3100 4000 3120 4000 939782813
3120 1000 3140 1000 732022417
3120 2000 3140 2000 715633247
3120 3000 3140 3000 715633247
3120 4000 3140 4000 732022417
3140 1000 3160 1000 598017320
3140 2000 3160 2000 707936402
3140 3000 3160 3000 707936402
3140 4000 3160 4000 598017320
3160 1000 3180 1000 1004718831
3160 2000 3180 2000 585310826
3160 3000 3180 3000 585310826
3160 4000 3180 4000 1004718831
3180 1000 3200 1000 1143531055
3180 2000 3200 2000 780335508
3180 3000 3200 3000 780335508
3180 4000 3200 4000 1143531055
3200 1000 3220 1000 766413882
3200 2000 3220 2000 840202430
3200 3000 3220 3000 840202430
3200 4000 3220 4000 766413882
3220 1000 3240 1000 679083562
3220 2000 3240 2000 1214074213
3220 3000 3240 3000 1214074213
3220 4000 3240 4000 679083562
3240 1000 3260 1000 692627349
3240 2000 3260 2000 1000675443
3240 3000 3260 3000 1000675443
3240 4000 3260 4000 692627349
3260 1000 3280 1000 726773973
3260 2000 3280 2000 981760289
3260 3000 3280 3000 981760289
3260 4000 3280 4000 726773973
3280 1000 3300 1000 643791328
3280 2000 3300 2000 942187888
3280 3000 3300 3000 942187888
3280 4000 3300 4000 643791328
3300 1000 3320 1000 761461664
3300 2000 3320 2000 786682205
3300 3000 3320 3000 786682205
3300 4000 3320 4000 761461664
3320 1000 3340 1000 812061944
3320 2000 3340 2000 945905829
3320 3000 3340 3000 945905829
3320 4000 3340 4000 812061944
3340 1000 3360 1000 864847647
3340 2000 3360 2000 989265695
3340 3000 3360 3000 989265695
3340 4000 3360 4000 864847647
3360 1000 3380 1000 1004702709
3360 2000 3380 2000 1004795406
3360 3000 3380 3000 1004795406
3360 4000 3380 4000 1004702709
3380 1000 3400 1000 1057933760
3380 2000 3400 2000 964344402
3380 3000 3400 3000 964344402
3380 4000 3400 4000 1057933760
3400 1000 3420 1000 1071942038
3400 2000 3420 2000 1089723673
3400 3000 3420 3000 1089723673
3400 4000 3420 4000 1071942038
3420 1000 3440 1000 1094519717
3420 2000 3440 2000 942201994
3420 3000 3440 3000 942201994
3420 4000 3440 4000 1094519717
3440 1000 3460 1000 1033960593
3440 2000 3460 2000 877292173
3440 3000 3460 3000 877292173
3440 4000 3460 4000 1033960593
3460 1000 3480 1000 1018892350
3460 2000 3480 2000 838414996
3460 3000 3480 3000 838414996
3460 4000 3480 4000 1018892350
3480 1000 3500 1000 1044552193
3480 2000 3500 2000 860704510
3480 3000 3500 3000 860704510
3480 4000 3500 4000 1044552193
3500 1000 3520 1000 964899574
3500 2000 3520 2000 862781117
3500 3000 3520 3000 862781117
3500 4000 3520 4000 964899574
3520 1000 3540 1000 1020443004
3520 2000 3540 2000 858319587
3520 3000 3540 3000 858319587
3520 4000 3540 4000 1020443004
3540 1000 3560 1000 1120507021
3540 2000 3560 2000 925879323
3540 3000 3560 3000 925879323
3540 4000 3560 4000 1120507021
3560 1000 3580 1000 1031795320
3560 2000 3580 2000 904119792
3560 3000 3580 3000 904119792
3560 4000 3580 4000 1031795320
3580 1000 3600 1000 1081823299
3580 2000 3600 2000 906705222
3580 3000 3600 3000 906705222
3580 4000 3600 4000 1081823299
3600 1000 3620 1000 1096743429
3600 2000 3620 2000 1122613855
3600 3000 3620 3000 1122613855
3600 4000 3620 4000 1096743429
3620 1000 3640 1000 1099890077
3620 2000 3640 2000 1171289672
3620 3000 3640 3000 1171289672
3620 4000 3640 4000 1099890077
3640 1000 3660 1000 1143434328
3640 2000 3660 2000 1112680200
3640 3000 3660 3000 1112680200
3640 4000 3660 4000 1143434328
3660 1000 3680 1000 1181417788
3660 2000 3680 2000 1156358458
3660 3000 3680 3000 1156358458
3660 4000 3680 4000 1181417788
3680 1000 3700 1000 1141837326
3680 2000 3700 2000 1284242554
3680 3000 3700 3000 1284242554
3680 4000 3700 4000 1141837326
3700 1000 3720 1000 1111986990
3700 2000 3720 2000 1186960443
3700 3000 3720 3000 1186960443
3700 4000 3720 4000 1111986990
3720 1000 3740 1000 1456608950
3720 2000 3740 2000 1545920157
3720 3000 3740 3000 1545920157
3720 4000 3740 4000 1456608950
3740 1000 3760 1000 1624477544
3740 2000 3760 2000 1076450924
3740 3000 3760 3000 1076450924
3740 4000 3760 4000 1624477544
3760 1000 3780 1000 615088617
3760 2000 3780 2000 569320654
3760 3000 3780 3000 569320654
3760 4000 3780 4000 615088617
3780 1000 3800 1000 655543651
3780 2000 3800 2000 655654484
3780 3000 3800 3000 655654484
3780 4000 3800 4000 655543651
3800 1000 3820 1000 586819161
3800 2000 3820 2000 587551667
3800 3000 3820 3000 587551667
3800 4000 3820 4000 586819161
3820 1000 3840 1000 558129549
3820 2000 3840 2000 559988519
3820 3000 3840 3000 559988519
3820 4000 3840 4000 558129549
3840 1000 3860 1000 383500145
3840 2000 3860 2000 383207949
3840 3000 3860 3000 383207949
3840 4000 3860 4000 383500145
3860 1000 3880 1000 412612938
3860 2000 3880 2000 412659286
3860 3000 3880 3000 412659286
3860 4000 3880 4000 412612938
3880 1000 3900 1000 369014278
3880 2000 3900 2000 370011775
3880 3000 3900 3000 370011775
3880 4000 3900 4000 369014278
3900 1000 3920 1000 211421914
3900 2000 3920 2000 213114635
3900 3000 3920 3000 213114635
3900 4000 3920 4000 211421914
3920 1000 3940 1000 154302641
3920 2000 3940 2000 153816992
3920 3000 3940 3000 153816992
3920 4000 3940 4000 154302641
3940 1000 3960 1000 201554758
3940 2000 3960 2000 201597076
3940 3000 3960 3000 201597076
3940 4000 3960 4000 201554758
3960 1000 3980 1000 139574957
3960 2000 3980 2000 140408220
3960 3000 3980 3000 140408220
3960 4000 3980 4000 139574957
3980 1000 4000 1000 32122412
3980 2000 4000 2000 37433326
3980 3000 4000 3000 37433326
3980 4000 4000 4000 32122412
4000 20 4000 40 295219
4000 40 4000 60 497741
4000 60 4000 80 4302334
4000 80 4000 100 457438
4000 100 4000 120 396984
4000 120 4000 140 508824
4000 140 4000 160 703286
4000 160 4000 180 193454
4000 180 4000 200 1260473
4000 200 4000 220 1315890
4000 220 4000 240 1377352
4000 240 4000 260 2831279
4000 260 4000 280 98190941
4000 280 4000 300 191397422
4000 300 4000 320 74491834
4000 320 4000 340 148952433
4000 340 4000 360 94540507
4000 360 4000 380 74849522
4000 380 4000 400 82418405
4000 400 4000 420 30557652
4000 420 4000 440 14275284
4000 440 4000 460 164170804
4000 460 4000 480 376917675
4000 480 4000 500 706408922
4000 500 4000 520 1080062063
4000 520 4000 540 1038963190
4000 540 4000 560 1059335293
4000 560 4000 580 997478416
4000 580 4000 600 1027663266
4000 600 4000 620 1056007282
4000 620 4000 640 1110178398
4000 640 4000 660 1172832265
4000 660 4000 680 1140150650
4000 680 4000 700 1262866908
4000 700 4000 720 1673839518
4000 720 4000 740 1495033727
4000 740 4000 760 1597214654
4000 760 4000 780 2039869366
4000 780 4000 800 1546179103
4000 800 4000 820 2924843269
4000 820 4000 840 720738615
4000 840 4000 860 1995487823
4000 860 4000 880 2283688758
4000 880 4000 900 4203982469
4000 900 4000 920 698955910
4000 920 4000 940 4390770248
4000 940 4000 960 2006732329
4000 960 4000 980 651835785
4000 980 4000 1000 9334998938
4000 1000 4000 1020 32122412
4000 1000 4020 1000 9334998938
4000 1020 4000 1040 139574957
4000 1040 4000 1060 201554758
4000 1060 4000 1080 154302641
4000 1080 4000 1100 211421914
4000 1100 4000 1120 369014278
4000 1120 4000 1140 412612938
4000 1140 4000 1160 383500145
4000 1160 4000 1180 558129549
4000 1180 4000 1200 586819161
4000 1200 4000 1220 655543651
4000 1220 4000 1240 615088617
4000 1240 4000 1260 1624477544
4000 1260 4000 1280 1456608950
4000 1280 4000 1300 1111986990
4000 1300 4000 1320 1141837326
4000 1320 4000 1340 1181417788
4000 1340 4000 1360 1143434328
4000 1360 4000 1380 1099890077
4000 1380 4000 1400 1096743429
4000 1400 4000 1420 1081823299
4000 1420 4000 1440 1031795320
4000 1440 4000 1460 1120507021
4000 1460 4000 1480 1020443004
4000 1480 4000 1500 964899574
4000 1500 4000 1520 1044552193
4000 1520 4000 1540 1018892350
4000 1540 4000 1560 1033960593
4000 1560 4000 1580 1094519717
4000 1580 4000 1600 1071942038
4000 1600 4000 1620 1057933760
4000 1620 4000 1640 1004702709
4000 1640 4000 1660 864847647
4000 1660 4000 1680 812061944
4000 1680 4000 1700 761461664
4000 1700 4000 1720 643791328
4000 1720 4000 1740 726773973
4000 1740 4000 1760 692627349
4000 1760 4000 1780 679083562
4000 1780 4000 1800 766413882
4000 1800 4000 1820 1143531055
4000 1820 4000 1840 1004718831
4000 1840 4000 1860 598017320
4000 1860 4000 1880 732022417
4000 1880 4000 1900 939782813
4000 1900 4000 1920 1062968599
4000 1920 4000 1940 1089141296
4000 1940 4000 1960 986011236
4000 1960 4000 1980 854618774
4000 1980 4000 2000 712985347
4000 2000 4000 2020 64579338
4000 2000 4020 2000 8998087928
4000 2020 4000 2040 356656404
4000 2040 4000 2060 466604706
4000 2060 4000 2080 381700621
4000 2080 4000 2100 572333295
4000 2100 4000 2120 620863014
4000 2120 4000 2140 515629142
4000 2140 4000 2160 624202108
4000 2160 4000 2180 615027155
4000 2180 4000 2200 603093469
4000 2200 4000 2220 614608005
4000 2220 4000 2240 657762325
4000 2240 4000 2260 649067984
4000 2260 4000 2280 630471223
4000 2280 4000 2300 567446569
4000 2300 4000 2320 817716439
4000 2320 4000 2340 928795237
4000 2340 4000 2360 1078296796
4000 2360 4000 2380 1057028960
4000 2380 4000 2400 1007779835
4000 2400 4000 2420 968767644
4000 2420 4000 2440 1160099574
4000 2440 4000 2460 1107235279
4000 2460 4000 2480 1060758993
4000 2480 4000 2500 1068406467
4000 2500 4000 2520 1068406467
4000 2520 4000 2540 1060758993
4000 2540 4000 2560 1107235279
4000 2560 4000 2580 1160099574
4000 2580 4000 2600 968767644
4000 2600 4000 2620 1007779835
4000 2620 4000 2640 1057028960
4000 2640 4000 2660 1078296796
4000 2660 4000 2680 928795237
4000 2680 4000 2700 817716439
4000 2700 4000 2720 567446569
4000 2720 4000 2740 630471223
4000 2740 4000 2760 649067984
4000 2760 4000 2780 657762325
4000 2780 4000 2800 614608005
4000 2800 4000 2820 603093469
4000 2820 4000 2840 615027155
4000 2840 4000 2860 624202108
4000 2860 4000 2880 515629142
4000 2880 4000 2900 620863014
4000 2900 4000 2920 572333295
4000 2920 4000 2940 381700621
4000 2940 4000 2960 466604706
4000 2960 4000 2980 356656404
4000 2980 4000 3000 64579338
4000 3000 4000 3020 712985347
4000 3000 4020 3000 8998087928
4000 3020 4000 3040 854618774
4000 3040 4000 3060 986011236
4000 3060 4000 3080 1089141296
4000 3080 4000 3100 1062968599
4000 3100 4000 3120 939782813
4000 3120 4000 3140 732022417
4000 3140 4000 3160 598017320
4000 3160 4000 3180 1004718831
4000 3180 4000 3200 1143531055
4000 3200 4000 3220 766413882
4000 3220 4000 3240 679083562
4000 3240 4000 3260 692627349
4000 3260 4000 3280 726773973
4000 3280 4000 3300 643791328
4000 3300 4000 3320 761461664
4000 3320 4000 3340 812061944
4000 3340 4000 3360 864847647
4000 3360 4000 3380 1004702709
4000 3380 4000 3400 1057933760
4000 3400 4000 3420 1071942038
4000 3420 4000 3440 1094519717
4000 3440 4000 3460 1033960593
4000 3460 4000 3480 1018892350
4000 3480 4000 3500 1044552193
4000 3500 4000 3520 964899574
4000 3520 4000 3540 1020443004
4000 3540 4000 3560 1120507021
4000 3560 4000 3580 1031795320
4000 3580 4000 3600 1081823299
4000 3600 4000 3620 1096743429
4000 3620 4000 3640 1099890077
4000 3640 4000 3660 1143434328
4000 3660 4000 3680 1181417788
4000 3680 4000 3700 1141837326
4000 3700 4000 3720 1111986990
4000 3720 4000 3740 1456608950
4000 3740 4000 3760 1624477544
4000 3760 4000 3780 615088617
4000 3780 4000 3800 655543651
4000 3800 4000 3820 586819161
4000 3820 4000 3840 558129549
4000 3840 4000 3860 383500145
4000 3860 4000 3880 412612938
4000 3880 4000 3900 369014278
4000 3900 4000 3920 211421914
4000 3920 4000 3940 154302641
4000 3940 4000 3960 201554758
4000 3960 4000 3980 139574957
4000 3980 4000 4000 32122412
4000 4000 4000 4020 9334998938
4000 4000 4020 4000 9334998938
4000 4020 4000 4040 651835785
4000 4040 4000 4060 2006732329
4000 4060 4000 4080 4390770248
4000 4080 4000 4100 698955910
4000 4100 4000 4120 4203982469
4000 4120 4000 4140 2283688758
4000 4140 4000 4160 1995487823
4000 4160 4000 4180 720738615
4000 4180 4000 4200 2924843269
4000 4200 4000 4220 1546179103
4000 4220 4000 4240 2039869366
4000 4240 4000 4260 1597214654
4000 4260 4000 4280 1495033727
4000 4280 4000 4300 1673839518
4000 4300 4000 4320 1262866908
4000 4320 4000 4340 1140150650
4000 4340 4000 4360 1172832265
4000 4360 4000 4380 1110178398
4000 4380 4000 4400 1056007282
4000 4400 4000 4420 1027663266
4000 4420 4000 4440 997478416
4000 4440 4000 4460 1059335293
4000 4460 4000 4480 1038963190
4000 4480 4000 4500 1080062063
4000 4500 4000 4520 706408922
4000 4520 4000 4540 376917675
4000 4540 4000 4560 164170804
4000 4560 4000 4580 14275284
4000 4580 4000 4600 30557652
4000 4600 4000 4620 82418405
4000 4620 4000 4640 74849522
4000 4640 4000 4660 94540507
4000 4660 4000 4680 148952433
4000 4680 4000 4700 74491834
4000 4700 4000 4720 191397422
4000 4720 4000 4740 98190941
4000 4740 4000 4760 2831279
4000 4760 4000 4780 1377352
4000 4780 4000 4800 1315890
4000 4800 4000 4820 1260473
4000 4820 4000 4840 193454
4000 4840 4000 4860 703286
4000 4860 4000 4880 508824
4000 4880 4000 4900 396984
4000 4900 4000 4920 457438
4000 4920 4000 4940 4302334
4000 4940 4000 4960 497741
4000 4960 4000 4980 295219
4020 1000 4040 1000 651835785
4020 2000 4040 2000 995234553
4020 3000 4040 3000 995234553
4020 4000 4040 4000 651835785
4040 1000 4060 1000 2006732329
4040 2000 4060 2000 2007171631
4040 3000 4060 3000 2007171631
4040 4000 4060 4000 2006732329
4060 1000 4080 1000 4390770248
4060 2000 4080 2000 4300555249
4060 3000 4080 3000 4300555249
4060 4000 4080 4000 4390770248
4080 1000 4100 1000 698955910
4080 2000 4100 2000 786412176
4080 3000 4100 3000 786412176
4080 4000 4100 4000 698955910
4100 1000 4120 1000 4203982469
4100 2000 4120 2000 4209758881
4100 3000 4120 3000 4209758881
4100 4000 4120 4000 4203982469
4120 1000 4140 1000 2283688758
4120 2000 4140 2000 2285362336
4120 3000 4140 3000 2285362336
4120 4000 4140 4000 2283688758
4140 1000 4160 1000 1995487823
4140 2000 4160 2000 1972264289
4140 3000 4160 3000 1972264289
4140 4000 4160 4000 1995487823
4160 1000 4180 1000 720738615
4160 2000 4180 2000 750618171
4160 3000 4180 3000 750618171
4160 4000 4180 4000 720738615
4180 1000 4200 1000 2924843269
4180 2000 4200 2000 2598110755
4180 3000 4200 3000 2598110755
4180 4000 4200 4000 2924843269
4200 1000 4220 1000 1546179103
4200 2000 4220 2000 1693401533
4200 3000 4220 3000 1693401533
4200 4000 4220 4000 1546179103
4220 1000 4240 1000 2039869366
4220 2000 4240 2000 1984863981
4220 3000 4240 3000 1984863981
4220 4000 4240 4000 2039869366
4240 1000 4260 1000 1597214654
4240 2000 4260 2000 1658964728
4240 3000 4260 3000 1658964728
4240 4000 4260 4000 1597214654
4260 1000 4280 1000 1495033727
4260 2000 4280 2000 1576483854
4260 3000 4280 3000 1576483854
4260 4000 4280 4000 1495033727
4280 1000 4300 1000 1673839518
4280 2000 4300 2000 1411274243
4280 3000 4300 3000 1411274243
4280 4000 4300 4000 1673839518
4300 1000 4320 1000 1262866908
4300 2000 4320 2000 1260679469
4300 3000 4320 3000 1260679469
4300 4000 4320 4000 1262866908
4320 1000 4340 1000 1140150650
4320 2000 4340 2000 1146849998
4320 3000 4340 3000 1146849998
4320 4000 4340 4000 1140150650
4340 1000 4360 1000 1172832265
4340 2000 4360 2000 1173964776
4340 3000 4360 3000 1173964776
4340 4000 4360 4000 1172832265
4360 1000 4380 1000 1110178398
4360 2000 4380 2000 1109130523
4360 3000 4380 3000 1109130523
4360 4000 4380 4000 1110178398
4380 1000 4400 1000 1056007282
4380 2000 4400 2000 1056039524
4380 3000 4400 3000 1056039524
4380 4000 4400 4000 1056007282
4400 1000 4420 1000 1027663266
4400 2000 4420 2000 1026187173
4400 3000 4420 3000 1026187173
4400 4000 4420 4000 1027663266
4420 1000 4440 1000 997478416
4420 2000 4440 2000 1000300626
4420 3000 4440 3000 1000300626
4420 4000 4440 4000 997478416
4440 1000 4460 1000 1059335293
4440 2000 4460 2000 1057834011
4440 3000 4460 3000 1057834011
4440 4000 4460 4000 1059335293
4460 1000 4480 1000 1038963190
4460 2000 4480 2000 1038685100
4460 3000 4480 3000 1038685100
4460 4000 4480 4000 1038963190
4480 1000 4500 1000 1080062063
4480 2000 4500 2000 1081156286
4480 3000 4500 3000 1081156286
4480 4000 4500 4000 1080062063
4500 1000 4520 1000 706408922
4500 2000 4520 2000 707639168
4500 3000 4520 3000 707639168
4500 4000 4520 4000 706408922
4520 1000 4540 1000 376917675
4520 2000 4540 2000 377730786
4520 3000 4540 3000 377730786
4520 4000 4540 4000 376917675
4540 1000 4560 1000 164170804
4540 2000 4560 2000 163299254
4540 3000 4560 3000 163299254
4540 4000 4560 4000 164170804
4560 1000 4580 1000 14275284
4560 2000 4580 2000 128294178
4560 3000 4580 3000 128294178
4560 4000 4580 4000 14275284
4580 1000 4600 1000 30557652
4580 2000 4600 2000 93903721
4580 3000 4600 3000 93903721
4580 4000 4600 4000 30557652
4600 1000 4620 1000 82418405
4600 2000 4620 2000 156726860
4600 3000 4620 3000 156726860
4600 4000 4620 4000 82418405
4620 1000 4640 1000 74849522
4620 2000 4640 2000 82370042
4620 3000 4640 3000 82370042
4620 4000 4640 4000 74849522
4640 1000 4660 1000 94540507
4640 2000 4660 2000 178595209
4640 3000 4660 3000 178595209
4640 4000 4660 4000 94540507
4660 1000 4680 1000 148952433
4660 2000 4680 2000 133513403
4660 3000 4680 3000 133513403
4660 4000 4680 4000 148952433
4680 1000 4700 1000 74491834
4680 2000 4700 2000 51913147
4680 3000 4700 3000 51913147
4680 4000 4700 4000 74491834
4700 1000 4720 1000 191397422
4700 4000 4720 4000 191397422
4720 1000 4740 1000 98190941
4720 4000 4740 4000 98190941
4740 1000 4760 1000 2831279
4740 4000 4760 4000 2831279
4760 1000 4780 1000 1377352
4760 4000 4780 4000 1377352
4780 1000 4800 1000 1315890
4780 4000 4800 4000 1315890
4800 1000 4820 1000 1260473
4800 4000 4820 4000 1260473
4820 1000 4840 1000 193454
4820 4000 4840 4000 193454
4840 1000 4860 1000 703286
4840 4000 4860 4000 703286
4860 1000 4880 1000 508824
4860 4000 4880 4000 508824
4880 1000 4900 1000 396984
4880 4000 4900 4000 396984
4900 1000 4920 1000 457438
4900 4000 4920 4000 457438
4920 1000 4940 1000 4302334
4920 4000 4940 4000 4302334
4940 1000 4960 1000 497741
4940 4000 4960 4000 497741
4960 1000 4980 1000 295219
4960 4000 4980 4000 295219
0
