6 1
1000
100000000000
10565
162 1000 49647467
162 5000 49647467
1000 162 49647467
1000 5838 49647467
5000 162 49647467
5000 5838 49647467
5838 1000 49647467
5838 5000 49647467
173 1000 18803259
173 5000 18803259
1000 173 18803259
1000 5827 18803259
5000 173 18803259
5000 5827 18803259
5827 1000 18803259
5827 5000 18803259
267 1000 18924375
267 5000 18924375
1000 267 18924375
1000 5733 18924375
5000 267 18924375
5000 5733 18924375
5733 1000 18924375
5733 5000 18924375
282 1000 66512870
282 5000 66512870
1000 282 66512870
1000 5718 66512870
5000 282 66512870
5000 5718 66512870
5718 1000 66512870
5718 5000 66512870
310 2000 145571339
310 4000 145571339
2000 310 145571339
2000 5690 145571339
4000 310 145571339
4000 5690 145571339
5690 2000 145571339
5690 4000 145571339
310 3000 10093
3000 310 10093
3000 5690 10093
5690 3000 10093
316 1000 69449933
316 5000 69449933
1000 316 69449933
1000 5684 69449933
5000 316 69449933
5000 5684 69449933
5684 1000 69449933
5684 5000 69449933
330 1000 81632184
330 5000 81632184
1000 330 81632184
1000 5670 81632184
5000 330 81632184
5000 5670 81632184
5670 1000 81632184
5670 5000 81632184
350 2000 150627932
350 4000 150627932
2000 350 150627932
2000 5650 150627932
4000 350 150627932
4000 5650 150627932
5650 2000 150627932
5650 4000 150627932
350 3000 216131502
3000 350 216131502
3000 5650 216131502
5650 3000 216131502
380 1000 134186435
380 5000 134186435
1000 380 134186435
1000 5620 134186435
5000 380 134186435
5000 5620 134186435
5620 1000 134186435
5620 5000 134186435
400 2000 24919617
400 4000 24919617
2000 400 24919617
2000 5600 24919617
4000 400 24919617
4000 5600 24919617
5600 2000 24919617
5600 4000 24919617
400 3000 106561894
3000 400 106561894
3000 5600 106561894
5600 3000 106561894
430 2000 119258888
430 4000 119258888
2000 430 119258888
2000 5570 119258888
4000 430 119258888
4000 5570 119258888
5570 2000 119258888
5570 4000 119258888
430 3000 133479925
3000 430 133479925
3000 5570 133479925
5570 3000 133479925
457 1000 276760153
457 5000 276760153
1000 457 276760153
1000 5543 276760153
5000 457 276760153
5000 5543 276760153
5543 1000 276760153
5543 5000 276760153
460 1988 211993372
460 4012 211993372
1988 460 211993372
1988 5540 211993372
4012 460 211993372
4012 5540 211993372
5540 1988 211993372
5540 4012 211993372
464 2000 285470412
464 4000 285470412
2000 464 285470412
2000 5536 285470412
4000 464 285470412
4000 5536 285470412
5536 2000 285470412
5536 4000 285470412
464 3000 318363499
3000 464 318363499
3000 5536 318363499
5536 3000 318363499
480 1000 272753232
480 5000 272753232
1000 480 272753232
1000 5520 272753232
5000 480 272753232
5000 5520 272753232
5520 1000 272753232
5520 5000 272753232
509 1000 2005287333
509 5000 2005287333
1000 509 2005287333
1000 5491 2005287333
5000 509 2005287333
5000 5491 2005287333
5491 1000 2005287333
5491 5000 2005287333
510 2000 1812228429
510 4000 1812228429
2000 510 1812228429
2000 5490 1812228429
4000 510 1812228429
4000 5490 1812228429
5490 2000 1812228429
5490 4000 1812228429
510 3000 1815044376
3000 510 1815044376
3000 5490 1815044376
5490 3000 1815044376
517 2000 155401921
517 4000 155401921
2000 517 155401921
2000 5483 155401921
4000 517 155401921
4000 5483 155401921
5483 2000 155401921
5483 4000 155401921
530 2000 310410215
530 4000 310410215
2000 530 310410215
2000 5470 310410215
4000 530 310410215
4000 5470 310410215
5470 2000 310410215
5470 4000 310410215
530 3000 638331785
3000 530 638331785
3000 5470 638331785
5470 3000 638331785
534 1000 703260054
534 5000 703260054
1000 534 703260054
1000 5466 703260054
5000 534 703260054
5000 5466 703260054
5466 1000 703260054
5466 5000 703260054
539 2000 613876446
539 4000 613876446
2000 539 613876446
2000 5461 613876446
4000 539 613876446
4000 5461 613876446
5461 2000 613876446
5461 4000 613876446
550 1000 573565004
550 5000 573565004
1000 550 573565004
1000 5450 573565004
5000 550 573565004
5000 5450 573565004
5450 1000 573565004
5450 5000 573565004
550 3000 613876446
3000 550 613876446
3000 5450 613876446
5450 3000 613876446
554 2000 369605660
554 4000 369605660
2000 554 369605660
2000 5446 369605660
4000 554 369605660
4000 5446 369605660
5446 2000 369605660
5446 4000 369605660
565 1000 286853153
565 5000 286853153
1000 565 286853153
1000 5435 286853153
5000 565 286853153
5000 5435 286853153
5435 1000 286853153
5435 5000 286853153
582 1000 1691102336
582 5000 1691102336
1000 582 1691102336
1000 5418 1691102336
5000 582 1691102336
5000 5418 1691102336
5418 1000 1691102336
5418 5000 1691102336
582 2000 1741617801
582 4000 1741617801
2000 582 1741617801
2000 5418 1741617801
4000 582 1741617801
4000 5418 1741617801
5418 2000 1741617801
5418 4000 1741617801
582 3000 1215621106
3000 582 1215621106
3000 5418 1215621106
5418 3000 1215621106
583 3000 551814589
3000 583 551814589
3000 5417 551814589
5417 3000 551814589
600 1000 1459417521
600 5000 1459417521
1000 600 1459417521
1000 5400 1459417521
5000 600 1459417521
5000 5400 1459417521
5400 1000 1459417521
5400 5000 1459417521
600 2000 1808231601
600 4000 1808231601
2000 600 1808231601
2000 5400 1808231601
4000 600 1808231601
4000 5400 1808231601
5400 2000 1808231601
5400 4000 1808231601
600 3000 2076301681
3000 600 2076301681
3000 5400 2076301681
5400 3000 2076301681
606 2000 176274245
606 4000 176274245
2000 606 176274245
2000 5394 176274245
4000 606 176274245
4000 5394 176274245
5394 2000 176274245
5394 4000 176274245
618 1000 1387878337
618 5000 1387878337
1000 618 1387878337
1000 5382 1387878337
5000 618 1387878337
5000 5382 1387878337
5382 1000 1387878337
5382 5000 1387878337
620 2000 972410085
620 4000 972410085
2000 620 972410085
2000 5380 972410085
4000 620 972410085
4000 5380 972410085
5380 2000 972410085
5380 4000 972410085
620 3000 1041900390
3000 620 1041900390
3000 5380 1041900390
5380 3000 1041900390
632 2000 399591963
632 4000 399591963
2000 632 399591963
2000 5368 399591963
4000 632 399591963
4000 5368 399591963
5368 2000 399591963
5368 4000 399591963
632 3000 323369627
3000 632 323369627
3000 5368 323369627
5368 3000 323369627
639 1000 1369014520
639 5000 1369014520
1000 639 1369014520
1000 5361 1369014520
5000 639 1369014520
5000 5361 1369014520
5361 1000 1369014520
5361 5000 1369014520
650 2000 1389493217
650 4000 1389493217
2000 650 1389493217
2000 5350 1389493217
4000 650 1389493217
4000 5350 1389493217
5350 2000 1389493217
5350 4000 1389493217
650 3000 1362857790
3000 650 1362857790
3000 5350 1362857790
5350 3000 1362857790
659 1000 1348979915
659 5000 1348979915
1000 659 1348979915
1000 5341 1348979915
5000 659 1348979915
5000 5341 1348979915
5341 1000 1348979915
5341 5000 1348979915
660 3000 285369482
3000 660 285369482
3000 5340 285369482
5340 3000 285369482
670 1000 671578127
670 5000 671578127
1000 670 671578127
1000 5330 671578127
5000 670 671578127
5000 5330 671578127
5330 1000 671578127
5330 5000 671578127
670 2000 369605660
670 4000 369605660
2000 670 369605660
2000 5330 369605660
4000 670 369605660
4000 5330 369605660
5330 2000 369605660
5330 4000 369605660
673 3000 214526715
3000 673 214526715
3000 5327 214526715
5327 3000 214526715
679 1000 967706747
679 5000 967706747
1000 679 967706747
1000 5321 967706747
5000 679 967706747
5000 5321 967706747
5321 1000 967706747
5321 5000 967706747
682 2000 2618649036
682 4000 2618649036
2000 682 2618649036
2000 5318 2618649036
4000 682 2618649036
4000 5318 2618649036
5318 2000 2618649036
5318 4000 2618649036
682 3000 2429597053
3000 682 2429597053
3000 5318 2429597053
5318 3000 2429597053
685 3000 44782641
3000 685 44782641
3000 5315 44782641
5315 3000 44782641
700 1000 522302657
700 5000 522302657
1000 700 522302657
1000 5300 522302657
5000 700 522302657
5000 5300 522302657
5300 1000 522302657
5300 5000 522302657
700 3000 299348287
3000 700 299348287
3000 5300 299348287
5300 3000 299348287
701 2738 94097039
701 3262 94097039
2738 701 94097039
2738 5299 94097039
3262 701 94097039
3262 5299 94097039
5299 2738 94097039
5299 3262 94097039
702 2723 291879467
702 3277 291879467
2723 702 291879467
2723 5298 291879467
3277 702 291879467
3277 5298 291879467
5298 2723 291879467
5298 3277 291879467
703 2000 186831523
703 4000 186831523
2000 703 186831523
2000 5297 186831523
4000 703 186831523
4000 5297 186831523
5297 2000 186831523
5297 4000 186831523
707 2000 182784230
707 4000 182784230
2000 707 182784230
2000 5293 182784230
4000 707 182784230
4000 5293 182784230
5293 2000 182784230
5293 4000 182784230
713 1000 1520833426
713 5000 1520833426
1000 713 1520833426
1000 5287 1520833426
5000 713 1520833426
5000 5287 1520833426
5287 1000 1520833426
5287 5000 1520833426
715 3000 369605660
3000 715 369605660
3000 5285 369605660
5285 3000 369605660
719 2000 364438044
719 4000 364438044
2000 719 364438044
2000 5281 364438044
4000 719 364438044
4000 5281 364438044
5281 2000 364438044
5281 4000 364438044
725 2764 74415689
725 3236 74415689
2764 725 74415689
2764 5275 74415689
3236 725 74415689
3236 5275 74415689
5275 2764 74415689
5275 3236 74415689
730 1000 1431520469
730 5000 1431520469
1000 730 1431520469
1000 5270 1431520469
5000 730 1431520469
5000 5270 1431520469
5270 1000 1431520469
5270 5000 1431520469
730 2000 946965632
730 4000 946965632
2000 730 946965632
2000 5270 946965632
4000 730 946965632
4000 5270 946965632
5270 2000 946965632
5270 4000 946965632
730 2767 15805638
730 3233 15805638
2767 730 15805638
2767 5270 15805638
3233 730 15805638
3233 5270 15805638
5270 2767 15805638
5270 3233 15805638
730 3000 1051175857
3000 730 1051175857
3000 5270 1051175857
5270 3000 1051175857
741 2000 634647840
741 4000 634647840
2000 741 634647840
2000 5259 634647840
4000 741 634647840
4000 5259 634647840
5259 2000 634647840
5259 4000 634647840
741 3000 705753025
3000 741 705753025
3000 5259 705753025
5259 3000 705753025
744 2702 86920916
744 3298 86920916
2702 744 86920916
2702 5256 86920916
3298 744 86920916
3298 5256 86920916
5256 2702 86920916
5256 3298 86920916
748 1000 1658633155
748 5000 1658633155
1000 748 1658633155
1000 5252 1658633155
5000 748 1658633155
5000 5252 1658633155
5252 1000 1658633155
5252 5000 1658633155
750 2000 1438837894
750 4000 1438837894
2000 750 1438837894
2000 5250 1438837894
4000 750 1438837894
4000 5250 1438837894
5250 2000 1438837894
5250 4000 1438837894
750 2620 7610122
750 3380 7610122
2620 750 7610122
2620 5250 7610122
3380 750 7610122
3380 5250 7610122
5250 2620 7610122
5250 3380 7610122
750 3000 1468491128
3000 750 1468491128
3000 5250 1468491128
5250 3000 1468491128
754 2590 10093
754 3410 10093
2590 754 10093
2590 5246 10093
3410 754 10093
3410 5246 10093
5246 2590 10093
5246 3410 10093
764 2000 155795548
764 4000 155795548
2000 764 155795548
2000 5236 155795548
4000 764 155795548
4000 5236 155795548
5236 2000 155795548
5236 4000 155795548
766 1000 586605160
766 5000 586605160
1000 766 586605160
1000 5234 586605160
5000 766 586605160
5000 5234 586605160
5234 1000 586605160
5234 5000 586605160
769 2000 499431919
769 4000 499431919
2000 769 499431919
2000 5231 499431919
4000 769 499431919
4000 5231 499431919
5231 2000 499431919
5231 4000 499431919
769 3000 594649281
3000 769 594649281
3000 5231 594649281
5231 3000 594649281
771 2644 1836926
771 3356 1836926
2644 771 1836926
2644 5229 1836926
3356 771 1836926
3356 5229 1836926
5229 2644 1836926
5229 3356 1836926
775 2654 10093
775 3346 10093
2654 775 10093
2654 5225 10093
3346 775 10093
3346 5225 10093
5225 2654 10093
5225 3346 10093
776 2634 179948097
776 3366 179948097
2634 776 179948097
2634 5224 179948097
3366 776 179948097
3366 5224 179948097
5224 2634 179948097
5224 3366 179948097
780 2000 906936794
780 4000 906936794
2000 780 906936794
2000 5220 906936794
4000 780 906936794
4000 5220 906936794
5220 2000 906936794
5220 4000 906936794
780 3000 833227615
3000 780 833227615
3000 5220 833227615
5220 3000 833227615
782 1000 2034567126
782 5000 2034567126
1000 782 2034567126
1000 5218 2034567126
5000 782 2034567126
5000 5218 2034567126
5218 1000 2034567126
5218 5000 2034567126
784 3000 91836207
3000 784 91836207
3000 5216 91836207
5216 3000 91836207
786 2607 89252399
786 3393 89252399
2607 786 89252399
2607 5214 89252399
3393 786 89252399
3393 5214 89252399
5214 2607 89252399
5214 3393 89252399
787 2000 902152712
787 4000 902152712
2000 787 902152712
2000 5213 902152712
4000 787 902152712
4000 5213 902152712
5213 2000 902152712
5213 4000 902152712
788 3000 858772998
3000 788 858772998
3000 5212 858772998
5212 3000 858772998
789 2668 59144980
789 3332 59144980
2668 789 59144980
2668 5211 59144980
3332 789 59144980
3332 5211 59144980
5211 2668 59144980
5211 3332 59144980
795 2714 87294357
795 3286 87294357
2714 795 87294357
2714 5205 87294357
3286 795 87294357
3286 5205 87294357
5205 2714 87294357
5205 3286 87294357
796 2684 127111242
796 3316 127111242
2684 796 127111242
2684 5204 127111242
3316 796 127111242
3316 5204 127111242
5204 2684 127111242
5204 3316 127111242
800 2000 932421619
800 4000 932421619
2000 800 932421619
2000 5200 932421619
4000 800 932421619
4000 5200 932421619
5200 2000 932421619
5200 4000 932421619
800 3000 919976950
3000 800 919976950
3000 5200 919976950
5200 3000 919976950
805 1000 1818274136
805 5000 1818274136
1000 805 1818274136
1000 5195 1818274136
5000 805 1818274136
5000 5195 1818274136
5195 1000 1818274136
5195 5000 1818274136
808 2000 1589556663
808 4000 1589556663
2000 808 1589556663
2000 5192 1589556663
4000 808 1589556663
4000 5192 1589556663
5192 2000 1589556663
5192 4000 1589556663
808 3000 1522367562
3000 808 1522367562
3000 5192 1522367562
5192 3000 1522367562
809 2507 15623964
809 3493 15623964
2507 809 15623964
2507 5191 15623964
3493 809 15623964
3493 5191 15623964
5191 2507 15623964
5191 3493 15623964
810 1000 1470217031
810 5000 1470217031
1000 810 1470217031
1000 5190 1470217031
5000 810 1470217031
5000 5190 1470217031
5190 1000 1470217031
5190 5000 1470217031
810 2309 315860435
810 3691 315860435
2309 810 315860435
2309 5190 315860435
3691 810 315860435
3691 5190 315860435
5190 2309 315860435
5190 3691 315860435
810 2505 13645736
810 3495 13645736
2505 810 13645736
2505 5190 13645736
3495 810 13645736
3495 5190 13645736
5190 2505 13645736
5190 3495 13645736
810 2707 72891646
810 3293 72891646
2707 810 72891646
2707 5190 72891646
3293 810 72891646
3293 5190 72891646
5190 2707 72891646
5190 3293 72891646
811 2716 15300988
811 3284 15300988
2716 811 15300988
2716 5189 15300988
3284 811 15300988
3284 5189 15300988
5189 2716 15300988
5189 3284 15300988
813 2356 20054791
813 3644 20054791
2356 813 20054791
2356 5187 20054791
3644 813 20054791
3644 5187 20054791
5187 2356 20054791
5187 3644 20054791
816 2425 10093
816 3575 10093
2425 816 10093
2425 5184 10093
3575 816 10093
3575 5184 10093
5184 2425 10093
5184 3575 10093
816 2525 196722663
816 3475 196722663
2525 816 196722663
2525 5184 196722663
3475 816 196722663
3475 5184 196722663
5184 2525 196722663
5184 3475 196722663
820 2000 1689679223
820 4000 1689679223
2000 820 1689679223
2000 5180 1689679223
4000 820 1689679223
4000 5180 1689679223
5180 2000 1689679223
5180 4000 1689679223
820 2510 92138997
820 3490 92138997
2510 820 92138997
2510 5180 92138997
3490 820 92138997
3490 5180 92138997
5180 2510 92138997
5180 3490 92138997
820 2553 86890637
820 3447 86890637
2553 820 86890637
2553 5180 86890637
3447 820 86890637
3447 5180 86890637
5180 2553 86890637
5180 3447 86890637
820 3000 1794525307
3000 820 1794525307
3000 5180 1794525307
5180 3000 1794525307
829 2361 77453682
829 3639 77453682
2361 829 77453682
2361 5171 77453682
3639 829 77453682
3639 5171 77453682
5171 2361 77453682
5171 3639 77453682
830 2430 115615315
830 3570 115615315
2430 830 115615315
2430 5170 115615315
3570 830 115615315
3570 5170 115615315
5170 2430 115615315
5170 3570 115615315
830 2470 26807008
830 3530 26807008
2470 830 26807008
2470 5170 26807008
3530 830 26807008
3530 5170 26807008
5170 2470 26807008
5170 3530 26807008
830 2720 93249227
830 3280 93249227
2720 830 93249227
2720 5170 93249227
3280 830 93249227
3280 5170 93249227
5170 2720 93249227
5170 3280 93249227
831 2449 209631610
831 3551 209631610
2449 831 209631610
2449 5169 209631610
3551 831 209631610
3551 5169 209631610
5169 2449 209631610
5169 3551 209631610
831 2547 99890421
831 3453 99890421
2547 831 99890421
2547 5169 99890421
3453 831 99890421
3453 5169 99890421
5169 2547 99890421
5169 3453 99890421
832 2330 269967564
832 3670 269967564
2330 832 269967564
2330 5168 269967564
3670 832 269967564
3670 5168 269967564
5168 2330 269967564
5168 3670 269967564
833 2501 177768009
833 3499 177768009
2501 833 177768009
2501 5167 177768009
3499 833 177768009
3499 5167 177768009
5167 2501 177768009
5167 3499 177768009
834 2537 13030063
834 3463 13030063
2537 834 13030063
2537 5166 13030063
3463 834 13030063
3463 5166 13030063
5166 2537 13030063
5166 3463 13030063
834 2558 11384904
834 3442 11384904
2558 834 11384904
2558 5166 11384904
3442 834 11384904
3442 5166 11384904
5166 2558 11384904
5166 3442 11384904
836 2283 167624544
836 3717 167624544
2283 836 167624544
2283 5164 167624544
3717 836 167624544
3717 5164 167624544
5164 2283 167624544
5164 3717 167624544
839 2460 13726480
839 3540 13726480
2460 839 13726480
2460 5161 13726480
3540 839 13726480
3540 5161 13726480
5161 2460 13726480
5161 3540 13726480
840 1000 3877538833
840 5000 3877538833
1000 840 3877538833
1000 5160 3877538833
5000 840 3877538833
5000 5160 3877538833
5160 1000 3877538833
5160 5000 3877538833
840 2000 2059961114
840 4000 2059961114
2000 840 2059961114
2000 5160 2059961114
4000 840 2059961114
4000 5160 2059961114
5160 2000 2059961114
5160 4000 2059961114
840 3000 2108528630
3000 840 2108528630
3000 5160 2108528630
5160 3000 2108528630
842 1652 144350086
842 4348 144350086
1652 842 144350086
1652 5158 144350086
4348 842 144350086
4348 5158 144350086
5158 1652 144350086
5158 4348 144350086
842 2263 107601473
842 3737 107601473
2263 842 107601473
2263 5158 107601473
3737 842 107601473
3737 5158 107601473
5158 2263 107601473
5158 3737 107601473
843 2424 200295585
843 3576 200295585
2424 843 200295585
2424 5157 200295585
3576 843 200295585
3576 5157 200295585
5157 2424 200295585
5157 3576 200295585
844 1633 80441210
844 4367 80441210
1633 844 80441210
1633 5156 80441210
4367 844 80441210
4367 5156 80441210
5156 1633 80441210
5156 4367 80441210
845 2000 1269507633
845 4000 1269507633
2000 845 1269507633
2000 5155 1269507633
4000 845 1269507633
4000 5155 1269507633
5155 2000 1269507633
5155 4000 1269507633
845 2385 132632113
845 3615 132632113
2385 845 132632113
2385 5155 132632113
3615 845 132632113
3615 5155 132632113
5155 2385 132632113
5155 3615 132632113
845 2404 49637374
845 3596 49637374
2404 845 49637374
2404 5155 49637374
3596 845 49637374
3596 5155 49637374
5155 2404 49637374
5155 3596 49637374
845 3000 1287705312
3000 845 1287705312
3000 5155 1287705312
5155 3000 1287705312
846 2683 87294357
846 3317 87294357
2683 846 87294357
2683 5154 87294357
3317 846 87294357
3317 5154 87294357
5154 2683 87294357
5154 3317 87294357
848 1491 253374672
848 4509 253374672
1491 848 253374672
1491 5152 253374672
4509 848 253374672
4509 5152 253374672
5152 1491 253374672
5152 4509 253374672
850 1000 645901535
850 5000 645901535
1000 850 645901535
1000 5150 645901535
5000 850 645901535
5000 5150 645901535
5150 1000 645901535
5150 5000 645901535
850 2363 115675873
850 3637 115675873
2363 850 115675873
2363 5150 115675873
3637 850 115675873
3637 5150 115675873
5150 2363 115675873
5150 3637 115675873
850 2509 82580926
850 3491 82580926
2509 850 82580926
2509 5150 82580926
3491 850 82580926
3491 5150 82580926
5150 2509 82580926
5150 3491 82580926
851 1000 829432647
851 5000 829432647
1000 851 829432647
1000 5149 829432647
5000 851 829432647
5000 5149 829432647
5149 1000 829432647
5149 5000 829432647
851 1563 85770314
851 4437 85770314
1563 851 85770314
1563 5149 85770314
4437 851 85770314
4437 5149 85770314
5149 1563 85770314
5149 4437 85770314
852 2324 51635788
852 3676 51635788
2324 852 51635788
2324 5148 51635788
3676 852 51635788
3676 5148 51635788
5148 2324 51635788
5148 3676 51635788
854 2521 8256074
854 3479 8256074
2521 854 8256074
2521 5146 8256074
3479 854 8256074
3479 5146 8256074
5146 2521 8256074
5146 3479 8256074
856 2634 15613871
856 3366 15613871
2634 856 15613871
2634 5144 15613871
3366 856 15613871
3366 5144 15613871
5144 2634 15613871
5144 3366 15613871
857 2000 1334445995
857 4000 1334445995
2000 857 1334445995
2000 5143 1334445995
4000 857 1334445995
4000 5143 1334445995
5143 2000 1334445995
5143 4000 1334445995
857 3000 1385355087
3000 857 1385355087
3000 5143 1385355087
5143 3000 1385355087
860 1513 72578763
860 4487 72578763
1513 860 72578763
1513 5140 72578763
4487 860 72578763
4487 5140 72578763
5140 1513 72578763
5140 4487 72578763
860 2290 207189104
860 3710 207189104
2290 860 207189104
2290 5140 207189104
3710 860 207189104
3710 5140 207189104
5140 2290 207189104
5140 3710 207189104
860 2311 259117589
860 3689 259117589
2311 860 259117589
2311 5140 259117589
3689 860 259117589
3689 5140 259117589
5140 2311 259117589
5140 3689 259117589
860 2472 160165817
860 3528 160165817
2472 860 160165817
2472 5140 160165817
3528 860 160165817
3528 5140 160165817
5140 2472 160165817
5140 3528 160165817
860 2689 125889989
860 3311 125889989
2689 860 125889989
2689 5140 125889989
3311 860 125889989
3311 5140 125889989
5140 2689 125889989
5140 3311 125889989
861 1640 109488864
861 4360 109488864
1640 861 109488864
1640 5139 109488864
4360 861 109488864
4360 5139 109488864
5139 1640 109488864
5139 4360 109488864
861 2450 166615244
861 3550 166615244
2450 861 166615244
2450 5139 166615244
3550 861 166615244
3550 5139 166615244
5139 2450 166615244
5139 3550 166615244
862 1474 108853005
862 4526 108853005
1474 862 108853005
1474 5138 108853005
4526 862 108853005
4526 5138 108853005
5138 1474 108853005
5138 4526 108853005
862 2490 32893087
862 3510 32893087
2490 862 32893087
2490 5138 32893087
3510 862 32893087
3510 5138 32893087
5138 2490 32893087
5138 3510 32893087
862 2530 57651216
862 3470 57651216
2530 862 57651216
2530 5138 57651216
3470 862 57651216
3470 5138 57651216
5138 2530 57651216
5138 3470 57651216
863 2252 78745586
863 3748 78745586
2252 863 78745586
2252 5137 78745586
3748 863 78745586
3748 5137 78745586
5137 2252 78745586
5137 3748 78745586
864 2562 65745802
864 3438 65745802
2562 864 65745802
2562 5136 65745802
3438 864 65745802
3438 5136 65745802
5136 2562 65745802
5136 3438 65745802
869 2000 210984072
869 4000 210984072
2000 869 210984072
2000 5131 210984072
4000 869 210984072
4000 5131 210984072
5131 2000 210984072
5131 4000 210984072
869 2403 144461109
869 3597 144461109
2403 869 144461109
2403 5131 144461109
3597 869 144461109
3597 5131 144461109
5131 2403 144461109
5131 3597 144461109
869 2512 93824528
869 3488 93824528
2512 869 93824528
2512 5131 93824528
3488 869 93824528
3488 5131 93824528
5131 2512 93824528
5131 3488 93824528
873 1580 125900082
873 4420 125900082
1580 873 125900082
1580 5127 125900082
4420 873 125900082
4420 5127 125900082
5127 1580 125900082
5127 4420 125900082
873 2739 180089399
873 3261 180089399
2739 873 180089399
2739 5127 180089399
3261 873 180089399
3261 5127 180089399
5127 2739 180089399
5127 3261 180089399
874 2227 110286211
874 3773 110286211
2227 874 110286211
2227 5126 110286211
3773 874 110286211
3773 5126 110286211
5126 2227 110286211
5126 3773 110286211
874 3000 230180958
3000 874 230180958
3000 5126 230180958
5126 3000 230180958
875 1637 109488864
875 4363 109488864
1637 875 109488864
1637 5125 109488864
4363 875 109488864
4363 5125 109488864
5125 1637 109488864
5125 4363 109488864
876 1604 82338694
876 4396 82338694
1604 876 82338694
1604 5124 82338694
4396 876 82338694
4396 5124 82338694
5124 1604 82338694
5124 4396 82338694
876 2000 97326799
876 4000 97326799
2000 876 97326799
2000 5124 97326799
4000 876 97326799
4000 5124 97326799
5124 2000 97326799
5124 4000 97326799
878 2373 21699950
878 3627 21699950
2373 878 21699950
2373 5122 21699950
3627 878 21699950
3627 5122 21699950
5122 2373 21699950
5122 3627 21699950
878 2594 123084135
878 3406 123084135
2594 878 123084135
2594 5122 123084135
3406 878 123084135
3406 5122 123084135
5122 2594 123084135
5122 3406 123084135
878 2720 134428667
878 3280 134428667
2720 878 134428667
2720 5122 134428667
3280 878 134428667
3280 5122 134428667
5122 2720 134428667
5122 3280 134428667
879 2424 42340135
879 3576 42340135
2424 879 42340135
2424 5121 42340135
3576 879 42340135
3576 5121 42340135
5121 2424 42340135
5121 3576 42340135
880 1000 2472875837
880 5000 2472875837
1000 880 2472875837
1000 5120 2472875837
5000 880 2472875837
5000 5120 2472875837
5120 1000 2472875837
5120 5000 2472875837
880 1567 346008226
880 4433 346008226
1567 880 346008226
1567 5120 346008226
4433 880 346008226
4433 5120 346008226
5120 1567 346008226
5120 4433 346008226
880 2000 1682967378
880 4000 1682967378
2000 880 1682967378
2000 5120 1682967378
4000 880 1682967378
4000 5120 1682967378
5120 2000 1682967378
5120 4000 1682967378
880 2220 61728788
880 3780 61728788
2220 880 61728788
2220 5120 61728788
3780 880 61728788
3780 5120 61728788
5120 2220 61728788
5120 3780 61728788
880 2471 25716964
880 3529 25716964
2471 880 25716964
2471 5120 25716964
3529 880 25716964
3529 5120 25716964
5120 2471 25716964
5120 3529 25716964
880 2551 220602701
880 3449 220602701
2551 880 220602701
2551 5120 220602701
3449 880 220602701
3449 5120 220602701
5120 2551 220602701
5120 3449 220602701
880 3000 1639214223
3000 880 1639214223
3000 5120 1639214223
5120 3000 1639214223
882 2317 157148010
882 3683 157148010
2317 882 157148010
2317 5118 157148010
3683 882 157148010
3683 5118 157148010
5118 2317 157148010
5118 3683 157148010
882 2751 165868362
882 3249 165868362
2751 882 165868362
2751 5118 165868362
3249 882 165868362
3249 5118 165868362
5118 2751 165868362
5118 3249 165868362
883 1501 194825179
883 4499 194825179
1501 883 194825179
1501 5117 194825179
4499 883 194825179
4499 5117 194825179
5117 1501 194825179
5117 4499 194825179
883 2457 83711342
883 3543 83711342
2457 883 83711342
2457 5117 83711342
3543 883 83711342
3543 5117 83711342
5117 2457 83711342
5117 3543 83711342
883 2502 78140006
883 3498 78140006
2502 883 78140006
2502 5117 78140006
3498 883 78140006
3498 5117 78140006
5117 2502 78140006
5117 3498 78140006
884 1450 268938078
884 4550 268938078
1450 884 268938078
1450 5116 268938078
4550 884 268938078
4550 5116 268938078
5116 1450 268938078
5116 4550 268938078
885 1562 105007572
885 4438 105007572
1562 885 105007572
1562 5115 105007572
4438 885 105007572
4438 5115 105007572
5115 1562 105007572
5115 4438 105007572
886 2676 89898351
886 3324 89898351
2676 886 89898351
2676 5114 89898351
3324 886 89898351
3324 5114 89898351
5114 2676 89898351
5114 3324 89898351
887 1428 142937066
887 4572 142937066
1428 887 142937066
1428 5113 142937066
4572 887 142937066
4572 5113 142937066
5113 1428 142937066
5113 4572 142937066
887 2251 44691804
887 3749 44691804
2251 887 44691804
2251 5113 44691804
3749 887 44691804
3749 5113 44691804
5113 2251 44691804
5113 3749 44691804
888 2202 190343887
888 3798 190343887
2202 888 190343887
2202 5112 190343887
3798 888 190343887
3798 5112 190343887
5112 2202 190343887
5112 3798 190343887
889 2634 47527937
889 3366 47527937
2634 889 47527937
2634 5111 47527937
3366 889 47527937
3366 5111 47527937
5111 2634 47527937
5111 3366 47527937
890 1444 72366810
890 4556 72366810
1444 890 72366810
1444 5110 72366810
4556 890 72366810
4556 5110 72366810
5110 1444 72366810
5110 4556 72366810
890 1597 193180020
890 4403 193180020
1597 890 193180020
1597 5110 193180020
4403 890 193180020
4403 5110 193180020
5110 1597 193180020
5110 4403 193180020
891 2540 183692600
891 3460 183692600
2540 891 183692600
2540 5109 183692600
3460 891 183692600
3460 5109 183692600
5109 2540 183692600
5109 3460 183692600
893 1000 1493986046
893 5000 1493986046
1000 893 1493986046
1000 5107 1493986046
5000 893 1493986046
5000 5107 1493986046
5107 1000 1493986046
5107 5000 1493986046
893 1475 59064236
893 4525 59064236
1475 893 59064236
1475 5107 59064236
4525 893 59064236
4525 5107 59064236
5107 1475 59064236
5107 4525 59064236
893 2000 1033957199
893 4000 1033957199
2000 893 1033957199
2000 5107 1033957199
4000 893 1033957199
4000 5107 1033957199
5107 2000 1033957199
5107 4000 1033957199
893 2627 96489080
893 3373 96489080
2627 893 96489080
2627 5107 96489080
3373 893 96489080
3373 5107 96489080
5107 2627 96489080
5107 3373 96489080
893 3000 1059653977
3000 893 1059653977
3000 5107 1059653977
5107 3000 1059653977
894 2645 106188453
894 3355 106188453
2645 894 106188453
2645 5106 106188453
3355 894 106188453
3355 5106 106188453
5106 2645 106188453
5106 3355 106188453
894 2699 94742991
894 3301 94742991
2699 894 94742991
2699 5106 94742991
3301 894 94742991
3301 5106 94742991
5106 2699 94742991
5106 3301 94742991
895 1491 99476608
895 4509 99476608
1491 895 99476608
1491 5105 99476608
4509 895 99476608
4509 5105 99476608
5105 1491 99476608
5105 4509 99476608
895 1540 194895830
895 4460 194895830
1540 895 194895830
1540 5105 194895830
4460 895 194895830
4460 5105 194895830
5105 1540 194895830
5105 4460 194895830
895 2609 36859636
895 3391 36859636
2609 895 36859636
2609 5105 36859636
3391 895 36859636
3391 5105 36859636
5105 2609 36859636
5105 3391 36859636
895 2764 60780046
895 3236 60780046
2764 895 60780046
2764 5105 60780046
3236 895 60780046
3236 5105 60780046
5105 2764 60780046
5105 3236 60780046
896 1593 36900008
896 4407 36900008
1593 896 36900008
1593 5104 36900008
4407 896 36900008
4407 5104 36900008
5104 1593 36900008
5104 4407 36900008
897 2499 2119530
897 3501 2119530
2499 897 2119530
2499 5103 2119530
3501 897 2119530
3501 5103 2119530
5103 2499 2119530
5103 3501 2119530
897 2516 167826404
897 3484 167826404
2516 897 167826404
2516 5103 167826404
3484 897 167826404
3484 5103 167826404
5103 2516 167826404
5103 3484 167826404
897 2746 14099921
897 3254 14099921
2746 897 14099921
2746 5103 14099921
3254 897 14099921
3254 5103 14099921
5103 2746 14099921
5103 3254 14099921
899 2312 164697574
899 3688 164697574
2312 899 164697574
2312 5101 164697574
3688 899 164697574
3688 5101 164697574
5101 2312 164697574
5101 3688 164697574
899 2377 10093
899 3623 10093
2377 899 10093
2377 5101 10093
3623 899 10093
3623 5101 10093
5101 2377 10093
5101 3623 10093
900 1420 101485115
900 4580 101485115
1420 900 101485115
1420 5100 101485115
4580 900 101485115
4580 5100 101485115
5100 1420 101485115
5100 4580 101485115
900 1483 207683661
900 4517 207683661
1483 900 207683661
1483 5100 207683661
4517 900 207683661
4517 5100 207683661
5100 1483 207683661
5100 4517 207683661
900 2000 261035259
900 4000 261035259
2000 900 261035259
2000 5100 261035259
4000 900 261035259
4000 5100 261035259
5100 2000 261035259
5100 4000 261035259
900 2447 15290895
900 3553 15290895
2447 900 15290895
2447 5100 15290895
3553 900 15290895
3553 5100 15290895
5100 2447 15290895
5100 3553 15290895
900 3000 581740334
3000 900 581740334
3000 5100 581740334
5100 3000 581740334
901 2000 368404593
901 4000 368404593
2000 901 368404593
2000 5099 368404593
4000 901 368404593
4000 5099 368404593
5099 2000 368404593
5099 4000 368404593
901 2233 10093
901 3767 10093
2233 901 10093
2233 5099 10093
3767 901 10093
3767 5099 10093
5099 2233 10093
5099 3767 10093
901 2340 75112106
901 3660 75112106
2340 901 75112106
2340 5099 75112106
3660 901 75112106
3660 5099 75112106
5099 2340 75112106
5099 3660 75112106
902 2473 156431407
902 3527 156431407
2473 902 156431407
2473 5098 156431407
3527 902 156431407
3527 5098 156431407
5098 2473 156431407
5098 3527 156431407
902 2522 4572129
902 3478 4572129
2522 902 4572129
2522 5098 4572129
3478 902 4572129
3478 5098 4572129
5098 2522 4572129
5098 3478 4572129
903 1740 10093
903 4260 10093
1740 903 10093
1740 5097 10093
4260 903 10093
4260 5097 10093
5097 1740 10093
5097 4260 10093
903 2491 114363783
903 3509 114363783
2491 903 114363783
2491 5097 114363783
3509 903 114363783
3509 5097 114363783
5097 2491 114363783
5097 3509 114363783
903 2617 110528443
903 3383 110528443
2617 903 110528443
2617 5097 110528443
3383 903 110528443
3383 5097 110528443
5097 2617 110528443
5097 3383 110528443
903 2722 71236394
903 3278 71236394
2722 903 71236394
2722 5097 71236394
3278 903 71236394
3278 5097 71236394
5097 2722 71236394
5097 3278 71236394
904 1000 1010390044
904 5000 1010390044
1000 904 1010390044
1000 5096 1010390044
5000 904 1010390044
5000 5096 1010390044
5096 1000 1010390044
5096 5000 1010390044
904 1420 59427584
904 4580 59427584
1420 904 59427584
1420 5096 59427584
4580 904 59427584
4580 5096 59427584
5096 1420 59427584
5096 4580 59427584
904 2739 423906
904 3261 423906
2739 904 423906
2739 5096 423906
3261 904 423906
3261 5096 423906
5096 2739 423906
5096 3261 423906
904 2753 51706439
904 3247 51706439
2753 904 51706439
2753 5096 51706439
3247 904 51706439
3247 5096 51706439
5096 2753 51706439
5096 3247 51706439
905 2410 5924591
905 3590 5924591
2410 905 5924591
2410 5095 5924591
3590 905 5924591
3590 5095 5924591
5095 2410 5924591
5095 3590 5924591
906 2210 177515684
906 3790 177515684
2210 906 177515684
2210 5094 177515684
3790 906 177515684
3790 5094 177515684
5094 2210 177515684
5094 3790 177515684
907 2235 72195229
907 3765 72195229
2235 907 72195229
2235 5093 72195229
3765 907 72195229
3765 5093 72195229
5093 2235 72195229
5093 3765 72195229
907 2747 20539255
907 3253 20539255
2747 907 20539255
2747 5093 20539255
3253 907 20539255
3253 5093 20539255
5093 2747 20539255
5093 3253 20539255
908 1448 84851851
908 4552 84851851
1448 908 84851851
1448 5092 84851851
4552 908 84851851
4552 5092 84851851
5092 1448 84851851
5092 4552 84851851
908 2255 2553529
908 3745 2553529
2255 908 2553529
2255 5092 2553529
3745 908 2553529
3745 5092 2553529
5092 2255 2553529
5092 3745 2553529
908 2280 89928630
908 3720 89928630
2280 908 89928630
2280 5092 89928630
3720 908 89928630
3720 5092 89928630
5092 2280 89928630
5092 3720 89928630
909 1523 281079957
909 4477 281079957
1523 909 281079957
1523 5091 281079957
4477 909 281079957
4477 5091 281079957
5091 1523 281079957
5091 4477 281079957
912 1467 35608104
912 4533 35608104
1467 912 35608104
1467 5088 35608104
4533 912 35608104
4533 5088 35608104
5088 1467 35608104
5088 4533 35608104
912 2445 37434937
912 3555 37434937
2445 912 37434937
2445 5088 37434937
3555 912 37434937
3555 5088 37434937
5088 2445 37434937
5088 3555 37434937
914 1594 62112322
914 4406 62112322
1594 914 62112322
1594 5086 62112322
4406 914 62112322
4406 5086 62112322
5086 1594 62112322
5086 4406 62112322
914 2000 1306044293
914 4000 1306044293
2000 914 1306044293
2000 5086 1306044293
4000 914 1306044293
4000 5086 1306044293
5086 2000 1306044293
5086 4000 1306044293
914 2556 29471560
914 3444 29471560
2556 914 29471560
2556 5086 29471560
3444 914 29471560
3444 5086 29471560
5086 2556 29471560
5086 3444 29471560
914 2743 58933027
914 3257 58933027
2743 914 58933027
2743 5086 58933027
3257 914 58933027
3257 5086 58933027
5086 2743 58933027
5086 3257 58933027
914 3000 1240439793
3000 914 1240439793
3000 5086 1240439793
5086 3000 1240439793
915 1548 12575878
915 4452 12575878
1548 915 12575878
1548 5085 12575878
4452 915 12575878
4452 5085 12575878
5085 1548 12575878
5085 4452 12575878
915 1565 413944209
915 4435 413944209
1565 915 413944209
1565 5085 413944209
4435 915 413944209
4435 5085 413944209
5085 1565 413944209
5085 4435 413944209
915 2685 56853869
915 3315 56853869
2685 915 56853869
2685 5085 56853869
3315 915 56853869
3315 5085 56853869
5085 2685 56853869
5085 3315 56853869
915 2715 130169421
915 3285 130169421
2715 915 130169421
2715 5085 130169421
3285 915 130169421
3285 5085 130169421
5085 2715 130169421
5085 3285 130169421
917 2658 103947807
917 3342 103947807
2658 917 103947807
2658 5083 103947807
3342 917 103947807
3342 5083 103947807
5083 2658 103947807
5083 3342 103947807
919 2308 44782641
919 3692 44782641
2308 919 44782641
2308 5081 44782641
3692 919 44782641
3692 5081 44782641
5081 2308 44782641
5081 3692 44782641
919 2373 199568889
919 3627 199568889
2373 919 199568889
2373 5081 199568889
3627 919 199568889
3627 5081 199568889
5081 2373 199568889
5081 3627 199568889
919 2700 94833828
919 3300 94833828
2700 919 94833828
2700 5081 94833828
3300 919 94833828
3300 5081 94833828
5081 2700 94833828
5081 3300 94833828
920 1000 832803709
920 5000 832803709
1000 920 832803709
1000 5080 832803709
5000 920 832803709
5000 5080 832803709
5080 1000 832803709
5080 5000 832803709
920 2492 93763970
920 3508 93763970
2492 920 93763970
2492 5080 93763970
3508 920 93763970
3508 5080 93763970
5080 2492 93763970
5080 3508 93763970
921 1381 81591812
921 4619 81591812
1381 921 81591812
1381 5079 81591812
4619 921 81591812
4619 5079 81591812
5079 1381 81591812
5079 4619 81591812
922 1425 97700240
922 4575 97700240
1425 922 97700240
1425 5078 97700240
4575 922 97700240
4575 5078 97700240
5078 1425 97700240
5078 4575 97700240
922 1452 77837216
922 4548 77837216
1452 922 77837216
1452 5078 77837216
4548 922 77837216
4548 5078 77837216
5078 1452 77837216
5078 4548 77837216
923 2781 132248579
923 3219 132248579
2781 923 132248579
2781 5077 132248579
3219 923 132248579
3219 5077 132248579
5077 2781 132248579
5077 3219 132248579
925 2601 71882346
925 3399 71882346
2601 925 71882346
2601 5075 71882346
3399 925 71882346
3399 5075 71882346
5075 2601 71882346
5075 3399 71882346
926 2521 128039798
926 3479 128039798
2521 926 128039798
2521 5074 128039798
3479 926 128039798
3479 5074 128039798
5074 2521 128039798
5074 3479 128039798
927 1411 133257879
927 4589 133257879
1411 927 133257879
1411 5073 133257879
4589 927 133257879
4589 5073 133257879
5073 1411 133257879
5073 4589 133257879
927 2675 27321751
927 3325 27321751
2675 927 27321751
2675 5073 27321751
3325 927 27321751
3325 5073 27321751
5073 2675 27321751
5073 3325 27321751
928 2453 82086369
928 3547 82086369
2453 928 82086369
2453 5072 82086369
3547 928 82086369
3547 5072 82086369
5072 2453 82086369
5072 3547 82086369
928 2548 9860861
928 3452 9860861
2548 928 9860861
2548 5072 9860861
3452 928 9860861
3452 5072 9860861
5072 2548 9860861
5072 3452 9860861
929 2412 64322689
929 3588 64322689
2412 929 64322689
2412 5071 64322689
3588 929 64322689
3588 5071 64322689
5071 2412 64322689
5071 3588 64322689
929 2628 156562616
929 3372 156562616
2628 929 156562616
2628 5071 156562616
3372 929 156562616
3372 5071 156562616
5071 2628 156562616
5071 3372 156562616
930 1000 229393704
930 5000 229393704
1000 930 229393704
1000 5070 229393704
5000 930 229393704
5000 5070 229393704
5070 1000 229393704
5070 5000 229393704
930 1481 395080392
930 4519 395080392
1481 930 395080392
1481 5070 395080392
4519 930 395080392
4519 5070 395080392
5070 1481 395080392
5070 4519 395080392
930 2430 89151469
930 3570 89151469
2430 930 89151469
2430 5070 89151469
3570 930 89151469
3570 5070 89151469
5070 2430 89151469
5070 3570 89151469
930 2510 74274387
930 3490 74274387
2510 930 74274387
2510 5070 74274387
3490 930 74274387
3490 5070 74274387
5070 2510 74274387
5070 3490 74274387
930 2760 118986377
930 3240 118986377
2760 930 118986377
2760 5070 118986377
3240 930 118986377
3240 5070 118986377
5070 2760 118986377
5070 3240 118986377
931 2640 10093
931 3360 10093
2640 931 10093
2640 5069 10093
3360 931 10093
3360 5069 10093
5069 2640 10093
5069 3360 10093
931 2727 14332060
931 3273 14332060
2727 931 14332060
2727 5069 14332060
3273 931 14332060
3273 5069 14332060
5069 2727 14332060
5069 3273 14332060
932 2743 76908660
932 3257 76908660
2743 932 76908660
2743 5068 76908660
3257 932 76908660
3257 5068 76908660
5068 2743 76908660
5068 3257 76908660
933 2000 722174336
933 4000 722174336
2000 933 722174336
2000 5067 722174336
4000 933 722174336
4000 5067 722174336
5067 2000 722174336
5067 4000 722174336
933 2752 16229544
933 3248 16229544
2752 933 16229544
2752 5067 16229544
3248 933 16229544
3248 5067 16229544
5067 2752 16229544
5067 3248 16229544
933 3000 1028123445
3000 933 1028123445
3000 5067 1028123445
5067 3000 1028123445
934 1000 998964768
934 5000 998964768
1000 934 998964768
1000 5066 998964768
5000 934 998964768
5000 5066 998964768
5066 1000 998964768
5066 5000 998964768
936 1445 131219093
936 4555 131219093
1445 936 131219093
1445 5064 131219093
4555 936 131219093
4555 5064 131219093
5064 1445 131219093
5064 4555 131219093
936 2264 85346408
936 3736 85346408
2264 936 85346408
2264 5064 85346408
3736 936 85346408
3736 5064 85346408
5064 2264 85346408
5064 3736 85346408
938 2000 356716899
938 4000 356716899
2000 938 356716899
2000 5062 356716899
4000 938 356716899
4000 5062 356716899
5062 2000 356716899
5062 4000 356716899
940 1458 208884728
940 4542 208884728
1458 940 208884728
1458 5060 208884728
4542 940 208884728
4542 5060 208884728
5060 1458 208884728
5060 4542 208884728
944 2283 34649269
944 3717 34649269
2283 944 34649269
2283 5056 34649269
3717 944 34649269
3717 5056 34649269
5056 2283 34649269
5056 3717 34649269
945 2701 10093
945 3299 10093
2701 945 10093
2701 5055 10093
3299 945 10093
3299 5055 10093
5055 2701 10093
5055 3299 10093
946 1420 81763393
946 4580 81763393
1420 946 81763393
1420 5054 81763393
4580 946 81763393
4580 5054 81763393
5054 1420 81763393
5054 4580 81763393
948 2753 81965253
948 3247 81965253
2753 948 81965253
2753 5052 81965253
3247 948 81965253
3247 5052 81965253
5052 2753 81965253
5052 3247 81965253
949 2646 49253840
949 3354 49253840
2646 949 49253840
2646 5051 49253840
3354 949 49253840
3354 5051 49253840
5051 2646 49253840
5051 3354 49253840
950 1000 2199688606
950 5000 2199688606
1000 950 2199688606
1000 5050 2199688606
5000 950 2199688606
5000 5050 2199688606
5050 1000 2199688606
5050 5000 2199688606
950 2000 2131086485
950 4000 2131086485
2000 950 2131086485
2000 5050 2131086485
4000 950 2131086485
4000 5050 2131086485
5050 2000 2131086485
5050 4000 2131086485
950 3000 2135174150
3000 950 2135174150
3000 5050 2135174150
5050 3000 2135174150
951 2748 78755679
951 3252 78755679
2748 951 78755679
2748 5049 78755679
3252 951 78755679
3252 5049 78755679
5049 2748 78755679
5049 3252 78755679
952 1810 59064236
952 4190 59064236
1810 952 59064236
1810 5048 59064236
4190 952 59064236
4190 5048 59064236
5048 1810 59064236
5048 4190 59064236
953 1444 152252905
953 4556 152252905
1444 953 152252905
1444 5047 152252905
4556 953 152252905
4556 5047 152252905
5047 1444 152252905
5047 4556 152252905
953 2434 96852428
953 3566 96852428
2434 953 96852428
2434 5047 96852428
3566 953 96852428
3566 5047 96852428
5047 2434 96852428
5047 3566 96852428
954 1838 159842841
954 4162 159842841
1838 954 159842841
1838 5046 159842841
4162 954 159842841
4162 5046 159842841
5046 1838 159842841
5046 4162 159842841
954 2787 50747604
954 3213 50747604
2787 954 50747604
2787 5046 50747604
3213 954 50747604
3213 5046 50747604
5046 2787 50747604
5046 3213 50747604
955 1824 158005915
955 4176 158005915
1824 955 158005915
1824 5045 158005915
4176 955 158005915
4176 5045 158005915
5045 1824 158005915
5045 4176 158005915
955 2260 129361981
955 3740 129361981
2260 955 129361981
2260 5045 129361981
3740 955 129361981
3740 5045 129361981
5045 2260 129361981
5045 3740 129361981
957 1431 175759502
957 4569 175759502
1431 957 175759502
1431 5043 175759502
4569 957 175759502
4569 5043 175759502
5043 1431 175759502
5043 4569 175759502
958 2319 69904118
958 3681 69904118
2319 958 69904118
2319 5042 69904118
3681 958 69904118
3681 5042 69904118
5042 2319 69904118
5042 3681 69904118
959 1810 215687410
959 4190 215687410
1810 959 215687410
1810 5041 215687410
4190 959 215687410
4190 5041 215687410
5041 1810 215687410
5041 4190 215687410
959 2456 149598446
959 3544 149598446
2456 959 149598446
2456 5041 149598446
3544 959 149598446
3544 5041 149598446
5041 2456 149598446
5041 3544 149598446
959 2488 163880041
959 3512 163880041
2488 959 163880041
2488 5041 163880041
3512 959 163880041
3512 5041 163880041
5041 2488 163880041
5041 3512 163880041
959 2566 148700169
959 3434 148700169
2566 959 148700169
2566 5041 148700169
3434 959 148700169
3434 5041 148700169
5041 2566 148700169
5041 3434 148700169
960 1748 13877875
960 4252 13877875
1748 960 13877875
1748 5040 13877875
4252 960 13877875
4252 5040 13877875
5040 1748 13877875
5040 4252 13877875
960 2828 179958190
960 3172 179958190
2828 960 179958190
2828 5040 179958190
3172 960 179958190
3172 5040 179958190
5040 2828 179958190
5040 3172 179958190
961 1000 2008002350
961 5000 2008002350
1000 961 2008002350
1000 5039 2008002350
5000 961 2008002350
5000 5039 2008002350
5039 1000 2008002350
5039 5000 2008002350
961 2000 3275753801
961 4000 3275753801
2000 961 3275753801
2000 5039 3275753801
4000 961 3275753801
4000 5039 3275753801
5039 2000 3275753801
5039 4000 3275753801
961 3000 3354711340
3000 961 3354711340
3000 5039 3354711340
5039 3000 3354711340
962 1416 171298396
962 4584 171298396
1416 962 171298396
1416 5038 171298396
4584 962 171298396
4584 5038 171298396
5038 1416 171298396
5038 4584 171298396
962 2276 61678323
962 3724 61678323
2276 962 61678323
2276 5038 61678323
3724 962 61678323
3724 5038 61678323
5038 2276 61678323
5038 3724 61678323
962 2674 70519791
962 3326 70519791
2674 962 70519791
2674 5038 70519791
3326 962 70519791
3326 5038 70519791
5038 2674 70519791
5038 3326 70519791
964 2687 74920339
964 3313 74920339
2687 964 74920339
2687 5036 74920339
3313 964 74920339
3313 5036 74920339
5036 2687 74920339
5036 3313 74920339
964 3000 124991712
3000 964 124991712
3000 5036 124991712
5036 3000 124991712
965 1000 1434518090
965 5000 1434518090
1000 965 1434518090
1000 5035 1434518090
5000 965 1434518090
5000 5035 1434518090
5035 1000 1434518090
5035 5000 1434518090
965 2549 122216137
965 3451 122216137
2549 965 122216137
2549 5035 122216137
3451 965 122216137
3451 5035 122216137
5035 2549 122216137
5035 3451 122216137
966 1469 119561678
966 4531 119561678
1469 966 119561678
1469 5034 119561678
4531 966 119561678
4531 5034 119561678
5034 1469 119561678
5034 4531 119561678
966 1725 105340641
966 4275 105340641
1725 966 105340641
1725 5034 105340641
4275 966 105340641
4275 5034 105340641
5034 1725 105340641
5034 4275 105340641
967 2297 61728788
967 3703 61728788
2297 967 61728788
2297 5033 61728788
3703 967 61728788
3703 5033 61728788
5033 2297 61728788
5033 3703 61728788
967 2869 181542791
967 3131 181542791
2869 967 181542791
2869 5033 181542791
3131 967 181542791
3131 5033 181542791
5033 2869 181542791
5033 3131 181542791
967 3000 663473448
3000 967 663473448
3000 5033 663473448
5033 3000 663473448
968 2406 27109798
968 3594 27109798
2406 968 27109798
2406 5032 27109798
3594 968 27109798
3594 5032 27109798
5032 2406 27109798
5032 3594 27109798
968 2522 26807008
968 3478 26807008
2522 968 26807008
2522 5032 26807008
3478 968 26807008
3478 5032 26807008
5032 2522 26807008
5032 3478 26807008
969 1609 89252399
969 4391 89252399
1609 969 89252399
1609 5031 89252399
4391 969 89252399
4391 5031 89252399
5031 1609 89252399
5031 4391 89252399
969 1628 10093
969 4372 10093
1628 969 10093
1628 5031 10093
4372 969 10093
4372 5031 10093
5031 1628 10093
5031 4372 10093
969 2000 730016597
969 4000 730016597
2000 969 730016597
2000 5031 730016597
4000 969 730016597
4000 5031 730016597
5031 2000 730016597
5031 4000 730016597
969 2458 183955018
969 3542 183955018
2458 969 183955018
2458 5031 183955018
3542 969 183955018
3542 5031 183955018
5031 2458 183955018
5031 3542 183955018
970 1844 2715017
970 4156 2715017
1844 970 2715017
1844 5030 2715017
4156 970 2715017
4156 5030 2715017
5030 1844 2715017
5030 4156 2715017
970 2557 174649272
970 3443 174649272
2557 970 174649272
2557 5030 174649272
3443 970 174649272
3443 5030 174649272
5030 2557 174649272
5030 3443 174649272
970 2935 189738307
970 3065 189738307
2935 970 189738307
2935 5030 189738307
3065 970 189738307
3065 5030 189738307
5030 2935 189738307
5030 3065 189738307
971 2483 17965540
971 3517 17965540
2483 971 17965540
2483 5029 17965540
3517 971 17965540
3517 5029 17965540
5029 2483 17965540
5029 3517 17965540
971 2504 106047151
971 3496 106047151
2504 971 106047151
2504 5029 106047151
3496 971 106047151
3496 5029 106047151
5029 2504 106047151
5029 3496 106047151
971 2582 10093
971 3418 10093
2582 971 10093
2582 5029 10093
3418 971 10093
3418 5029 10093
5029 2582 10093
5029 3418 10093
972 2643 103261483
972 3357 103261483
2643 972 103261483
2643 5028 103261483
3357 972 103261483
3357 5028 103261483
5028 2643 103261483
5028 3357 103261483
972 2672 8256074
972 3328 8256074
2672 972 8256074
2672 5028 8256074
3328 972 8256074
3328 5028 8256074
5028 2672 8256074
5028 3328 8256074
972 2720 103099995
972 3280 103099995
2720 972 103099995
2720 5028 103099995
3280 972 103099995
3280 5028 103099995
5028 2720 103099995
5028 3280 103099995
973 2698 79300701
973 3302 79300701
2698 973 79300701
2698 5027 79300701
3302 973 79300701
3302 5027 79300701
5027 2698 79300701
5027 3302 79300701
974 2533 96156011
974 3467 96156011
2533 974 96156011
2533 5026 96156011
3467 974 96156011
3467 5026 96156011
5026 2533 96156011
5026 3467 96156011
975 2129 151637232
975 3871 151637232
2129 975 151637232
2129 5025 151637232
3871 975 151637232
3871 5025 151637232
5025 2129 151637232
5025 3871 151637232
975 2343 10093
975 3657 10093
2343 975 10093
2343 5025 10093
3657 975 10093
3657 5025 10093
5025 2343 10093
5025 3657 10093
975 2860 10093
975 3140 10093
2860 975 10093
2860 5025 10093
3140 975 10093
3140 5025 10093
5025 2860 10093
5025 3140 10093
976 2325 88485331
976 3675 88485331
2325 976 88485331
2325 5024 88485331
3675 976 88485331
3675 5024 88485331
5024 2325 88485331
5024 3675 88485331
976 2850 20024512
976 3150 20024512
2850 976 20024512
2850 5024 20024512
3150 976 20024512
3150 5024 20024512
5024 2850 20024512
5024 3150 20024512
977 1804 11122486
977 4196 11122486
1804 977 11122486
1804 5023 11122486
4196 977 11122486
4196 5023 11122486
5023 1804 11122486
5023 4196 11122486
978 1641 10093
978 4359 10093
1641 978 10093
1641 5022 10093
4359 978 10093
4359 5022 10093
5022 1641 10093
5022 4359 10093
978 2000 208329613
978 4000 208329613
2000 978 208329613
2000 5022 208329613
4000 978 208329613
4000 5022 208329613
5022 2000 208329613
5022 4000 208329613
978 2388 76636149
978 3612 76636149
2388 978 76636149
2388 5022 76636149
3612 978 76636149
3612 5022 76636149
5022 2388 76636149
5022 3612 76636149
979 1590 59114701
979 4410 59114701
1590 979 59114701
1590 5021 59114701
4410 979 59114701
4410 5021 59114701
5021 1590 59114701
5021 4410 59114701
979 1619 76111313
979 4381 76111313
1619 979 76111313
1619 5021 76111313
4381 979 76111313
4381 5021 76111313
5021 1619 76111313
5021 4381 76111313
979 2687 123346553
979 3313 123346553
2687 979 123346553
2687 5021 123346553
3313 979 123346553
3313 5021 123346553
5021 2687 123346553
5021 3313 123346553
980 1000 2383936321
980 5000 2383936321
1000 980 2383936321
1000 5020 2383936321
5000 980 2383936321
5000 5020 2383936321
5020 1000 2383936321
5020 5000 2383936321
980 1440 162931299
980 4560 162931299
1440 980 162931299
1440 5020 162931299
4560 980 162931299
4560 5020 162931299
5020 1440 162931299
5020 4560 162931299
980 1560 30793743
980 4440 30793743
1560 980 30793743
1560 5020 30793743
4440 980 30793743
4440 5020 30793743
5020 1560 30793743
5020 4440 30793743
980 1701 35325500
980 4299 35325500
1701 980 35325500
1701 5020 35325500
4299 980 35325500
4299 5020 35325500
5020 1701 35325500
5020 4299 35325500
980 2000 3207827911
980 4000 3207827911
2000 980 3207827911
2000 5020 3207827911
4000 980 3207827911
4000 5020 3207827911
5020 2000 3207827911
5020 4000 3207827911
980 2468 104795619
980 3532 104795619
2468 980 104795619
2468 5020 104795619
3532 980 104795619
3532 5020 104795619
5020 2468 104795619
5020 3532 104795619
980 2595 46922357
980 3405 46922357
2595 980 46922357
2595 5020 46922357
3405 980 46922357
3405 5020 46922357
5020 2595 46922357
5020 3405 46922357
980 2651 113778389
980 3349 113778389
2651 980 113778389
2651 5020 113778389
3349 980 113778389
3349 5020 113778389
5020 2651 113778389
5020 3349 113778389
980 2898 71034534
980 3102 71034534
2898 980 71034534
2898 5020 71034534
3102 980 71034534
3102 5020 71034534
5020 2898 71034534
5020 3102 71034534
980 3000 3331648835
3000 980 3331648835
3000 5020 3331648835
5020 3000 3331648835
981 1696 280070657
981 4304 280070657
1696 981 280070657
1696 5019 280070657
4304 981 280070657
4304 5019 280070657
5019 1696 280070657
5019 4304 280070657
981 2915 248287800
981 3085 248287800
2915 981 248287800
2915 5019 248287800
3085 981 248287800
3085 5019 248287800
5019 2915 248287800
5019 3085 248287800
981 2948 119682794
981 3052 119682794
2948 981 119682794
2948 5019 119682794
3052 981 119682794
3052 5019 119682794
5019 2948 119682794
5019 3052 119682794
982 1668 130815373
982 4332 130815373
1668 982 130815373
1668 5018 130815373
4332 982 130815373
4332 5018 130815373
5018 1668 130815373
5018 4332 130815373
982 1675 151697790
982 4325 151697790
1675 982 151697790
1675 5018 151697790
4325 982 151697790
4325 5018 151697790
5018 1675 151697790
5018 4325 151697790
982 2528 102514601
982 3472 102514601
2528 982 102514601
2528 5018 102514601
3472 982 102514601
3472 5018 102514601
5018 2528 102514601
5018 3472 102514601
982 2700 95742198
982 3300 95742198
2700 982 95742198
2700 5018 95742198
3300 982 95742198
3300 5018 95742198
5018 2700 95742198
5018 3300 95742198
983 1604 10093
983 4396 10093
1604 983 10093
1604 5017 10093
4396 983 10093
4396 5017 10093
5017 1604 10093
5017 4396 10093
983 2119 59901955
983 3881 59901955
2119 983 59901955
2119 5017 59901955
3881 983 59901955
3881 5017 59901955
5017 2119 59901955
5017 3881 59901955
983 2922 55672988
983 3078 55672988
2922 983 55672988
2922 5017 55672988
3078 983 55672988
3078 5017 55672988
5017 2922 55672988
5017 3078 55672988
983 2930 99153632
983 3070 99153632
2930 983 99153632
2930 5017 99153632
3070 983 99153632
3070 5017 99153632
5017 2930 99153632
5017 3070 99153632
984 1685 6388869
984 4315 6388869
1685 984 6388869
1685 5016 6388869
4315 984 6388869
4315 5016 6388869
5016 1685 6388869
5016 4315 6388869
984 2677 112092858
984 3323 112092858
2677 984 112092858
2677 5016 112092858
3323 984 112092858
3323 5016 112092858
5016 2677 112092858
5016 3323 112092858
985 1420 306857479
985 4580 306857479
1420 985 306857479
1420 5015 306857479
4580 985 306857479
4580 5015 306857479
5015 1420 306857479
5015 4580 306857479
985 1889 179211308
985 4111 179211308
1889 985 179211308
1889 5015 179211308
4111 985 179211308
4111 5015 179211308
5015 1889 179211308
5015 4111 179211308
985 1945 10093
985 4055 10093
1945 985 10093
1945 5015 10093
4055 985 10093
4055 5015 10093
5015 1945 10093
5015 4055 10093
986 1823 291738165
986 4177 291738165
1823 986 291738165
1823 5014 291738165
4177 986 291738165
4177 5014 291738165
5014 1823 291738165
5014 4177 291738165
986 2936 93874993
986 3064 93874993
2936 986 93874993
2936 5014 93874993
3064 986 93874993
3064 5014 93874993
5014 2936 93874993
5014 3064 93874993
987 1000 1891337363
987 5000 1891337363
1000 987 1891337363
1000 5013 1891337363
5000 987 1891337363
5000 5013 1891337363
5013 1000 1891337363
5013 5000 1891337363
987 1617 10093
987 4383 10093
1617 987 10093
1617 5013 10093
4383 987 10093
4383 5013 10093
5013 1617 10093
5013 4383 10093
987 1935 870561622
987 4065 870561622
1935 987 870561622
1935 5013 870561622
4065 987 870561622
4065 5013 870561622
5013 1935 870561622
5013 4065 870561622
987 2090 135952710
987 3910 135952710
2090 987 135952710
2090 5013 135952710
3910 987 135952710
3910 5013 135952710
5013 2090 135952710
5013 3910 135952710
987 2968 98194797
987 3032 98194797
2968 987 98194797
2968 5013 98194797
3032 987 98194797
3032 5013 98194797
5013 2968 98194797
5013 3032 98194797
988 1645 156905778
988 4355 156905778
1645 988 156905778
1645 5012 156905778
4355 988 156905778
4355 5012 156905778
5012 1645 156905778
5012 4355 156905778
988 2073 177879032
988 3927 177879032
2073 988 177879032
2073 5012 177879032
3927 988 177879032
3927 5012 177879032
5012 2073 177879032
5012 3927 177879032
988 2930 10093
988 3070 10093
2930 988 10093
2930 5012 10093
3070 988 10093
3070 5012 10093
5012 2930 10093
5012 3070 10093
989 1721 116372290
989 4279 116372290
1721 989 116372290
1721 5011 116372290
4279 989 116372290
4279 5011 116372290
5011 1721 116372290
5011 4279 116372290
989 2101 10093
989 3899 10093
2101 989 10093
2101 5011 10093
3899 989 10093
3899 5011 10093
5011 2101 10093
5011 3899 10093
989 2342 119894747
989 3658 119894747
2342 989 119894747
2342 5011 119894747
3658 989 119894747
3658 5011 119894747
5011 2342 119894747
5011 3658 119894747
989 2424 27140077
989 3576 27140077
2424 989 27140077
2424 5011 27140077
3576 989 27140077
3576 5011 27140077
5011 2424 27140077
5011 3576 27140077
989 2928 135861873
989 3072 135861873
2928 989 135861873
2928 5011 135861873
3072 989 135861873
3072 5011 135861873
5011 2928 135861873
5011 3072 135861873
990 1484 179312238
990 4516 179312238
1484 990 179312238
1484 5010 179312238
4516 990 179312238
4516 5010 179312238
5010 1484 179312238
5010 4516 179312238
990 1730 205200783
990 4270 205200783
1730 990 205200783
1730 5010 205200783
4270 990 205200783
4270 5010 205200783
5010 1730 205200783
5010 4270 205200783
990 1956 272823883
990 4044 272823883
1956 990 272823883
1956 5010 272823883
4044 990 272823883
4044 5010 272823883
5010 1956 272823883
5010 4044 272823883
990 1968 10093
990 4032 10093
1968 990 10093
1968 5010 10093
4032 990 10093
4032 5010 10093
5010 1968 10093
5010 4032 10093
990 2000 2664753860
990 4000 2664753860
2000 990 2664753860
2000 5010 2664753860
4000 990 2664753860
4000 5010 2664753860
5010 2000 2664753860
5010 4000 2664753860
990 2070 6681566
990 3930 6681566
2070 990 6681566
2070 5010 6681566
3930 990 6681566
3930 5010 6681566
5010 2070 6681566
5010 3930 6681566
990 3000 2600814705
3000 990 2600814705
3000 5010 2600814705
5010 3000 2600814705
991 2964 194310436
991 3036 194310436
2964 991 194310436
2964 5009 194310436
3036 991 194310436
3036 5009 194310436
5009 2964 194310436
5009 3036 194310436
992 2050 252557139
992 3950 252557139
2050 992 252557139
2050 5008 252557139
3950 992 252557139
3950 5008 252557139
5008 2050 252557139
5008 3950 252557139
993 2980 228858775
993 3020 228858775
2980 993 228858775
2980 5007 228858775
3020 993 228858775
3020 5007 228858775
5007 2980 228858775
5007 3020 228858775
994 1000 2664753860
994 5000 2664753860
1000 994 2664753860
1000 5006 2664753860
5000 994 2664753860
5000 5006 2664753860
5006 1000 2664753860
5006 5000 2664753860
994 1730 17763680
994 4270 17763680
1730 994 17763680
1730 5006 17763680
4270 994 17763680
4270 5006 17763680
5006 1730 17763680
5006 4270 17763680
994 1990 10093
994 4010 10093
1990 994 10093
1990 5006 10093
4010 994 10093
4010 5006 10093
5006 1990 10093
5006 4010 10093
994 2110 47487565
994 3890 47487565
2110 994 47487565
2110 5006 47487565
3890 994 47487565
3890 5006 47487565
5006 2110 47487565
5006 3890 47487565
995 1416 184600970
995 4584 184600970
1416 995 184600970
1416 5005 184600970
4584 995 184600970
4584 5005 184600970
5005 1416 184600970
5005 4584 184600970
995 1790 287711058
995 4210 287711058
1790 995 287711058
1790 5005 287711058
4210 995 287711058
4210 5005 287711058
5005 1790 287711058
5005 4210 287711058
995 1987 262448279
995 4013 262448279
1987 995 262448279
1987 5005 262448279
4013 995 262448279
4013 5005 262448279
5005 1987 262448279
5005 4013 262448279
996 1358 125627571
996 4642 125627571
1358 996 125627571
1358 5004 125627571
4642 996 125627571
4642 5004 125627571
5004 1358 125627571
5004 4642 125627571
996 1963 125314688
996 4037 125314688
1963 996 125314688
1963 5004 125314688
4037 996 125314688
4037 5004 125314688
5004 1963 125314688
5004 4037 125314688
996 2978 252062582
996 3022 252062582
2978 996 252062582
2978 5004 252062582
3022 996 252062582
3022 5004 252062582
5004 2978 252062582
5004 3022 252062582
997 1858 22083484
997 4142 22083484
1858 997 22083484
1858 5003 22083484
4142 997 22083484
4142 5003 22083484
5003 1858 22083484
5003 4142 22083484
997 2988 178736937
997 3012 178736937
2988 997 178736937
2988 5003 178736937
3012 997 178736937
3012 5003 178736937
5003 2988 178736937
5003 3012 178736937
998 1996 372996908
998 4004 372996908
1996 998 372996908
1996 5002 372996908
4004 998 372996908
4004 5002 372996908
5002 1996 372996908
5002 4004 372996908
998 3000 233975926
3000 998 233975926
3000 5002 233975926
5002 3000 233975926
999 999 1279297843
999 5001 1279297843
5001 999 1279297843
5001 5001 1279297843
999 1292 135993082
999 4708 135993082
1292 999 135993082
1292 5001 135993082
4708 999 135993082
4708 5001 135993082
5001 1292 135993082
5001 4708 135993082
999 1595 222025814
999 4405 222025814
1595 999 222025814
1595 5001 222025814
4405 999 222025814
4405 5001 222025814
5001 1595 222025814
5001 4405 222025814
999 1698 246158177
999 4302 246158177
1698 999 246158177
1698 5001 246158177
4302 999 246158177
4302 5001 246158177
5001 1698 246158177
5001 4302 246158177
999 1834 224024228
999 4166 224024228
1834 999 224024228
1834 5001 224024228
4166 999 224024228
4166 5001 224024228
5001 1834 224024228
5001 4166 224024228
999 1999 1278742728
999 4001 1278742728
1999 999 1278742728
1999 5001 1278742728
4001 999 1278742728
4001 5001 1278742728
5001 1999 1278742728
5001 4001 1278742728
999 2085 10093
999 3915 10093
2085 999 10093
2085 5001 10093
3915 999 10093
3915 5001 10093
5001 2085 10093
5001 3915 10093
999 2424 135720571
999 3576 135720571
2424 999 135720571
2424 5001 135720571
3576 999 135720571
3576 5001 135720571
5001 2424 135720571
5001 3576 135720571
999 2576 7085286
999 3424 7085286
2576 999 7085286
2576 5001 7085286
3424 999 7085286
3424 5001 7085286
5001 2576 7085286
5001 3424 7085286
999 2965 10093
999 3035 10093
2965 999 10093
2965 5001 10093
3035 999 10093
3035 5001 10093
5001 2965 10093
5001 3035 10093
1000 1000 711536314
1000 5000 711536314
5000 1000 711536314
5000 5000 711536314
1000 1056 118360611
1000 4944 118360611
1056 1000 118360611
1056 5000 118360611
4944 1000 118360611
4944 5000 118360611
5000 1056 118360611
5000 4944 118360611
1000 1068 10093
1000 4932 10093
1068 1000 10093
1068 5000 10093
4932 1000 10093
4932 5000 10093
5000 1068 10093
5000 4932 10093
1000 1080 164344319
1000 4920 164344319
1080 1000 164344319
1080 5000 164344319
4920 1000 164344319
4920 5000 164344319
5000 1080 164344319
5000 4920 164344319
1000 1092 62939948
1000 4908 62939948
1092 1000 62939948
1092 5000 62939948
4908 1000 62939948
4908 5000 62939948
5000 1092 62939948
5000 4908 62939948
1000 1116 279475170
1000 4884 279475170
1116 1000 279475170
1116 5000 279475170
4884 1000 279475170
4884 5000 279475170
5000 1116 279475170
5000 4884 279475170
1000 1128 43803620
1000 4872 43803620
1128 1000 43803620
1128 5000 43803620
4872 1000 43803620
4872 5000 43803620
5000 1128 43803620
5000 4872 43803620
1000 1140 215192853
1000 4860 215192853
1140 1000 215192853
1140 5000 215192853
4860 1000 215192853
4860 5000 215192853
5000 1140 215192853
5000 4860 215192853
1000 1152 73961504
1000 4848 73961504
1152 1000 73961504
1152 5000 73961504
4848 1000 73961504
4848 5000 73961504
5000 1152 73961504
5000 4848 73961504
1000 1164 230574585
1000 4836 230574585
1164 1000 230574585
1164 5000 230574585
4836 1000 230574585
4836 5000 230574585
5000 1164 230574585
5000 4836 230574585
1000 1176 176233873
1000 4824 176233873
1176 1000 176233873
1176 5000 176233873
4824 1000 176233873
4824 5000 176233873
5000 1176 176233873
5000 4824 176233873
1000 1188 281291910
1000 4812 281291910
1188 1000 281291910
1188 5000 281291910
4812 1000 281291910
4812 5000 281291910
5000 1188 281291910
5000 4812 281291910
1000 1200 467689434
1000 4800 467689434
1200 1000 467689434
1200 5000 467689434
4800 1000 467689434
4800 5000 467689434
5000 1200 467689434
5000 4800 467689434
1000 1212 379214196
1000 4788 379214196
1212 1000 379214196
1212 5000 379214196
4788 1000 379214196
4788 5000 379214196
5000 1212 379214196
5000 4788 379214196
1000 1224 279868797
1000 4776 279868797
1224 1000 279868797
1224 5000 279868797
4776 1000 279868797
4776 5000 279868797
5000 1224 279868797
5000 4776 279868797
1000 1236 306605154
1000 4764 306605154
1236 1000 306605154
1236 5000 306605154
4764 1000 306605154
4764 5000 306605154
5000 1236 306605154
5000 4764 306605154
1000 1248 621900381
1000 4752 621900381
1248 1000 621900381
1248 5000 621900381
4752 1000 621900381
4752 5000 621900381
5000 1248 621900381
5000 4752 621900381
1000 1260 487219389
1000 4740 487219389
1260 1000 487219389
1260 5000 487219389
4740 1000 487219389
4740 5000 487219389
5000 1260 487219389
5000 4740 487219389
1000 1272 616722672
1000 4728 616722672
1272 1000 616722672
1272 5000 616722672
4728 1000 616722672
4728 5000 616722672
5000 1272 616722672
5000 4728 616722672
1000 1284 662968798
1000 4716 662968798
1284 1000 662968798
1284 5000 662968798
4716 1000 662968798
4716 5000 662968798
5000 1284 662968798
5000 4716 662968798
1000 1296 799476623
1000 4704 799476623
1296 1000 799476623
1296 5000 799476623
4704 1000 799476623
4704 5000 799476623
5000 1296 799476623
5000 4704 799476623
1000 1308 662968798
1000 4692 662968798
1308 1000 662968798
1308 5000 662968798
4692 1000 662968798
4692 5000 662968798
5000 1308 662968798
5000 4692 662968798
1000 1320 678814808
1000 4680 678814808
1320 1000 678814808
1320 5000 678814808
4680 1000 678814808
4680 5000 678814808
5000 1320 678814808
5000 4680 678814808
1000 1332 662050335
1000 4668 662050335
1332 1000 662050335
1332 5000 662050335
4668 1000 662050335
4668 5000 662050335
5000 1332 662050335
5000 4668 662050335
1000 1344 850496738
1000 4656 850496738
1344 1000 850496738
1344 5000 850496738
4656 1000 850496738
4656 5000 850496738
5000 1344 850496738
5000 4656 850496738
1000 1356 624857630
1000 4644 624857630
1356 1000 624857630
1356 5000 624857630
4644 1000 624857630
4644 5000 624857630
5000 1356 624857630
5000 4644 624857630
1000 1368 1030424649
1000 4632 1030424649
1368 1000 1030424649
1368 5000 1030424649
4632 1000 1030424649
4632 5000 1030424649
5000 1368 1030424649
5000 4632 1030424649
1000 1380 656095465
1000 4620 656095465
1380 1000 656095465
1380 5000 656095465
4620 1000 656095465
4620 5000 656095465
5000 1380 656095465
5000 4620 656095465
1000 1392 713635658
1000 4608 713635658
1392 1000 713635658
1392 5000 713635658
4608 1000 713635658
4608 5000 713635658
5000 1392 713635658
5000 4608 713635658
1000 1404 912578781
1000 4596 912578781
1404 1000 912578781
1404 5000 912578781
4596 1000 912578781
4596 5000 912578781
5000 1404 912578781
5000 4596 912578781
1000 1416 566883438
1000 4584 566883438
1416 1000 566883438
1416 5000 566883438
4584 1000 566883438
4584 5000 566883438
5000 1416 566883438
5000 4584 566883438
1000 1428 502187308
1000 4572 502187308
1428 1000 502187308
1428 5000 502187308
4572 1000 502187308
4572 5000 502187308
5000 1428 502187308
5000 4572 502187308
1000 1440 823447498
1000 4560 823447498
1440 1000 823447498
1440 5000 823447498
4560 1000 823447498
4560 5000 823447498
5000 1440 823447498
5000 4560 823447498
1000 1452 468305107
1000 4548 468305107
1452 1000 468305107
1452 5000 468305107
4548 1000 468305107
4548 5000 468305107
5000 1452 468305107
5000 4548 468305107
1000 1464 476561181
1000 4536 476561181
1464 1000 476561181
1464 5000 476561181
4536 1000 476561181
4536 5000 476561181
5000 1464 476561181
5000 4536 476561181
1000 1476 753129567
1000 4524 753129567
1476 1000 753129567
1476 5000 753129567
4524 1000 753129567
4524 5000 753129567
5000 1476 753129567
5000 4524 753129567
1000 1488 506769530
1000 4512 506769530
1488 1000 506769530
1488 5000 506769530
4512 1000 506769530
4512 5000 506769530
5000 1488 506769530
5000 4512 506769530
1000 1500 465761671
1000 4500 465761671
1500 1000 465761671
1500 5000 465761671
4500 1000 465761671
4500 5000 465761671
5000 1500 465761671
5000 4500 465761671
1000 1512 529165897
1000 4488 529165897
1512 1000 529165897
1512 5000 529165897
4488 1000 529165897
4488 5000 529165897
5000 1512 529165897
5000 4488 529165897
1000 1524 572313472
1000 4476 572313472
1524 1000 572313472
1524 5000 572313472
4476 1000 572313472
4476 5000 572313472
5000 1524 572313472
5000 4476 572313472
1000 1536 504367396
1000 4464 504367396
1536 1000 504367396
1536 5000 504367396
4464 1000 504367396
4464 5000 504367396
5000 1536 504367396
5000 4464 504367396
1000 1548 629621526
1000 4452 629621526
1548 1000 629621526
1548 5000 629621526
4452 1000 629621526
4452 5000 629621526
5000 1548 629621526
5000 4452 629621526
1000 1560 712353847
1000 4440 712353847
1560 1000 712353847
1560 5000 712353847
4440 1000 712353847
4440 5000 712353847
5000 1560 712353847
5000 4440 712353847
1000 1572 743854100
1000 4428 743854100
1572 1000 743854100
1572 5000 743854100
4428 1000 743854100
4428 5000 743854100
5000 1572 743854100
5000 4428 743854100
1000 1584 744772563
1000 4416 744772563
1584 1000 744772563
1584 5000 744772563
4416 1000 744772563
4416 5000 744772563
5000 1584 744772563
5000 4416 744772563
1000 1596 478357735
1000 4404 478357735
1596 1000 478357735
1596 5000 478357735
4404 1000 478357735
4404 5000 478357735
5000 1596 478357735
5000 4404 478357735
1000 1608 694297470
1000 4392 694297470
1608 1000 694297470
1608 5000 694297470
4392 1000 694297470
4392 5000 694297470
5000 1608 694297470
5000 4392 694297470
1000 1620 555205837
1000 4380 555205837
1620 1000 555205837
1620 5000 555205837
4380 1000 555205837
4380 5000 555205837
5000 1620 555205837
5000 4380 555205837
1000 1632 655933977
1000 4368 655933977
1632 1000 655933977
1632 5000 655933977
4368 1000 655933977
4368 5000 655933977
5000 1632 655933977
5000 4368 655933977
1000 1644 691471430
1000 4356 691471430
1644 1000 691471430
1644 5000 691471430
4356 1000 691471430
4356 5000 691471430
5000 1644 691471430
5000 4356 691471430
1000 1656 345554041
1000 4344 345554041
1656 1000 345554041
1656 5000 345554041
4344 1000 345554041
4344 5000 345554041
5000 1656 345554041
5000 4344 345554041
1000 1668 430365520
1000 4332 430365520
1668 1000 430365520
1668 5000 430365520
4332 1000 430365520
4332 5000 430365520
5000 1668 430365520
5000 4332 430365520
1000 1680 324631252
1000 4320 324631252
1680 1000 324631252
1680 5000 324631252
4320 1000 324631252
4320 5000 324631252
5000 1680 324631252
5000 4320 324631252
1000 1692 394828067
1000 4308 394828067
1692 1000 394828067
1692 5000 394828067
4308 1000 394828067
4308 5000 394828067
5000 1692 394828067
5000 4308 394828067
1000 1704 283169208
1000 4296 283169208
1704 1000 283169208
1704 5000 283169208
4296 1000 283169208
4296 5000 283169208
5000 1704 283169208
5000 4296 283169208
1000 1716 522050332
1000 4284 522050332
1716 1000 522050332
1716 5000 522050332
4284 1000 522050332
4284 5000 522050332
5000 1716 522050332
5000 4284 522050332
1000 1728 196318943
1000 4272 196318943
1728 1000 196318943
1728 5000 196318943
4272 1000 196318943
4272 5000 196318943
5000 1728 196318943
5000 4272 196318943
1000 1740 451661750
1000 4260 451661750
1740 1000 451661750
1740 5000 451661750
4260 1000 451661750
4260 5000 451661750
5000 1740 451661750
5000 4260 451661750
1000 1752 486613809
1000 4248 486613809
1752 1000 486613809
1752 5000 486613809
4248 1000 486613809
4248 5000 486613809
5000 1752 486613809
5000 4248 486613809
1000 1764 416174762
1000 4236 416174762
1764 1000 416174762
1764 5000 416174762
4236 1000 416174762
4236 5000 416174762
5000 1764 416174762
5000 4236 416174762
1000 1776 484766790
1000 4224 484766790
1776 1000 484766790
1776 5000 484766790
4224 1000 484766790
4224 5000 484766790
5000 1776 484766790
5000 4224 484766790
1000 1788 629883944
1000 4212 629883944
1788 1000 629883944
1788 5000 629883944
4212 1000 629883944
4212 5000 629883944
5000 1788 629883944
5000 4212 629883944
1000 1800 614189329
1000 4200 614189329
1800 1000 614189329
1800 5000 614189329
4200 1000 614189329
4200 5000 614189329
5000 1800 614189329
5000 4200 614189329
1000 1812 795328400
1000 4188 795328400
1812 1000 795328400
1812 5000 795328400
4188 1000 795328400
4188 5000 795328400
5000 1812 795328400
5000 4188 795328400
1000 1824 654894398
1000 4176 654894398
1824 1000 654894398
1824 5000 654894398
4176 1000 654894398
4176 5000 654894398
5000 1824 654894398
5000 4176 654894398
1000 1836 267535151
1000 4164 267535151
1836 1000 267535151
1836 5000 267535151
4164 1000 267535151
4164 5000 267535151
5000 1836 267535151
5000 4164 267535151
1000 1848 445252695
1000 4152 445252695
1848 1000 445252695
1848 5000 445252695
4152 1000 445252695
4152 5000 445252695
5000 1848 445252695
5000 4152 445252695
1000 1860 291395003
1000 4140 291395003
1860 1000 291395003
1860 5000 291395003
4140 1000 291395003
4140 5000 291395003
5000 1860 291395003
5000 4140 291395003
1000 1872 538602852
1000 4128 538602852
1872 1000 538602852
1872 5000 538602852
4128 1000 538602852
4128 5000 538602852
5000 1872 538602852
5000 4128 538602852
1000 1884 531386357
1000 4116 531386357
1884 1000 531386357
1884 5000 531386357
4116 1000 531386357
4116 5000 531386357
5000 1884 531386357
5000 4116 531386357
1000 1896 699020994
1000 4104 699020994
1896 1000 699020994
1896 5000 699020994
4104 1000 699020994
4104 5000 699020994
5000 1896 699020994
5000 4104 699020994
1000 1908 542508843
1000 4092 542508843
1908 1000 542508843
1908 5000 542508843
4092 1000 542508843
4092 5000 542508843
5000 1908 542508843
5000 4092 542508843
1000 1920 897812722
1000 4080 897812722
1920 1000 897812722
1920 5000 897812722
4080 1000 897812722
4080 5000 897812722
5000 1920 897812722
5000 4080 897812722
1000 1932 674555562
1000 4068 674555562
1932 1000 674555562
1932 5000 674555562
4068 1000 674555562
4068 5000 674555562
5000 1932 674555562
5000 4068 674555562
1000 1944 271945792
1000 4056 271945792
1944 1000 271945792
1944 5000 271945792
4056 1000 271945792
4056 5000 271945792
5000 1944 271945792
5000 4056 271945792
1000 1956 245663620
1000 4044 245663620
1956 1000 245663620
1956 5000 245663620
4044 1000 245663620
4044 5000 245663620
5000 1956 245663620
5000 4044 245663620
1000 1968 977436399
1000 4032 977436399
1968 1000 977436399
1968 5000 977436399
4032 1000 977436399
4032 5000 977436399
5000 1968 977436399
5000 4032 977436399
1000 1980 719651086
1000 4020 719651086
1980 1000 719651086
1980 5000 719651086
4020 1000 719651086
4020 5000 719651086
5000 1980 719651086
5000 4020 719651086
1000 1992 400520519
1000 4008 400520519
1992 1000 400520519
1992 5000 400520519
4008 1000 400520519
4008 5000 400520519
5000 1992 400520519
5000 4008 400520519
1000 2016 113546250
1000 3984 113546250
2016 1000 113546250
2016 5000 113546250
3984 1000 113546250
3984 5000 113546250
5000 2016 113546250
5000 3984 113546250
1000 2028 152818113
1000 3972 152818113
2028 1000 152818113
2028 5000 152818113
3972 1000 152818113
3972 5000 152818113
5000 2028 152818113
5000 3972 152818113
1000 2040 179463633
1000 3960 179463633
2040 1000 179463633
2040 5000 179463633
3960 1000 179463633
3960 5000 179463633
5000 2040 179463633
5000 3960 179463633
1000 2052 302658791
1000 3948 302658791
2052 1000 302658791
2052 5000 302658791
3948 1000 302658791
3948 5000 302658791
5000 2052 302658791
5000 3948 302658791
1000 2064 239204100
1000 3936 239204100
2064 1000 239204100
2064 5000 239204100
3936 1000 239204100
3936 5000 239204100
5000 2064 239204100
5000 3936 239204100
1000 2076 175587921
1000 3924 175587921
2076 1000 175587921
2076 5000 175587921
3924 1000 175587921
3924 5000 175587921
5000 2076 175587921
5000 3924 175587921
1000 2088 432828212
1000 3912 432828212
2088 1000 432828212
2088 5000 432828212
3912 1000 432828212
3912 5000 432828212
5000 2088 432828212
5000 3912 432828212
1000 2100 188224357
1000 3900 188224357
2100 1000 188224357
2100 5000 188224357
3900 1000 188224357
3900 5000 188224357
5000 2100 188224357
5000 3900 188224357
1000 2112 333452534
1000 3888 333452534
2112 1000 333452534
2112 5000 333452534
3888 1000 333452534
3888 5000 333452534
5000 2112 333452534
5000 3888 333452534
1000 2124 535151046
1000 3876 535151046
2124 1000 535151046
2124 5000 535151046
3876 1000 535151046
3876 5000 535151046
5000 2124 535151046
5000 3876 535151046
1000 2136 173650065
1000 3864 173650065
2136 1000 173650065
2136 5000 173650065
3864 1000 173650065
3864 5000 173650065
5000 2136 173650065
5000 3864 173650065
1000 2148 351953003
1000 3852 351953003
2148 1000 351953003
2148 5000 351953003
3852 1000 351953003
3852 5000 351953003
5000 2148 351953003
5000 3852 351953003
1000 2160 262831813
1000 3840 262831813
2160 1000 262831813
2160 5000 262831813
3840 1000 262831813
3840 5000 262831813
5000 2160 262831813
5000 3840 262831813
1000 2172 309592682
1000 3828 309592682
2172 1000 309592682
2172 5000 309592682
3828 1000 309592682
3828 5000 309592682
5000 2172 309592682
5000 3828 309592682
1000 2184 364710555
1000 3816 364710555
2184 1000 364710555
2184 5000 364710555
3816 1000 364710555
3816 5000 364710555
5000 2184 364710555
5000 3816 364710555
1000 2196 536967786
1000 3804 536967786
2196 1000 536967786
2196 5000 536967786
3804 1000 536967786
3804 5000 536967786
5000 2196 536967786
5000 3804 536967786
1000 2208 331787189
1000 3792 331787189
2208 1000 331787189
2208 5000 331787189
3792 1000 331787189
3792 5000 331787189
5000 2208 331787189
5000 3792 331787189
1000 2220 303092790
1000 3780 303092790
2220 1000 303092790
2220 5000 303092790
3780 1000 303092790
3780 5000 303092790
5000 2220 303092790
5000 3780 303092790
1000 2232 552793610
1000 3768 552793610
2232 1000 552793610
2232 5000 552793610
3768 1000 552793610
3768 5000 552793610
5000 2232 552793610
5000 3768 552793610
1000 2244 385966413
1000 3756 385966413
2244 1000 385966413
2244 5000 385966413
3756 1000 385966413
3756 5000 385966413
5000 2244 385966413
5000 3756 385966413
1000 2256 362914001
1000 3744 362914001
2256 1000 362914001
2256 5000 362914001
3744 1000 362914001
3744 5000 362914001
5000 2256 362914001
5000 3744 362914001
1000 2268 397825688
1000 3732 397825688
2268 1000 397825688
2268 5000 397825688
3732 1000 397825688
3732 5000 397825688
5000 2268 397825688
5000 3732 397825688
1000 2280 441659587
1000 3720 441659587
2280 1000 441659587
2280 5000 441659587
3720 1000 441659587
3720 5000 441659587
5000 2280 441659587
5000 3720 441659587
1000 2292 546838740
1000 3708 546838740
2292 1000 546838740
2292 5000 546838740
3708 1000 546838740
3708 5000 546838740
5000 2292 546838740
5000 3708 546838740
1000 2304 542993307
1000 3696 542993307
2304 1000 542993307
2304 5000 542993307
3696 1000 542993307
3696 5000 542993307
5000 2304 542993307
5000 3696 542993307
1000 2316 540631545
1000 3684 540631545
2316 1000 540631545
2316 5000 540631545
3684 1000 540631545
3684 5000 540631545
5000 2316 540631545
5000 3684 540631545
1000 2328 650100223
1000 3672 650100223
2328 1000 650100223
2328 5000 650100223
3672 1000 650100223
3672 5000 650100223
5000 2328 650100223
5000 3672 650100223
1000 2340 503933397
1000 3660 503933397
2340 1000 503933397
2340 5000 503933397
3660 1000 503933397
3660 5000 503933397
5000 2340 503933397
5000 3660 503933397
1000 2352 529155804
1000 3648 529155804
2352 1000 529155804
2352 5000 529155804
3648 1000 529155804
3648 5000 529155804
5000 2352 529155804
5000 3648 529155804
1000 2364 422866421
1000 3636 422866421
2364 1000 422866421
2364 5000 422866421
3636 1000 422866421
3636 5000 422866421
5000 2364 422866421
5000 3636 422866421
1000 2376 638614389
1000 3624 638614389
2376 1000 638614389
2376 5000 638614389
3624 1000 638614389
3624 5000 638614389
5000 2376 638614389
5000 3624 638614389
1000 2388 439721731
1000 3612 439721731
2388 1000 439721731
2388 5000 439721731
3612 1000 439721731
3612 5000 439721731
5000 2388 439721731
5000 3612 439721731
1000 2400 544497164
1000 3600 544497164
2400 1000 544497164
2400 5000 544497164
3600 1000 544497164
3600 5000 544497164
5000 2400 544497164
5000 3600 544497164
1000 2412 530760591
1000 3588 530760591
2412 1000 530760591
2412 5000 530760591
3588 1000 530760591
3588 5000 530760591
5000 2412 530760591
5000 3588 530760591
1000 2424 476308856
1000 3576 476308856
2424 1000 476308856
2424 5000 476308856
3576 1000 476308856
3576 5000 476308856
5000 2424 476308856
5000 3576 476308856
1000 2436 559535734
1000 3564 559535734
2436 1000 559535734
2436 5000 559535734
3564 1000 559535734
3564 5000 559535734
5000 2436 559535734
5000 3564 559535734
1000 2448 820954527
1000 3552 820954527
2448 1000 820954527
2448 5000 820954527
3552 1000 820954527
3552 5000 820954527
5000 2448 820954527
5000 3552 820954527
1000 2460 574614676
1000 3540 574614676
2460 1000 574614676
2460 5000 574614676
3540 1000 574614676
3540 5000 574614676
5000 2460 574614676
5000 3540 574614676
1000 2472 501511077
1000 3528 501511077
2472 1000 501511077
2472 5000 501511077
3528 1000 501511077
3528 5000 501511077
5000 2472 501511077
5000 3528 501511077
1000 2484 603632051
1000 3516 603632051
2484 1000 603632051
2484 5000 603632051
3516 1000 603632051
3516 5000 603632051
5000 2484 603632051
5000 3516 603632051
1000 2496 837375838
1000 3504 837375838
2496 1000 837375838
2496 5000 837375838
3504 1000 837375838
3504 5000 837375838
5000 2496 837375838
5000 3504 837375838
1000 2508 607669251
1000 3492 607669251
2508 1000 607669251
2508 5000 607669251
3492 1000 607669251
3492 5000 607669251
5000 2508 607669251
5000 3492 607669251
1000 2520 491983285
1000 3480 491983285
2520 1000 491983285
2520 5000 491983285
3480 1000 491983285
3480 5000 491983285
5000 2520 491983285
5000 3480 491983285
1000 2532 482637167
1000 3468 482637167
2532 1000 482637167
2532 5000 482637167
3468 1000 482637167
3468 5000 482637167
5000 2532 482637167
5000 3468 482637167
1000 2544 452237051
1000 3456 452237051
2544 1000 452237051
2544 5000 452237051
3456 1000 452237051
3456 5000 452237051
5000 2544 452237051
5000 3456 452237051
1000 2556 766300932
1000 3444 766300932
2556 1000 766300932
2556 5000 766300932
3444 1000 766300932
3444 5000 766300932
5000 2556 766300932
5000 3444 766300932
1000 2568 687414044
1000 3432 687414044
2568 1000 687414044
2568 5000 687414044
3432 1000 687414044
3432 5000 687414044
5000 2568 687414044
5000 3432 687414044
1000 2580 638543738
1000 3420 638543738
2580 1000 638543738
2580 5000 638543738
3420 1000 638543738
3420 5000 638543738
5000 2580 638543738
5000 3420 638543738
1000 2592 504155443
1000 3408 504155443
2592 1000 504155443
2592 5000 504155443
3408 1000 504155443
3408 5000 504155443
5000 2592 504155443
5000 3408 504155443
1000 2604 511755472
1000 3396 511755472
2604 1000 511755472
2604 5000 511755472
3396 1000 511755472
3396 5000 511755472
5000 2604 511755472
5000 3396 511755472
1000 2616 623303308
1000 3384 623303308
2616 1000 623303308
2616 5000 623303308
3384 1000 623303308
3384 5000 623303308
5000 2616 623303308
5000 3384 623303308
1000 2628 691552174
1000 3372 691552174
2628 1000 691552174
2628 5000 691552174
3372 1000 691552174
3372 5000 691552174
5000 2628 691552174
5000 3372 691552174
1000 2640 618922946
1000 3360 618922946
2640 1000 618922946
2640 5000 618922946
3360 1000 618922946
3360 5000 618922946
5000 2640 618922946
5000 3360 618922946
1000 2652 534464722
1000 3348 534464722
2652 1000 534464722
2652 5000 534464722
3348 1000 534464722
3348 5000 534464722
5000 2652 534464722
5000 3348 534464722
1000 2664 454719929
1000 3336 454719929
2664 1000 454719929
2664 5000 454719929
3336 1000 454719929
3336 5000 454719929
5000 2664 454719929
5000 3336 454719929
1000 2676 541469264
1000 3324 541469264
2676 1000 541469264
2676 5000 541469264
3324 1000 541469264
3324 5000 541469264
5000 2676 541469264
5000 3324 541469264
1000 2688 468829943
1000 3312 468829943
2688 1000 468829943
2688 5000 468829943
3312 1000 468829943
3312 5000 468829943
5000 2688 468829943
5000 3312 468829943
1000 2700 507082413
1000 3300 507082413
2700 1000 507082413
2700 5000 507082413
3300 1000 507082413
3300 5000 507082413
5000 2700 507082413
5000 3300 507082413
1000 2712 394949183
1000 3288 394949183
2712 1000 394949183
2712 5000 394949183
3288 1000 394949183
3288 5000 394949183
5000 2712 394949183
5000 3288 394949183
1000 2724 429719568
1000 3276 429719568
2724 1000 429719568
2724 5000 429719568
3276 1000 429719568
3276 5000 429719568
5000 2724 429719568
5000 3276 429719568
1000 2736 542508843
1000 3264 542508843
2736 1000 542508843
2736 5000 542508843
3264 1000 542508843
3264 5000 542508843
5000 2736 542508843
5000 3264 542508843
1000 2748 280645958
1000 3252 280645958
2748 1000 280645958
2748 5000 280645958
3252 1000 280645958
3252 5000 280645958
5000 2748 280645958
5000 3252 280645958
1000 2760 542246425
1000 3240 542246425
2760 1000 542246425
2760 5000 542246425
3240 1000 542246425
3240 5000 542246425
5000 2760 542246425
5000 3240 542246425
1000 2772 569517711
1000 3228 569517711
2772 1000 569517711
2772 5000 569517711
3228 1000 569517711
3228 5000 569517711
5000 2772 569517711
5000 3228 569517711
1000 2784 228656915
1000 3216 228656915
2784 1000 228656915
2784 5000 228656915
3216 1000 228656915
3216 5000 228656915
5000 2784 228656915
5000 3216 228656915
1000 2796 676473232
1000 3204 676473232
2796 1000 676473232
2796 5000 676473232
3204 1000 676473232
3204 5000 676473232
5000 2796 676473232
5000 3204 676473232
1000 2808 234753087
1000 3192 234753087
2808 1000 234753087
2808 5000 234753087
3192 1000 234753087
3192 5000 234753087
5000 2808 234753087
5000 3192 234753087
1000 2820 438439920
1000 3180 438439920
2820 1000 438439920
2820 5000 438439920
3180 1000 438439920
3180 5000 438439920
5000 2820 438439920
5000 3180 438439920
1000 2832 280423912
1000 3168 280423912
2832 1000 280423912
2832 5000 280423912
3168 1000 280423912
3168 5000 280423912
5000 2832 280423912
5000 3168 280423912
1000 2844 327447199
1000 3156 327447199
2844 1000 327447199
2844 5000 327447199
3156 1000 327447199
3156 5000 327447199
5000 2844 327447199
5000 3156 327447199
1000 2856 254252763
1000 3144 254252763
2856 1000 254252763
2856 5000 254252763
3144 1000 254252763
3144 5000 254252763
5000 2856 254252763
5000 3144 254252763
1000 2868 243039440
1000 3132 243039440
2868 1000 243039440
2868 5000 243039440
3132 1000 243039440
3132 5000 243039440
5000 2868 243039440
5000 3132 243039440
1000 2880 423371071
1000 3120 423371071
2880 1000 423371071
2880 5000 423371071
3120 1000 423371071
3120 5000 423371071
5000 2880 423371071
5000 3120 423371071
1000 2892 230705794
1000 3108 230705794
2892 1000 230705794
2892 5000 230705794
3108 1000 230705794
3108 5000 230705794
5000 2892 230705794
5000 3108 230705794
1000 2904 217958335
1000 3096 217958335
2904 1000 217958335
2904 5000 217958335
3096 1000 217958335
3096 5000 217958335
5000 2904 217958335
5000 3096 217958335
1000 2916 201658140
1000 3084 201658140
2916 1000 201658140
2916 5000 201658140
3084 1000 201658140
3084 5000 201658140
5000 2916 201658140
5000 3084 201658140
1000 2928 289214915
1000 3072 289214915
2928 1000 289214915
2928 5000 289214915
3072 1000 289214915
3072 5000 289214915
5000 2928 289214915
5000 3072 289214915
1000 2940 138768657
1000 3060 138768657
2940 1000 138768657
2940 5000 138768657
3060 1000 138768657
3060 5000 138768657
5000 2940 138768657
5000 3060 138768657
1000 2952 278465870
1000 3048 278465870
2952 1000 278465870
2952 5000 278465870
3048 1000 278465870
3048 5000 278465870
5000 2952 278465870
5000 3048 278465870
1000 2964 545042186
1000 3036 545042186
2964 1000 545042186
2964 5000 545042186
3036 1000 545042186
3036 5000 545042186
5000 2964 545042186
5000 3036 545042186
1000 2976 233975926
1000 3024 233975926
2976 1000 233975926
2976 5000 233975926
3024 1000 233975926
3024 5000 233975926
5000 2976 233975926
5000 3024 233975926
1000 2988 357554618
1000 3012 357554618
2988 1000 357554618
2988 5000 357554618
3012 1000 357554618
3012 5000 357554618
5000 2988 357554618
5000 3012 357554618
1023 2997 55027036
1023 3003 55027036
2997 1023 55027036
2997 4977 55027036
3003 1023 55027036
3003 4977 55027036
4977 2997 55027036
4977 3003 55027036
1032 3000 135266386
3000 1032 135266386
3000 4968 135266386
4968 3000 135266386
1039 2995 103463343
1039 3005 103463343
2995 1039 103463343
2995 4961 103463343
3005 1039 103463343
3005 4961 103463343
4961 2995 103463343
4961 3005 103463343
1044 2000 118360611
1044 4000 118360611
2000 1044 118360611
2000 4956 118360611
4000 1044 118360611
4000 4956 118360611
4956 2000 118360611
4956 4000 118360611
1044 3000 132248579
3000 1044 132248579
3000 4956 132248579
4956 3000 132248579
1056 2000 227284267
1056 4000 227284267
2000 1056 227284267
2000 4944 227284267
4000 1056 227284267
4000 4944 227284267
4944 2000 227284267
4944 4000 227284267
1056 3000 175587921
3000 1056 175587921
3000 4944 175587921
4944 3000 175587921
1068 3000 83751714
3000 1068 83751714
3000 4932 83751714
4932 3000 83751714
1080 2000 82338694
1080 4000 82338694
2000 1080 82338694
2000 4920 82338694
4000 1080 82338694
4000 4920 82338694
4920 2000 82338694
4920 4000 82338694
1080 3000 111275325
3000 1080 111275325
3000 4920 111275325
4920 3000 111275325
1082 1998 142513160
1082 4002 142513160
1998 1082 142513160
1998 4918 142513160
4002 1082 142513160
4002 4918 142513160
4918 1998 142513160
4918 4002 142513160
1082 2504 94450294
1082 3496 94450294
2504 1082 94450294
2504 4918 94450294
3496 1082 94450294
3496 4918 94450294
4918 2504 94450294
4918 3496 94450294
1087 2470 82338694
1087 3530 82338694
2470 1087 82338694
2470 4913 82338694
3530 1087 82338694
3530 4913 82338694
4913 2470 82338694
4913 3530 82338694
1090 2481 53926899
1090 3519 53926899
2481 1090 53926899
2481 4910 53926899
3519 1090 53926899
3519 4910 53926899
4910 2481 53926899
4910 3519 53926899
1090 2550 55672988
1090 3450 55672988
2550 1090 55672988
2550 4910 55672988
3450 1090 55672988
3450 4910 55672988
4910 2550 55672988
4910 3450 55672988
1092 2000 121237116
1092 4000 121237116
2000 1092 121237116
2000 4908 121237116
4000 1092 121237116
4000 4908 121237116
4908 2000 121237116
4908 4000 121237116
1092 3000 139717399
3000 1092 139717399
3000 4908 139717399
4908 3000 139717399
1094 2989 130169421
1094 3011 130169421
2989 1094 130169421
2989 4906 130169421
3011 1094 130169421
3011 4906 130169421
4906 2989 130169421
4906 3011 130169421
1095 2990 100516187
1095 3010 100516187
2990 1095 100516187
2990 4905 100516187
3010 1095 100516187
3010 4905 100516187
4905 2990 100516187
4905 3010 100516187
1098 2505 61224138
1098 3495 61224138
2505 1098 61224138
2505 4902 61224138
3495 1098 61224138
3495 4902 61224138
4902 2505 61224138
4902 3495 61224138
1101 2006 28744864
1101 3994 28744864
2006 1101 28744864
2006 4899 28744864
3994 1101 28744864
3994 4899 28744864
4899 2006 28744864
4899 3994 28744864
1101 2474 70368396
1101 3526 70368396
2474 1101 70368396
2474 4899 70368396
3526 1101 70368396
3526 4899 70368396
4899 2474 70368396
4899 3526 70368396
1101 2989 36637590
1101 3011 36637590
2989 1101 36637590
2989 4899 36637590
3011 1101 36637590
3011 4899 36637590
4899 2989 36637590
4899 3011 36637590
1103 1999 28744864
1103 4001 28744864
1999 1103 28744864
1999 4897 28744864
4001 1103 28744864
4001 4897 28744864
4897 1999 28744864
4897 4001 28744864
1104 2452 10093
1104 3548 10093
2452 1104 10093
2452 4896 10093
3548 1104 10093
3548 4896 10093
4896 2452 10093
4896 3548 10093
1104 3000 87294357
3000 1104 87294357
3000 4896 87294357
4896 3000 87294357
1107 1998 164041529
1107 4002 164041529
1998 1107 164041529
1998 4893 164041529
4002 1107 164041529
4002 4893 164041529
4893 1998 164041529
4893 4002 164041529
1110 2989 15300988
1110 3011 15300988
2989 1110 15300988
2989 4890 15300988
3011 1110 15300988
3011 4890 15300988
4890 2989 15300988
4890 3011 15300988
1113 1998 34568525
1113 4002 34568525
1998 1113 34568525
1998 4887 34568525
4002 1113 34568525
4002 4887 34568525
4887 1998 34568525
4887 4002 34568525
1116 2000 234742994
1116 4000 234742994
2000 1116 234742994
2000 4884 234742994
4000 1116 234742994
4000 4884 234742994
4884 2000 234742994
4884 4000 234742994
1116 3000 234742994
3000 1116 234742994
3000 4884 234742994
4884 3000 234742994
1123 1998 34568525
1123 4002 34568525
1998 1123 34568525
1998 4877 34568525
4002 1123 34568525
4002 4877 34568525
4877 1998 34568525
4877 4002 34568525
1128 2000 74920339
1128 4000 74920339
2000 1128 74920339
2000 4872 74920339
4000 1128 74920339
4000 4872 74920339
4872 2000 74920339
4872 4000 74920339
1128 3000 74920339
3000 1128 74920339
3000 4872 74920339
4872 3000 74920339
1140 2000 102706368
1140 4000 102706368
2000 1140 102706368
2000 4860 102706368
4000 1140 102706368
4000 4860 102706368
4860 2000 102706368
4860 4000 102706368
1140 3000 98971958
3000 1140 98971958
3000 4860 98971958
4860 3000 98971958
1152 2000 223771903
1152 4000 223771903
2000 1152 223771903
2000 4848 223771903
4000 1152 223771903
4000 4848 223771903
4848 2000 223771903
4848 4000 223771903
1152 3000 181441861
3000 1152 181441861
3000 4848 181441861
4848 3000 181441861
1165 1997 177879032
1165 4003 177879032
1997 1165 177879032
1997 4835 177879032
4003 1165 177879032
4003 4835 177879032
4835 1997 177879032
4835 4003 177879032
1176 2000 212891649
1176 4000 212891649
2000 1176 212891649
2000 4824 212891649
4000 1176 212891649
4000 4824 212891649
4824 2000 212891649
4824 4000 212891649
1176 3000 258966194
3000 1176 258966194
3000 4824 258966194
4824 3000 258966194
1188 2000 327406827
1188 4000 327406827
2000 1188 327406827
2000 4812 327406827
4000 1188 327406827
4000 4812 327406827
4812 2000 327406827
4812 4000 327406827
1188 3000 268403149
3000 1188 268403149
3000 4812 268403149
4812 3000 268403149
1189 1584 6832961
1189 4416 6832961
1584 1189 6832961
1584 4811 6832961
4416 1189 6832961
4416 4811 6832961
4811 1584 6832961
4811 4416 6832961
1200 1600 170692816
1200 4400 170692816
1600 1200 170692816
1600 4800 170692816
4400 1200 170692816
4400 4800 170692816
4800 1600 170692816
4800 4400 170692816
1200 2000 301710049
1200 4000 301710049
2000 1200 301710049
2000 4800 301710049
4000 1200 301710049
4000 4800 301710049
4800 2000 301710049
4800 4000 301710049
1200 2900 14099921
1200 3100 14099921
2900 1200 14099921
2900 4800 14099921
3100 1200 14099921
3100 4800 14099921
4800 2900 14099921
4800 3100 14099921
1200 3000 263447486
3000 1200 263447486
3000 4800 263447486
4800 3000 263447486
1201 2905 15442290
1201 3095 15442290
2905 1201 15442290
2905 4799 15442290
3095 1201 15442290
3095 4799 15442290
4799 2905 15442290
4799 3095 15442290
1209 1992 90100211
1209 4008 90100211
1992 1209 90100211
1992 4791 90100211
4008 1209 90100211
4008 4791 90100211
4791 1992 90100211
4791 4008 90100211
1210 2893 48678539
1210 3107 48678539
2893 1210 48678539
2893 4790 48678539
3107 1210 48678539
3107 4790 48678539
4790 2893 48678539
4790 3107 48678539
1212 2000 317323920
1212 4000 317323920
2000 1212 317323920
2000 4788 317323920
4000 1212 317323920
4000 4788 317323920
4788 2000 317323920
4788 4000 317323920
1212 3000 63878597
3000 1212 63878597
3000 4788 63878597
4788 3000 63878597
1217 1622 196621733
1217 4378 196621733
1622 1217 196621733
1622 4783 196621733
4378 1217 196621733
4378 4783 196621733
4783 1622 196621733
4783 4378 196621733
1220 1635 41764834
1220 4365 41764834
1635 1220 41764834
1635 4780 41764834
4365 1220 41764834
4365 4780 41764834
4780 1635 41764834
4780 4365 41764834
1224 2000 214789133
1224 4000 214789133
2000 1224 214789133
2000 4776 214789133
4000 1224 214789133
4000 4776 214789133
4776 2000 214789133
4776 4000 214789133
1224 3000 308230127
3000 1224 308230127
3000 4776 308230127
4776 3000 308230127
1236 2000 77372938
1236 4000 77372938
2000 1236 77372938
2000 4764 77372938
4000 1236 77372938
4000 4764 77372938
4764 2000 77372938
4764 4000 77372938
1236 3000 293363138
3000 1236 293363138
3000 4764 293363138
4764 3000 293363138
1240 1991 87980681
1240 4009 87980681
1991 1240 87980681
1991 4760 87980681
4009 1240 87980681
4009 4760 87980681
4760 1991 87980681
4760 4009 87980681
1246 1997 88364215
1246 4003 88364215
1997 1246 88364215
1997 4754 88364215
4003 1246 88364215
4003 4754 88364215
4754 1997 88364215
4754 4003 88364215
1246 2894 87294357
1246 3106 87294357
2894 1246 87294357
2894 4754 87294357
3106 1246 87294357
3106 4754 87294357
4754 2894 87294357
4754 3106 87294357
1248 2000 313216069
1248 4000 313216069
2000 1248 313216069
2000 4752 313216069
4000 1248 313216069
4000 4752 313216069
4752 2000 313216069
4752 4000 313216069
1248 3000 189445610
3000 1248 189445610
3000 4752 189445610
4752 3000 189445610
1260 2000 660556571
1260 4000 660556571
2000 1260 660556571
2000 4740 660556571
4000 1260 660556571
4000 4740 660556571
4740 2000 660556571
4740 4000 660556571
1260 3000 681580290
3000 1260 681580290
3000 4740 681580290
4740 3000 681580290
1272 2000 550199709
1272 4000 550199709
2000 1272 550199709
2000 4728 550199709
4000 1272 550199709
4000 4728 550199709
4728 2000 550199709
4728 4000 550199709
1272 3000 694236912
3000 1272 694236912
3000 4728 694236912
4728 3000 694236912
1284 2000 603339354
1284 4000 603339354
2000 1284 603339354
2000 4716 603339354
4000 1284 603339354
4000 4716 603339354
4716 2000 603339354
4716 4000 603339354
1284 3000 589027480
3000 1284 589027480
3000 4716 589027480
4716 3000 589027480
1285 1696 10093
1285 4304 10093
1696 1285 10093
1696 4715 10093
4304 1285 10093
4304 4715 10093
4715 1696 10093
4715 4304 10093
1296 2000 990446276
1296 4000 990446276
2000 1296 990446276
2000 4704 990446276
4000 1296 990446276
4000 4704 990446276
4704 2000 990446276
4704 4000 990446276
1296 3000 883410011
3000 1296 883410011
3000 4704 883410011
4704 3000 883410011
1302 1715 68440633
1302 4285 68440633
1715 1302 68440633
1715 4698 68440633
4285 1302 68440633
4285 4698 68440633
4698 1715 68440633
4698 4285 68440633
1304 2031 72124578
1304 3969 72124578
2031 1304 72124578
2031 4696 72124578
3969 1304 72124578
3969 4696 72124578
4696 2031 72124578
4696 3969 72124578
1308 2000 682317079
1308 4000 682317079
2000 1308 682317079
2000 4692 682317079
4000 1308 682317079
4000 4692 682317079
4692 2000 682317079
4692 4000 682317079
1308 3000 732277429
3000 1308 732277429
3000 4692 732277429
4692 3000 732277429
1313 1725 50777883
1313 4275 50777883
1725 1313 50777883
1725 4687 50777883
4275 1313 50777883
4275 4687 50777883
4687 1725 50777883
4687 4275 50777883
1320 2000 594437328
1320 4000 594437328
2000 1320 594437328
2000 4680 594437328
4000 1320 594437328
4000 4680 594437328
4680 2000 594437328
4680 4000 594437328
1320 2030 50263140
1320 3970 50263140
2030 1320 50263140
2030 4680 50263140
3970 1320 50263140
3970 4680 50263140
4680 2030 50263140
4680 3970 50263140
1320 3000 665835210
3000 1320 665835210
3000 4680 665835210
4680 3000 665835210
1322 1768 54804990
1322 4232 54804990
1768 1322 54804990
1768 4678 54804990
4232 1322 54804990
4232 4678 54804990
4678 1768 54804990
4678 4232 54804990
1324 1742 90756256
1324 4258 90756256
1742 1324 90756256
1742 4676 90756256
4258 1324 90756256
4258 4676 90756256
4676 1742 90756256
4676 4258 90756256
1332 2000 841645177
1332 4000 841645177
2000 1332 841645177
2000 4668 841645177
4000 1332 841645177
4000 4668 841645177
4668 2000 841645177
4668 4000 841645177
1332 3000 573766864
3000 1332 573766864
3000 4668 573766864
4668 3000 573766864
1344 2000 554014863
1344 4000 554014863
2000 1344 554014863
2000 4656 554014863
4000 1344 554014863
4000 4656 554014863
4656 2000 554014863
4656 4000 554014863
1344 3000 656751510
3000 1344 656751510
3000 4656 656751510
4656 3000 656751510
1354 1773 65927476
1354 4227 65927476
1773 1354 65927476
1773 4646 65927476
4227 1354 65927476
4227 4646 65927476
4646 1773 65927476
4646 4227 65927476
1355 1766 7771610
1355 4234 7771610
1766 1355 7771610
1766 4645 7771610
4234 1355 7771610
4234 4645 7771610
4645 1766 7771610
4645 4234 7771610
1356 1750 89928630
1356 4250 89928630
1750 1356 89928630
1750 4644 89928630
4250 1356 89928630
4250 4644 89928630
4644 1750 89928630
4644 4250 89928630
1356 2000 758741275
1356 4000 758741275
2000 1356 758741275
2000 4644 758741275
4000 1356 758741275
4000 4644 758741275
4644 2000 758741275
4644 4000 758741275
1356 3000 615662907
3000 1356 615662907
3000 4644 615662907
4644 3000 615662907
1368 2000 606750788
1368 4000 606750788
2000 1368 606750788
2000 4632 606750788
4000 1368 606750788
4000 4632 606750788
4632 2000 606750788
4632 4000 606750788
1368 3000 489096687
3000 1368 489096687
3000 4632 489096687
4632 3000 489096687
1369 1989 10093
1369 4011 10093
1989 1369 10093
1989 4631 10093
4011 1369 10093
4011 4631 10093
4631 1989 10093
4631 4011 10093
1373 1779 169754167
1373 4221 169754167
1779 1373 169754167
1779 4627 169754167
4221 1373 169754167
4221 4627 169754167
4627 1779 169754167
4627 4221 169754167
1380 2000 804836006
1380 4000 804836006
2000 1380 804836006
2000 4620 804836006
4000 1380 804836006
4000 4620 804836006
4620 2000 804836006
4620 4000 804836006
1380 3000 670195386
3000 1380 670195386
3000 4620 670195386
4620 3000 670195386
1392 2000 632013567
1392 4000 632013567
2000 1392 632013567
2000 4608 632013567
4000 1392 632013567
4000 4608 632013567
4608 2000 632013567
4608 4000 632013567
1392 3000 538037644
3000 1392 538037644
3000 4608 538037644
4608 3000 538037644
1403 2078 118320239
1403 3922 118320239
2078 1403 118320239
2078 4597 118320239
3922 1403 118320239
3922 4597 118320239
4597 2078 118320239
4597 3922 118320239
1404 2000 596960578
1404 4000 596960578
2000 1404 596960578
2000 4596 596960578
4000 1404 596960578
4000 4596 596960578
4596 2000 596960578
4596 4000 596960578
1404 3000 613805795
3000 1404 613805795
3000 4596 613805795
4596 3000 613805795
1415 1989 10093
1415 4011 10093
1989 1415 10093
1989 4585 10093
4011 1415 10093
4011 4585 10093
4585 1989 10093
4585 4011 10093
1416 2000 567065112
1416 4000 567065112
2000 1416 567065112
2000 4584 567065112
4000 1416 567065112
4000 4584 567065112
4584 2000 567065112
4584 4000 567065112
1416 2089 93925458
1416 3911 93925458
2089 1416 93925458
2089 4584 93925458
3911 1416 93925458
3911 4584 93925458
4584 2089 93925458
4584 3911 93925458
1416 3000 503802188
3000 1416 503802188
3000 4584 503802188
4584 3000 503802188
1417 1910 43329249
1417 4090 43329249
1910 1417 43329249
1910 4583 43329249
4090 1417 43329249
4090 4583 43329249
4583 1910 43329249
4583 4090 43329249
1428 2000 617429182
1428 4000 617429182
2000 1428 617429182
2000 4572 617429182
4000 1428 617429182
4000 4572 617429182
4572 2000 617429182
4572 4000 617429182
1428 3000 675231793
3000 1428 675231793
3000 4572 675231793
4572 3000 675231793
1429 1935 19661164
1429 4065 19661164
1935 1429 19661164
1935 4571 19661164
4065 1429 19661164
4065 4571 19661164
4571 1935 19661164
4571 4065 19661164
1434 2099 71781416
1434 3901 71781416
2099 1434 71781416
2099 4566 71781416
3901 1434 71781416
3901 4566 71781416
4566 2099 71781416
4566 3901 71781416
1436 1908 101313534
1436 4092 101313534
1908 1436 101313534
1908 4564 101313534
4092 1436 101313534
4092 4564 101313534
4564 1908 101313534
4564 4092 101313534
1440 1903 145682362
1440 4097 145682362
1903 1440 145682362
1903 4560 145682362
4097 1440 145682362
4097 4560 145682362
4560 1903 145682362
4560 4097 145682362
1440 2000 576380951
1440 4000 576380951
2000 1440 576380951
2000 4560 576380951
4000 1440 576380951
4000 4560 576380951
4560 2000 576380951
4560 4000 576380951
1440 3000 612715751
3000 1440 612715751
3000 4560 612715751
4560 3000 612715751
1442 1895 62465577
1442 4105 62465577
1895 1442 62465577
1895 4558 62465577
4105 1442 62465577
4105 4558 62465577
4558 1895 62465577
4558 4105 62465577
1451 1893 117644008
1451 4107 117644008
1893 1451 117644008
1893 4549 117644008
4107 1451 117644008
4107 4549 117644008
4549 1893 117644008
4549 4107 117644008
1452 2000 668217158
1452 4000 668217158
2000 1452 668217158
2000 4548 668217158
4000 1452 668217158
4000 4548 668217158
4548 2000 668217158
4548 4000 668217158
1452 3000 545657859
3000 1452 545657859
3000 4548 545657859
4548 3000 545657859
1453 1904 70852860
1453 4096 70852860
1904 1453 70852860
1904 4547 70852860
4096 1453 70852860
4096 4547 70852860
4547 1904 70852860
4547 4096 70852860
1453 1910 31853508
1453 4090 31853508
1910 1453 31853508
1910 4547 31853508
4090 1453 31853508
4090 4547 31853508
4547 1910 31853508
4547 4090 31853508
1458 1919 14099921
1458 4081 14099921
1919 1458 14099921
1919 4542 14099921
4081 1458 14099921
4081 4542 14099921
4542 1919 14099921
4542 4081 14099921
1461 1885 239718843
1461 4115 239718843
1885 1461 239718843
1885 4539 239718843
4115 1461 239718843
4115 4539 239718843
4539 1885 239718843
4539 4115 239718843
1464 2000 541469264
1464 4000 541469264
2000 1464 541469264
2000 4536 541469264
4000 1464 541469264
4000 4536 541469264
4536 2000 541469264
4536 4000 541469264
1464 3000 362813071
3000 1464 362813071
3000 4536 362813071
4536 3000 362813071
1467 1956 74879967
1467 4044 74879967
1956 1467 74879967
1956 4533 74879967
4044 1467 74879967
4044 4533 74879967
4533 1956 74879967
4533 4044 74879967
1468 1886 10093
1468 4114 10093
1886 1468 10093
1886 4532 10093
4114 1468 10093
4114 4532 10093
4532 1886 10093
4532 4114 10093
1471 2122 81339487
1471 3878 81339487
2122 1471 81339487
2122 4529 81339487
3878 1471 81339487
3878 4529 81339487
4529 2122 81339487
4529 3878 81339487
1474 1877 512239936
1474 4123 512239936
1877 1474 512239936
1877 4526 512239936
4123 1474 512239936
4123 4526 512239936
4526 1877 512239936
4526 4123 512239936
1476 2000 482505958
1476 4000 482505958
2000 1476 482505958
2000 4524 482505958
4000 1476 482505958
4000 4524 482505958
4524 2000 482505958
4524 4000 482505958
1476 3000 492013564
3000 1476 492013564
3000 4524 492013564
4524 3000 492013564
1478 1983 24102084
1478 4017 24102084
1983 1478 24102084
1983 4522 24102084
4017 1478 24102084
4017 4522 24102084
4522 1983 24102084
4522 4017 24102084
1478 2879 153322763
1478 3121 153322763
2879 1478 153322763
2879 4522 153322763
3121 1478 153322763
3121 4522 153322763
4522 2879 153322763
4522 3121 153322763
1482 1875 153403507
1482 4125 153403507
1875 1482 153403507
1875 4518 153403507
4125 1482 153403507
4125 4518 153403507
4518 1875 153403507
4518 4125 153403507
1484 2879 10093
1484 3121 10093
2879 1484 10093
2879 4516 10093
3121 1484 10093
3121 4516 10093
4516 2879 10093
4516 3121 10093
1488 2000 400086520
1488 4000 400086520
2000 1488 400086520
2000 4512 400086520
4000 1488 400086520
4000 4512 400086520
4512 2000 400086520
4512 4000 400086520
1488 3000 532557145
3000 1488 532557145
3000 4512 532557145
4512 3000 532557145
1490 1870 520536382
1490 4130 520536382
1870 1490 520536382
1870 4510 520536382
4130 1490 520536382
4130 4510 520536382
4510 1870 520536382
4510 4130 520536382
1495 2870 41078510
1495 3130 41078510
2870 1495 41078510
2870 4505 41078510
3130 1495 41078510
3130 4505 41078510
4505 2870 41078510
4505 3130 41078510
1499 1863 901415923
1499 4137 901415923
1863 1499 901415923
1863 4501 901415923
4137 1499 901415923
4137 4501 901415923
4501 1863 901415923
4501 4137 901415923
1500 2000 639098853
1500 4000 639098853
2000 1500 639098853
2000 4500 639098853
4000 1500 639098853
4000 4500 639098853
4500 2000 639098853
4500 4000 639098853
1500 3000 633810121
3000 1500 633810121
3000 4500 633810121
4500 3000 633810121
1501 2922 85104176
1501 3078 85104176
2922 1501 85104176
2922 4499 85104176
3078 1501 85104176
3078 4499 85104176
4499 2922 85104176
4499 3078 85104176
1509 2860 70994162
1509 3140 70994162
2860 1509 70994162
2860 4491 70994162
3140 1509 70994162
3140 4491 70994162
4491 2860 70994162
4491 3140 70994162
1509 2924 19913489
1509 3076 19913489
2924 1509 19913489
2924 4491 19913489
3076 1509 19913489
3076 4491 19913489
4491 2924 19913489
4491 3076 19913489
1512 2000 536503508
1512 4000 536503508
2000 1512 536503508
2000 4488 536503508
4000 1512 536503508
4000 4488 536503508
4488 2000 536503508
4488 4000 536503508
1512 2855 141998417
1512 3145 141998417
2855 1512 141998417
2855 4488 141998417
3145 1512 141998417
3145 4488 141998417
4488 2855 141998417
4488 3145 141998417
1512 3000 568064319
3000 1512 568064319
3000 4488 568064319
4488 3000 568064319
1517 2915 121378418
1517 3085 121378418
2915 1517 121378418
2915 4483 121378418
3085 1517 121378418
3085 4483 121378418
4483 2915 121378418
4483 3085 121378418
1518 2849 227062221
1518 3151 227062221
2849 1518 227062221
2849 4482 227062221
3151 1518 227062221
3151 4482 227062221
4482 2849 227062221
4482 3151 227062221
1519 1854 153110810
1519 4146 153110810
1854 1519 153110810
1854 4481 153110810
4146 1519 153110810
4146 4481 153110810
4481 1854 153110810
4481 4146 153110810
1522 1849 537149460
1522 4151 537149460
1849 1522 537149460
1849 4478 537149460
4151 1522 537149460
4151 4478 537149460
4478 1849 537149460
4478 4151 537149460
1524 2000 621214057
1524 4000 621214057
2000 1524 621214057
2000 4476 621214057
4000 1524 621214057
4000 4476 621214057
4476 2000 621214057
4476 4000 621214057
1524 3000 462471353
3000 1524 462471353
3000 4476 462471353
4476 3000 462471353
1527 2850 30299186
1527 3150 30299186
2850 1527 30299186
2850 4473 30299186
3150 1527 30299186
3150 4473 30299186
4473 2850 30299186
4473 3150 30299186
1533 2909 44469758
1533 3091 44469758
2909 1533 44469758
2909 4467 44469758
3091 1533 44469758
3091 4467 44469758
4467 2909 44469758
4467 3091 44469758
1536 2000 560383546
1536 4000 560383546
2000 1536 560383546
2000 4464 560383546
4000 1536 560383546
4000 4464 560383546
4464 2000 560383546
4464 4000 560383546
1536 3000 614229701
3000 1536 614229701
3000 4464 614229701
4464 3000 614229701
1537 1841 219068565
1537 4159 219068565
1841 1537 219068565
1841 4463 219068565
4159 1537 219068565
4159 4463 219068565
4463 1841 219068565
4463 4159 219068565
1537 2099 214506529
1537 3901 214506529
2099 1537 214506529
2099 4463 214506529
3901 1537 214506529
3901 4463 214506529
4463 2099 214506529
4463 3901 214506529
1542 2840 140979024
1542 3160 140979024
2840 1542 140979024
2840 4458 140979024
3160 1542 140979024
3160 4458 140979024
4458 2840 140979024
4458 3160 140979024
1543 2901 98891214
1543 3099 98891214
2901 1543 98891214
2901 4457 98891214
3099 1543 98891214
3099 4457 98891214
4457 2901 98891214
4457 3099 98891214
1546 1837 59235817
1546 4163 59235817
1837 1546 59235817
1837 4454 59235817
4163 1546 59235817
4163 4454 59235817
4454 1837 59235817
4454 4163 59235817
1548 2000 685022003
1548 4000 685022003
2000 1548 685022003
2000 4452 685022003
4000 1548 685022003
4000 4452 685022003
4452 2000 685022003
4452 4000 685022003
1548 3000 631175848
3000 1548 631175848
3000 4452 631175848
4452 3000 631175848
1549 1830 470646683
1549 4170 470646683
1830 1549 470646683
1830 4451 470646683
4170 1549 470646683
4170 4451 470646683
4451 1830 470646683
4451 4170 470646683
1550 2832 90847093
1550 3168 90847093
2832 1550 90847093
2832 4450 90847093
3168 1550 90847093
3168 4450 90847093
4450 2832 90847093
4450 3168 90847093
1551 2114 132026533
1551 3886 132026533
2114 1551 132026533
2114 4449 132026533
3886 1551 132026533
3886 4449 132026533
4449 2114 132026533
4449 3886 132026533
1558 2825 242080605
1558 3175 242080605
2825 1558 242080605
2825 4442 242080605
3175 1558 242080605
3175 4442 242080605
4442 2825 242080605
4442 3175 242080605
1560 1827 200325864
1560 4173 200325864
1827 1560 200325864
1827 4440 200325864
4173 1560 200325864
4173 4440 200325864
4440 1827 200325864
4440 4173 200325864
1560 2000 518679270
1560 4000 518679270
2000 1560 518679270
2000 4440 518679270
4000 1560 518679270
4000 4440 518679270
4440 2000 518679270
4440 4000 518679270
1560 3000 518679270
3000 1560 518679270
3000 4440 518679270
4440 3000 518679270
1568 1823 106158174
1568 4177 106158174
1823 1568 106158174
1823 4432 106158174
4177 1568 106158174
4177 4432 106158174
4432 1823 106158174
4432 4177 106158174
1569 2130 25101291
1569 3870 25101291
2130 1569 25101291
2130 4431 25101291
3870 1569 25101291
3870 4431 25101291
4431 2130 25101291
4431 3870 25101291
1569 2820 229292774
1569 3180 229292774
2820 1569 229292774
2820 4431 229292774
3180 1569 229292774
3180 4431 229292774
4431 2820 229292774
4431 3180 229292774
1571 1816 97649775
1571 4184 97649775
1816 1571 97649775
1816 4429 97649775
4184 1571 97649775
4184 4429 97649775
4429 1816 97649775
4429 4184 97649775
1572 2000 662968798
1572 4000 662968798
2000 1572 662968798
2000 4428 662968798
4000 1572 662968798
4000 4428 662968798
4428 2000 662968798
4428 4000 662968798
1572 2869 98941679
1572 3131 98941679
2869 1572 98941679
2869 4428 98941679
3131 1572 98941679
3131 4428 98941679
4428 2869 98941679
4428 3131 98941679
1572 3000 683225449
3000 1572 683225449
3000 4428 683225449
4428 3000 683225449
1574 1811 435734996
1574 4189 435734996
1811 1574 435734996
1811 4426 435734996
4189 1574 435734996
4189 4426 435734996
4426 1811 435734996
4426 4189 435734996
1575 2889 102978879
1575 3111 102978879
2889 1575 102978879
2889 4425 102978879
3111 1575 102978879
3111 4425 102978879
4425 2889 102978879
4425 3111 102978879
1578 2813 113495785
1578 3187 113495785
2813 1578 113495785
2813 4422 113495785
3187 1578 113495785
3187 4422 113495785
4422 2813 113495785
4422 3187 113495785
1580 2244 202697719
1580 3756 202697719
2244 1580 202697719
2244 4420 202697719
3756 1580 202697719
3756 4420 202697719
4420 2244 202697719
4420 3756 202697719
1581 1809 253788485
1581 4191 253788485
1809 1581 253788485
1809 4419 253788485
4191 1581 253788485
4191 4419 253788485
4419 1809 253788485
4419 4191 253788485
1584 2000 463712792
1584 4000 463712792
2000 1584 463712792
2000 4416 463712792
4000 1584 463712792
4000 4416 463712792
4416 2000 463712792
4416 4000 463712792
1584 3000 673818773
3000 1584 673818773
3000 4416 673818773
4416 3000 673818773
1587 1808 48062866
1587 4192 48062866
1808 1587 48062866
1808 4413 48062866
4192 1587 48062866
4192 4413 48062866
4413 1808 48062866
4413 4192 48062866
1587 2809 100576745
1587 3191 100576745
2809 1587 100576745
2809 4413 100576745
3191 1587 100576745
3191 4413 100576745
4413 2809 100576745
4413 3191 100576745
1591 2108 41078510
1591 3892 41078510
2108 1591 41078510
2108 4409 41078510
3892 1591 41078510
3892 4409 41078510
4409 2108 41078510
4409 3892 41078510
1592 2637 10991277
1592 3363 10991277
2637 1592 10991277
2637 4408 10991277
3363 1592 10991277
3363 4408 10991277
4408 2637 10991277
4408 3363 10991277
1592 2805 92583089
1592 3195 92583089
2805 1592 92583089
2805 4408 92583089
3195 1592 92583089
3195 4408 92583089
4408 2805 92583089
4408 3195 92583089
1596 2000 599574665
1596 4000 599574665
2000 1596 599574665
2000 4404 599574665
4000 1596 599574665
4000 4404 599574665
4404 2000 599574665
4404 4000 599574665
1596 3000 617610856
3000 1596 617610856
3000 4404 617610856
4404 3000 617610856
1600 1800 126192779
1600 4200 126192779
1800 1600 126192779
1800 4400 126192779
4200 1600 126192779
4200 4400 126192779
4400 1800 126192779
4400 4200 126192779
1603 1788 706257675
1603 4212 706257675
1788 1603 706257675
1788 4397 706257675
4212 1603 706257675
4212 4397 706257675
4397 1788 706257675
4397 4212 706257675
1603 2215 779219972
1603 3785 779219972
2215 1603 779219972
2215 4397 779219972
3785 1603 779219972
3785 4397 779219972
4397 2215 779219972
4397 3785 779219972
1603 2785 241808094
1603 3215 241808094
2785 1603 241808094
2785 4397 241808094
3215 1603 241808094
3215 4397 241808094
4397 2785 241808094
4397 3215 241808094
1604 1797 147731241
1604 4203 147731241
1797 1604 147731241
1797 4396 147731241
4203 1604 147731241
4203 4396 147731241
4396 1797 147731241
4396 4203 147731241
1607 2235 204363064
1607 3765 204363064
2235 1607 204363064
2235 4393 204363064
3765 1607 204363064
3765 4393 204363064
4393 2235 204363064
4393 3765 204363064
1607 2791 10093
1607 3209 10093
2791 1607 10093
2791 4393 10093
3209 1607 10093
3209 4393 10093
4393 2791 10093
4393 3209 10093
1608 2000 625271443
1608 4000 625271443
2000 1608 625271443
2000 4392 625271443
4000 1608 625271443
4000 4392 625271443
4392 2000 625271443
4392 4000 625271443
1608 3000 575260628
3000 1608 575260628
3000 4392 575260628
4392 3000 575260628
1609 2780 1246223082
1609 3220 1246223082
2780 1609 1246223082
2780 4391 1246223082
3220 1609 1246223082
3220 4391 1246223082
4391 2780 1246223082
4391 3220 1246223082
1610 2123 115928198
1610 3877 115928198
2123 1610 115928198
2123 4390 115928198
3877 1610 115928198
3877 4390 115928198
4390 2123 115928198
4390 3877 115928198
1610 2655 76605870
1610 3345 76605870
2655 1610 76605870
2655 4390 76605870
3345 1610 76605870
3345 4390 76605870
4390 2655 76605870
4390 3345 76605870
1610 2718 385936134
1610 3282 385936134
2718 1610 385936134
2718 4390 385936134
3282 1610 385936134
3282 4390 385936134
4390 2718 385936134
4390 3282 385936134
1614 2332 96973544
1614 3668 96973544
2332 1614 96973544
2332 4386 96973544
3668 1614 96973544
3668 4386 96973544
4386 2332 96973544
4386 3668 96973544
1620 1780 888284930
1620 4220 888284930
1780 1620 888284930
1780 4380 888284930
4220 1620 888284930
4220 4380 888284930
4380 1780 888284930
4380 4220 888284930
1620 2000 298884009
1620 4000 298884009
2000 1620 298884009
2000 4380 298884009
4000 1620 298884009
4000 4380 298884009
4380 2000 298884009
4380 4000 298884009
1620 2131 23678178
1620 3869 23678178
2131 1620 23678178
2131 4380 23678178
3869 1620 23678178
3869 4380 23678178
4380 2131 23678178
4380 3869 23678178
1620 2235 488279154
1620 3765 488279154
2235 1620 488279154
2235 4380 488279154
3765 1620 488279154
3765 4380 488279154
4380 2235 488279154
4380 3765 488279154
1620 3000 645073909
3000 1620 645073909
3000 4380 645073909
4380 3000 645073909
1622 2781 25343523
1622 3219 25343523
2781 1622 25343523
2781 4378 25343523
3219 1622 25343523
3219 4378 25343523
4378 2781 25343523
4378 3219 25343523
1627 1779 93713505
1627 4221 93713505
1779 1627 93713505
1779 4373 93713505
4221 1627 93713505
4221 4373 93713505
4373 1779 93713505
4373 4221 93713505
1630 2147 20064884
1630 3853 20064884
2147 1630 20064884
2147 4370 20064884
3853 1630 20064884
3853 4370 20064884
4370 2147 20064884
4370 3853 20064884
1630 2959 171540628
1630 3041 171540628
2959 1630 171540628
2959 4370 171540628
3041 1630 171540628
3041 4370 171540628
4370 2959 171540628
4370 3041 171540628
1632 1775 10093
1632 4225 10093
1775 1632 10093
1775 4368 10093
4225 1632 10093
4225 4368 10093
4368 1775 10093
4368 4225 10093
1632 2000 629510503
1632 4000 629510503
2000 1632 629510503
2000 4368 629510503
4000 1632 629510503
4000 4368 629510503
4368 2000 629510503
4368 4000 629510503
1632 3000 652118823
3000 1632 652118823
3000 4368 652118823
4368 3000 652118823
1633 1720 914123010
1633 4280 914123010
1720 1633 914123010
1720 4367 914123010
4280 1633 914123010
4280 4367 914123010
4367 1720 914123010
4367 4280 914123010
1636 2134 178292845
1636 3866 178292845
2134 1636 178292845
2134 4364 178292845
3866 1636 178292845
3866 4364 178292845
4364 2134 178292845
4364 3866 178292845
1643 1766 177283545
1643 4234 177283545
1766 1643 177283545
1766 4357 177283545
4234 1643 177283545
4234 4357 177283545
4357 1766 177283545
4357 4234 177283545
1644 2000 547938877
1644 4000 547938877
2000 1644 547938877
2000 4356 547938877
4000 1644 547938877
4000 4356 547938877
4356 2000 547938877
4356 4000 547938877
1644 3000 567650506
3000 1644 567650506
3000 4356 567650506
4356 3000 567650506
1648 2294 123740180
1648 3706 123740180
2294 1648 123740180
2294 4352 123740180
3706 1648 123740180
3706 4352 123740180
4352 2294 123740180
4352 3706 123740180
1648 2706 561382753
1648 3294 561382753
2706 1648 561382753
2706 4352 561382753
3294 1648 561382753
3294 4352 561382753
4352 2706 561382753
4352 3294 561382753
1650 1650 783095684
1650 4350 783095684
4350 1650 783095684
4350 4350 783095684
1650 2316 41270277
1650 3684 41270277
2316 1650 41270277
2316 4350 41270277
3684 1650 41270277
3684 4350 41270277
4350 2316 41270277
4350 3684 41270277
1650 2671 63727202
1650 3329 63727202
2671 1650 63727202
2671 4350 63727202
3329 1650 63727202
3329 4350 63727202
4350 2671 63727202
4350 3329 63727202
1650 2682 585101303
1650 3318 585101303
2682 1650 585101303
2682 4350 585101303
3318 1650 585101303
3318 4350 585101303
4350 2682 585101303
4350 3318 585101303
1650 2740 279354054
1650 3260 279354054
2740 1650 279354054
2740 4350 279354054
3260 1650 279354054
3260 4350 279354054
4350 2740 279354054
4350 3260 279354054
1651 2242 156905778
1651 3758 156905778
2242 1651 156905778
2242 4349 156905778
3758 1651 156905778
3758 4349 156905778
4349 2242 156905778
4349 3758 156905778
1656 2000 437753596
1656 4000 437753596
2000 1656 437753596
2000 4344 437753596
4000 1656 437753596
4000 4344 437753596
4344 2000 437753596
4344 4000 437753596
1656 3000 534373885
3000 1656 534373885
3000 4344 534373885
4344 3000 534373885
1659 2949 79320887
1659 3051 79320887
2949 1659 79320887
2949 4341 79320887
3051 1659 79320887
3051 4341 79320887
4341 2949 79320887
4341 3051 79320887
1660 1736 930937948
1660 4264 930937948
1736 1660 930937948
1736 4340 930937948
4264 1660 930937948
4264 4340 930937948
4340 1736 930937948
4340 4264 930937948
1661 2310 137204242
1661 3690 137204242
2310 1661 137204242
2310 4339 137204242
3690 1661 137204242
3690 4339 137204242
4339 2310 137204242
4339 3690 137204242
1663 2273 10093
1663 3727 10093
2273 1663 10093
2273 4337 10093
3727 1663 10093
3727 4337 10093
4337 2273 10093
4337 3727 10093
1668 1742 132561462
1668 4258 132561462
1742 1668 132561462
1742 4332 132561462
4258 1668 132561462
4258 4332 132561462
4332 1742 132561462
4332 4258 132561462
1668 2000 634708398
1668 4000 634708398
2000 1668 634708398
2000 4332 634708398
4000 1668 634708398
4000 4332 634708398
4332 2000 634708398
4332 4000 634708398
1668 3000 724374610
3000 1668 724374610
3000 4332 724374610
4332 3000 724374610
1670 2610 160064887
1670 3390 160064887
2610 1670 160064887
2610 4330 160064887
3390 1670 160064887
3390 4330 160064887
4330 2610 160064887
4330 3390 160064887
1672 2343 11516113
1672 3657 11516113
2343 1672 11516113
2343 4328 11516113
3657 1672 11516113
3657 4328 11516113
4328 2343 11516113
4328 3657 11516113
1672 2657 396735644
1672 3343 396735644
2657 1672 396735644
2657 4328 396735644
3343 1672 396735644
3343 4328 396735644
4328 2657 396735644
4328 3343 396735644
1672 2738 392738816
1672 3262 392738816
2738 1672 392738816
2738 4328 392738816
3262 1672 392738816
3262 4328 392738816
4328 2738 392738816
4328 3262 392738816
1679 2161 63050971
1679 3839 63050971
2161 1679 63050971
2161 4321 63050971
3839 1679 63050971
3839 4321 63050971
4321 2161 63050971
4321 3839 63050971
1680 2000 615824395
1680 4000 615824395
2000 1680 615824395
2000 4320 615824395
4000 1680 615824395
4000 4320 615824395
4320 2000 615824395
4320 4000 615824395
1680 3000 624857630
3000 1680 624857630
3000 4320 624857630
4320 3000 624857630
1689 2302 250548632
1689 3698 250548632
2302 1689 250548632
2302 4311 250548632
3698 1689 250548632
3698 4311 250548632
4311 2302 250548632
4311 3698 250548632
1692 2000 522201727
1692 4000 522201727
2000 1692 522201727
2000 4308 522201727
4000 1692 522201727
4000 4308 522201727
4308 2000 522201727
4308 4000 522201727
1692 2316 77140799
1692 3684 77140799
2316 1692 77140799
2316 4308 77140799
3684 1692 77140799
3684 4308 77140799
4308 2316 77140799
4308 3684 77140799
1692 3000 638452901
3000 1692 638452901
3000 4308 638452901
4308 3000 638452901
1697 1715 339901961
1697 4285 339901961
1715 1697 339901961
1715 4303 339901961
4285 1697 339901961
4285 4303 339901961
4303 1715 339901961
4303 4285 339901961
1698 2714 185539619
1698 3286 185539619
2714 1698 185539619
2714 4302 185539619
3286 1698 185539619
3286 4302 185539619
4302 2714 185539619
4302 3286 185539619
1699 2316 169088029
1699 3684 169088029
2316 1699 169088029
2316 4301 169088029
3684 1699 169088029
3684 4301 169088029
4301 2316 169088029
4301 3684 169088029
1700 2300 138475960
1700 3700 138475960
2300 1700 138475960
2300 4300 138475960
3700 1700 138475960
3700 4300 138475960
4300 2300 138475960
4300 3700 138475960
1700 2852 57408984
1700 3148 57408984
2852 1700 57408984
2852 4300 57408984
3148 1700 57408984
3148 4300 57408984
4300 2852 57408984
4300 3148 57408984
1704 2000 688806878
1704 4000 688806878
2000 1704 688806878
2000 4296 688806878
4000 1704 688806878
4000 4296 688806878
4296 2000 688806878
4296 4000 688806878
1704 3000 423613303
3000 1704 423613303
3000 4296 423613303
4296 3000 423613303
1710 2320 163405670
1710 3680 163405670
2320 1710 163405670
2320 4290 163405670
3680 1710 163405670
3680 4290 163405670
4290 2320 163405670
4290 3680 163405670
1710 2654 418839314
1710 3346 418839314
2654 1710 418839314
2654 4290 418839314
3346 1710 418839314
3346 4290 418839314
4290 2654 418839314
4290 3346 418839314
1716 2000 410896123
1716 4000 410896123
2000 1716 410896123
2000 4284 410896123
4000 1716 410896123
4000 4284 410896123
4284 2000 410896123
4284 4000 410896123
1716 2600 17420518
1716 3400 17420518
2600 1716 17420518
2600 4284 17420518
3400 1716 17420518
3400 4284 17420518
4284 2600 17420518
4284 3400 17420518
1716 3000 532274541
3000 1716 532274541
3000 4284 532274541
4284 3000 532274541
1721 2338 121499534
1721 3662 121499534
2338 1721 121499534
2338 4279 121499534
3662 1721 121499534
3662 4279 121499534
4279 2338 121499534
4279 3662 121499534
1728 2000 567902831
1728 4000 567902831
2000 1728 567902831
2000 4272 567902831
4000 1728 567902831
4000 4272 567902831
4272 2000 567902831
4272 4000 567902831
1728 2683 280666144
1728 3317 280666144
2683 1728 280666144
2683 4272 280666144
3317 1728 280666144
3317 4272 280666144
4272 2683 280666144
4272 3317 280666144
1728 3000 528540131
3000 1728 528540131
3000 4272 528540131
4272 3000 528540131
1729 2330 180644514
1729 3670 180644514
2330 1729 180644514
2330 4271 180644514
3670 1729 180644514
3670 4271 180644514
4271 2330 180644514
4271 3670 180644514
1730 2348 23385481
1730 3652 23385481
2348 1730 23385481
2348 4270 23385481
3652 1730 23385481
3652 4270 23385481
4270 2348 23385481
4270 3652 23385481
1730 2679 68117657
1730 3321 68117657
2679 1730 68117657
2679 4270 68117657
3321 1730 68117657
3321 4270 68117657
4270 2679 68117657
4270 3321 68117657
1730 2846 31752578
1730 3154 31752578
2846 1730 31752578
2846 4270 31752578
3154 1730 31752578
3154 4270 31752578
4270 2846 31752578
4270 3154 31752578
1740 2000 490075708
1740 4000 490075708
2000 1740 490075708
2000 4260 490075708
4000 1740 490075708
4000 4260 490075708
4260 2000 490075708
4260 4000 490075708
1740 2346 586231719
1740 3654 586231719
2346 1740 586231719
2346 4260 586231719
3654 1740 586231719
3654 4260 586231719
4260 2346 586231719
4260 3654 586231719
1740 2608 47770169
1740 3392 47770169
2608 1740 47770169
2608 4260 47770169
3392 1740 47770169
3392 4260 47770169
4260 2608 47770169
4260 3392 47770169
1740 3000 387409712
3000 1740 387409712
3000 4260 387409712
4260 3000 387409712
1746 2843 63868504
1746 3157 63868504
2843 1746 63868504
2843 4254 63868504
3157 1746 63868504
3157 4254 63868504
4254 2843 63868504
4254 3157 63868504
1748 2619 10093
1748 3381 10093
2619 1748 10093
2619 4252 10093
3381 1748 10093
3381 4252 10093
4252 2619 10093
4252 3381 10093
1748 2663 57610844
1748 3337 57610844
2663 1748 57610844
2663 4252 57610844
3337 1748 57610844
3337 4252 57610844
4252 2663 57610844
4252 3337 57610844
1750 2646 421624982
1750 3354 421624982
2646 1750 421624982
2646 4250 421624982
3354 1750 421624982
3354 4250 421624982
4250 2646 421624982
4250 3354 421624982
1750 2838 42723669
1750 3162 42723669
2838 1750 42723669
2838 4250 42723669
3162 1750 42723669
3162 4250 42723669
4250 2838 42723669
4250 3162 42723669
1752 2000 577864622
1752 4000 577864622
2000 1752 577864622
2000 4248 577864622
4000 1752 577864622
4000 4248 577864622
4248 2000 577864622
4248 4000 577864622
1752 3000 511059055
3000 1752 511059055
3000 4248 511059055
4248 3000 511059055
1758 2626 226234595
1758 3374 226234595
2626 1758 226234595
2626 4242 226234595
3374 1758 226234595
3374 4242 226234595
4242 2626 226234595
4242 3374 226234595
1760 2417 598252482
1760 3583 598252482
2417 1760 598252482
2417 4240 598252482
3583 1760 598252482
3583 4240 598252482
4240 2417 598252482
4240 3583 598252482
1760 2626 202304092
1760 3374 202304092
2626 1760 202304092
2626 4240 202304092
3374 1760 202304092
3374 4240 202304092
4240 2626 202304092
4240 3374 202304092
1762 2384 718833553
1762 3616 718833553
2384 1762 718833553
2384 4238 718833553
3616 1762 718833553
3616 4238 718833553
4238 2384 718833553
4238 3616 718833553
1764 2000 733195892
1764 4000 733195892
2000 1764 733195892
2000 4236 733195892
4000 1764 733195892
4000 4236 733195892
4236 2000 733195892
4236 4000 733195892
1764 2645 61557207
1764 3355 61557207
2645 1764 61557207
2645 4236 61557207
3355 1764 61557207
3355 4236 61557207
4236 2645 61557207
4236 3355 61557207
1764 3000 594063887
3000 1764 594063887
3000 4236 594063887
4236 3000 594063887
1776 2000 501632193
1776 4000 501632193
2000 1776 501632193
2000 4224 501632193
4000 1776 501632193
4000 4224 501632193
4224 2000 501632193
4224 4000 501632193
1776 3000 478710990
3000 1776 478710990
3000 4224 478710990
4224 3000 478710990
1780 2430 12908947
1780 3570 12908947
2430 1780 12908947
2430 4220 12908947
3570 1780 12908947
3570 4220 12908947
4220 2430 12908947
4220 3570 12908947
1780 2570 540237918
1780 3430 540237918
2570 1780 540237918
2570 4220 540237918
3430 1780 540237918
3430 4220 540237918
4220 2570 540237918
4220 3430 540237918
1780 2587 133752436
1780 3413 133752436
2587 1780 133752436
2587 4220 133752436
3413 1780 133752436
3413 4220 133752436
4220 2587 133752436
4220 3413 133752436
1788 2000 515358673
1788 4000 515358673
2000 1788 515358673
2000 4212 515358673
4000 1788 515358673
4000 4212 515358673
4212 2000 515358673
4212 4000 515358673
1788 3000 527944644
3000 1788 527944644
3000 4212 527944644
4212 3000 527944644
1790 2615 161286140
1790 3385 161286140
2615 1790 161286140
2615 4210 161286140
3385 1790 161286140
3385 4210 161286140
4210 2615 161286140
4210 3385 161286140
1797 2595 98497587
1797 3405 98497587
2595 1797 98497587
2595 4203 98497587
3405 1797 98497587
3405 4203 98497587
4203 2595 98497587
4203 3405 98497587
1799 2601 251436816
1799 3399 251436816
2601 1799 251436816
2601 4201 251436816
3399 1799 251436816
3399 4201 251436816
4201 2601 251436816
4201 3399 251436816
1800 2000 541893170
1800 4000 541893170
2000 1800 541893170
2000 4200 541893170
4000 1800 541893170
4000 4200 541893170
4200 2000 541893170
4200 4000 541893170
1800 3000 606770974
3000 1800 606770974
3000 4200 606770974
4200 3000 606770974
1805 2420 456102670
1805 3580 456102670
2420 1805 456102670
2420 4195 456102670
3580 1805 456102670
3580 4195 456102670
4195 2420 456102670
4195 3580 456102670
1805 2580 347986454
1805 3420 347986454
2580 1805 347986454
2580 4195 347986454
3420 1805 347986454
3420 4195 347986454
4195 2580 347986454
4195 3420 347986454
1812 2000 653592401
1812 4000 653592401
2000 1812 653592401
2000 4188 653592401
4000 1812 653592401
4000 4188 653592401
4188 2000 653592401
4188 4000 653592401
1812 2430 61678323
1812 3570 61678323
2430 1812 61678323
2430 4188 61678323
3570 1812 61678323
3570 4188 61678323
4188 2430 61678323
4188 3570 61678323
1812 3000 288205615
3000 1812 288205615
3000 4188 288205615
4188 3000 288205615
1818 2575 8235888
1818 3425 8235888
2575 1818 8235888
2575 4182 8235888
3425 1818 8235888
3425 4182 8235888
4182 2575 8235888
4182 3425 8235888
1820 2571 94611782
1820 3429 94611782
2571 1820 94611782
2571 4180 94611782
3429 1820 94611782
3429 4180 94611782
4180 2571 94611782
4180 3429 94611782
1824 2000 214102809
1824 4000 214102809
2000 1824 214102809
2000 4176 214102809
4000 1824 214102809
4000 4176 214102809
4176 2000 214102809
4176 4000 214102809
1824 3000 561816752
3000 1824 561816752
3000 4176 561816752
4176 3000 561816752
1825 2566 10093
1825 3434 10093
2566 1825 10093
2566 4175 10093
3434 1825 10093
3434 4175 10093
4175 2566 10093
4175 3434 10093
1826 2540 444384697
1826 3460 444384697
2540 1826 444384697
2540 4174 444384697
3460 1826 444384697
3460 4174 444384697
4174 2540 444384697
4174 3460 444384697
1830 2490 1671441172
1830 3510 1671441172
2490 1830 1671441172
2490 4170 1671441172
3510 1830 1671441172
3510 4170 1671441172
4170 2490 1671441172
4170 3510 1671441172
1830 2510 860872342
1830 3490 860872342
2510 1830 860872342
2510 4170 860872342
3490 1830 860872342
3490 4170 860872342
4170 2510 860872342
4170 3490 860872342
1833 2550 384634137
1833 3450 384634137
2550 1833 384634137
2550 4167 384634137
3450 1833 384634137
3450 4167 384634137
4167 2550 384634137
4167 3450 384634137
1836 2000 454497883
1836 4000 454497883
2000 1836 454497883
2000 4164 454497883
4000 1836 454497883
4000 4164 454497883
4164 2000 454497883
4164 4000 454497883
1836 3000 388873197
3000 1836 388873197
3000 4164 388873197
4164 3000 388873197
1842 2148 126909382
1842 3852 126909382
2148 1842 126909382
2148 4158 126909382
3852 1842 126909382
3852 4158 126909382
4158 2148 126909382
4158 3852 126909382
1848 2000 354506532
1848 4000 354506532
2000 1848 354506532
2000 4152 354506532
4000 1848 354506532
4000 4152 354506532
4152 2000 354506532
4152 4000 354506532
1848 3000 430486636
3000 1848 430486636
3000 4152 430486636
4152 3000 430486636
1854 2500 1085209453
1854 3500 1085209453
2500 1854 1085209453
2500 4146 1085209453
3500 1854 1085209453
3500 4146 1085209453
4146 2500 1085209453
4146 3500 1085209453
1860 2000 453569327
1860 4000 453569327
2000 1860 453569327
2000 4140 453569327
4000 1860 453569327
4000 4140 453569327
4140 2000 453569327
4140 4000 453569327
1860 3000 326266318
3000 1860 326266318
3000 4140 326266318
4140 3000 326266318
1861 2497 140121119
1861 3503 140121119
2497 1861 140121119
2497 4139 140121119
3503 1861 140121119
3503 4139 140121119
4139 2497 140121119
4139 3503 140121119
1861 2503 218301497
1861 3497 218301497
2503 1861 218301497
2503 4139 218301497
3497 1861 218301497
3497 4139 218301497
4139 2503 218301497
4139 3497 218301497
1864 2503 105502129
1864 3497 105502129
2503 1864 105502129
2503 4136 105502129
3497 1864 105502129
3497 4136 105502129
4136 2503 105502129
4136 3497 105502129
1870 2491 168492542
1870 3509 168492542
2491 1870 168492542
2491 4130 168492542
3509 1870 168492542
3509 4130 168492542
4130 2491 168492542
4130 3509 168492542
1872 2000 528883293
1872 4000 528883293
2000 1872 528883293
2000 4128 528883293
4000 1872 528883293
4000 4128 528883293
4128 2000 528883293
4128 4000 528883293
1872 3000 429961800
3000 1872 429961800
3000 4128 429961800
4128 3000 429961800
1880 1921 1665345
1880 4079 1665345
1921 1880 1665345
1921 4120 1665345
4079 1880 1665345
4079 4120 1665345
4120 1921 1665345
4120 4079 1665345
1882 2471 10093
1882 3529 10093
2471 1882 10093
2471 4118 10093
3529 1882 10093
3529 4118 10093
4118 2471 10093
4118 3529 10093
1882 2786 187800451
1882 3214 187800451
2786 1882 187800451
2786 4118 187800451
3214 1882 187800451
3214 4118 187800451
4118 2786 187800451
4118 3214 187800451
1883 2532 139495353
1883 3468 139495353
2532 1883 139495353
2532 4117 139495353
3468 1883 139495353
3468 4117 139495353
4117 2532 139495353
4117 3468 139495353
1884 2000 290476540
1884 4000 290476540
2000 1884 290476540
2000 4116 290476540
4000 1884 290476540
4000 4116 290476540
4116 2000 290476540
4116 4000 290476540
1884 3000 372562909
3000 1884 372562909
3000 4116 372562909
4116 3000 372562909
1885 2493 86315336
1885 3507 86315336
2493 1885 86315336
2493 4115 86315336
3507 1885 86315336
3507 4115 86315336
4115 2493 86315336
4115 3507 86315336
1887 2788 10093
1887 3212 10093
2788 1887 10093
2788 4113 10093
3212 1887 10093
3212 4113 10093
4113 2788 10093
4113 3212 10093
1891 2450 293080534
1891 3550 293080534
2450 1891 293080534
2450 4109 293080534
3550 1891 293080534
3550 4109 293080534
4109 2450 293080534
4109 3550 293080534
1891 2490 122660229
1891 3510 122660229
2490 1891 122660229
2490 4109 122660229
3510 1891 122660229
3510 4109 122660229
4109 2490 122660229
4109 3510 122660229
1891 2785 77332566
1891 3215 77332566
2785 1891 77332566
2785 4109 77332566
3215 1891 77332566
3215 4109 77332566
4109 2785 77332566
4109 3215 77332566
1893 2761 52473507
1893 3239 52473507
2761 1893 52473507
2761 4107 52473507
3239 1893 52473507
3239 4107 52473507
4107 2761 52473507
4107 3239 52473507
1896 2000 336096900
1896 4000 336096900
2000 1896 336096900
2000 4104 336096900
4000 1896 336096900
4000 4104 336096900
4104 2000 336096900
4104 4000 336096900
1896 2444 108156588
1896 3556 108156588
2444 1896 108156588
2444 4104 108156588
3556 1896 108156588
3556 4104 108156588
4104 2444 108156588
4104 3556 108156588
1896 3000 377135038
3000 1896 377135038
3000 4104 377135038
4104 3000 377135038
1906 2780 59871676
1906 3220 59871676
2780 1906 59871676
2780 4094 59871676
3220 1906 59871676
3220 4094 59871676
4094 2780 59871676
4094 3220 59871676
1908 2000 453528955
1908 4000 453528955
2000 1908 453528955
2000 4092 453528955
4000 1908 453528955
4000 4092 453528955
4092 2000 453528955
4092 4000 453528955
1908 3000 401348145
3000 1908 401348145
3000 4092 401348145
4092 3000 401348145
1914 2507 233986019
1914 3493 233986019
2507 1914 233986019
2507 4086 233986019
3493 1914 233986019
3493 4086 233986019
4086 2507 233986019
4086 3493 233986019
1917 2776 73588063
1917 3224 73588063
2776 1917 73588063
2776 4083 73588063
3224 1917 73588063
3224 4083 73588063
4083 2776 73588063
4083 3224 73588063
1918 1918 149911329
1918 4082 149911329
4082 1918 149911329
4082 4082 149911329
1919 2768 135044340
1919 3232 135044340
2768 1919 135044340
2768 4081 135044340
3232 1919 135044340
3232 4081 135044340
4081 2768 135044340
4081 3232 135044340
1919 2780 10093
1919 3220 10093
2780 1919 10093
2780 4081 10093
3220 1919 10093
3220 4081 10093
4081 2780 10093
4081 3220 10093
1920 2000 410835565
1920 4000 410835565
2000 1920 410835565
2000 4080 410835565
4000 1920 410835565
4000 4080 410835565
4080 2000 410835565
4080 4000 410835565
1920 3000 387399619
3000 1920 387399619
3000 4080 387399619
4080 3000 387399619
1926 2460 81238557
1926 3540 81238557
2460 1926 81238557
2460 4074 81238557
3540 1926 81238557
3540 4074 81238557
4074 2460 81238557
4074 3540 81238557
1932 2000 465771764
1932 4000 465771764
2000 1932 465771764
2000 4068 465771764
4000 1932 465771764
4000 4068 465771764
4068 2000 465771764
4068 4000 465771764
1932 3000 469334593
3000 1932 469334593
3000 4068 469334593
4068 3000 469334593
1933 2768 96983637
1933 3232 96983637
2768 1933 96983637
2768 4067 96983637
3232 1933 96983637
3232 4067 96983637
4067 2768 96983637
4067 3232 96983637
1940 2500 96590010
1940 3500 96590010
2500 1940 96590010
2500 4060 96590010
3500 1940 96590010
3500 4060 96590010
4060 2500 96590010
4060 3500 96590010
1941 2763 35577825
1941 3237 35577825
2763 1941 35577825
2763 4059 35577825
3237 1941 35577825
3237 4059 35577825
4059 2763 35577825
4059 3237 35577825
1944 2000 492094308
1944 4000 492094308
2000 1944 492094308
2000 4056 492094308
4000 1944 492094308
4000 4056 492094308
4056 2000 492094308
4056 4000 492094308
1944 2454 95732105
1944 3546 95732105
2454 1944 95732105
2454 4056 95732105
3546 1944 95732105
3546 4056 95732105
4056 2454 95732105
4056 3546 95732105
1944 2491 10093
1944 3509 10093
2491 1944 10093
2491 4056 10093
3509 1944 10093
3509 4056 10093
4056 2491 10093
4056 3509 10093
1944 3000 389034685
3000 1944 389034685
3000 4056 389034685
4056 3000 389034685
1951 2700 183238415
1951 3300 183238415
2700 1951 183238415
2700 4049 183238415
3300 1951 183238415
3300 4049 183238415
4049 2700 183238415
4049 3300 183238415
1956 2000 449299988
1956 4000 449299988
2000 1956 449299988
2000 4044 449299988
4000 1956 449299988
4000 4044 449299988
4044 2000 449299988
4044 4000 449299988
1956 3000 416073832
3000 1956 416073832
3000 4044 416073832
4044 3000 416073832
1958 2980 6651287
1958 3020 6651287
2980 1958 6651287
2980 4042 6651287
3020 1958 6651287
3020 4042 6651287
4042 2980 6651287
4042 3020 6651287
1961 2398 23718550
1961 3602 23718550
2398 1961 23718550
2398 4039 23718550
3602 1961 23718550
3602 4039 23718550
4039 2398 23718550
4039 3602 23718550
1961 2701 203040881
1961 3299 203040881
2701 1961 203040881
2701 4039 203040881
3299 1961 203040881
3299 4039 203040881
4039 2701 203040881
4039 3299 203040881
1965 1978 125244037
1965 4022 125244037
1978 1965 125244037
1978 4035 125244037
4022 1965 125244037
4022 4035 125244037
4035 1978 125244037
4035 4022 125244037
1968 2000 505941904
1968 4000 505941904
2000 1968 505941904
2000 4032 505941904
4000 1968 505941904
4000 4032 505941904
4032 2000 505941904
4032 4000 505941904
1968 2748 223903112
1968 3252 223903112
2748 1968 223903112
2748 4032 223903112
3252 1968 223903112
3252 4032 223903112
4032 2748 223903112
4032 3252 223903112
1968 3000 599958199
3000 1968 599958199
3000 4032 599958199
4032 3000 599958199
1969 2525 122751066
1969 3475 122751066
2525 1969 122751066
2525 4031 122751066
3475 1969 122751066
3475 4031 122751066
4031 2525 122751066
4031 3475 122751066
1970 2435 70842767
1970 3565 70842767
2435 1970 70842767
2435 4030 70842767
3565 1970 70842767
3565 4030 70842767
4030 2435 70842767
4030 3565 70842767
1970 2746 60780046
1970 3254 60780046
2746 1970 60780046
2746 4030 60780046
3254 1970 60780046
3254 4030 60780046
4030 2746 60780046
4030 3254 60780046
1971 2741 97538752
1971 3259 97538752
2741 1971 97538752
2741 4029 97538752
3259 1971 97538752
3259 4029 97538752
4029 2741 97538752
4029 3259 97538752
1974 2959 60083629
1974 3041 60083629
2959 1974 60083629
2959 4026 60083629
3041 1974 60083629
3041 4026 60083629
4026 2959 60083629
4026 3041 60083629
1975 2741 168512728
1975 3259 168512728
2741 1975 168512728
2741 4025 168512728
3259 1975 168512728
3259 4025 168512728
4025 2741 168512728
4025 3259 168512728
1976 2979 82278136
1976 3021 82278136
2979 1976 82278136
2979 4024 82278136
3021 1976 82278136
3021 4024 82278136
4024 2979 82278136
4024 3021 82278136
1978 2730 153050252
1978 3270 153050252
2730 1978 153050252
2730 4022 153050252
3270 1978 153050252
3270 4022 153050252
4022 2730 153050252
4022 3270 153050252
1979 2265 10093
1979 3735 10093
2265 1979 10093
2265 4021 10093
3735 1979 10093
3735 4021 10093
4021 2265 10093
4021 3735 10093
1980 2000 553288167
1980 4000 553288167
2000 1980 553288167
2000 4020 553288167
4000 1980 553288167
4000 4020 553288167
4020 2000 553288167
4020 4000 553288167
1980 2760 104210225
1980 3240 104210225
2760 1980 104210225
2760 4020 104210225
3240 1980 104210225
3240 4020 104210225
4020 2760 104210225
4020 3240 104210225
1980 3000 359936566
3000 1980 359936566
3000 4020 359936566
4020 3000 359936566
1981 2723 19963954
1981 3277 19963954
2723 1981 19963954
2723 4019 19963954
3277 1981 19963954
3277 4019 19963954
4019 2723 19963954
4019 3277 19963954
1981 2970 88959702
1981 3030 88959702
2970 1981 88959702
2970 4019 88959702
3030 1981 88959702
3030 4019 88959702
4019 2970 88959702
4019 3030 88959702
1982 2750 95772477
1982 3250 95772477
2750 1982 95772477
2750 4018 95772477
3250 1982 95772477
3250 4018 95772477
4018 2750 95772477
4018 3250 95772477
1984 1984 10093
1984 4016 10093
4016 1984 10093
4016 4016 10093
1985 2107 88485331
1985 3893 88485331
2107 1985 88485331
2107 4015 88485331
3893 1985 88485331
3893 4015 88485331
4015 2107 88485331
4015 3893 88485331
1985 2742 30460674
1985 3258 30460674
2742 1985 30460674
2742 4015 30460674
3258 1985 30460674
3258 4015 30460674
4015 2742 30460674
4015 3258 30460674
1985 2980 73295366
1985 3020 73295366
2980 1985 73295366
2980 4015 73295366
3020 1985 73295366
3020 4015 73295366
4015 2980 73295366
4015 3020 73295366
1985 2994 46871892
1985 3006 46871892
2994 1985 46871892
2994 4015 46871892
3006 1985 46871892
3006 4015 46871892
4015 2994 46871892
4015 3006 46871892
1986 2062 36799078
1986 3938 36799078
2062 1986 36799078
2062 4014 36799078
3938 1986 36799078
3938 4014 36799078
4014 2062 36799078
4014 3938 36799078
1987 2260 153494344
1987 3740 153494344
2260 1987 153494344
2260 4013 153494344
3740 1987 153494344
3740 4013 153494344
4013 2260 153494344
4013 3740 153494344
1989 2049 125970733
1989 3951 125970733
2049 1989 125970733
2049 4011 125970733
3951 1989 125970733
3951 4011 125970733
4011 2049 125970733
4011 3951 125970733
1989 2723 81551440
1989 3277 81551440
2723 1989 81551440
2723 4011 81551440
3277 1989 81551440
3277 4011 81551440
4011 2723 81551440
4011 3277 81551440
1989 2738 159277633
1989 3262 159277633
2738 1989 159277633
2738 4011 159277633
3262 1989 159277633
3262 4011 159277633
4011 2738 159277633
4011 3262 159277633
1990 2768 8256074
1990 3232 8256074
2768 1990 8256074
2768 4010 8256074
3232 1990 8256074
3232 4010 8256074
4010 2768 8256074
4010 3232 8256074
1990 2974 10506813
1990 3026 10506813
2974 1990 10506813
2974 4010 10506813
3026 1990 10506813
3026 4010 10506813
4010 2974 10506813
4010 3026 10506813
1991 2115 49758490
1991 3885 49758490
2115 1991 49758490
2115 4009 49758490
3885 1991 49758490
3885 4009 49758490
4009 2115 49758490
4009 3885 49758490
1991 2994 21003533
1991 3006 21003533
2994 1991 21003533
2994 4009 21003533
3006 1991 21003533
3006 4009 21003533
4009 2994 21003533
4009 3006 21003533
1992 2000 368424779
1992 4000 368424779
2000 1992 368424779
2000 4008 368424779
4000 1992 368424779
4000 4008 368424779
4008 2000 368424779
4008 4000 368424779
1992 3000 457768015
3000 1992 457768015
3000 4008 457768015
4008 3000 457768015
1993 2956 118532192
1993 3044 118532192
2956 1993 118532192
2956 4007 118532192
3044 1993 118532192
3044 4007 118532192
4007 2956 118532192
4007 3044 118532192
1994 2029 61214045
1994 3971 61214045
2029 1994 61214045
2029 4006 61214045
3971 1994 61214045
3971 4006 61214045
4006 2029 61214045
4006 3971 61214045
1995 1998 109983421
1995 4002 109983421
1998 1995 109983421
1998 4005 109983421
4002 1995 109983421
4002 4005 109983421
4005 1998 109983421
4005 4002 109983421
1995 2042 82530461
1995 3958 82530461
2042 1995 82530461
2042 4005 82530461
3958 1995 82530461
3958 4005 82530461
4005 2042 82530461
4005 3958 82530461
1995 2730 164172738
1995 3270 164172738
2730 1995 164172738
2730 4005 164172738
3270 1995 164172738
3270 4005 164172738
4005 2730 164172738
4005 3270 164172738
1995 2921 28109005
1995 3079 28109005
2921 1995 28109005
2921 4005 28109005
3079 1995 28109005
3079 4005 28109005
4005 2921 28109005
4005 3079 28109005
1995 2940 3482085
1995 3060 3482085
2940 1995 3482085
2940 4005 3482085
3060 1995 3482085
3060 4005 3482085
4005 2940 3482085
4005 3060 3482085
1997 1997 53361691
1997 4003 53361691
4003 1997 53361691
4003 4003 53361691
1998 2082 60568093
1998 3918 60568093
2082 1998 60568093
2082 4002 60568093
3918 1998 60568093
3918 4002 60568093
4002 2082 60568093
4002 3918 60568093
1999 1999 251194584
1999 4001 251194584
4001 1999 251194584
4001 4001 251194584
1999 2993 118017449
1999 3007 118017449
2993 1999 118017449
2993 4001 118017449
3007 1999 118017449
3007 4001 118017449
4001 2993 118017449
4001 3007 118017449
1999 2998 121358232
1999 3002 121358232
2998 1999 121358232
2998 4001 121358232
3002 1999 121358232
3002 4001 121358232
4001 2998 121358232
4001 3002 121358232
2000 2000 23718550
2000 4000 23718550
4000 2000 23718550
4000 4000 23718550
2000 2016 222298325
2000 3984 222298325
2016 2000 222298325
2016 4000 222298325
3984 2000 222298325
3984 4000 222298325
4000 2016 222298325
4000 3984 222298325
2000 2028 152818113
2000 3972 152818113
2028 2000 152818113
2028 4000 152818113
3972 2000 152818113
3972 4000 152818113
4000 2028 152818113
4000 3972 152818113
2000 2040 282876511
2000 3960 282876511
2040 2000 282876511
2040 4000 282876511
3960 2000 282876511
3960 4000 282876511
4000 2040 282876511
4000 3960 282876511
2000 2052 111275325
2000 3948 111275325
2052 2000 111275325
2052 4000 111275325
3948 2000 111275325
3948 4000 111275325
4000 2052 111275325
4000 3948 111275325
2000 2064 290547191
2000 3936 290547191
2064 2000 290547191
2064 4000 290547191
3936 2000 290547191
3936 4000 290547191
4000 2064 290547191
4000 3936 290547191
2000 2076 63283110
2000 3924 63283110
2076 2000 63283110
2076 4000 63283110
3924 2000 63283110
3924 4000 63283110
4000 2076 63283110
4000 3924 63283110
2000 2088 214678110
2000 3912 214678110
2088 2000 214678110
2088 4000 214678110
3912 2000 214678110
3912 4000 214678110
4000 2088 214678110
4000 3912 214678110
2000 2100 222177209
2000 3900 222177209
2100 2000 222177209
2100 4000 222177209
3900 2000 222177209
3900 4000 222177209
4000 2100 222177209
4000 3900 222177209
2000 2112 235590806
2000 3888 235590806
2112 2000 235590806
2112 4000 235590806
3888 2000 235590806
3888 4000 235590806
4000 2112 235590806
4000 3888 235590806
2000 2124 169622958
2000 3876 169622958
2124 2000 169622958
2124 4000 169622958
3876 2000 169622958
3876 4000 169622958
4000 2124 169622958
4000 3876 169622958
2000 2136 240263865
2000 3864 240263865
2136 2000 240263865
2136 4000 240263865
3864 2000 240263865
3864 4000 240263865
4000 2136 240263865
4000 3864 240263865
2000 2148 261287584
2000 3852 261287584
2148 2000 261287584
2148 4000 261287584
3852 2000 261287584
3852 4000 261287584
4000 2148 261287584
4000 3852 261287584
2000 2160 281190980
2000 3840 281190980
2160 2000 281190980
2160 4000 281190980
3840 2000 281190980
3840 4000 281190980
4000 2160 281190980
4000 3840 281190980
2000 2172 304223206
2000 3828 304223206
2172 2000 304223206
2172 4000 304223206
3828 2000 304223206
3828 4000 304223206
4000 2172 304223206
4000 3828 304223206
2000 2184 346533062
2000 3816 346533062
2184 2000 346533062
2184 4000 346533062
3816 2000 346533062
3816 4000 346533062
4000 2184 346533062
4000 3816 346533062
2000 2196 304677391
2000 3804 304677391
2196 2000 304677391
2196 4000 304677391
3804 2000 304677391
3804 4000 304677391
4000 2196 304677391
4000 3804 304677391
2000 2208 398572570
2000 3792 398572570
2208 2000 398572570
2208 4000 398572570
3792 2000 398572570
3792 4000 398572570
4000 2208 398572570
4000 3792 398572570
2000 2220 353800022
2000 3780 353800022
2220 2000 353800022
2220 4000 353800022
3780 2000 353800022
3780 4000 353800022
4000 2220 353800022
4000 3780 353800022
2000 2232 374884299
2000 3768 374884299
2232 2000 374884299
2232 4000 374884299
3768 2000 374884299
3768 4000 374884299
4000 2232 374884299
4000 3768 374884299
2000 2244 399198336
2000 3756 399198336
2244 2000 399198336
2244 4000 399198336
3756 2000 399198336
3756 4000 399198336
4000 2244 399198336
4000 3756 399198336
2000 2256 327770175
2000 3744 327770175
2256 2000 327770175
2256 4000 327770175
3744 2000 327770175
3744 4000 327770175
4000 2256 327770175
4000 3744 327770175
2000 2268 439721731
2000 3732 439721731
2268 2000 439721731
2268 4000 439721731
3732 2000 439721731
3732 4000 439721731
4000 2268 439721731
4000 3732 439721731
2000 2280 368344035
2000 3720 368344035
2280 2000 368344035
2280 4000 368344035
3720 2000 368344035
3720 4000 368344035
4000 2280 368344035
4000 3720 368344035
2000 2292 490247289
2000 3708 490247289
2292 2000 490247289
2292 4000 490247289
3708 2000 490247289
3708 4000 490247289
4000 2292 490247289
4000 3708 490247289
2000 2304 391719423
2000 3696 391719423
2304 2000 391719423
2304 4000 391719423
3696 2000 391719423
3696 4000 391719423
4000 2304 391719423
4000 3696 391719423
2000 2316 566832973
2000 3684 566832973
2316 2000 566832973
2316 4000 566832973
3684 2000 566832973
3684 4000 566832973
4000 2316 566832973
4000 3684 566832973
2000 2328 433423699
2000 3672 433423699
2328 2000 433423699
2328 4000 433423699
3672 2000 433423699
3672 4000 433423699
4000 2328 433423699
4000 3672 433423699
2000 2340 519405966
2000 3660 519405966
2340 2000 519405966
2340 4000 519405966
3660 2000 519405966
3660 4000 519405966
4000 2340 519405966
4000 3660 519405966
2000 2352 722678986
2000 3648 722678986
2352 2000 722678986
2352 4000 722678986
3648 2000 722678986
3648 4000 722678986
4000 2352 722678986
4000 3648 722678986
2000 2364 884520241
2000 3636 884520241
2364 2000 884520241
2364 4000 884520241
3636 2000 884520241
3636 4000 884520241
4000 2364 884520241
4000 3636 884520241
2000 2376 293221836
2000 3624 293221836
2376 2000 293221836
2376 4000 293221836
3624 2000 293221836
3624 4000 293221836
4000 2376 293221836
4000 3624 293221836
2000 2388 506274973
2000 3612 506274973
2388 2000 506274973
2388 4000 506274973
3612 2000 506274973
3612 4000 506274973
4000 2388 506274973
4000 3612 506274973
2000 2400 536654903
2000 3600 536654903
2400 2000 536654903
2400 4000 536654903
3600 2000 536654903
3600 4000 536654903
4000 2400 536654903
4000 3600 536654903
2000 2412 670266037
2000 3588 670266037
2412 2000 670266037
2412 4000 670266037
3588 2000 670266037
3588 4000 670266037
4000 2412 670266037
4000 3588 670266037
2000 2424 650170874
2000 3576 650170874
2424 2000 650170874
2424 4000 650170874
3576 2000 650170874
3576 4000 650170874
4000 2424 650170874
4000 3576 650170874
2000 2436 410139148
2000 3564 410139148
2436 2000 410139148
2436 4000 410139148
3564 2000 410139148
3564 4000 410139148
4000 2436 410139148
4000 3564 410139148
2000 2448 646264883
2000 3552 646264883
2448 2000 646264883
2448 4000 646264883
3552 2000 646264883
3552 4000 646264883
4000 2448 646264883
4000 3552 646264883
2000 2460 861124667
2000 3540 861124667
2460 2000 861124667
2460 4000 861124667
3540 2000 861124667
3540 4000 861124667
4000 2460 861124667
4000 3540 861124667
2000 2472 408524268
2000 3528 408524268
2472 2000 408524268
2472 4000 408524268
3528 2000 408524268
3528 4000 408524268
4000 2472 408524268
4000 3528 408524268
2000 2484 437370062
2000 3516 437370062
2484 2000 437370062
2484 4000 437370062
3516 2000 437370062
3516 4000 437370062
4000 2484 437370062
4000 3516 437370062
2000 2496 473422258
2000 3504 473422258
2496 2000 473422258
2496 4000 473422258
3504 2000 473422258
3504 4000 473422258
4000 2496 473422258
4000 3504 473422258
2000 2508 853312685
2000 3492 853312685
2508 2000 853312685
2508 4000 853312685
3492 2000 853312685
3492 4000 853312685
4000 2508 853312685
4000 3492 853312685
2000 2520 538431271
2000 3480 538431271
2520 2000 538431271
2520 4000 538431271
3480 2000 538431271
3480 4000 538431271
4000 2520 538431271
4000 3480 538431271
2000 2532 586948322
2000 3468 586948322
2532 2000 586948322
2532 4000 586948322
3468 2000 586948322
3468 4000 586948322
4000 2532 586948322
4000 3468 586948322
2000 2544 748708833
2000 3456 748708833
2544 2000 748708833
2544 4000 748708833
3456 2000 748708833
3456 4000 748708833
4000 2544 748708833
4000 3456 748708833
2000 2568 840393645
2000 3432 840393645
2568 2000 840393645
2568 4000 840393645
3432 2000 840393645
3432 4000 840393645
4000 2568 840393645
4000 3432 840393645
2000 2580 378699453
2000 3420 378699453
2580 2000 378699453
2580 4000 378699453
3420 2000 378699453
3420 4000 378699453
4000 2580 378699453
4000 3420 378699453
2000 2592 550159337
2000 3408 550159337
2592 2000 550159337
2592 4000 550159337
3408 2000 550159337
3408 4000 550159337
4000 2592 550159337
4000 3408 550159337
2000 2604 509666221
2000 3396 509666221
2604 2000 509666221
2604 4000 509666221
3396 2000 509666221
3396 4000 509666221
4000 2604 509666221
4000 3396 509666221
2000 2616 579388665
2000 3384 579388665
2616 2000 579388665
2616 4000 579388665
3384 2000 579388665
3384 4000 579388665
4000 2616 579388665
4000 3384 579388665
2000 2628 691552174
2000 3372 691552174
2628 2000 691552174
2628 4000 691552174
3372 2000 691552174
3372 4000 691552174
4000 2628 691552174
4000 3372 691552174
2000 2640 773981705
2000 3360 773981705
2640 2000 773981705
2640 4000 773981705
3360 2000 773981705
3360 4000 773981705
4000 2640 773981705
4000 3360 773981705
2000 2652 474017745
2000 3348 474017745
2652 2000 474017745
2652 4000 474017745
3348 2000 474017745
3348 4000 474017745
4000 2652 474017745
4000 3348 474017745
2000 2664 438722524
2000 3336 438722524
2664 2000 438722524
2664 4000 438722524
3336 2000 438722524
3336 4000 438722524
4000 2664 438722524
4000 3336 438722524
2000 2676 662252195
2000 3324 662252195
2676 2000 662252195
2676 4000 662252195
3324 2000 662252195
3324 4000 662252195
4000 2676 662252195
4000 3324 662252195
2000 2688 615471140
2000 3312 615471140
2688 2000 615471140
2688 4000 615471140
3312 2000 615471140
3312 4000 615471140
4000 2688 615471140
4000 3312 615471140
2000 2700 161054001
2000 3300 161054001
2700 2000 161054001
2700 4000 161054001
3300 2000 161054001
3300 4000 161054001
4000 2700 161054001
4000 3300 161054001
2000 2712 712969520
2000 3288 712969520
2712 2000 712969520
2712 4000 712969520
3288 2000 712969520
3288 4000 712969520
4000 2712 712969520
4000 3288 712969520
2000 2724 650372734
2000 3276 650372734
2724 2000 650372734
2724 4000 650372734
3276 2000 650372734
3276 4000 650372734
4000 2724 650372734
4000 3276 650372734
2000 2736 390851425
2000 3264 390851425
2736 2000 390851425
2736 4000 390851425
3264 2000 390851425
3264 4000 390851425
4000 2736 390851425
4000 3264 390851425
2000 2748 515560533
2000 3252 515560533
2748 2000 515560533
2748 4000 515560533
3252 2000 515560533
3252 4000 515560533
4000 2748 515560533
4000 3252 515560533
2000 2760 421635075
2000 3240 421635075
2760 2000 421635075
2760 4000 421635075
3240 2000 421635075
3240 4000 421635075
4000 2760 421635075
4000 3240 421635075
2000 2772 419606382
2000 3228 419606382
2772 2000 419606382
2772 4000 419606382
3228 2000 419606382
3228 4000 419606382
4000 2772 419606382
4000 3228 419606382
2000 2784 410522682
2000 3216 410522682
2784 2000 410522682
2784 4000 410522682
3216 2000 410522682
3216 4000 410522682
4000 2784 410522682
4000 3216 410522682
2000 2796 442759724
2000 3204 442759724
2796 2000 442759724
2796 4000 442759724
3204 2000 442759724
3204 4000 442759724
4000 2796 442759724
4000 3204 442759724
2000 2808 316233876
2000 3192 316233876
2808 2000 316233876
2808 4000 316233876
3192 2000 316233876
3192 4000 316233876
4000 2808 316233876
4000 3192 316233876
2000 2820 358190477
2000 3180 358190477
2820 2000 358190477
2820 4000 358190477
3180 2000 358190477
3180 4000 358190477
4000 2820 358190477
4000 3180 358190477
2000 2832 281362561
2000 3168 281362561
2832 2000 281362561
2832 4000 281362561
3168 2000 281362561
3168 4000 281362561
4000 2832 281362561
4000 3168 281362561
2000 2844 236660664
2000 3156 236660664
2844 2000 236660664
2844 4000 236660664
3156 2000 236660664
3156 4000 236660664
4000 2844 236660664
4000 3156 236660664
2000 2856 258310149
2000 3144 258310149
2856 2000 258310149
2856 4000 258310149
3144 2000 258310149
3144 4000 258310149
4000 2856 258310149
4000 3144 258310149
2000 2868 267595709
2000 3132 267595709
2868 2000 267595709
2868 4000 267595709
3132 2000 267595709
3132 4000 267595709
4000 2868 267595709
4000 3132 267595709
2000 2880 321552887
2000 3120 321552887
2880 2000 321552887
2880 4000 321552887
3120 2000 321552887
3120 4000 321552887
4000 2880 321552887
4000 3120 321552887
2000 2892 210883142
2000 3108 210883142
2892 2000 210883142
2892 4000 210883142
3108 2000 210883142
3108 4000 210883142
4000 2892 210883142
4000 3108 210883142
2000 2904 164223203
2000 3096 164223203
2904 2000 164223203
2904 4000 164223203
3096 2000 164223203
3096 4000 164223203
4000 2904 164223203
4000 3096 164223203
2000 2916 250669748
2000 3084 250669748
2916 2000 250669748
2916 4000 250669748
3084 2000 250669748
3084 4000 250669748
4000 2916 250669748
4000 3084 250669748
2000 2928 163183624
2000 3072 163183624
2928 2000 163183624
2928 4000 163183624
3072 2000 163183624
3072 4000 163183624
4000 2928 163183624
4000 3072 163183624
2000 2940 246672920
2000 3060 246672920
2940 2000 246672920
2940 4000 246672920
3060 2000 246672920
3060 4000 246672920
4000 2940 246672920
4000 3060 246672920
2000 2952 205866921
2000 3048 205866921
2952 2000 205866921
2952 4000 205866921
3048 2000 205866921
3048 4000 205866921
4000 2952 205866921
4000 3048 205866921
2000 2964 258168847
2000 3036 258168847
2964 2000 258168847
2964 4000 258168847
3036 2000 258168847
3036 4000 258168847
4000 2964 258168847
4000 3036 258168847
2000 2976 254797785
2000 3024 254797785
2976 2000 254797785
2976 4000 254797785
3024 2000 254797785
3024 4000 254797785
4000 2976 254797785
4000 3024 254797785
2000 2988 220501771
2000 3012 220501771
2988 2000 220501771
2988 4000 220501771
3012 2000 220501771
3012 4000 220501771
4000 2988 220501771
4000 3012 220501771
2008 2187 44651432
2008 3813 44651432
2187 2008 44651432
2187 3992 44651432
3813 2008 44651432
3813 3992 44651432
3992 2187 44651432
3992 3813 44651432
2016 3000 189536447
3000 2016 189536447
3000 3984 189536447
3984 3000 189536447
2018 2730 67875425
2018 3270 67875425
2730 2018 67875425
2730 3982 67875425
3270 2018 67875425
3270 3982 67875425
3982 2730 67875425
3982 3270 67875425
2027 2716 34306107
2027 3284 34306107
2716 2027 34306107
2716 3973 34306107
3284 2027 34306107
3284 3973 34306107
3973 2716 34306107
3973 3284 34306107
2028 2310 63454691
2028 3690 63454691
2310 2028 63454691
2310 3972 63454691
3690 2028 63454691
3690 3972 63454691
3972 2310 63454691
3972 3690 63454691
2028 3000 90635140
3000 2028 90635140
3000 3972 90635140
3972 3000 90635140
2030 2303 74355131
2030 3697 74355131
2303 2030 74355131
2303 3970 74355131
3697 2030 74355131
3697 3970 74355131
3970 2303 74355131
3970 3697 74355131
2031 2713 123346553
2031 3287 123346553
2713 2031 123346553
2713 3969 123346553
3287 2031 123346553
3287 3969 123346553
3969 2713 123346553
3969 3287 123346553
2035 2709 33488574
2035 3291 33488574
2709 2035 33488574
2709 3965 33488574
3291 2035 33488574
3291 3965 33488574
3965 2709 33488574
3965 3291 33488574
2040 2368 43016366
2040 3632 43016366
2368 2040 43016366
2368 3960 43016366
3632 2040 43016366
3632 3960 43016366
3960 2368 43016366
3960 3632 43016366
2040 2709 106158174
2040 3291 106158174
2709 2040 106158174
2709 3960 106158174
3291 2040 106158174
3291 3960 106158174
3960 2709 106158174
3960 3291 106158174
2040 3000 337318153
3000 2040 337318153
3000 3960 337318153
3960 3000 337318153
2044 2726 100940093
2044 3274 100940093
2726 2044 100940093
2726 3956 100940093
3274 2044 100940093
3274 3956 100940093
3956 2726 100940093
3956 3274 100940093
2049 2993 106753661
2049 3007 106753661
2993 2049 106753661
2993 3951 106753661
3007 2049 106753661
3007 3951 106753661
3951 2993 106753661
3951 3007 106753661
2050 2720 27937424
2050 3280 27937424
2720 2050 27937424
2720 3950 27937424
3280 2050 27937424
3280 3950 27937424
3950 2720 27937424
3950 3280 27937424
2052 2730 68168122
2052 3270 68168122
2730 2052 68168122
2730 3948 68168122
3270 2052 68168122
3270 3948 68168122
3948 2730 68168122
3948 3270 68168122
2052 3000 143784878
3000 2052 143784878
3000 3948 143784878
3948 3000 143784878
2053 2700 29774350
2053 3300 29774350
2700 2053 29774350
2700 3947 29774350
3300 2053 29774350
3300 3947 29774350
3947 2700 29774350
3947 3300 29774350
2057 2696 6721938
2057 3304 6721938
2696 2057 6721938
2696 3943 6721938
3304 2057 6721938
3304 3943 6721938
3943 2696 6721938
3943 3304 6721938
2057 2717 148639611
2057 3283 148639611
2717 2057 148639611
2717 3943 148639611
3283 2057 148639611
3283 3943 148639611
3943 2717 148639611
3943 3283 148639611
2061 2310 14483455
2061 3690 14483455
2310 2061 14483455
2310 3939 14483455
3690 2061 14483455
3690 3939 14483455
3939 2310 14483455
3939 3690 14483455
2061 2459 13110807
2061 3541 13110807
2459 2061 13110807
2459 3939 13110807
3541 2061 13110807
3541 3939 13110807
3939 2459 13110807
3939 3541 13110807
2064 3000 204726412
3000 2064 204726412
3000 3936 204726412
3936 3000 204726412
2067 2695 32448995
2067 3305 32448995
2695 2067 32448995
2695 3933 32448995
3305 2067 32448995
3305 3933 32448995
3933 2695 32448995
3933 3305 32448995
2068 2307 65352175
2068 3693 65352175
2307 2068 65352175
2307 3932 65352175
3693 2068 65352175
3693 3932 65352175
3932 2307 65352175
3932 3693 65352175
2069 2997 78059262
2069 3003 78059262
2997 2069 78059262
2997 3931 78059262
3003 2069 78059262
3003 3931 78059262
3931 2997 78059262
3931 3003 78059262
2070 2469 1998414
2070 3531 1998414
2469 2070 1998414
2469 3930 1998414
3531 2070 1998414
3531 3930 1998414
3930 2469 1998414
3930 3531 1998414
2071 2709 96327592
2071 3291 96327592
2709 2071 96327592
2709 3929 96327592
3291 2071 96327592
3291 3929 96327592
3929 2709 96327592
3929 3291 96327592
2076 3000 122518927
3000 2076 122518927
3000 3924 122518927
3924 3000 122518927
2078 2341 39847164
2078 3659 39847164
2341 2078 39847164
2341 3922 39847164
3659 2078 39847164
3659 3922 39847164
3922 2341 39847164
3922 3659 39847164
2081 2316 159630888
2081 3684 159630888
2316 2081 159630888
2316 3919 159630888
3684 2081 159630888
3684 3919 159630888
3919 2316 159630888
3919 3684 159630888
2081 2538 117835775
2081 3462 117835775
2538 2081 117835775
2538 3919 117835775
3462 2081 117835775
3462 3919 117835775
3919 2538 117835775
3919 3462 117835775
2081 2680 26756543
2081 3320 26756543
2680 2081 26756543
2680 3919 26756543
3320 2081 26756543
3320 3919 26756543
3919 2680 26756543
3919 3320 26756543
2088 3000 106783940
3000 2088 106783940
3000 3912 106783940
3912 3000 106783940
2100 3000 239940889
3000 2100 239940889
3000 3900 239940889
3900 3000 239940889
2105 2566 87990774
2105 3434 87990774
2566 2105 87990774
2566 3895 87990774
3434 2105 87990774
3434 3895 87990774
3895 2566 87990774
3895 3434 87990774
2109 2596 73739458
2109 3404 73739458
2596 2109 73739458
2596 3891 73739458
3404 2109 73739458
3404 3891 73739458
3891 2596 73739458
3891 3404 73739458
2111 2659 52735925
2111 3341 52735925
2659 2111 52735925
2659 3889 52735925
3341 2111 52735925
3341 3889 52735925
3889 2659 52735925
3889 3341 52735925
2112 3000 166786825
3000 2112 166786825
3000 3888 166786825
3888 3000 166786825
2118 2595 10093
2118 3405 10093
2595 2118 10093
2595 3882 10093
3405 2118 10093
3405 3882 10093
3882 2595 10093
3882 3405 10093
2124 3000 258168847
3000 2124 258168847
3000 3876 258168847
3876 3000 258168847
2125 2470 99527073
2125 3530 99527073
2470 2125 99527073
2470 3875 99527073
3530 2125 99527073
3530 3875 99527073
3875 2470 99527073
3875 3530 99527073
2130 2649 185418503
2130 3351 185418503
2649 2130 185418503
2649 3870 185418503
3351 2130 185418503
3351 3870 185418503
3870 2649 185418503
3870 3351 185418503
2136 3000 241616327
3000 2136 241616327
3000 3864 241616327
3864 3000 241616327
2140 2501 10093
2140 3499 10093
2501 2140 10093
2501 3860 10093
3499 2140 10093
3499 3860 10093
3860 2501 10093
3860 3499 10093
2140 2644 69894025
2140 3356 69894025
2644 2140 69894025
2644 3860 69894025
3356 2140 69894025
3356 3860 69894025
3860 2644 69894025
3860 3356 69894025
2146 2532 107924449
2146 3468 107924449
2532 2146 107924449
2532 3854 107924449
3468 2146 107924449
3468 3854 107924449
3854 2532 107924449
3854 3468 107924449
2148 2334 10093
2148 3666 10093
2334 2148 10093
2334 3852 10093
3666 2148 10093
3666 3852 10093
3852 2334 10093
3852 3666 10093
2148 3000 284259252
3000 2148 284259252
3000 3852 284259252
3852 3000 284259252
2151 2635 54613223
2151 3365 54613223
2635 2151 54613223
2635 3849 54613223
3365 2151 54613223
3365 3849 54613223
3849 2635 54613223
3849 3365 54613223
2160 3000 281190980
3000 2160 281190980
3000 3840 281190980
3840 3000 281190980
2162 2626 121045349
2162 3374 121045349
2626 2162 121045349
2626 3838 121045349
3374 2162 121045349
3374 3838 121045349
3838 2626 121045349
3838 3374 121045349
2168 2387 142533346
2168 3613 142533346
2387 2168 142533346
2387 3832 142533346
3613 2168 142533346
3613 3832 142533346
3832 2387 142533346
3832 3613 142533346
2170 2625 48557423
2170 3375 48557423
2625 2170 48557423
2625 3830 48557423
3375 2170 48557423
3375 3830 48557423
3830 2625 48557423
3830 3375 48557423
2172 3000 263376835
3000 2172 263376835
3000 3828 263376835
3828 3000 263376835
2183 2611 204625482
2183 3389 204625482
2611 2183 204625482
2611 3817 204625482
3389 2183 204625482
3389 3817 204625482
3817 2611 204625482
3817 3389 204625482
2184 2390 208995751
2184 3610 208995751
2390 2184 208995751
2390 3816 208995751
3610 2184 208995751
3610 3816 208995751
3816 2390 208995751
3816 3610 208995751
2184 3000 252032303
3000 2184 252032303
3000 3816 252032303
3816 3000 252032303
2191 2993 19469397
2191 3007 19469397
2993 2191 19469397
2993 3809 19469397
3007 2191 19469397
3007 3809 19469397
3809 2993 19469397
3809 3007 19469397
2194 2605 147731241
2194 3395 147731241
2605 2194 147731241
2605 3806 147731241
3395 2194 147731241
3395 3806 147731241
3806 2605 147731241
3806 3395 147731241
2196 3000 331383469
3000 2196 331383469
3000 3804 331383469
3804 3000 331383469
2197 2989 60083629
2197 3011 60083629
2989 2197 60083629
2989 3803 60083629
3011 2197 60083629
3011 3803 60083629
3803 2989 60083629
3803 3011 60083629
2200 2987 23244179
2200 3013 23244179
2987 2200 23244179
2987 3800 23244179
3013 2200 23244179
3013 3800 23244179
3800 2987 23244179
3800 3013 23244179
2207 2410 35325500
2207 3590 35325500
2410 2207 35325500
2410 3793 35325500
3590 2207 35325500
3590 3793 35325500
3793 2410 35325500
3793 3590 35325500
2208 2594 103937714
2208 3406 103937714
2594 2208 103937714
2594 3792 103937714
3406 2208 103937714
3406 3792 103937714
3792 2594 103937714
3792 3406 103937714
2208 3000 345160414
3000 2208 345160414
3000 3792 345160414
3792 3000 345160414
2220 3000 511775658
3000 2220 511775658
3000 3780 511775658
3780 3000 511775658
2222 2424 119551585
2222 3576 119551585
2424 2222 119551585
2424 3778 119551585
3576 2222 119551585
3576 3778 119551585
3778 2424 119551585
3778 3576 119551585
2232 3000 423673861
3000 2232 423673861
3000 3768 423673861
3768 3000 423673861
2234 2575 29370630
2234 3425 29370630
2575 2234 29370630
2575 3766 29370630
3425 2234 29370630
3425 3766 29370630
3766 2575 29370630
3766 3425 29370630
2239 2570 1978228
2239 3430 1978228
2570 2239 1978228
2570 3761 1978228
3430 2239 1978228
3430 3761 1978228
3761 2570 1978228
3761 3430 1978228
2243 2567 10093
2243 3433 10093
2567 2243 10093
2567 3757 10093
3433 2243 10093
3433 3757 10093
3757 2567 10093
3757 3433 10093
2244 3000 316092574
3000 2244 316092574
3000 3756 316092574
3756 3000 316092574
2251 2553 277537314
2251 3447 277537314
2553 2251 277537314
2553 3749 277537314
3447 2251 277537314
3447 3749 277537314
3749 2553 277537314
3749 3447 277537314
2256 3000 216373734
3000 2256 216373734
3000 3744 216373734
3744 3000 216373734
2268 3000 490862962
3000 2268 490862962
3000 3732 490862962
3732 3000 490862962
2270 2546 90130490
2270 3454 90130490
2546 2270 90130490
2546 3730 90130490
3454 2270 90130490
3454 3730 90130490
3730 2546 90130490
3730 3454 90130490
2271 2514 10093
2271 3486 10093
2514 2271 10093
2514 3729 10093
3486 2271 10093
3486 3729 10093
3729 2514 10093
3729 3486 10093
2273 2548 10093
2273 3452 10093
2548 2273 10093
2548 3727 10093
3452 2273 10093
3452 3727 10093
3727 2548 10093
3727 3452 10093
2279 2465 150506816
2279 3535 150506816
2465 2279 150506816
2465 3721 150506816
3535 2279 150506816
3535 3721 150506816
3721 2465 150506816
3721 3535 150506816
2279 2532 302800093
2279 3468 302800093
2532 2279 302800093
2532 3721 302800093
3468 2279 302800093
3468 3721 302800093
3721 2532 302800093
3721 3468 302800093
2280 3000 364448137
3000 2280 364448137
3000 3720 364448137
3720 3000 364448137
2283 2505 10093
2283 3495 10093
2505 2283 10093
2505 3717 10093
3495 2283 10093
3495 3717 10093
3717 2505 10093
3717 3495 10093
2283 2960 2926970
2283 3040 2926970
2960 2283 2926970
2960 3717 2926970
3040 2283 2926970
3040 3717 2926970
3717 2960 2926970
3717 3040 2926970
2292 3000 396604435
3000 2292 396604435
3000 3708 396604435
3708 3000 396604435
2293 2523 120611350
2293 3477 120611350
2523 2293 120611350
2523 3707 120611350
3477 2293 120611350
3477 3707 120611350
3707 2523 120611350
3707 3477 120611350
2298 2522 138122705
2298 3478 138122705
2522 2298 138122705
2522 3702 138122705
3478 2298 138122705
3478 3702 138122705
3702 2522 138122705
3702 3478 138122705
2300 2483 84690363
2300 3517 84690363
2483 2300 84690363
2483 3700 84690363
3517 2300 84690363
3517 3700 84690363
3700 2483 84690363
3700 3517 84690363
2300 2494 137930938
2300 3506 137930938
2494 2300 137930938
2494 3700 137930938
3506 2300 137930938
3506 3700 137930938
3700 2494 137930938
3700 3506 137930938
2302 2969 30773557
2302 3031 30773557
2969 2302 30773557
2969 3698 30773557
3031 2302 30773557
3031 3698 30773557
3698 2969 30773557
3698 3031 30773557
2303 2953 88132076
2303 3047 88132076
2953 2303 88132076
2953 3697 88132076
3047 2303 88132076
3047 3697 88132076
3697 2953 88132076
3697 3047 88132076
2304 3000 528842921
3000 2304 528842921
3000 3696 528842921
3696 3000 528842921
2308 2958 10093
2308 3042 10093
2958 2308 10093
2958 3692 10093
3042 2308 10093
3042 3692 10093
3692 2958 10093
3692 3042 10093
2313 2972 23143249
2313 3028 23143249
2972 2313 23143249
2972 3687 23143249
3028 2313 23143249
3028 3687 23143249
3687 2972 23143249
3687 3028 23143249
2315 2496 201032374
2315 3504 201032374
2496 2315 201032374
2496 3685 201032374
3504 2315 201032374
3504 3685 201032374
3685 2496 201032374
3685 3504 201032374
2316 3000 587473158
3000 2316 587473158
3000 3684 587473158
3684 3000 587473158
2319 2500 24889338
2319 3500 24889338
2500 2319 24889338
2500 3681 24889338
3500 2319 24889338
3500 3681 24889338
3681 2500 24889338
3681 3500 24889338
2328 3000 517892016
3000 2328 517892016
3000 3672 517892016
3672 3000 517892016
2332 2959 59770746
2332 3041 59770746
2959 2332 59770746
2959 3668 59770746
3041 2332 59770746
3041 3668 59770746
3668 2959 59770746
3668 3041 59770746
2333 2940 99244469
2333 3060 99244469
2940 2333 99244469
2940 3667 99244469
3060 2333 99244469
3060 3667 99244469
3667 2940 99244469
3667 3060 99244469
2340 3000 569951710
3000 2340 569951710
3000 3660 569951710
3660 3000 569951710
2341 2594 107773054
2341 3406 107773054
2594 2341 107773054
2594 3659 107773054
3406 2341 107773054
3406 3659 107773054
3659 2594 107773054
3659 3406 107773054
2345 2450 224306832
2345 3550 224306832
2450 2345 224306832
2450 3655 224306832
3550 2345 224306832
3550 3655 224306832
3655 2450 224306832
3655 3550 224306832
2348 2560 10093
2348 3440 10093
2560 2348 10093
2560 3652 10093
3440 2348 10093
3440 3652 10093
3652 2560 10093
3652 3440 10093
2350 2567 104613945
2350 3433 104613945
2567 2350 104613945
2567 3650 104613945
3433 2350 104613945
3433 3650 104613945
3650 2567 104613945
3650 3433 104613945
2352 3000 472362493
3000 2352 472362493
3000 3648 472362493
3648 3000 472362493
2353 2550 144743713
2353 3450 144743713
2550 2353 144743713
2550 3647 144743713
3450 2353 144743713
3450 3647 144743713
3647 2550 144743713
3647 3450 144743713
2355 2599 45287291
2355 3401 45287291
2599 2355 45287291
2599 3645 45287291
3401 2355 45287291
3401 3645 45287291
3645 2599 45287291
3645 3401 45287291
2356 2584 81965253
2356 3416 81965253
2584 2356 81965253
2584 3644 81965253
3416 2356 81965253
3416 3644 81965253
3644 2584 81965253
3644 3416 81965253
2362 2958 38545167
2362 3042 38545167
2958 2362 38545167
2958 3638 38545167
3042 2362 38545167
3042 3638 38545167
3638 2958 38545167
3638 3042 38545167
2363 2450 101353906
2363 3550 101353906
2450 2363 101353906
2450 3637 101353906
3550 2363 101353906
3550 3637 101353906
3637 2450 101353906
3637 3550 101353906
2364 3000 612614821
3000 2364 612614821
3000 3636 612614821
3636 3000 612614821
2368 2602 112577322
2368 3398 112577322
2602 2368 112577322
2602 3632 112577322
3398 2368 112577322
3398 3632 112577322
3632 2602 112577322
3632 3398 112577322
2369 2575 38242377
2369 3425 38242377
2575 2369 38242377
2575 3631 38242377
3425 2369 38242377
3425 3631 38242377
3631 2575 38242377
3631 3425 38242377
2370 2450 208248869
2370 3550 208248869
2450 2370 208248869
2450 3630 208248869
3550 2370 208248869
3550 3630 208248869
3630 2450 208248869
3630 3550 208248869
2371 2545 139364144
2371 3455 139364144
2545 2371 139364144
2545 3629 139364144
3455 2371 139364144
3455 3629 139364144
3629 2545 139364144
3629 3455 139364144
2371 2557 162840462
2371 3443 162840462
2557 2371 162840462
2557 3629 162840462
3443 2371 162840462
3443 3629 162840462
3629 2557 162840462
3629 3443 162840462
2376 2923 58155866
2376 3077 58155866
2923 2376 58155866
2923 3624 58155866
3077 2376 58155866
3077 3624 58155866
3624 2923 58155866
3624 3077 58155866
2376 3000 799486716
3000 2376 799486716
3000 3624 799486716
3624 3000 799486716
2379 2430 49909885
2379 3570 49909885
2430 2379 49909885
2430 3621 49909885
3570 2379 49909885
3570 3621 49909885
3621 2430 49909885
3621 3570 49909885
2380 2443 31399323
2380 3557 31399323
2443 2380 31399323
2443 3620 31399323
3557 2380 31399323
3557 3620 31399323
3620 2443 31399323
3620 3557 31399323
2390 2950 88677098
2390 3050 88677098
2950 2390 88677098
2950 3610 88677098
3050 2390 88677098
3050 3610 88677098
3610 2950 88677098
3610 3050 88677098
2398 2403 19509769
2398 3597 19509769
2403 2398 19509769
2403 3602 19509769
3597 2398 19509769
3597 3602 19509769
3602 2403 19509769
3602 3597 19509769
2400 2400 129230772
2400 3600 129230772
3600 2400 129230772
3600 3600 129230772
2400 3000 807712511
3000 2400 807712511
3000 3600 807712511
3600 3000 807712511
2410 2501 154715597
2410 3499 154715597
2501 2410 154715597
2501 3590 154715597
3499 2410 154715597
3499 3590 154715597
3590 2501 154715597
3590 3499 154715597
2411 2520 10093
2411 3480 10093
2520 2411 10093
2520 3589 10093
3480 2411 10093
3480 3589 10093
3589 2520 10093
3589 3480 10093
2412 3000 704521679
3000 2412 704521679
3000 3588 704521679
3588 3000 704521679
2423 2942 10093
2423 3058 10093
2942 2423 10093
2942 3577 10093
3058 2423 10093
3058 3577 10093
3577 2942 10093
3577 3058 10093
2424 3000 392738816
3000 2424 392738816
3000 3576 392738816
3576 3000 392738816
2436 3000 563603213
3000 2436 563603213
3000 3564 563603213
3564 3000 563603213
2441 2631 324600973
2441 3369 324600973
2631 2441 324600973
2631 3559 324600973
3369 2441 324600973
3369 3559 324600973
3559 2631 324600973
3559 3369 324600973
2444 2658 10093
2444 3342 10093
2658 2444 10093
2658 3556 10093
3342 2444 10093
3342 3556 10093
3556 2658 10093
3556 3342 10093
2446 2893 27018961
2446 3107 27018961
2893 2446 27018961
2893 3554 27018961
3107 2446 27018961
3107 3554 27018961
3554 2893 27018961
3554 3107 27018961
2447 2938 15825824
2447 3062 15825824
2938 2447 15825824
2938 3553 15825824
3062 2447 15825824
3062 3553 15825824
3553 2938 15825824
3553 3062 15825824
2448 3000 536856763
3000 2448 536856763
3000 3552 536856763
3552 3000 536856763
2449 2684 204827342
2449 3316 204827342
2684 2449 204827342
2684 3551 204827342
3316 2449 204827342
3316 3551 204827342
3551 2684 204827342
3551 3316 204827342
2454 2660 291374817
2454 3340 291374817
2660 2454 291374817
2660 3546 291374817
3340 2454 291374817
3340 3546 291374817
3546 2660 291374817
3546 3340 291374817
2454 2887 155805641
2454 3113 155805641
2887 2454 155805641
2887 3546 155805641
3113 2454 155805641
3113 3546 155805641
3546 2887 155805641
3546 3113 155805641
2460 3000 785477632
3000 2460 785477632
3000 3540 785477632
3540 3000 785477632
2463 2594 146721941
2463 3406 146721941
2594 2463 146721941
2594 3537 146721941
3406 2463 146721941
3406 3537 146721941
3537 2594 146721941
3537 3406 146721941
2464 2930 58721074
2464 3070 58721074
2930 2464 58721074
2930 3536 58721074
3070 2464 58721074
3070 3536 58721074
3536 2930 58721074
3536 3070 58721074
2465 2650 131935696
2465 3350 131935696
2650 2465 131935696
2650 3535 131935696
3350 2465 131935696
3350 3535 131935696
3535 2650 131935696
3535 3350 131935696
2472 3000 438308711
3000 2472 438308711
3000 3528 438308711
3528 3000 438308711
2475 2657 115574943
2475 3343 115574943
2657 2475 115574943
2657 3525 115574943
3343 2475 115574943
3343 3525 115574943
3525 2657 115574943
3525 3343 115574943
2484 3000 547030507
3000 2484 547030507
3000 3516 547030507
3516 3000 547030507
2490 2689 213133881
2490 3311 213133881
2689 2490 213133881
2689 3510 213133881
3311 2490 213133881
3311 3510 213133881
3510 2689 213133881
3510 3311 213133881
2496 2863 67653379
2496 3137 67653379
2863 2496 67653379
2863 3504 67653379
3137 2496 67653379
3137 3504 67653379
3504 2863 67653379
3504 3137 67653379
2496 3000 745277213
3000 2496 745277213
3000 3504 745277213
3504 3000 745277213
2500 2510 486946878
2500 3490 486946878
2510 2500 486946878
2510 3500 486946878
3490 2500 486946878
3490 3500 486946878
3500 2510 486946878
3500 3490 486946878
2500 2681 72538391
2500 3319 72538391
2681 2500 72538391
2681 3500 72538391
3319 2500 72538391
3319 3500 72538391
3500 2681 72538391
3500 3319 72538391
2500 2856 90897558
2500 3144 90897558
2856 2500 90897558
2856 3500 90897558
3144 2500 90897558
3144 3500 90897558
3500 2856 90897558
3500 3144 90897558
2502 2917 139111819
2502 3083 139111819
2917 2502 139111819
2917 3498 139111819
3083 2502 139111819
3083 3498 139111819
3498 2917 139111819
3498 3083 139111819
2502 2922 49526351
2502 3078 49526351
2922 2502 49526351
2922 3498 49526351
3078 2502 49526351
3078 3498 49526351
3498 2922 49526351
3498 3078 49526351
2508 2865 10093
2508 3135 10093
2865 2508 10093
2865 3492 10093
3135 2508 10093
3135 3492 10093
3492 2865 10093
3492 3135 10093
2508 3000 683053868
3000 2508 683053868
3000 3492 683053868
3492 3000 683053868
2512 2659 223862740
2512 3341 223862740
2659 2512 223862740
2659 3488 223862740
3341 2512 223862740
3341 3488 223862740
3488 2659 223862740
3488 3341 223862740
2519 2687 70661093
2519 3313 70661093
2687 2519 70661093
2687 3481 70661093
3313 2519 70661093
3313 3481 70661093
3481 2687 70661093
3481 3313 70661093
2520 2520 189152913
2520 3480 189152913
3480 2520 189152913
3480 3480 189152913
2520 3000 334118672
3000 2520 334118672
3000 3480 334118672
3480 3000 334118672
2521 2701 1958042
2521 3299 1958042
2701 2521 1958042
2701 3479 1958042
3299 2521 1958042
3299 3479 1958042
3479 2701 1958042
3479 3299 1958042
2521 2838 108307983
2521 3162 108307983
2838 2521 108307983
2838 3479 108307983
3162 2521 108307983
3162 3479 108307983
3479 2838 108307983
3479 3162 108307983
2527 2846 83065390
2527 3154 83065390
2846 2527 83065390
2846 3473 83065390
3154 2527 83065390
3154 3473 83065390
3473 2846 83065390
3473 3154 83065390
2532 3000 493224724
3000 2532 493224724
3000 3468 493224724
3468 3000 493224724
2535 2721 252456209
2535 3279 252456209
2721 2535 252456209
2721 3465 252456209
3279 2535 252456209
3279 3465 252456209
3465 2721 252456209
3465 3279 252456209
2538 2690 340759866
2538 3310 340759866
2690 2538 340759866
2690 3462 340759866
3310 2538 340759866
3310 3462 340759866
3462 2690 340759866
3462 3310 340759866
2540 2699 139061354
2540 3301 139061354
2699 2540 139061354
2699 3460 139061354
3301 2540 139061354
3301 3460 139061354
3460 2699 139061354
3460 3301 139061354
2540 2852 35174105
2540 3148 35174105
2852 2540 35174105
2852 3460 35174105
3148 2540 35174105
3148 3460 35174105
3460 2852 35174105
3460 3148 35174105
2544 2698 156512151
2544 3302 156512151
2698 2544 156512151
2698 3456 156512151
3302 2544 156512151
3302 3456 156512151
3456 2698 156512151
3456 3302 156512151
2544 3000 751020130
3000 2544 751020130
3000 3456 751020130
3456 3000 751020130
2545 2719 112637880
2545 3281 112637880
2719 2545 112637880
2719 3455 112637880
3281 2545 112637880
3281 3455 112637880
3455 2719 112637880
3455 3281 112637880
2546 2828 174063878
2546 3172 174063878
2828 2546 174063878
2828 3454 174063878
3172 2546 174063878
3172 3454 174063878
3454 2828 174063878
3454 3172 174063878
2550 2550 629328829
2550 3450 629328829
3450 2550 629328829
3450 3450 629328829
2556 2829 111769882
2556 3171 111769882
2829 2556 111769882
2829 3444 111769882
3171 2556 111769882
3171 3444 111769882
3444 2829 111769882
3444 3171 111769882
2556 3000 423229769
3000 2556 423229769
3000 3444 423229769
3444 3000 423229769
2557 2740 197530103
2557 3260 197530103
2740 2557 197530103
2740 3443 197530103
3260 2557 197530103
3260 3443 197530103
3443 2740 197530103
3443 3260 197530103
2558 2889 33962945
2558 3111 33962945
2889 2558 33962945
2889 3442 33962945
3111 2558 33962945
3111 3442 33962945
3442 2889 33962945
3442 3111 33962945
2568 3000 600917034
3000 2568 600917034
3000 3432 600917034
3432 3000 600917034
2572 2901 52523972
2572 3099 52523972
2901 2572 52523972
2901 3428 52523972
3099 2572 52523972
3099 3428 52523972
3428 2901 52523972
3428 3099 52523972
2580 3000 543104330
3000 2580 543104330
3000 3420 543104330
3420 3000 543104330
2581 2772 205271434
2581 3228 205271434
2772 2581 205271434
2772 3419 205271434
3228 2581 205271434
3228 3419 205271434
3419 2772 205271434
3419 3228 205271434
2581 2779 150456351
2581 3221 150456351
2779 2581 150456351
2779 3419 150456351
3221 2581 150456351
3221 3419 150456351
3419 2779 150456351
3419 3221 150456351
2585 2745 256119968
2585 3255 256119968
2745 2585 256119968
2745 3415 256119968
3255 2585 256119968
3255 3415 256119968
3415 2745 256119968
3415 3255 256119968
2590 2787 104745154
2590 3213 104745154
2787 2590 104745154
2787 3410 104745154
3213 2590 104745154
3213 3410 104745154
3410 2787 104745154
3410 3213 104745154
2590 2876 118663401
2590 3124 118663401
2876 2590 118663401
2876 3410 118663401
3124 2590 118663401
3124 3410 118663401
3410 2876 118663401
3410 3124 118663401
2592 3000 560181686
3000 2592 560181686
3000 3408 560181686
3408 3000 560181686
2597 2796 39170933
2597 3204 39170933
2796 2597 39170933
2796 3403 39170933
3204 2597 39170933
3204 3403 39170933
3403 2796 39170933
3403 3204 39170933
2599 2802 10093
2599 3198 10093
2802 2599 10093
2802 3401 10093
3198 2599 10093
3198 3401 10093
3401 2802 10093
3401 3198 10093
2604 3000 653804354
3000 2604 653804354
3000 3396 653804354
3396 3000 653804354
2609 2874 7095379
2609 3126 7095379
2874 2609 7095379
2874 3391 7095379
3126 2609 7095379
3126 3391 7095379
3391 2874 7095379
3391 3126 7095379
2610 2889 60103815
2610 3111 60103815
2889 2610 60103815
2889 3390 60103815
3111 2610 60103815
3111 3390 60103815
3390 2889 60103815
3390 3111 60103815
2616 3000 571122498
3000 2616 571122498
3000 3384 571122498
3384 3000 571122498
2628 3000 527369343
3000 2628 527369343
3000 3372 527369343
3372 3000 527369343
2634 2648 348793894
2634 3352 348793894
2648 2634 348793894
2648 3366 348793894
3352 2634 348793894
3352 3366 348793894
3366 2648 348793894
3366 3352 348793894
2637 2849 162043115
2637 3151 162043115
2849 2637 162043115
2849 3363 162043115
3151 2637 162043115
3151 3363 162043115
3363 2849 162043115
3363 3151 162043115
2640 3000 728573298
3000 2640 728573298
3000 3360 728573298
3360 3000 728573298
2641 2856 136578476
2641 3144 136578476
2856 2641 136578476
2856 3359 136578476
3144 2641 136578476
3144 3359 136578476
3359 2856 136578476
3359 3144 136578476
2641 2868 133964389
2641 3132 133964389
2868 2641 133964389
2868 3359 133964389
3132 2641 133964389
3132 3359 133964389
3359 2868 133964389
3359 3132 133964389
2643 2840 252133233
2643 3160 252133233
2840 2643 252133233
2840 3357 252133233
3160 2643 252133233
3160 3357 252133233
3357 2840 252133233
3357 3160 252133233
2644 2676 72790716
2644 3324 72790716
2676 2644 72790716
2676 3356 72790716
3324 2644 72790716
3324 3356 72790716
3356 2676 72790716
3356 3324 72790716
2650 2869 9941605
2650 3131 9941605
2869 2650 9941605
2869 3350 9941605
3131 2650 9941605
3131 3350 9941605
3350 2869 9941605
3350 3131 9941605
2652 3000 552601843
3000 2652 552601843
3000 3348 552601843
3348 3000 552601843
2656 2871 132218300
2656 3129 132218300
2871 2656 132218300
2871 3344 132218300
3129 2656 132218300
3129 3344 132218300
3344 2871 132218300
3344 3129 132218300
2662 2854 131077791
2662 3146 131077791
2854 2662 131077791
2854 3338 131077791
3146 2662 131077791
3146 3338 131077791
3338 2854 131077791
3338 3146 131077791
2664 2946 56268475
2664 3054 56268475
2946 2664 56268475
2946 3336 56268475
3054 2664 56268475
3054 3336 56268475
3336 2946 56268475
3336 3054 56268475
2664 3000 331968863
3000 2664 331968863
3000 3336 331968863
3336 3000 331968863
2666 2896 57136473
2666 3104 57136473
2896 2666 57136473
2896 3334 57136473
3104 2666 57136473
3104 3334 57136473
3334 2896 57136473
3334 3104 57136473
2668 2936 90584675
2668 3064 90584675
2936 2668 90584675
2936 3332 90584675
3064 2668 90584675
3064 3332 90584675
3332 2936 90584675
3332 3064 90584675
2673 2841 134448853
2673 3159 134448853
2841 2673 134448853
2841 3327 134448853
3159 2673 134448853
3159 3327 134448853
3327 2841 134448853
3327 3159 134448853
2673 2938 19307909
2673 3062 19307909
2938 2673 19307909
2938 3327 19307909
3062 2673 19307909
3062 3327 19307909
3327 2938 19307909
3327 3062 19307909
2676 3000 654197981
3000 2676 654197981
3000 3324 654197981
3324 3000 654197981
2680 2919 68783795
2680 3081 68783795
2919 2680 68783795
2919 3320 68783795
3081 2680 68783795
3081 3320 68783795
3320 2919 68783795
3320 3081 68783795
2686 2929 90463559
2686 3071 90463559
2929 2686 90463559
2929 3314 90463559
3071 2686 90463559
3071 3314 90463559
3314 2929 90463559
3314 3071 90463559
2688 3000 453508769
3000 2688 453508769
3000 3312 453508769
3312 3000 453508769
2689 2962 132712857
2689 3038 132712857
2962 2689 132712857
2962 3311 132712857
3038 2689 132712857
3038 3311 132712857
3311 2962 132712857
3311 3038 132712857
2693 2912 32216856
2693 3088 32216856
2912 2693 32216856
2912 3307 32216856
3088 2693 32216856
3088 3307 32216856
3307 2912 32216856
3307 3088 32216856
2695 2921 128816959
2695 3079 128816959
2921 2695 128816959
2921 3305 128816959
3079 2695 128816959
3079 3305 128816959
3305 2921 128816959
3305 3079 128816959
2697 2953 73749551
2697 3047 73749551
2953 2697 73749551
2953 3303 73749551
3047 2697 73749551
3047 3303 73749551
3303 2953 73749551
3303 3047 73749551
2700 2947 878091
2700 3053 878091
2947 2700 878091
2947 3300 878091
3053 2700 878091
3053 3300 878091
3300 2947 878091
3300 3053 878091
2700 3000 521162148
3000 2700 521162148
3000 3300 521162148
3300 3000 521162148
2701 2970 225104179
2701 3030 225104179
2970 2701 225104179
2970 3299 225104179
3030 2701 225104179
3030 3299 225104179
3299 2970 225104179
3299 3030 225104179
2709 2962 5389662
2709 3038 5389662
2962 2709 5389662
2962 3291 5389662
3038 2709 5389662
3038 3291 5389662
3291 2962 5389662
3291 3038 5389662
2712 3000 412803700
3000 2712 412803700
3000 3288 412803700
3288 3000 412803700
2718 2976 41462044
2718 3024 41462044
2976 2718 41462044
2976 3282 41462044
3024 2718 41462044
3024 3282 41462044
3282 2976 41462044
3282 3024 41462044
2720 2982 30743278
2720 3018 30743278
2982 2720 30743278
2982 3280 30743278
3018 2720 30743278
3018 3280 30743278
3280 2982 30743278
3280 3018 30743278
2724 3000 662625636
3000 2724 662625636
3000 3276 662625636
3276 3000 662625636
2736 3000 320594052
3000 2736 320594052
3000 3264 320594052
3264 3000 320594052
2737 2986 59488142
2737 3014 59488142
2986 2737 59488142
2986 3263 59488142
3014 2737 59488142
3014 3263 59488142
3263 2986 59488142
3263 3014 59488142
2739 2967 20549348
2739 3033 20549348
2967 2739 20549348
2967 3261 20549348
3033 2739 20549348
3033 3261 20549348
3261 2967 20549348
3261 3033 20549348
2740 2981 11556485
2740 3019 11556485
2981 2740 11556485
2981 3260 11556485
3019 2740 11556485
3019 3260 11556485
3260 2981 11556485
3260 3019 11556485
2748 3000 511795844
3000 2748 511795844
3000 3252 511795844
3252 3000 511795844
2760 3000 426822877
3000 2760 426822877
3000 3240 426822877
3240 3000 426822877
2772 3000 498594200
3000 2772 498594200
3000 3228 498594200
3228 3000 498594200
2784 3000 324994600
3000 2784 324994600
3000 3216 324994600
3216 3000 324994600
2796 3000 478690804
3000 2796 478690804
3000 3204 478690804
3204 3000 478690804
2808 3000 277476756
3000 2808 277476756
3000 3192 277476756
3192 3000 277476756
2820 3000 413833186
3000 2820 413833186
3000 3180 413833186
3180 3000 413833186
2832 3000 348501197
3000 2832 348501197
3000 3168 348501197
3168 3000 348501197
2844 3000 289315845
3000 2844 289315845
3000 3156 289315845
3156 3000 289315845
2856 3000 198307264
3000 2856 198307264
3000 3144 198307264
3144 3000 198307264
2868 3000 324560601
3000 2868 324560601
3000 3132 324560601
3132 3000 324560601
2880 3000 217766568
3000 2880 217766568
3000 3120 217766568
3120 3000 217766568
2892 3000 265536737
3000 2892 265536737
3000 3108 265536737
3108 3000 265536737
2904 3000 157107638
3000 2904 157107638
3000 3096 157107638
3096 3000 157107638
2916 3000 183722879
3000 2916 183722879
3000 3084 183722879
3084 3000 183722879
2928 3000 238830659
3000 2928 238830659
3000 3072 238830659
3072 3000 238830659
2940 3000 244654320
3000 2940 244654320
3000 3060 244654320
3060 3000 244654320
2952 2988 49899792
2952 3012 49899792
2988 2952 49899792
2988 3048 49899792
3012 2952 49899792
3012 3048 49899792
3048 2988 49899792
3048 3012 49899792
2952 3000 172327882
3000 2952 172327882
3000 3048 172327882
3048 3000 172327882
2954 2972 116160337
2954 3028 116160337
2972 2954 116160337
2972 3046 116160337
3028 2954 116160337
3028 3046 116160337
3046 2972 116160337
3046 3028 116160337
2958 2984 82257950
2958 3016 82257950
2984 2958 82257950
2984 3042 82257950
3016 2958 82257950
3016 3042 82257950
3042 2984 82257950
3042 3016 82257950
2963 2992 97488287
2963 3008 97488287
2992 2963 97488287
2992 3037 97488287
3008 2963 97488287
3008 3037 97488287
3037 2992 97488287
3037 3008 97488287
2964 3000 204908086
3000 2964 204908086
3000 3036 204908086
3036 3000 204908086
2967 2967 75344245
2967 3033 75344245
3033 2967 75344245
3033 3033 75344245
2969 2995 3956456
2969 3005 3956456
2995 2969 3956456
2995 3031 3956456
3005 2969 3956456
3005 3031 3956456
3031 2995 3956456
3031 3005 3956456
2970 2996 82257950
2970 3004 82257950
2996 2970 82257950
2996 3030 82257950
3004 2970 82257950
3004 3030 82257950
3030 2996 82257950
3030 3004 82257950
2976 2996 8740538
2976 3004 8740538
2996 2976 8740538
2996 3024 8740538
3004 2976 8740538
3004 3024 8740538
3024 2996 8740538
3024 3004 8740538
2976 3000 293898067
3000 2976 293898067
3000 3024 293898067
3024 3000 293898067
2988 3000 151364721
3000 2988 151364721
3000 3012 151364721
3012 3000 151364721
3000 3000 32771971
732 2688 10093
732 3312 10093
2688 732 10093
2688 5268 10093
3312 732 10093
3312 5268 10093
5268 2688 10093
5268 3312 10093
740 2690 17420518
740 3310 17420518
2690 740 17420518
2690 5260 17420518
3310 740 17420518
3310 5260 17420518
5260 2690 17420518
5260 3310 17420518
819 2337 43864178
819 3663 43864178
2337 819 43864178
2337 5181 43864178
3663 819 43864178
3663 5181 43864178
5181 2337 43864178
5181 3663 43864178
874 2369 10093
874 3631 10093
2369 874 10093
2369 5126 10093
3631 874 10093
3631 5126 10093
5126 2369 10093
5126 3631 10093
878 2470 154412807
878 3530 154412807
2470 878 154412807
2470 5122 154412807
3530 878 154412807
3530 5122 154412807
5122 2470 154412807
5122 3530 154412807
901 1760 176466012
901 4240 176466012
1760 901 176466012
1760 5099 176466012
4240 901 176466012
4240 5099 176466012
5099 1760 176466012
5099 4240 176466012
907 2574 10093
907 3426 10093
2574 907 10093
2574 5093 10093
3426 907 10093
3426 5093 10093
5093 2574 10093
5093 3426 10093
930 2715 38878236
930 3285 38878236
2715 930 38878236
2715 5070 38878236
3285 930 38878236
3285 5070 38878236
5070 2715 38878236
5070 3285 38878236
940 2309 10093
940 3691 10093
2309 940 10093
2309 5060 10093
3691 940 10093
3691 5060 10093
5060 2309 10093
5060 3691 10093
944 2794 93905272
944 3206 93905272
2794 944 93905272
2794 5056 93905272
3206 944 93905272
3206 5056 93905272
5056 2794 93905272
5056 3206 93905272
948 2299 10093
948 3701 10093
2299 948 10093
2299 5052 10093
3701 948 10093
3701 5052 10093
5052 2299 10093
5052 3701 10093
953 1760 159832748
953 4240 159832748
1760 953 159832748
1760 5047 159832748
4240 953 159832748
4240 5047 159832748
5047 1760 159832748
5047 4240 159832748
961 2641 30975417
961 3359 30975417
2641 961 30975417
2641 5039 30975417
3359 961 30975417
3359 5039 30975417
5039 2641 30975417
5039 3359 30975417
965 2874 104957107
965 3126 104957107
2874 965 104957107
2874 5035 104957107
3126 965 104957107
3126 5035 104957107
5035 2874 104957107
5035 3126 104957107
970 2371 10093
970 3629 10093
2371 970 10093
2371 5030 10093
3629 970 10093
3629 5030 10093
5030 2371 10093
5030 3629 10093
972 2280 22043112
972 3720 22043112
2280 972 22043112
2280 5028 22043112
3720 972 22043112
3720 5028 22043112
5028 2280 22043112
5028 3720 22043112
977 2888 74920339
977 3112 74920339
2888 977 74920339
2888 5023 74920339
3112 977 74920339
3112 5023 74920339
5023 2888 74920339
5023 3112 74920339
981 2950 10093
981 3050 10093
2950 981 10093
2950 5019 10093
3050 981 10093
3050 5019 10093
5019 2950 10093
5019 3050 10093
982 2432 10093
982 3568 10093
2432 982 10093
2432 5018 10093
3568 982 10093
3568 5018 10093
5018 2432 10093
5018 3568 10093
983 2280 39211305
983 3720 39211305
2280 983 39211305
2280 5017 39211305
3720 983 39211305
3720 5017 39211305
5017 2280 39211305
5017 3720 39211305
993 2357 44560595
993 3643 44560595
2357 993 44560595
2357 5007 44560595
3643 993 44560595
3643 5007 44560595
5007 2357 44560595
5007 3643 44560595
999 2000 9941605
999 4000 9941605
2000 999 9941605
2000 5001 9941605
4000 999 9941605
4000 5001 9941605
5001 2000 9941605
5001 4000 9941605
999 2683 112345183
999 3317 112345183
2683 999 112345183
2683 5001 112345183
3317 999 112345183
3317 5001 112345183
5001 2683 112345183
5001 3317 112345183
1000 1044 95732105
1000 4956 95732105
1044 1000 95732105
1044 5000 95732105
4956 1000 95732105
4956 5000 95732105
5000 1044 95732105
5000 4956 95732105
1020 3000 10093
3000 1020 10093
3000 4980 10093
4980 3000 10093
1032 2000 85790500
1032 4000 85790500
2000 1032 85790500
2000 4968 85790500
4000 1032 85790500
4000 4968 85790500
4968 2000 85790500
4968 4000 85790500
1068 2000 10093
1068 4000 10093
2000 1068 10093
2000 4932 10093
4000 1068 10093
4000 4932 10093
4932 2000 10093
4932 4000 10093
1103 2512 9679187
1103 3488 9679187
2512 1103 9679187
2512 4897 9679187
3488 1103 9679187
3488 4897 9679187
4897 2512 9679187
4897 3488 9679187
1108 2993 10093
1108 3007 10093
2993 1108 10093
2993 4892 10093
3007 1108 10093
3007 4892 10093
4892 2993 10093
4892 3007 10093
1110 2540 60840604
1110 3460 60840604
2540 1110 60840604
2540 4890 60840604
3460 1110 60840604
3460 4890 60840604
4890 2540 60840604
4890 3460 60840604
1192 1593 98053495
1192 4407 98053495
1593 1192 98053495
1593 4808 98053495
4407 1192 98053495
4407 4808 98053495
4808 1593 98053495
4808 4407 98053495
1230 1637 30319372
1230 4363 30319372
1637 1230 30319372
1637 4770 30319372
4363 1230 30319372
4363 4770 30319372
4770 1637 30319372
4770 4363 30319372
1268 1680 123084135
1268 4320 123084135
1680 1268 123084135
1680 4732 123084135
4320 1268 123084135
4320 4732 123084135
4732 1680 123084135
4732 4320 123084135
1448 1954 89232213
1448 4046 89232213
1954 1448 89232213
1954 4552 89232213
4046 1448 89232213
4046 4552 89232213
4552 1954 89232213
4552 4046 89232213
1492 1969 10093
1492 4031 10093
1969 1492 10093
1969 4508 10093
4031 1492 10093
4031 4508 10093
4508 1969 10093
4508 4031 10093
1499 1963 23597434
1499 4037 23597434
1963 1499 23597434
1963 4501 23597434
4037 1499 23597434
4037 4501 23597434
4501 1963 23597434
4501 4037 23597434
1568 2179 39160840
1568 3821 39160840
2179 1568 39160840
2179 4432 39160840
3821 1568 39160840
3821 4432 39160840
4432 2179 39160840
4432 3821 39160840
1580 2890 23042319
1580 3110 23042319
2890 1580 23042319
2890 4420 23042319
3110 1580 23042319
3110 4420 23042319
4420 2890 23042319
4420 3110 23042319
1592 2195 141372651
1592 3805 141372651
2195 1592 141372651
2195 4408 141372651
3805 1592 141372651
3805 4408 141372651
4408 2195 141372651
4408 3805 141372651
1594 1806 10093
1594 4194 10093
1806 1594 10093
1806 4406 10093
4194 1594 10093
4194 4406 10093
4406 1806 10093
4406 4194 10093
1644 2764 54734339
1644 3236 54734339
2764 1644 54734339
2764 4356 54734339
3236 1644 54734339
3236 4356 54734339
4356 2764 54734339
4356 3236 54734339
1653 2757 10093
1653 3243 10093
2757 1653 10093
2757 4347 10093
3243 1653 10093
3243 4347 10093
4347 2757 10093
4347 3243 10093
1662 2330 61971020
1662 3670 61971020
2330 1662 61971020
2330 4338 61971020
3670 1662 61971020
3670 4338 61971020
4338 2330 61971020
4338 3670 61971020
1670 2854 82883716
1670 3146 82883716
2854 1670 82883716
2854 4330 82883716
3146 1670 82883716
3146 4330 82883716
4330 2854 82883716
4330 3146 82883716
1732 2680 9941605
1732 3320 9941605
2680 1732 9941605
2680 4268 9941605
3320 1732 9941605
3320 4268 9941605
4268 2680 9941605
4268 3320 9941605
1750 2898 10093
1750 3102 10093
2898 1750 10093
2898 4250 10093
3102 1750 10093
3102 4250 10093
4250 2898 10093
4250 3102 10093
1778 2894 19913489
1778 3106 19913489
2894 1778 19913489
2894 4222 19913489
3106 1778 19913489
3106 4222 19913489
4222 2894 19913489
4222 3106 19913489
1779 2868 20771394
1779 3132 20771394
2868 1779 20771394
2868 4221 20771394
3132 1779 20771394
3132 4221 20771394
4221 2868 20771394
4221 3132 20771394
1793 2396 2058972
1793 3604 2058972
2396 1793 2058972
2396 4207 2058972
3604 1793 2058972
3604 4207 2058972
4207 2396 2058972
4207 3604 2058972
1797 2405 10093
1797 3595 10093
2405 1797 10093
2405 4203 10093
3595 1797 10093
3595 4203 10093
4203 2405 10093
4203 3595 10093
1813 2817 10093
1813 3183 10093
2817 1813 10093
2817 4187 10093
3183 1813 10093
3183 4187 10093
4187 2817 10093
4187 3183 10093
1843 2537 41653811
1843 3463 41653811
2537 1843 41653811
2537 4157 41653811
3463 1843 41653811
3463 4157 41653811
4157 2537 41653811
4157 3463 41653811
1866 2503 10093
1866 3497 10093
2503 1866 10093
2503 4134 10093
3497 1866 10093
3497 4134 10093
4134 2503 10093
4134 3497 10093
1878 2520 28896259
1878 3480 28896259
2520 1878 28896259
2520 4122 28896259
3480 1878 28896259
3480 4122 28896259
4122 2520 28896259
4122 3480 28896259
1896 2556 30854301
1896 3444 30854301
2556 1896 30854301
2556 4104 30854301
3444 1896 30854301
3444 4104 30854301
4104 2556 30854301
4104 3444 30854301
1911 2956 19963954
1911 3044 19963954
2956 1911 19963954
2956 4089 19963954
3044 1911 19963954
3044 4089 19963954
4089 2956 19963954
4089 3044 19963954
1912 2918 39594839
1912 3082 39594839
2918 1912 39594839
2918 4088 39594839
3082 1912 39594839
3082 4088 39594839
4088 2918 39594839
4088 3082 39594839
1919 1938 31560811
1919 4062 31560811
1938 1919 31560811
1938 4081 31560811
4062 1919 31560811
4062 4081 31560811
4081 1938 31560811
4081 4062 31560811
1923 1938 10093
1923 4062 10093
1938 1923 10093
1938 4077 10093
4062 1923 10093
4062 4077 10093
4077 1938 10093
4077 4062 10093
1930 2483 10093
1930 3517 10093
2483 1930 10093
2483 4070 10093
3517 1930 10093
3517 4070 10093
4070 2483 10093
4070 3517 10093
1957 2703 140070654
1957 3297 140070654
2703 1957 140070654
2703 4043 140070654
3297 1957 140070654
3297 4043 140070654
4043 2703 140070654
4043 3297 140070654
1961 2435 26322544
1961 3565 26322544
2435 1961 26322544
2435 4039 26322544
3565 1961 26322544
3565 4039 26322544
4039 2435 26322544
4039 3565 26322544
1986 2774 76797637
1986 3226 76797637
2774 1986 76797637
2774 4014 76797637
3226 1986 76797637
3226 4014 76797637
4014 2774 76797637
4014 3226 76797637
1988 2902 18540841
1988 3098 18540841
2902 1988 18540841
2902 4012 18540841
3098 1988 18540841
3098 4012 18540841
4012 2902 18540841
4012 3098 18540841
1997 2952 54340712
1997 3048 54340712
2952 1997 54340712
2952 4003 54340712
3048 1997 54340712
3048 4003 54340712
4003 2952 54340712
4003 3048 54340712
1999 2050 37626704
1999 3950 37626704
2050 1999 37626704
2050 4001 37626704
3950 1999 37626704
3950 4001 37626704
4001 2050 37626704
4001 3950 37626704
1999 2938 19913489
1999 3062 19913489
2938 1999 19913489
2938 4001 19913489
3062 1999 19913489
3062 4001 19913489
4001 2938 19913489
4001 3062 19913489
2000 3000 121358232
3000 2000 121358232
3000 4000 121358232
4000 3000 121358232
2010 2997 83095669
2010 3003 83095669
2997 2010 83095669
2997 3990 83095669
3003 2010 83095669
3003 3990 83095669
3990 2997 83095669
3990 3003 83095669
2023 2732 44479851
2023 3268 44479851
2732 2023 44479851
2732 3977 44479851
3268 2023 44479851
3268 3977 44479851
3977 2732 44479851
3977 3268 44479851
2040 2359 383534
2040 3641 383534
2359 2040 383534
2359 3960 383534
3641 2040 383534
3641 3960 383534
3960 2359 383534
3960 3641 383534
2042 2369 32903180
2042 3631 32903180
2369 2042 32903180
2369 3958 32903180
3631 2042 32903180
3631 3958 32903180
3958 2369 32903180
3958 3631 32903180
2094 2515 10093
2094 3485 10093
2515 2094 10093
2515 3906 10093
3485 2094 10093
3485 3906 10093
3906 2515 10093
3906 3485 10093
2138 2351 59861583
2138 3649 59861583
2351 2138 59861583
2351 3862 59861583
3649 2138 59861583
3649 3862 59861583
3862 2351 59861583
3862 3649 59861583
2371 2442 78321680
2371 3558 78321680
2442 2371 78321680
2442 3629 78321680
3558 2371 78321680
3558 3629 78321680
3629 2442 78321680
3629 3558 78321680
2670 2900 10093
2670 3100 10093
2900 2670 10093
2900 3330 10093
3100 2670 10093
3100 3330 10093
3330 2900 10093
3330 3100 10093
2682 2853 10093
2682 3147 10093
2853 2682 10093
2853 3318 10093
3147 2682 10093
3147 3318 10093
3318 2853 10093
3318 3147 10093
2710 2940 54169131
2710 3060 54169131
2940 2710 54169131
2940 3290 54169131
3060 2710 54169131
3060 3290 54169131
3290 2940 54169131
3290 3060 54169131
2742 2982 46871892
2742 3018 46871892
2982 2742 46871892
2982 3258 46871892
3018 2742 46871892
3018 3258 46871892
3258 2982 46871892
3258 3018 46871892
2850 2996 32842622
2850 3004 32842622
2996 2850 32842622
2996 3150 32842622
3004 2850 32842622
3004 3150 32842622
3150 2996 32842622
3150 3004 32842622
2940 2967 57237403
2940 3033 57237403
2967 2940 57237403
2967 3060 57237403
3033 2940 57237403
3033 3060 57237403
3060 2967 57237403
3060 3033 57237403
2980 2995 60446977
2980 3005 60446977
2995 2980 60446977
2995 3020 60446977
3005 2980 60446977
3005 3020 60446977
3020 2995 60446977
3020 3005 60446977
