6 1
1000
100000000000
13085
267 1000 13202354
267 5000 13202354
1000 267 13202354
1000 5733 13202354
5000 267 13202354
5000 5733 13202354
5733 1000 13202354
5733 5000 13202354
310 2000 80386768
310 4000 80386768
2000 310 80386768
2000 5690 80386768
4000 310 80386768
4000 5690 80386768
5690 2000 80386768
5690 4000 80386768
310 3000 11433279
3000 310 11433279
3000 5690 11433279
5690 3000 11433279
316 1000 135399946
316 5000 135399946
1000 316 135399946
1000 5684 135399946
5000 316 135399946
5000 5684 135399946
5684 1000 135399946
5684 5000 135399946
330 1000 107994447
330 5000 107994447
1000 330 107994447
1000 5670 107994447
5000 330 107994447
5000 5670 107994447
5670 1000 107994447
5670 5000 107994447
350 2000 231243375
350 4000 231243375
2000 350 231243375
2000 5650 231243375
4000 350 231243375
4000 5650 231243375
5650 2000 231243375
5650 4000 231243375
350 3000 254049279
3000 350 254049279
3000 5650 254049279
5650 3000 254049279
400 2000 94963946
400 4000 94963946
2000 400 94963946
2000 5600 94963946
4000 400 94963946
4000 5600 94963946
5600 2000 94963946
5600 4000 94963946
400 3000 114878676
3000 400 114878676
3000 5600 114878676
5600 3000 114878676
430 2000 155820126
430 4000 155820126
2000 430 155820126
2000 5570 155820126
4000 430 155820126
4000 5570 155820126
5570 2000 155820126
5570 4000 155820126
430 3000 255747591
3000 430 255747591
3000 5570 255747591
5570 3000 255747591
457 1000 384991156
457 5000 384991156
1000 457 384991156
1000 5543 384991156
5000 457 384991156
5000 5543 384991156
5543 1000 384991156
5543 5000 384991156
464 2000 415621426
464 4000 415621426
2000 464 415621426
2000 5536 415621426
4000 464 415621426
4000 5536 415621426
5536 2000 415621426
5536 4000 415621426
464 3000 435020597
3000 464 435020597
3000 5536 435020597
5536 3000 435020597
480 1000 552881428
480 5000 552881428
1000 480 552881428
1000 5520 552881428
5000 480 552881428
5000 5520 552881428
5520 1000 552881428
5520 5000 552881428
509 1000 1701567098
509 5000 1701567098
1000 509 1701567098
1000 5491 1701567098
5000 509 1701567098
5000 5491 1701567098
5491 1000 1701567098
5491 5000 1701567098
510 2000 1834490339
510 4000 1834490339
2000 510 1834490339
2000 5490 1834490339
4000 510 1834490339
4000 5490 1834490339
5490 2000 1834490339
5490 4000 1834490339
510 3000 1704518926
3000 510 1704518926
3000 5490 1704518926
5490 3000 1704518926
534 1000 809518611
534 5000 809518611
1000 534 809518611
1000 5466 809518611
5000 534 809518611
5000 5466 809518611
5466 1000 809518611
5466 5000 809518611
539 2000 809518611
539 4000 809518611
2000 539 809518611
2000 5461 809518611
4000 539 809518611
4000 5461 809518611
5461 2000 809518611
5461 4000 809518611
550 1000 966379964
550 5000 966379964
1000 550 966379964
1000 5450 966379964
5000 550 966379964
5000 5450 966379964
5450 1000 966379964
5450 5000 966379964
550 3000 809518611
3000 550 809518611
3000 5450 809518611
5450 3000 809518611
554 2000 373628640
554 4000 373628640
2000 554 373628640
2000 5446 373628640
4000 554 373628640
4000 5446 373628640
5446 2000 373628640
5446 4000 373628640
565 1000 228534163
565 5000 228534163
1000 565 228534163
1000 5435 228534163
5000 565 228534163
5000 5435 228534163
5435 1000 228534163
5435 5000 228534163
582 1000 1752081771
582 5000 1752081771
1000 582 1752081771
1000 5418 1752081771
5000 582 1752081771
5000 5418 1752081771
5418 1000 1752081771
5418 5000 1752081771
582 2000 1690214691
582 4000 1690214691
2000 582 1690214691
2000 5418 1690214691
4000 582 1690214691
4000 5418 1690214691
5418 2000 1690214691
5418 4000 1690214691
600 1000 988902816
600 5000 988902816
1000 600 988902816
1000 5400 988902816
5000 600 988902816
5000 5400 988902816
5400 1000 988902816
5400 5000 988902816
600 2000 1752425477
600 4000 1752425477
2000 600 1752425477
2000 5400 1752425477
4000 600 1752425477
4000 5400 1752425477
5400 2000 1752425477
5400 4000 1752425477
600 3000 1812341520
3000 600 1812341520
3000 5400 1812341520
5400 3000 1812341520
618 1000 1422214992
618 5000 1422214992
1000 618 1422214992
1000 5382 1422214992
5000 618 1422214992
5000 5382 1422214992
5382 1000 1422214992
5382 5000 1422214992
620 2000 1106834410
620 4000 1106834410
2000 620 1106834410
2000 5380 1106834410
4000 620 1106834410
4000 5380 1106834410
5380 2000 1106834410
5380 4000 1106834410
620 3000 1201131162
3000 620 1201131162
3000 5380 1201131162
5380 3000 1201131162
632 2000 313712597
632 4000 313712597
2000 632 313712597
2000 5368 313712597
4000 632 313712597
4000 5368 313712597
5368 2000 313712597
5368 4000 313712597
632 3000 224126639
3000 632 224126639
3000 5368 224126639
5368 3000 224126639
639 1000 1680611141
639 5000 1680611141
1000 639 1680611141
1000 5361 1680611141
5000 639 1680611141
5000 5361 1680611141
5361 1000 1680611141
5361 5000 1680611141
650 2000 1693479898
650 4000 1693479898
2000 650 1693479898
2000 5350 1693479898
4000 650 1693479898
4000 5350 1693479898
5350 2000 1693479898
5350 4000 1693479898
650 3000 1600123283
3000 650 1600123283
3000 5350 1600123283
5350 3000 1600123283
659 1000 417865624
659 5000 417865624
1000 659 417865624
1000 5341 417865624
5000 659 417865624
5000 5341 417865624
5341 1000 417865624
5341 5000 417865624
660 3000 265967790
3000 660 265967790
3000 5340 265967790
5340 3000 265967790
670 2000 373628640
670 4000 373628640
2000 670 373628640
2000 5330 373628640
4000 670 373628640
4000 5330 373628640
5330 2000 373628640
5330 4000 373628640
679 1000 1877736641
679 5000 1877736641
1000 679 1877736641
1000 5321 1877736641
5000 679 1877736641
5000 5321 1877736641
5321 1000 1877736641
5321 5000 1877736641
682 2000 2477867535
682 4000 2477867535
2000 682 2477867535
2000 5318 2477867535
4000 682 2477867535
4000 5318 2477867535
5318 2000 2477867535
5318 4000 2477867535
682 3000 2312019281
3000 682 2312019281
3000 5318 2312019281
5318 3000 2312019281
700 1000 1014650439
700 5000 1014650439
1000 700 1014650439
1000 5300 1014650439
5000 700 1014650439
5000 5300 1014650439
5300 1000 1014650439
5300 5000 1014650439
700 3000 256778709
3000 700 256778709
3000 5300 256778709
5300 3000 256778709
703 2000 224207511
703 4000 224207511
2000 703 224207511
2000 5297 224207511
4000 703 224207511
4000 5297 224207511
5297 2000 224207511
5297 4000 224207511
713 1000 1387227743
713 5000 1387227743
1000 713 1387227743
1000 5287 1387227743
5000 713 1387227743
5000 5287 1387227743
5287 1000 1387227743
5287 5000 1387227743
719 2000 367118444
719 4000 367118444
2000 719 367118444
2000 5281 367118444
4000 719 367118444
4000 5281 367118444
5281 2000 367118444
5281 4000 367118444
730 1000 855807722
730 5000 855807722
1000 730 855807722
1000 5270 855807722
5000 730 855807722
5000 5270 855807722
5270 1000 855807722
5270 5000 855807722
730 2000 1369769500
730 4000 1369769500
2000 730 1369769500
2000 5270 1369769500
4000 730 1369769500
4000 5270 1369769500
5270 2000 1369769500
5270 4000 1369769500
730 3000 1511143865
3000 730 1511143865
3000 5270 1511143865
5270 3000 1511143865
741 2000 400094002
741 4000 400094002
2000 741 400094002
2000 5259 400094002
4000 741 400094002
4000 5259 400094002
5259 2000 400094002
5259 4000 400094002
741 3000 421858679
3000 741 421858679
3000 5259 421858679
5259 3000 421858679
748 1000 1329303173
748 5000 1329303173
1000 748 1329303173
1000 5252 1329303173
5000 748 1329303173
5000 5252 1329303173
5252 1000 1329303173
5252 5000 1329303173
750 2000 1174392857
750 4000 1174392857
2000 750 1174392857
2000 5250 1174392857
4000 750 1174392857
4000 5250 1174392857
5250 2000 1174392857
5250 4000 1174392857
750 3000 1283650929
3000 750 1283650929
3000 5250 1283650929
5250 3000 1283650929
764 2000 236449510
764 4000 236449510
2000 764 236449510
2000 5236 236449510
4000 764 236449510
4000 5236 236449510
5236 2000 236449510
5236 4000 236449510
766 1000 1408052283
766 5000 1408052283
1000 766 1408052283
1000 5234 1408052283
5000 766 1408052283
5000 5234 1408052283
5234 1000 1408052283
5234 5000 1408052283
769 2000 587252028
769 4000 587252028
2000 769 587252028
2000 5231 587252028
4000 769 587252028
4000 5231 587252028
5231 2000 587252028
5231 4000 587252028
769 3000 710147141
3000 769 710147141
3000 5231 710147141
5231 3000 710147141
780 2000 1032796094
780 4000 1032796094
2000 780 1032796094
2000 5220 1032796094
4000 780 1032796094
4000 5220 1032796094
5220 2000 1032796094
5220 4000 1032796094
782 1000 1983830596
782 5000 1983830596
1000 782 1983830596
1000 5218 1983830596
5000 782 1983830596
5000 5218 1983830596
5218 1000 1983830596
5218 5000 1983830596
784 3000 132781715
3000 784 132781715
3000 5216 132781715
5216 3000 132781715
787 2000 921182625
787 4000 921182625
2000 787 921182625
2000 5213 921182625
4000 787 921182625
4000 5213 921182625
5213 2000 921182625
5213 4000 921182625
800 2000 964762524
800 4000 964762524
2000 800 964762524
2000 5200 964762524
4000 800 964762524
4000 5200 964762524
5200 2000 964762524
5200 4000 964762524
800 3000 948264636
3000 800 948264636
3000 5200 948264636
5200 3000 948264636
805 1000 1721896297
805 5000 1721896297
1000 805 1721896297
1000 5195 1721896297
5000 805 1721896297
5000 5195 1721896297
5195 1000 1721896297
5195 5000 1721896297
808 2000 1510850704
808 4000 1510850704
2000 808 1510850704
2000 5192 1510850704
4000 808 1510850704
4000 5192 1510850704
5192 2000 1510850704
5192 4000 1510850704
808 3000 1645128551
3000 808 1645128551
3000 5192 1645128551
5192 3000 1645128551
810 2309 284962601
810 3691 284962601
2309 810 284962601
2309 5190 284962601
3691 810 284962601
3691 5190 284962601
5190 2309 284962601
5190 3691 284962601
820 2000 1561678756
820 4000 1561678756
2000 820 1561678756
2000 5180 1561678756
4000 820 1561678756
4000 5180 1561678756
5180 2000 1561678756
5180 4000 1561678756
820 3000 1466310450
3000 820 1466310450
3000 5180 1466310450
5180 3000 1466310450
830 2470 154950752
830 3530 154950752
2470 830 154950752
2470 5170 154950752
3530 830 154950752
3530 5170 154950752
5170 2470 154950752
5170 3530 154950752
833 2501 43317065
833 3499 43317065
2501 833 43317065
2501 5167 43317065
3499 833 43317065
3499 5167 43317065
5167 2501 43317065
5167 3499 43317065
834 2537 72026625
834 3463 72026625
2537 834 72026625
2537 5166 72026625
3463 834 72026625
3463 5166 72026625
5166 2537 72026625
5166 3463 72026625
840 1000 2877971646
840 5000 2877971646
1000 840 2877971646
1000 5160 2877971646
5000 840 2877971646
5000 5160 2877971646
5160 1000 2877971646
5160 5000 2877971646
840 2000 1339897405
840 4000 1339897405
2000 840 1339897405
2000 5160 1339897405
4000 840 1339897405
4000 5160 1339897405
5160 2000 1339897405
5160 4000 1339897405
840 3000 1327291482
3000 840 1327291482
3000 5160 1327291482
5160 3000 1327291482
842 2263 97592286
842 3737 97592286
2263 842 97592286
2263 5158 97592286
3737 842 97592286
3737 5158 97592286
5158 2263 97592286
5158 3737 97592286
845 2000 1437499800
845 4000 1437499800
2000 845 1437499800
2000 5155 1437499800
4000 845 1437499800
4000 5155 1437499800
5155 2000 1437499800
5155 4000 1437499800
845 3000 1415987848
3000 845 1415987848
3000 5155 1415987848
5155 3000 1415987848
850 2509 135147221
850 3491 135147221
2509 850 135147221
2509 5150 135147221
3491 850 135147221
3491 5150 135147221
5150 2509 135147221
5150 3491 135147221
857 2000 1304414815
857 4000 1304414815
2000 857 1304414815
2000 5143 1304414815
4000 857 1304414815
4000 5143 1304414815
5143 2000 1304414815
5143 4000 1304414815
857 3000 1474296560
3000 857 1474296560
3000 5143 1474296560
5143 3000 1474296560
860 2311 178251997
860 3689 178251997
2311 860 178251997
2311 5140 178251997
3689 860 178251997
3689 5140 178251997
5140 2311 178251997
5140 3689 178251997
864 2562 10109
864 3438 10109
2562 864 10109
2562 5136 10109
3438 864 10109
3438 5136 10109
5136 2562 10109
5136 3438 10109
873 1580 55346775
873 4420 55346775
1580 873 55346775
1580 5127 55346775
4420 873 55346775
4420 5127 55346775
5127 1580 55346775
5127 4420 55346775
873 2261 3679676
873 3739 3679676
2261 873 3679676
2261 5127 3679676
3739 873 3679676
3739 5127 3679676
5127 2261 3679676
5127 3739 3679676
873 2739 164968771
873 3261 164968771
2739 873 164968771
2739 5127 164968771
3261 873 164968771
3261 5127 164968771
5127 2739 164968771
5127 3261 164968771
874 3000 373628640
3000 874 373628640
3000 5126 373628640
5126 3000 373628640
879 2424 58551328
879 3576 58551328
2424 879 58551328
2424 5121 58551328
3576 879 58551328
3576 5121 58551328
5121 2424 58551328
5121 3576 58551328
880 1000 2798019565
880 5000 2798019565
1000 880 2798019565
1000 5120 2798019565
5000 880 2798019565
5000 5120 2798019565
5120 1000 2798019565
5120 5000 2798019565
880 1567 175593330
880 4433 175593330
1567 880 175593330
1567 5120 175593330
4433 880 175593330
4433 5120 175593330
5120 1567 175593330
5120 4433 175593330
880 2000 1771713449
880 4000 1771713449
2000 880 1771713449
2000 5120 1771713449
4000 880 1771713449
4000 5120 1771713449
5120 2000 1771713449
5120 4000 1771713449
880 3000 1699161156
3000 880 1699161156
3000 5120 1699161156
5120 3000 1699161156
883 1501 191777839
883 4499 191777839
1501 883 191777839
1501 5117 191777839
4499 883 191777839
4499 5117 191777839
5117 1501 191777839
5117 4499 191777839
884 1450 272245479
884 4550 272245479
1450 884 272245479
1450 5116 272245479
4550 884 272245479
4550 5116 272245479
5116 1450 272245479
5116 4550 272245479
893 2627 57146177
893 3373 57146177
2627 893 57146177
2627 5107 57146177
3373 893 57146177
3373 5107 57146177
5107 2627 57146177
5107 3373 57146177
895 1491 286954074
895 4509 286954074
1491 895 286954074
1491 5105 286954074
4509 895 286954074
4509 5105 286954074
5105 1491 286954074
5105 4509 286954074
895 1540 238865561
895 4460 238865561
1540 895 238865561
1540 5105 238865561
4460 895 238865561
4460 5105 238865561
5105 1540 238865561
5105 4460 238865561
895 2609 51090886
895 3391 51090886
2609 895 51090886
2609 5105 51090886
3391 895 51090886
3391 5105 51090886
5105 2609 51090886
5105 3391 51090886
896 1593 83530667
896 4407 83530667
1593 896 83530667
1593 5104 83530667
4407 896 83530667
4407 5104 83530667
5104 1593 83530667
5104 4407 83530667
900 1483 203777222
900 4517 203777222
1483 900 203777222
1483 5100 203777222
4517 900 203777222
4517 5100 203777222
5100 1483 203777222
5100 4517 203777222
900 2000 523605764
900 4000 523605764
2000 900 523605764
2000 5100 523605764
4000 900 523605764
4000 5100 523605764
5100 2000 523605764
5100 4000 523605764
900 3000 923952491
3000 900 923952491
3000 5100 923952491
5100 3000 923952491
903 2722 2072345
903 3278 2072345
2722 903 2072345
2722 5097 2072345
3278 903 2072345
3278 5097 2072345
5097 2722 2072345
5097 3278 2072345
904 1000 967643589
904 5000 967643589
1000 904 967643589
1000 5096 967643589
5000 904 967643589
5000 5096 967643589
5096 1000 967643589
5096 5000 967643589
908 2280 43044122
908 3720 43044122
2280 908 43044122
2280 5092 43044122
3720 908 43044122
3720 5092 43044122
5092 2280 43044122
5092 3720 43044122
909 1523 170154688
909 4477 170154688
1523 909 170154688
1523 5091 170154688
4477 909 170154688
4477 5091 170154688
5091 1523 170154688
5091 4477 170154688
912 1467 177645457
912 4533 177645457
1467 912 177645457
1467 5088 177645457
4533 912 177645457
4533 5088 177645457
5088 1467 177645457
5088 4533 177645457
914 2000 893312112
914 4000 893312112
2000 914 893312112
2000 5086 893312112
4000 914 893312112
4000 5086 893312112
5086 2000 893312112
5086 4000 893312112
914 3000 844991092
3000 914 844991092
3000 5086 844991092
5086 3000 844991092
915 1548 160379285
915 4452 160379285
1548 915 160379285
1548 5085 160379285
4452 915 160379285
4452 5085 160379285
5085 1548 160379285
5085 4452 160379285
915 1565 176159434
915 4435 176159434
1565 915 176159434
1565 5085 176159434
4435 915 176159434
4435 5085 176159434
5085 1565 176159434
5085 4435 176159434
915 2715 97986537
915 3285 97986537
2715 915 97986537
2715 5085 97986537
3285 915 97986537
3285 5085 97986537
5085 2715 97986537
5085 3285 97986537
919 2308 11423170
919 3692 11423170
2308 919 11423170
2308 5081 11423170
3692 919 11423170
3692 5081 11423170
5081 2308 11423170
5081 3692 11423170
920 1000 1011890682
920 5000 1011890682
1000 920 1011890682
1000 5080 1011890682
5000 920 1011890682
5000 5080 1011890682
5080 1000 1011890682
5080 5000 1011890682
920 2492 193344734
920 3508 193344734
2492 920 193344734
2492 5080 193344734
3508 920 193344734
3508 5080 193344734
5080 2492 193344734
5080 3508 193344734
925 2399 50939251
925 3601 50939251
2399 925 50939251
2399 5075 50939251
3601 925 50939251
3601 5075 50939251
5075 2399 50939251
5075 3601 50939251
925 2601 33885368
925 3399 33885368
2601 925 33885368
2601 5075 33885368
3399 925 33885368
3399 5075 33885368
5075 2601 33885368
5075 3399 33885368
927 1411 119640015
927 4589 119640015
1411 927 119640015
1411 5073 119640015
4589 927 119640015
4589 5073 119640015
5073 1411 119640015
5073 4589 119640015
930 1000 222034076
930 5000 222034076
1000 930 222034076
1000 5070 222034076
5000 930 222034076
5000 5070 222034076
5070 1000 222034076
5070 5000 222034076
930 1481 96733021
930 4519 96733021
1481 930 96733021
1481 5070 96733021
4519 930 96733021
4519 5070 96733021
5070 1481 96733021
5070 4519 96733021
933 2000 1469019662
933 4000 1469019662
2000 933 1469019662
2000 5067 1469019662
4000 933 1469019662
4000 5067 1469019662
5067 2000 1469019662
5067 4000 1469019662
933 3000 1661373714
3000 933 1661373714
3000 5067 1661373714
5067 3000 1661373714
938 2000 208477907
938 4000 208477907
2000 938 208477907
2000 5062 208477907
4000 938 208477907
4000 5062 208477907
5062 2000 208477907
5062 4000 208477907
940 1458 25777950
940 4542 25777950
1458 940 25777950
1458 5060 25777950
4542 940 25777950
4542 5060 25777950
5060 1458 25777950
5060 4542 25777950
950 1000 1262199631
950 5000 1262199631
1000 950 1262199631
1000 5050 1262199631
5000 950 1262199631
5000 5050 1262199631
5050 1000 1262199631
5050 5000 1262199631
950 2000 1108552940
950 4000 1108552940
2000 950 1108552940
2000 5050 1108552940
4000 950 1108552940
4000 5050 1108552940
5050 2000 1108552940
5050 4000 1108552940
950 3000 1083644364
3000 950 1083644364
3000 5050 1083644364
5050 3000 1083644364
953 1444 116991457
953 4556 116991457
1444 953 116991457
1444 5047 116991457
4556 953 116991457
4556 5047 116991457
5047 1444 116991457
5047 4556 116991457
954 1838 208801395
954 4162 208801395
1838 954 208801395
1838 5046 208801395
4162 954 208801395
4162 5046 208801395
5046 1838 208801395
5046 4162 208801395
955 1824 38292892
955 4176 38292892
1824 955 38292892
1824 5045 38292892
4176 955 38292892
4176 5045 38292892
5045 1824 38292892
5045 4176 38292892
957 1431 124795605
957 4569 124795605
1431 957 124795605
1431 5043 124795605
4569 957 124795605
4569 5043 124795605
5043 1431 124795605
5043 4569 124795605
959 1810 15618405
959 4190 15618405
1810 959 15618405
1810 5041 15618405
4190 959 15618405
4190 5041 15618405
5041 1810 15618405
5041 4190 15618405
959 2566 96429751
959 3434 96429751
2566 959 96429751
2566 5041 96429751
3434 959 96429751
3434 5041 96429751
5041 2566 96429751
5041 3434 96429751
961 1000 2625529698
961 5000 2625529698
1000 961 2625529698
1000 5039 2625529698
5000 961 2625529698
5000 5039 2625529698
5039 1000 2625529698
5039 5000 2625529698
961 2000 3627786503
961 4000 3627786503
2000 961 3627786503
2000 5039 3627786503
4000 961 3627786503
4000 5039 3627786503
5039 2000 3627786503
5039 4000 3627786503
961 3000 3675460547
3000 961 3675460547
3000 5039 3675460547
5039 3000 3675460547
962 1416 102070573
962 4584 102070573
1416 962 102070573
1416 5038 102070573
4584 962 102070573
4584 5038 102070573
5038 1416 102070573
5038 4584 102070573
962 2276 50019332
962 3724 50019332
2276 962 50019332
2276 5038 50019332
3724 962 50019332
3724 5038 50019332
5038 2276 50019332
5038 3724 50019332
967 2869 315906250
967 3131 315906250
2869 967 315906250
2869 5033 315906250
3131 967 315906250
3131 5033 315906250
5033 2869 315906250
5033 3131 315906250
968 2406 10109
968 3594 10109
2406 968 10109
2406 5032 10109
3594 968 10109
3594 5032 10109
5032 2406 10109
5032 3594 10109
969 2000 513547309
969 4000 513547309
2000 969 513547309
2000 5031 513547309
4000 969 513547309
4000 5031 513547309
5031 2000 513547309
5031 4000 513547309
972 2643 180223252
972 3357 180223252
2643 972 180223252
2643 5028 180223252
3357 972 180223252
3357 5028 180223252
5028 2643 180223252
5028 3357 180223252
972 2720 97885447
972 3280 97885447
2720 972 97885447
2720 5028 97885447
3280 972 97885447
3280 5028 97885447
5028 2720 97885447
5028 3280 97885447
978 2388 166050434
978 3612 166050434
2388 978 166050434
2388 5022 166050434
3612 978 166050434
3612 5022 166050434
5022 2388 166050434
5022 3612 166050434
980 1440 239542864
980 4560 239542864
1440 980 239542864
1440 5020 239542864
4560 980 239542864
4560 5020 239542864
5020 1440 239542864
5020 4560 239542864
980 2651 65769154
980 3349 65769154
2651 980 65769154
2651 5020 65769154
3349 980 65769154
3349 5020 65769154
5020 2651 65769154
5020 3349 65769154
985 1420 188694594
985 4580 188694594
1420 985 188694594
1420 5015 188694594
4580 985 188694594
4580 5015 188694594
5015 1420 188694594
5015 4580 188694594
985 1889 199956020
985 4111 199956020
1889 985 199956020
1889 5015 199956020
4111 985 199956020
4111 5015 199956020
5015 1889 199956020
5015 4111 199956020
985 1945 226370837
985 4055 226370837
1945 985 226370837
1945 5015 226370837
4055 985 226370837
4055 5015 226370837
5015 1945 226370837
5015 4055 226370837
987 1000 2426493597
987 5000 2426493597
1000 987 2426493597
1000 5013 2426493597
5000 987 2426493597
5000 5013 2426493597
5013 1000 2426493597
5013 5000 2426493597
987 1935 494036939
987 4065 494036939
1935 987 494036939
1935 5013 494036939
4065 987 494036939
4065 5013 494036939
5013 1935 494036939
5013 4065 494036939
989 2101 199025992
989 3899 199025992
2101 989 199025992
2101 5011 199025992
3899 989 199025992
3899 5011 199025992
5011 2101 199025992
5011 3899 199025992
989 2342 107873139
989 3658 107873139
2342 989 107873139
2342 5011 107873139
3658 989 107873139
3658 5011 107873139
5011 2342 107873139
5011 3658 107873139
989 2424 102020028
989 3576 102020028
2424 989 102020028
2424 5011 102020028
3576 989 102020028
3576 5011 102020028
5011 2424 102020028
5011 3576 102020028
990 1484 182983009
990 4516 182983009
1484 990 182983009
1484 5010 182983009
4516 990 182983009
4516 5010 182983009
5010 1484 182983009
5010 4516 182983009
990 1968 393866858
990 4032 393866858
1968 990 393866858
1968 5010 393866858
4032 990 393866858
4032 5010 393866858
5010 1968 393866858
5010 4032 393866858
990 2000 2558749644
990 4000 2558749644
2000 990 2558749644
2000 5010 2558749644
4000 990 2558749644
4000 5010 2558749644
5010 2000 2558749644
5010 4000 2558749644
990 3000 2532425808
3000 990 2532425808
3000 5010 2532425808
5010 3000 2532425808
991 2964 129829887
991 3036 129829887
2964 991 129829887
2964 5009 129829887
3036 991 129829887
3036 5009 129829887
5009 2964 129829887
5009 3036 129829887
993 2980 230576181
993 3020 230576181
2980 993 230576181
2980 5007 230576181
3020 993 230576181
3020 5007 230576181
5007 2980 230576181
5007 3020 230576181
994 1000 2558749644
994 5000 2558749644
1000 994 2558749644
1000 5006 2558749644
5000 994 2558749644
5000 5006 2558749644
5006 1000 2558749644
5006 5000 2558749644
994 2110 79699356
994 3890 79699356
2110 994 79699356
2110 5006 79699356
3890 994 79699356
3890 5006 79699356
5006 2110 79699356
5006 3890 79699356
995 1987 61685118
995 4013 61685118
1987 995 61685118
1987 5005 61685118
4013 995 61685118
4013 5005 61685118
5005 1987 61685118
5005 4013 61685118
999 999 1522506381
999 5001 1522506381
5001 999 1522506381
5001 5001 1522506381
999 1834 307343927
999 4166 307343927
1834 999 307343927
1834 5001 307343927
4166 999 307343927
4166 5001 307343927
5001 1834 307343927
5001 4166 307343927
999 2424 172510085
999 3576 172510085
2424 999 172510085
2424 5001 172510085
3576 999 172510085
3576 5001 172510085
5001 2424 172510085
5001 3576 172510085
1000 1000 742708230
1000 5000 742708230
5000 1000 742708230
5000 5000 742708230
1000 1070 84794292
1000 4930 84794292
1070 1000 84794292
1070 5000 84794292
4930 1000 84794292
4930 5000 84794292
5000 1070 84794292
5000 4930 84794292
1000 1116 212137365
1000 4884 212137365
1116 1000 212137365
1116 5000 212137365
4884 1000 212137365
4884 5000 212137365
5000 1116 212137365
5000 4884 212137365
1000 1150 189301134
1000 4850 189301134
1150 1000 189301134
1150 5000 189301134
4850 1000 189301134
4850 5000 189301134
5000 1150 189301134
5000 4850 189301134
1000 1190 228119694
1000 4810 228119694
1190 1000 228119694
1190 5000 228119694
4810 1000 228119694
4810 5000 228119694
5000 1190 228119694
5000 4810 228119694
1000 1200 250824508
1000 4800 250824508
1200 1000 250824508
1200 5000 250824508
4800 1000 250824508
4800 5000 250824508
5000 1200 250824508
5000 4800 250824508
1000 1210 180850010
1000 4790 180850010
1210 1000 180850010
1210 5000 180850010
4790 1000 180850010
4790 5000 180850010
5000 1210 180850010
5000 4790 180850010
1000 1217 233770625
1000 4783 233770625
1217 1000 233770625
1217 5000 233770625
4783 1000 233770625
4783 5000 233770625
5000 1217 233770625
5000 4783 233770625
1000 1227 394695796
1000 4773 394695796
1227 1000 394695796
1227 5000 394695796
4773 1000 394695796
4773 5000 394695796
5000 1227 394695796
5000 4773 394695796
1000 1240 365693075
1000 4760 365693075
1240 1000 365693075
1240 5000 365693075
4760 1000 365693075
4760 5000 365693075
5000 1240 365693075
5000 4760 365693075
1000 1245 121520289
1000 4755 121520289
1245 1000 121520289
1245 5000 121520289
4755 1000 121520289
4755 5000 121520289
5000 1245 121520289
5000 4755 121520289
1000 1260 733630348
1000 4740 733630348
1260 1000 733630348
1260 5000 733630348
4740 1000 733630348
4740 5000 733630348
5000 1260 733630348
5000 4740 733630348
1000 1270 208609324
1000 4730 208609324
1270 1000 208609324
1270 5000 208609324
4730 1000 208609324
4730 5000 208609324
5000 1270 208609324
5000 4730 208609324
1000 1281 440580547
1000 4719 440580547
1281 1000 440580547
1281 5000 440580547
4719 1000 440580547
4719 5000 440580547
5000 1281 440580547
5000 4719 440580547
1000 1300 390884703
1000 4700 390884703
1300 1000 390884703
1300 5000 390884703
4700 1000 390884703
4700 5000 390884703
5000 1300 390884703
5000 4700 390884703
1000 1306 279331888
1000 4694 279331888
1306 1000 279331888
1306 5000 279331888
4694 1000 279331888
4694 5000 279331888
5000 1306 279331888
5000 4694 279331888
1000 1316 384475597
1000 4684 384475597
1316 1000 384475597
1316 5000 384475597
4684 1000 384475597
4684 5000 384475597
5000 1316 384475597
5000 4684 384475597
1000 1323 272862128
1000 4677 272862128
1323 1000 272862128
1323 5000 272862128
4677 1000 272862128
4677 5000 272862128
5000 1323 272862128
5000 4677 272862128
1000 1327 435323867
1000 4673 435323867
1327 1000 435323867
1327 5000 435323867
4673 1000 435323867
4673 5000 435323867
5000 1327 435323867
5000 4673 435323867
1000 1335 374588995
1000 4665 374588995
1335 1000 374588995
1335 5000 374588995
4665 1000 374588995
4665 5000 374588995
5000 1335 374588995
5000 4665 374588995
1000 1350 509190330
1000 4650 509190330
1350 1000 509190330
1350 5000 509190330
4650 1000 509190330
4650 5000 509190330
5000 1350 509190330
5000 4650 509190330
1000 1358 323397019
1000 4642 323397019
1358 1000 323397019
1358 5000 323397019
4642 1000 323397019
4642 5000 323397019
5000 1358 323397019
5000 4642 323397019
1000 1365 459322633
1000 4635 459322633
1365 1000 459322633
1365 5000 459322633
4635 1000 459322633
4635 5000 459322633
5000 1365 459322633
5000 4635 459322633
1000 1370 468097245
1000 4630 468097245
1370 1000 468097245
1370 5000 468097245
4630 1000 468097245
4630 5000 468097245
5000 1370 468097245
5000 4630 468097245
1000 1380 549211861
1000 4620 549211861
1380 1000 549211861
1380 5000 549211861
4620 1000 549211861
4620 5000 549211861
5000 1380 549211861
5000 4620 549211861
1000 1390 669620160
1000 4610 669620160
1390 1000 669620160
1390 5000 669620160
4610 1000 669620160
4610 5000 669620160
5000 1390 669620160
5000 4610 669620160
1000 1400 622855926
1000 4600 622855926
1400 1000 622855926
1400 5000 622855926
4600 1000 622855926
4600 5000 622855926
5000 1400 622855926
5000 4600 622855926
1000 1408 336538719
1000 4592 336538719
1408 1000 336538719
1408 5000 336538719
4592 1000 336538719
4592 5000 336538719
5000 1408 336538719
5000 4592 336538719
1000 1413 429410102
1000 4587 429410102
1413 1000 429410102
1413 5000 429410102
4587 1000 429410102
4587 5000 429410102
5000 1413 429410102
5000 4587 429410102
1000 1422 573443134
1000 4578 573443134
1422 1000 573443134
1422 5000 573443134
4578 1000 573443134
4578 5000 573443134
5000 1422 573443134
5000 4578 573443134
1000 1430 536969862
1000 4570 536969862
1430 1000 536969862
1430 5000 536969862
4570 1000 536969862
4570 5000 536969862
5000 1430 536969862
5000 4570 536969862
1000 1440 570410434
1000 4560 570410434
1440 1000 570410434
1440 5000 570410434
4560 1000 570410434
4560 5000 570410434
5000 1440 570410434
5000 4560 570410434
1000 1448 365228061
1000 4552 365228061
1448 1000 365228061
1448 5000 365228061
4552 1000 365228061
4552 5000 365228061
5000 1448 365228061
5000 4552 365228061
1000 1453 123542089
1000 4547 123542089
1453 1000 123542089
1453 5000 123542089
4547 1000 123542089
4547 5000 123542089
5000 1453 123542089
5000 4547 123542089
1000 1456 271456977
1000 4544 271456977
1456 1000 271456977
1456 5000 271456977
4544 1000 271456977
4544 5000 271456977
5000 1456 271456977
5000 4544 271456977
1000 1460 156487320
1000 4540 156487320
1460 1000 156487320
1460 5000 156487320
4540 1000 156487320
4540 5000 156487320
5000 1460 156487320
5000 4540 156487320
1000 1470 497120184
1000 4530 497120184
1470 1000 497120184
1470 5000 497120184
4530 1000 497120184
4530 5000 497120184
5000 1470 497120184
5000 4530 497120184
1000 1480 392916612
1000 4520 392916612
1480 1000 392916612
1480 5000 392916612
4520 1000 392916612
4520 5000 392916612
5000 1480 392916612
5000 4520 392916612
1000 1484 251188432
1000 4516 251188432
1484 1000 251188432
1484 5000 251188432
4516 1000 251188432
4516 5000 251188432
5000 1484 251188432
5000 4516 251188432
1000 1490 392229200
1000 4510 392229200
1490 1000 392229200
1490 5000 392229200
4510 1000 392229200
4510 5000 392229200
5000 1490 392229200
5000 4510 392229200
1000 1500 425811298
1000 4500 425811298
1500 1000 425811298
1500 5000 425811298
4500 1000 425811298
4500 5000 425811298
5000 1500 425811298
5000 4500 425811298
1000 1511 429652718
1000 4489 429652718
1511 1000 429652718
1511 5000 429652718
4489 1000 429652718
4489 5000 429652718
5000 1511 429652718
5000 4489 429652718
1000 1520 562110945
1000 4480 562110945
1520 1000 562110945
1520 5000 562110945
4480 1000 562110945
4480 5000 562110945
5000 1520 562110945
5000 4480 562110945
1000 1530 481663523
1000 4470 481663523
1530 1000 481663523
1530 5000 481663523
4470 1000 481663523
4470 5000 481663523
5000 1530 481663523
5000 4470 481663523
1000 1535 88271788
1000 4465 88271788
1535 1000 88271788
1535 5000 88271788
4465 1000 88271788
4465 5000 88271788
5000 1535 88271788
5000 4465 88271788
1000 1538 272255588
1000 4462 272255588
1538 1000 272255588
1538 5000 272255588
4462 1000 272255588
4462 5000 272255588
5000 1538 272255588
5000 4462 272255588
1000 1544 396929885
1000 4456 396929885
1544 1000 396929885
1544 5000 396929885
4456 1000 396929885
4456 5000 396929885
5000 1544 396929885
5000 4456 396929885
1000 1553 310346300
1000 4447 310346300
1553 1000 310346300
1553 5000 310346300
4447 1000 310346300
4447 5000 310346300
5000 1553 310346300
5000 4447 310346300
1000 1557 178221670
1000 4443 178221670
1557 1000 178221670
1557 5000 178221670
4443 1000 178221670
4443 5000 178221670
5000 1557 178221670
5000 4443 178221670
1000 1562 412669598
1000 4438 412669598
1562 1000 412669598
1562 5000 412669598
4438 1000 412669598
4438 5000 412669598
5000 1562 412669598
5000 4438 412669598
1000 1567 198995665
1000 4433 198995665
1567 1000 198995665
1567 5000 198995665
4433 1000 198995665
4433 5000 198995665
5000 1567 198995665
5000 4433 198995665
1000 1571 375185426
1000 4429 375185426
1571 1000 375185426
1571 5000 375185426
4429 1000 375185426
4429 5000 375185426
5000 1571 375185426
5000 4429 375185426
1000 1580 369160462
1000 4420 369160462
1580 1000 369160462
1580 5000 369160462
4420 1000 369160462
4420 5000 369160462
5000 1580 369160462
5000 4420 369160462
1000 1586 310791096
1000 4414 310791096
1586 1000 310791096
1586 5000 310791096
4414 1000 310791096
4414 5000 310791096
5000 1586 310791096
5000 4414 310791096
1000 1592 331100077
1000 4408 331100077
1592 1000 331100077
1592 5000 331100077
4408 1000 331100077
4408 5000 331100077
5000 1592 331100077
5000 4408 331100077
1000 1602 392522361
1000 4398 392522361
1602 1000 392522361
1602 5000 392522361
4398 1000 392522361
4398 5000 392522361
5000 1602 392522361
5000 4398 392522361
1000 1610 323821597
1000 4390 323821597
1610 1000 323821597
1610 5000 323821597
4390 1000 323821597
4390 5000 323821597
5000 1610 323821597
5000 4390 323821597
1000 1615 195831548
1000 4385 195831548
1615 1000 195831548
1615 5000 195831548
4385 1000 195831548
4385 5000 195831548
5000 1615 195831548
5000 4385 195831548
1000 1620 304735805
1000 4380 304735805
1620 1000 304735805
1620 5000 304735805
4380 1000 304735805
4380 5000 304735805
5000 1620 304735805
5000 4380 304735805
1000 1630 356473667
1000 4370 356473667
1630 1000 356473667
1630 5000 356473667
4370 1000 356473667
4370 5000 356473667
5000 1630 356473667
5000 4370 356473667
1000 1636 366896046
1000 4364 366896046
1636 1000 366896046
1636 5000 366896046
4364 1000 366896046
4364 5000 366896046
5000 1636 366896046
5000 4364 366896046
1000 1645 354411431
1000 4355 354411431
1645 1000 354411431
1645 5000 354411431
4355 1000 354411431
4355 5000 354411431
5000 1645 354411431
5000 4355 354411431
1000 1650 290795494
1000 4350 290795494
1650 1000 290795494
1650 5000 290795494
4350 1000 290795494
4350 5000 290795494
5000 1650 290795494
5000 4350 290795494
1000 1658 115272927
1000 4342 115272927
1658 1000 115272927
1658 5000 115272927
4342 1000 115272927
4342 5000 115272927
5000 1658 115272927
5000 4342 115272927
1000 1662 286590150
1000 4338 286590150
1662 1000 286590150
1662 5000 286590150
4338 1000 286590150
4338 5000 286590150
5000 1662 286590150
5000 4338 286590150
1000 1668 143568018
1000 4332 143568018
1668 1000 143568018
1668 5000 143568018
4332 1000 143568018
4332 5000 143568018
5000 1668 143568018
5000 4332 143568018
1000 1674 329927433
1000 4326 329927433
1674 1000 329927433
1674 5000 329927433
4326 1000 329927433
4326 5000 329927433
5000 1674 329927433
5000 4326 329927433
1000 1685 227412064
1000 4315 227412064
1685 1000 227412064
1685 5000 227412064
4315 1000 227412064
4315 5000 227412064
5000 1685 227412064
5000 4315 227412064
1000 1690 145266330
1000 4310 145266330
1690 1000 145266330
1690 5000 145266330
4310 1000 145266330
4310 5000 145266330
5000 1690 145266330
5000 4310 145266330
1000 1706 120994621
1000 4294 120994621
1706 1000 120994621
1706 5000 120994621
4294 1000 120994621
4294 5000 120994621
5000 1706 120994621
5000 4294 120994621
1000 1716 382383034
1000 4284 382383034
1716 1000 382383034
1716 5000 382383034
4284 1000 382383034
4284 5000 382383034
5000 1716 382383034
5000 4284 382383034
1000 1720 224278274
1000 4280 224278274
1720 1000 224278274
1720 5000 224278274
4280 1000 224278274
4280 5000 224278274
5000 1720 224278274
5000 4280 224278274
1000 1732 379421097
1000 4268 379421097
1732 1000 379421097
1732 5000 379421097
4268 1000 379421097
4268 5000 379421097
5000 1732 379421097
5000 4268 379421097
1000 1745 231081631
1000 4255 231081631
1745 1000 231081631
1745 5000 231081631
4255 1000 231081631
4255 5000 231081631
5000 1745 231081631
5000 4255 231081631
1000 1750 355695274
1000 4250 355695274
1750 1000 355695274
1750 5000 355695274
4250 1000 355695274
4250 5000 355695274
5000 1750 355695274
5000 4250 355695274
1000 1756 233679644
1000 4244 233679644
1756 1000 233679644
1756 5000 233679644
4244 1000 233679644
4244 5000 233679644
5000 1756 233679644
5000 4244 233679644
1000 1760 228079258
1000 4240 228079258
1760 1000 228079258
1760 5000 228079258
4240 1000 228079258
4240 5000 228079258
5000 1760 228079258
5000 4240 228079258
1000 1767 292342171
1000 4233 292342171
1767 1000 292342171
1767 5000 292342171
4233 1000 292342171
4233 5000 292342171
5000 1767 292342171
5000 4233 292342171
1000 1769 5337552
1000 4231 5337552
1769 1000 5337552
1769 5000 5337552
4231 1000 5337552
4231 5000 5337552
5000 1769 5337552
5000 4231 5337552
1000 1776 361700020
1000 4224 361700020
1776 1000 361700020
1776 5000 361700020
4224 1000 361700020
4224 5000 361700020
5000 1776 361700020
5000 4224 361700020
1000 1781 126372609
1000 4219 126372609
1781 1000 126372609
1781 5000 126372609
4219 1000 126372609
4219 5000 126372609
5000 1781 126372609
5000 4219 126372609
1000 1788 498565771
1000 4212 498565771
1788 1000 498565771
1788 5000 498565771
4212 1000 498565771
4212 5000 498565771
5000 1788 498565771
5000 4212 498565771
1000 1800 393513043
1000 4200 393513043
1800 1000 393513043
1800 5000 393513043
4200 1000 393513043
4200 5000 393513043
5000 1800 393513043
5000 4200 393513043
1000 1808 337054278
1000 4192 337054278
1808 1000 337054278
1808 5000 337054278
4192 1000 337054278
4192 5000 337054278
5000 1808 337054278
5000 4192 337054278
1000 1811 334820189
1000 4189 334820189
1811 1000 334820189
1811 5000 334820189
4189 1000 334820189
4189 5000 334820189
5000 1811 334820189
5000 4189 334820189
1000 1817 247801917
1000 4183 247801917
1817 1000 247801917
1817 5000 247801917
4183 1000 247801917
4183 5000 247801917
5000 1817 247801917
5000 4183 247801917
1000 1819 243161886
1000 4181 243161886
1819 1000 243161886
1819 5000 243161886
4181 1000 243161886
4181 5000 243161886
5000 1819 243161886
5000 4181 243161886
1000 1822 286671022
1000 4178 286671022
1822 1000 286671022
1822 5000 286671022
4178 1000 286671022
4178 5000 286671022
5000 1822 286671022
5000 4178 286671022
1000 1828 314400009
1000 4172 314400009
1828 1000 314400009
1828 5000 314400009
4172 1000 314400009
4172 5000 314400009
5000 1828 314400009
5000 4172 314400009
1000 1830 161592365
1000 4170 161592365
1830 1000 161592365
1830 5000 161592365
4170 1000 161592365
4170 5000 161592365
5000 1830 161592365
5000 4170 161592365
1000 1839 116506225
1000 4161 116506225
1839 1000 116506225
1839 5000 116506225
4161 1000 116506225
4161 5000 116506225
5000 1839 116506225
5000 4161 116506225
1000 1846 268909509
1000 4154 268909509
1846 1000 268909509
1846 5000 268909509
4154 1000 268909509
4154 5000 268909509
5000 1846 268909509
5000 4154 268909509
1000 1854 264896236
1000 4146 264896236
1854 1000 264896236
1854 5000 264896236
4146 1000 264896236
4146 5000 264896236
5000 1854 264896236
5000 4146 264896236
1000 1859 172034962
1000 4141 172034962
1859 1000 172034962
1859 5000 172034962
4141 1000 172034962
4141 5000 172034962
5000 1859 172034962
5000 4141 172034962
1000 1866 167546566
1000 4134 167546566
1866 1000 167546566
1866 5000 167546566
4134 1000 167546566
4134 5000 167546566
5000 1866 167546566
5000 4134 167546566
1000 1870 289936229
1000 4130 289936229
1870 1000 289936229
1870 5000 289936229
4130 1000 289936229
4130 5000 289936229
5000 1870 289936229
5000 4130 289936229
1000 1878 246760690
1000 4122 246760690
1878 1000 246760690
1878 5000 246760690
4122 1000 246760690
4122 5000 246760690
5000 1878 246760690
5000 4122 246760690
1000 1883 379350334
1000 4117 379350334
1883 1000 379350334
1883 5000 379350334
4117 1000 379350334
4117 5000 379350334
5000 1883 379350334
5000 4117 379350334
1000 1889 225107212
1000 4111 225107212
1889 1000 225107212
1889 5000 225107212
4111 1000 225107212
4111 5000 225107212
5000 1889 225107212
5000 4111 225107212
1000 1897 285559032
1000 4103 285559032
1897 1000 285559032
1897 5000 285559032
4103 1000 285559032
4103 5000 285559032
5000 1897 285559032
5000 4103 285559032
1000 1906 429420211
1000 4094 429420211
1906 1000 429420211
1906 5000 429420211
4094 1000 429420211
4094 5000 429420211
5000 1906 429420211
5000 4094 429420211
1000 1911 535605147
1000 4089 535605147
1911 1000 535605147
1911 5000 535605147
4089 1000 535605147
4089 5000 535605147
5000 1911 535605147
5000 4089 535605147
1000 1919 267736865
1000 4081 267736865
1919 1000 267736865
1919 5000 267736865
4081 1000 267736865
4081 5000 267736865
5000 1919 267736865
5000 4081 267736865
1000 1925 499940595
1000 4075 499940595
1925 1000 499940595
1925 5000 499940595
4075 1000 499940595
4075 5000 499940595
5000 1925 499940595
5000 4075 499940595
1000 1930 258709528
1000 4070 258709528
1930 1000 258709528
1930 5000 258709528
4070 1000 258709528
4070 5000 258709528
5000 1930 258709528
5000 4070 258709528
1000 1935 502983404
1000 4065 502983404
1935 1000 502983404
1935 5000 502983404
4065 1000 502983404
4065 5000 502983404
5000 1935 502983404
5000 4065 502983404
1000 1940 63413757
1000 4060 63413757
1940 1000 63413757
1940 5000 63413757
4060 1000 63413757
4060 5000 63413757
5000 1940 63413757
5000 4060 63413757
1000 1954 354775355
1000 4046 354775355
1954 1000 354775355
1954 5000 354775355
4046 1000 354775355
4046 5000 354775355
5000 1954 354775355
5000 4046 354775355
1000 1962 365864928
1000 4038 365864928
1962 1000 365864928
1962 5000 365864928
4038 1000 365864928
4038 5000 365864928
5000 1962 365864928
5000 4038 365864928
1000 1970 634986726
1000 4030 634986726
1970 1000 634986726
1970 5000 634986726
4030 1000 634986726
4030 5000 634986726
5000 1970 634986726
5000 4030 634986726
1000 1975 181840692
1000 4025 181840692
1975 1000 181840692
1975 5000 181840692
4025 1000 181840692
4025 5000 181840692
5000 1975 181840692
5000 4025 181840692
1000 1977 7915347
1000 4023 7915347
1977 1000 7915347
1977 5000 7915347
4023 1000 7915347
4023 5000 7915347
5000 1977 7915347
5000 4023 7915347
1000 1981 198065637
1000 4019 198065637
1981 1000 198065637
1981 5000 198065637
4019 1000 198065637
4019 5000 198065637
5000 1981 198065637
5000 4019 198065637
1000 1985 290795494
1000 4015 290795494
1985 1000 290795494
1985 5000 290795494
4015 1000 290795494
4015 5000 290795494
5000 1985 290795494
5000 4015 290795494
1000 2030 185267643
1000 3970 185267643
2030 1000 185267643
2030 5000 185267643
3970 1000 185267643
3970 5000 185267643
5000 2030 185267643
5000 3970 185267643
1000 2042 140484773
1000 3958 140484773
2042 1000 140484773
2042 5000 140484773
3958 1000 140484773
3958 5000 140484773
5000 2042 140484773
5000 3958 140484773
1000 2050 220133584
1000 3950 220133584
2050 1000 220133584
2050 5000 220133584
3950 1000 220133584
3950 5000 220133584
5000 2050 220133584
5000 3950 220133584
1000 2057 126837623
1000 3943 126837623
2057 1000 126837623
2057 5000 126837623
3943 1000 126837623
3943 5000 126837623
5000 2057 126837623
5000 3943 126837623
1000 2065 109055892
1000 3935 109055892
2065 1000 109055892
2065 5000 109055892
3935 1000 109055892
3935 5000 109055892
5000 2065 109055892
5000 3935 109055892
1000 2070 223479663
1000 3930 223479663
2070 1000 223479663
2070 5000 223479663
3930 1000 223479663
3930 5000 223479663
5000 2070 223479663
5000 3930 223479663
1000 2078 47967205
1000 3922 47967205
2078 1000 47967205
2078 5000 47967205
3922 1000 47967205
3922 5000 47967205
5000 2078 47967205
5000 3922 47967205
1000 2088 325550236
1000 3912 325550236
2088 1000 325550236
2088 5000 325550236
3912 1000 325550236
3912 5000 325550236
5000 2088 325550236
5000 3912 325550236
1000 2095 114039629
1000 3905 114039629
2095 1000 114039629
2095 5000 114039629
3905 1000 114039629
3905 5000 114039629
5000 2095 114039629
5000 3905 114039629
1000 2100 147510528
1000 3900 147510528
2100 1000 147510528
2100 5000 147510528
3900 1000 147510528
3900 5000 147510528
5000 2100 147510528
5000 3900 147510528
1000 2109 258183860
1000 3891 258183860
2109 1000 258183860
2109 5000 258183860
3891 1000 258183860
3891 5000 258183860
5000 2109 258183860
5000 3891 258183860
1000 2116 53426065
1000 3884 53426065
2116 1000 53426065
2116 5000 53426065
3884 1000 53426065
3884 5000 53426065
5000 2116 53426065
5000 3884 53426065
1000 2122 97743921
1000 3878 97743921
2122 1000 97743921
2122 5000 97743921
3878 1000 97743921
3878 5000 97743921
5000 2122 97743921
5000 3878 97743921
1000 2130 253058597
1000 3870 253058597
2130 1000 253058597
2130 5000 253058597
3870 1000 253058597
3870 5000 253058597
5000 2130 253058597
5000 3870 253058597
1000 2140 126079448
1000 3860 126079448
2140 1000 126079448
2140 5000 126079448
3860 1000 126079448
3860 5000 126079448
5000 2140 126079448
5000 3860 126079448
1000 2143 241372593
1000 3857 241372593
2143 1000 241372593
2143 5000 241372593
3857 1000 241372593
3857 5000 241372593
5000 2143 241372593
5000 3857 241372593
1000 2150 149663745
1000 3850 149663745
2150 1000 149663745
2150 5000 149663745
3850 1000 149663745
3850 5000 149663745
5000 2150 149663745
5000 3850 149663745
1000 2159 186227998
1000 3841 186227998
2159 1000 186227998
2159 5000 186227998
3841 1000 186227998
3841 5000 186227998
5000 2159 186227998
5000 3841 186227998
1000 2164 57651627
1000 3836 57651627
2164 1000 57651627
2164 5000 57651627
3836 1000 57651627
3836 5000 57651627
5000 2164 57651627
5000 3836 57651627
1000 2170 278836547
1000 3830 278836547
2170 1000 278836547
2170 5000 278836547
3830 1000 278836547
3830 5000 278836547
5000 2170 278836547
5000 3830 278836547
1000 2180 306595861
1000 3820 306595861
2180 1000 306595861
2180 5000 306595861
3820 1000 306595861
3820 5000 306595861
5000 2180 306595861
5000 3820 306595861
1000 2187 260670674
1000 3813 260670674
2187 1000 260670674
2187 5000 260670674
3813 1000 260670674
3813 5000 260670674
5000 2187 260670674
5000 3813 260670674
1000 2192 129708579
1000 3808 129708579
2192 1000 129708579
2192 5000 129708579
3808 1000 129708579
3808 5000 129708579
5000 2192 129708579
5000 3808 129708579
1000 2200 397688060
1000 3800 397688060
2200 1000 397688060
2200 5000 397688060
3800 1000 397688060
3800 5000 397688060
5000 2200 397688060
5000 3800 397688060
1000 2210 106296135
1000 3790 106296135
2210 1000 106296135
2210 5000 106296135
3790 1000 106296135
3790 5000 106296135
5000 2210 106296135
5000 3790 106296135
1000 2211 96884656
1000 3789 96884656
2211 1000 96884656
2211 5000 96884656
3789 1000 96884656
3789 5000 96884656
5000 2211 96884656
5000 3789 96884656
1000 2217 267827846
1000 3783 267827846
2217 1000 267827846
2217 5000 267827846
3783 1000 267827846
3783 5000 267827846
5000 2217 267827846
5000 3783 267827846
1000 2221 31863568
1000 3779 31863568
2221 1000 31863568
2221 5000 31863568
3779 1000 31863568
3779 5000 31863568
5000 2221 31863568
5000 3779 31863568
1000 2227 126291737
1000 3773 126291737
2227 1000 126291737
2227 5000 126291737
3773 1000 126291737
3773 5000 126291737
5000 2227 126291737
5000 3773 126291737
1000 2230 176533467
1000 3770 176533467
2230 1000 176533467
2230 5000 176533467
3770 1000 176533467
3770 5000 176533467
5000 2230 176533467
5000 3770 176533467
1000 2240 417006359
1000 3760 417006359
2240 1000 417006359
2240 5000 417006359
3760 1000 417006359
3760 5000 417006359
5000 2240 417006359
5000 3760 417006359
1000 2250 363782474
1000 3750 363782474
2250 1000 363782474
2250 5000 363782474
3750 1000 363782474
3750 5000 363782474
5000 2250 363782474
5000 3750 363782474
1000 2259 288702931
1000 3741 288702931
2259 1000 288702931
2259 5000 288702931
3741 1000 288702931
3741 5000 288702931
5000 2259 288702931
5000 3741 288702931
1000 2268 275722975
1000 3732 275722975
2268 1000 275722975
2268 5000 275722975
3732 1000 275722975
3732 5000 275722975
5000 2268 275722975
5000 3732 275722975
1000 2271 12757558
1000 3729 12757558
2271 1000 12757558
2271 5000 12757558
3729 1000 12757558
3729 5000 12757558
5000 2271 12757558
5000 3729 12757558
1000 2280 299327490
1000 3720 299327490
2280 1000 299327490
2280 5000 299327490
3720 1000 299327490
3720 5000 299327490
5000 2280 299327490
5000 3720 299327490
1000 2290 86856528
1000 3710 86856528
2290 1000 86856528
2290 5000 86856528
3710 1000 86856528
3710 5000 86856528
5000 2290 86856528
5000 3710 86856528
1000 2301 280706712
1000 3699 280706712
2301 1000 280706712
2301 5000 280706712
3699 1000 280706712
3699 5000 280706712
5000 2301 280706712
5000 3699 280706712
1000 2306 176634557
1000 3694 176634557
2306 1000 176634557
2306 5000 176634557
3694 1000 176634557
3694 5000 176634557
5000 2306 176634557
5000 3694 176634557
1000 2310 209731423
1000 3690 209731423
2310 1000 209731423
2310 5000 209731423
3690 1000 209731423
3690 5000 209731423
5000 2310 209731423
5000 3690 209731423
1000 2316 261459176
1000 3684 261459176
2316 1000 261459176
2316 5000 261459176
3684 1000 261459176
3684 5000 261459176
5000 2316 261459176
5000 3684 261459176
1000 2320 247690718
1000 3680 247690718
2320 1000 247690718
2320 5000 247690718
3680 1000 247690718
3680 5000 247690718
5000 2320 247690718
5000 3680 247690718
1000 2323 107691177
1000 3677 107691177
2323 1000 107691177
2323 5000 107691177
3677 1000 107691177
3677 5000 107691177
5000 2323 107691177
5000 3677 107691177
1000 2328 288682713
1000 3672 288682713
2328 1000 288682713
2328 5000 288682713
3672 1000 288682713
3672 5000 288682713
5000 2328 288682713
5000 3672 288682713
1000 2330 215624970
1000 3670 215624970
2330 1000 215624970
2330 5000 215624970
3670 1000 215624970
3670 5000 215624970
5000 2330 215624970
5000 3670 215624970
1000 2340 429561737
1000 3660 429561737
2340 1000 429561737
2340 5000 429561737
3660 1000 429561737
3660 5000 429561737
5000 2340 429561737
5000 3660 429561737
1000 2350 427236667
1000 3650 427236667
2350 1000 427236667
2350 5000 427236667
3650 1000 427236667
3650 5000 427236667
5000 2350 427236667
5000 3650 427236667
1000 2360 460505386
1000 3640 460505386
2360 1000 460505386
2360 5000 460505386
3640 1000 460505386
3640 5000 460505386
5000 2360 460505386
5000 3640 460505386
1000 2370 422970669
1000 3630 422970669
2370 1000 422970669
2370 5000 422970669
3630 1000 422970669
3630 5000 422970669
5000 2370 422970669
5000 3630 422970669
1000 2380 114959548
1000 3620 114959548
2380 1000 114959548
2380 5000 114959548
3620 1000 114959548
3620 5000 114959548
5000 2380 114959548
5000 3620 114959548
1000 2383 333728417
1000 3617 333728417
2383 1000 333728417
2383 5000 333728417
3617 1000 333728417
3617 5000 333728417
5000 2383 333728417
5000 3617 333728417
1000 2389 321011295
1000 3611 321011295
2389 1000 321011295
2389 5000 321011295
3611 1000 321011295
3611 5000 321011295
5000 2389 321011295
5000 3611 321011295
1000 2393 197155827
1000 3607 197155827
2393 1000 197155827
2393 5000 197155827
3607 1000 197155827
3607 5000 197155827
5000 2393 197155827
5000 3607 197155827
1000 2400 284517805
1000 3600 284517805
2400 1000 284517805
2400 5000 284517805
3600 1000 284517805
3600 5000 284517805
5000 2400 284517805
5000 3600 284517805
1000 2406 180263688
1000 3594 180263688
2406 1000 180263688
2406 5000 180263688
3594 1000 180263688
3594 5000 180263688
5000 2406 180263688
5000 3594 180263688
1000 2410 147176931
1000 3590 147176931
2410 1000 147176931
2410 5000 147176931
3590 1000 147176931
3590 5000 147176931
5000 2410 147176931
5000 3590 147176931
1000 2414 326955387
1000 3586 326955387
2414 1000 326955387
2414 5000 326955387
3586 1000 326955387
3586 5000 326955387
5000 2414 326955387
5000 3586 326955387
1000 2422 341542674
1000 3578 341542674
2422 1000 341542674
2422 5000 341542674
3578 1000 341542674
3578 5000 341542674
5000 2422 341542674
5000 3578 341542674
1000 2430 180091835
1000 3570 180091835
2430 1000 180091835
2430 5000 180091835
3570 1000 180091835
3570 5000 180091835
5000 2430 180091835
5000 3570 180091835
1000 2433 210428944
1000 3567 210428944
2433 1000 210428944
2433 5000 210428944
3567 1000 210428944
3567 5000 210428944
5000 2433 210428944
5000 3567 210428944
1000 2440 252452057
1000 3560 252452057
2440 1000 252452057
2440 5000 252452057
3560 1000 252452057
3560 5000 252452057
5000 2440 252452057
5000 3560 252452057
1000 2445 273266488
1000 3555 273266488
2445 1000 273266488
2445 5000 273266488
3555 1000 273266488
3555 5000 273266488
5000 2445 273266488
5000 3555 273266488
1000 2450 386093037
1000 3550 386093037
2450 1000 386093037
2450 5000 386093037
3550 1000 386093037
3550 5000 386093037
5000 2450 386093037
5000 3550 386093037
1000 2459 185116008
1000 3541 185116008
2459 1000 185116008
2459 5000 185116008
3541 1000 185116008
3541 5000 185116008
5000 2459 185116008
5000 3541 185116008
1000 2470 342674882
1000 3530 342674882
2470 1000 342674882
2470 5000 342674882
3530 1000 342674882
3530 5000 342674882
5000 2470 342674882
5000 3530 342674882
1000 2479 343695891
1000 3521 343695891
2479 1000 343695891
2479 5000 343695891
3521 1000 343695891
3521 5000 343695891
5000 2479 343695891
5000 3521 343695891
1000 2482 260630238
1000 3518 260630238
2482 1000 260630238
2482 5000 260630238
3518 1000 260630238
3518 5000 260630238
5000 2482 260630238
5000 3518 260630238
1000 2487 219860641
1000 3513 219860641
2487 1000 219860641
2487 5000 219860641
3513 1000 219860641
3513 5000 219860641
5000 2487 219860641
5000 3513 219860641
1000 2490 451710556
1000 3510 451710556
2490 1000 451710556
2490 5000 451710556
3510 1000 451710556
3510 5000 451710556
5000 2490 451710556
5000 3510 451710556
1000 2497 276410387
1000 3503 276410387
2497 1000 276410387
2497 5000 276410387
3503 1000 276410387
3503 5000 276410387
5000 2497 276410387
5000 3503 276410387
1000 2503 312833114
1000 3497 312833114
2503 1000 312833114
2503 5000 312833114
3497 1000 312833114
3497 5000 312833114
5000 2503 312833114
5000 3497 312833114
1000 2510 270537058
1000 3490 270537058
2510 1000 270537058
2510 5000 270537058
3490 1000 270537058
3490 5000 270537058
5000 2510 270537058
5000 3490 270537058
1000 2513 240392020
1000 3487 240392020
2513 1000 240392020
2513 5000 240392020
3487 1000 240392020
3487 5000 240392020
5000 2513 240392020
5000 3487 240392020
1000 2518 202887630
1000 3482 202887630
2518 1000 202887630
2518 5000 202887630
3482 1000 202887630
3482 5000 202887630
5000 2518 202887630
5000 3482 202887630
1000 2521 155284349
1000 3479 155284349
2521 1000 155284349
2521 5000 155284349
3479 1000 155284349
3479 5000 155284349
5000 2521 155284349
5000 3479 155284349
1000 2530 283810175
1000 3470 283810175
2530 1000 283810175
2530 5000 283810175
3470 1000 283810175
3470 5000 283810175
5000 2530 283810175
5000 3470 283810175
1000 2536 321314565
1000 3464 321314565
2536 1000 321314565
2536 5000 321314565
3464 1000 321314565
3464 5000 321314565
5000 2536 321314565
5000 3464 321314565
1000 2541 256364240
1000 3459 256364240
2541 1000 256364240
2541 5000 256364240
3459 1000 256364240
3459 5000 256364240
5000 2541 256364240
5000 3459 256364240
1000 2550 497302146
1000 3450 497302146
2550 1000 497302146
2550 5000 497302146
3450 1000 497302146
3450 5000 497302146
5000 2550 497302146
5000 3450 497302146
1000 2560 616598455
1000 3440 616598455
2560 1000 616598455
2560 5000 616598455
3440 1000 616598455
3440 5000 616598455
5000 2560 616598455
5000 3440 616598455
1000 2567 229049722
1000 3433 229049722
2567 1000 229049722
2567 5000 229049722
3433 1000 229049722
3433 5000 229049722
5000 2567 229049722
5000 3433 229049722
1000 2570 204292781
1000 3430 204292781
2570 1000 204292781
2570 5000 204292781
3430 1000 204292781
3430 5000 204292781
5000 2570 204292781
5000 3430 204292781
1000 2586 315896141
1000 3414 315896141
2586 1000 315896141
2586 5000 315896141
3414 1000 315896141
3414 5000 315896141
5000 2586 315896141
5000 3414 315896141
1000 2590 96985746
1000 3410 96985746
2590 1000 96985746
2590 5000 96985746
3410 1000 96985746
3410 5000 96985746
5000 2590 96985746
5000 3410 96985746
1000 2594 271194143
1000 3406 271194143
2594 1000 271194143
2594 5000 271194143
3406 1000 271194143
3406 5000 271194143
5000 2594 271194143
5000 3406 271194143
1000 2600 284810966
1000 3400 284810966
2600 1000 284810966
2600 5000 284810966
3400 1000 284810966
3400 5000 284810966
5000 2600 284810966
5000 3400 284810966
1000 2607 363610621
1000 3393 363610621
2607 1000 363610621
2607 5000 363610621
3393 1000 363610621
3393 5000 363610621
5000 2607 363610621
5000 3393 363610621
1000 2610 224167075
1000 3390 224167075
2610 1000 224167075
2610 5000 224167075
3390 1000 224167075
3390 5000 224167075
5000 2610 224167075
5000 3390 224167075
1000 2617 297750486
1000 3383 297750486
2617 1000 297750486
2617 5000 297750486
3383 1000 297750486
3383 5000 297750486
5000 2617 297750486
5000 3383 297750486
1000 2620 231091740
1000 3380 231091740
2620 1000 231091740
2620 5000 231091740
3380 1000 231091740
3380 5000 231091740
5000 2620 231091740
5000 3380 231091740
1000 2630 531652528
1000 3370 531652528
2630 1000 531652528
2630 5000 531652528
3370 1000 531652528
3370 5000 531652528
5000 2630 531652528
5000 3370 531652528
1000 2640 548190852
1000 3360 548190852
2640 1000 548190852
2640 5000 548190852
3360 1000 548190852
3360 5000 548190852
5000 2640 548190852
5000 3360 548190852
1000 2650 512051177
1000 3350 512051177
2650 1000 512051177
2650 5000 512051177
3350 1000 512051177
3350 5000 512051177
5000 2650 512051177
5000 3350 512051177
1000 2660 177453386
1000 3340 177453386
2660 1000 177453386
2660 5000 177453386
3340 1000 177453386
3340 5000 177453386
5000 2660 177453386
5000 3340 177453386
1000 2663 286165572
1000 3337 286165572
2663 1000 286165572
2663 5000 286165572
3337 1000 286165572
3337 5000 286165572
5000 2663 286165572
5000 3337 286165572
1000 2670 168577684
1000 3330 168577684
2670 1000 168577684
2670 5000 168577684
3330 1000 168577684
3330 5000 168577684
5000 2670 168577684
5000 3330 168577684
1000 2672 157558874
1000 3328 157558874
2672 1000 157558874
2672 5000 157558874
3328 1000 157558874
3328 5000 157558874
5000 2672 157558874
5000 3328 157558874
1000 2684 329179367
1000 3316 329179367
2684 1000 329179367
2684 5000 329179367
3316 1000 329179367
3316 5000 329179367
5000 2684 329179367
5000 3316 329179367
1000 2690 236186676
1000 3310 236186676
2690 1000 236186676
2690 5000 236186676
3310 1000 236186676
3310 5000 236186676
5000 2690 236186676
5000 3310 236186676
1000 2694 183164971
1000 3306 183164971
2694 1000 183164971
2694 5000 183164971
3306 1000 183164971
3306 5000 183164971
5000 2694 183164971
5000 3306 183164971
1000 2699 345242568
1000 3301 345242568
2699 1000 345242568
2699 5000 345242568
3301 1000 345242568
3301 5000 345242568
5000 2699 345242568
5000 3301 345242568
1000 2710 300550679
1000 3290 300550679
2710 1000 300550679
2710 5000 300550679
3290 1000 300550679
3290 5000 300550679
5000 2710 300550679
5000 3290 300550679
1000 2713 328269557
1000 3287 328269557
2713 1000 328269557
2713 5000 328269557
3287 1000 328269557
3287 5000 328269557
5000 2713 328269557
5000 3287 328269557
1000 2732 287954865
1000 3268 287954865
2732 1000 287954865
2732 5000 287954865
3268 1000 287954865
3268 5000 287954865
5000 2732 287954865
5000 3268 287954865
1000 2744 538880463
1000 3256 538880463
2744 1000 538880463
2744 5000 538880463
3256 1000 538880463
3256 5000 538880463
5000 2744 538880463
5000 3256 538880463
1000 2750 324802170
1000 3250 324802170
2750 1000 324802170
2750 5000 324802170
3250 1000 324802170
3250 5000 324802170
5000 2750 324802170
5000 3250 324802170
1000 2760 347678837
1000 3240 347678837
2760 1000 347678837
2760 5000 347678837
3240 1000 347678837
3240 5000 347678837
5000 2760 347678837
5000 3240 347678837
1000 2773 284568350
1000 3227 284568350
2773 1000 284568350
2773 5000 284568350
3227 1000 284568350
3227 5000 284568350
5000 2773 284568350
5000 3227 284568350
1000 2779 426316748
1000 3221 426316748
2779 1000 426316748
2779 5000 426316748
3221 1000 426316748
3221 5000 426316748
5000 2779 426316748
5000 3221 426316748
1000 2783 40547199
1000 3217 40547199
2783 1000 40547199
2783 5000 40547199
3217 1000 40547199
3217 5000 40547199
5000 2783 40547199
5000 3217 40547199
1000 2790 193152663
1000 3210 193152663
2790 1000 193152663
2790 5000 193152663
3210 1000 193152663
3210 5000 193152663
5000 2790 193152663
5000 3210 193152663
1000 2800 393755659
1000 3200 393755659
2800 1000 393755659
2800 5000 393755659
3200 1000 393755659
3200 5000 393755659
5000 2800 393755659
5000 3200 393755659
1000 2808 72926326
1000 3192 72926326
2808 1000 72926326
2808 5000 72926326
3192 1000 72926326
3192 5000 72926326
5000 2808 72926326
5000 3192 72926326
1000 2813 196508851
1000 3187 196508851
2813 1000 196508851
2813 5000 196508851
3187 1000 196508851
3187 5000 196508851
5000 2813 196508851
5000 3187 196508851
1000 2820 382049437
1000 3180 382049437
2820 1000 382049437
2820 5000 382049437
3180 1000 382049437
3180 5000 382049437
5000 2820 382049437
5000 3180 382049437
1000 2830 160369176
1000 3170 160369176
2830 1000 160369176
2830 5000 160369176
3170 1000 160369176
3170 5000 160369176
5000 2830 160369176
5000 3170 160369176
1000 2836 171135261
1000 3164 171135261
2836 1000 171135261
2836 5000 171135261
3164 1000 171135261
3164 5000 171135261
5000 2836 171135261
5000 3164 171135261
1000 2841 162249450
1000 3159 162249450
2841 1000 162249450
2841 5000 162249450
3159 1000 162249450
3159 5000 162249450
5000 2841 162249450
5000 3159 162249450
1000 2847 204727468
1000 3153 204727468
2847 1000 204727468
2847 5000 204727468
3153 1000 204727468
3153 5000 204727468
5000 2847 204727468
5000 3153 204727468
1000 2857 256091297
1000 3143 256091297
2857 1000 256091297
2857 5000 256091297
3143 1000 256091297
3143 5000 256091297
5000 2857 256091297
5000 3143 256091297
1000 2860 101312398
1000 3140 101312398
2860 1000 101312398
2860 5000 101312398
3140 1000 101312398
3140 5000 101312398
5000 2860 101312398
5000 3140 101312398
1000 2866 72370331
1000 3134 72370331
2866 1000 72370331
2866 5000 72370331
3134 1000 72370331
3134 5000 72370331
5000 2866 72370331
5000 3134 72370331
1000 2878 132033649
1000 3122 132033649
2878 1000 132033649
2878 5000 132033649
3122 1000 132033649
3122 5000 132033649
5000 2878 132033649
5000 3122 132033649
1000 2891 219294537
1000 3109 219294537
2891 1000 219294537
2891 5000 219294537
3109 1000 219294537
3109 5000 219294537
5000 2891 219294537
5000 3109 219294537
1000 2900 282445460
1000 3100 282445460
2900 1000 282445460
2900 5000 282445460
3100 1000 282445460
3100 5000 282445460
5000 2900 282445460
5000 3100 282445460
1000 2905 6035073
1000 3095 6035073
2905 1000 6035073
2905 5000 6035073
3095 1000 6035073
3095 5000 6035073
5000 2905 6035073
5000 3095 6035073
1000 2912 275642103
1000 3088 275642103
2912 1000 275642103
2912 5000 275642103
3088 1000 275642103
3088 5000 275642103
5000 2912 275642103
5000 3088 275642103
1000 2916 93255525
1000 3084 93255525
2916 1000 93255525
2916 5000 93255525
3084 1000 93255525
3084 5000 93255525
5000 2916 93255525
5000 3084 93255525
1000 2922 170013162
1000 3078 170013162
2922 1000 170013162
2922 5000 170013162
3078 1000 170013162
3078 5000 170013162
5000 2922 170013162
5000 3078 170013162
1000 2930 125877268
1000 3070 125877268
2930 1000 125877268
2930 5000 125877268
3070 1000 125877268
3070 5000 125877268
5000 2930 125877268
5000 3070 125877268
1000 2939 79062489
1000 3061 79062489
2939 1000 79062489
2939 5000 79062489
3061 1000 79062489
3061 5000 79062489
5000 2939 79062489
5000 3061 79062489
1000 2945 10109
1000 3055 10109
2945 1000 10109
2945 5000 10109
3055 1000 10109
3055 5000 10109
5000 2945 10109
5000 3055 10109
1000 2958 80548512
1000 3042 80548512
2958 1000 80548512
2958 5000 80548512
3042 1000 80548512
3042 5000 80548512
5000 2958 80548512
5000 3042 80548512
1000 2961 197085064
1000 3039 197085064
2961 1000 197085064
2961 5000 197085064
3039 1000 197085064
3039 5000 197085064
5000 2961 197085064
5000 3039 197085064
1000 2970 265088307
1000 3030 265088307
2970 1000 265088307
2970 5000 265088307
3030 1000 265088307
3030 5000 265088307
5000 2970 265088307
5000 3030 265088307
1026 3000 86027590
3000 1026 86027590
3000 4974 86027590
4974 3000 86027590
1039 3000 41962459
3000 1039 41962459
3000 4961 41962459
4961 3000 41962459
1044 2000 10109
1044 4000 10109
2000 1044 10109
2000 4956 10109
4000 1044 10109
4000 4956 10109
4956 2000 10109
4956 4000 10109
1044 3000 32247710
3000 1044 32247710
3000 4956 32247710
4956 3000 32247710
1050 3000 245679027
3000 1050 245679027
3000 4950 245679027
4950 3000 245679027
1063 3000 4084036
3000 1063 4084036
3000 4937 4084036
4937 3000 4084036
1081 2000 24959121
1081 4000 24959121
2000 1081 24959121
2000 4919 24959121
4000 1081 24959121
4000 4919 24959121
4919 2000 24959121
4919 4000 24959121
1082 2504 12262217
1082 3496 12262217
2504 1082 12262217
2504 4918 12262217
3496 1082 12262217
3496 4918 12262217
4918 2504 12262217
4918 3496 12262217
1083 3000 86937400
3000 1083 86937400
3000 4917 86937400
4917 3000 86937400
1091 2000 238006296
1091 4000 238006296
2000 1091 238006296
2000 4909 238006296
4000 1091 238006296
4000 4909 238006296
4909 2000 238006296
4909 4000 238006296
1095 2000 7915347
1095 4000 7915347
2000 1095 7915347
2000 4905 7915347
4000 1095 7915347
4000 4905 7915347
4905 2000 7915347
4905 4000 7915347
1100 3000 102363734
3000 1100 102363734
3000 4900 102363734
4900 3000 102363734
1107 2000 10109
1107 4000 10109
2000 1107 10109
2000 4893 10109
4000 1107 10109
4000 4893 10109
4893 2000 10109
4893 4000 10109
1113 1998 137886760
1113 4002 137886760
1998 1113 137886760
1998 4887 137886760
4002 1113 137886760
4002 4887 137886760
4887 1998 137886760
4887 4002 137886760
1119 2000 182396687
1119 4000 182396687
2000 1119 182396687
2000 4881 182396687
4000 1119 182396687
4000 4881 182396687
4881 2000 182396687
4881 4000 182396687
1119 3000 69792536
3000 1119 69792536
3000 4881 69792536
4881 3000 69792536
1122 2000 12818212
1122 4000 12818212
2000 1122 12818212
2000 4878 12818212
4000 1122 12818212
4000 4878 12818212
4878 2000 12818212
4878 4000 12818212
1122 3000 10109
3000 1122 10109
3000 4878 10109
4878 3000 10109
1128 3000 6035073
3000 1128 6035073
3000 4872 6035073
4872 3000 6035073
1140 3000 138402319
3000 1140 138402319
3000 4860 138402319
4860 3000 138402319
1146 2000 92133426
1146 4000 92133426
2000 1146 92133426
2000 4854 92133426
4000 1146 92133426
4000 4854 92133426
4854 2000 92133426
4854 4000 92133426
1146 3000 88928873
3000 1146 88928873
3000 4854 88928873
4854 3000 88928873
1150 2000 98390897
1150 4000 98390897
2000 1150 98390897
2000 4850 98390897
4000 1150 98390897
4000 4850 98390897
4850 2000 98390897
4850 4000 98390897
1158 2000 105891775
1158 4000 105891775
2000 1158 105891775
2000 4842 105891775
4000 1158 105891775
4000 4842 105891775
4842 2000 105891775
4842 4000 105891775
1158 3000 17731186
3000 1158 17731186
3000 4842 17731186
4842 3000 17731186
1170 2000 183013336
1170 4000 183013336
2000 1170 183013336
2000 4830 183013336
4000 1170 183013336
4000 4830 183013336
4830 2000 183013336
4830 4000 183013336
1170 3000 248418566
3000 1170 248418566
3000 4830 248418566
4830 3000 248418566
1176 2000 18681432
1176 4000 18681432
2000 1176 18681432
2000 4824 18681432
4000 1176 18681432
4000 4824 18681432
4824 2000 18681432
4824 4000 18681432
1176 3000 53375520
3000 1176 53375520
3000 4824 53375520
4824 3000 53375520
1180 2000 63252013
1180 4000 63252013
2000 1180 63252013
2000 4820 63252013
4000 1180 63252013
4000 4820 63252013
4820 2000 63252013
4820 4000 63252013
1189 1584 248772381
1189 4416 248772381
1584 1189 248772381
1584 4811 248772381
4416 1189 248772381
4416 4811 248772381
4811 1584 248772381
4811 4416 248772381
1190 2000 321011295
1190 4000 321011295
2000 1190 321011295
2000 4810 321011295
4000 1190 321011295
4000 4810 321011295
4810 2000 321011295
4810 4000 321011295
1190 3000 319970068
3000 1190 319970068
3000 4810 319970068
4810 3000 319970068
1200 2000 249429466
1200 4000 249429466
2000 1200 249429466
2000 4800 249429466
4000 1200 249429466
4000 4800 249429466
4800 2000 249429466
4800 4000 249429466
1200 3000 182083308
3000 1200 182083308
3000 4800 182083308
4800 3000 182083308
1210 2000 233770625
1210 4000 233770625
2000 1210 233770625
2000 4790 233770625
4000 1210 233770625
4000 4790 233770625
4790 2000 233770625
4790 4000 233770625
1210 3000 184388160
3000 1210 184388160
3000 4790 184388160
4790 3000 184388160
1217 1622 165211387
1217 4378 165211387
1622 1217 165211387
1622 4783 165211387
4378 1217 165211387
4378 4783 165211387
4783 1622 165211387
4783 4378 165211387
1220 2000 240887361
1220 4000 240887361
2000 1220 240887361
2000 4780 240887361
4000 1220 240887361
4000 4780 240887361
4780 2000 240887361
4780 4000 240887361
1220 3000 179657148
3000 1220 179657148
3000 4780 179657148
4780 3000 179657148
1229 2000 86886855
1229 4000 86886855
2000 1229 86886855
2000 4771 86886855
4000 1229 86886855
4000 4771 86886855
4771 2000 86886855
4771 4000 86886855
1229 3000 197772476
3000 1229 197772476
3000 4771 197772476
4771 3000 197772476
1239 2000 239664172
1239 4000 239664172
2000 1239 239664172
2000 4761 239664172
4000 1239 239664172
4000 4761 239664172
4761 2000 239664172
4761 4000 239664172
1239 3000 318271756
3000 1239 318271756
3000 4761 318271756
4761 3000 318271756
1246 2000 181406005
1246 4000 181406005
2000 1246 181406005
2000 4754 181406005
4000 1246 181406005
4000 4754 181406005
4754 2000 181406005
4754 4000 181406005
1253 3000 154617155
3000 1253 154617155
3000 4747 154617155
4747 3000 154617155
1257 2000 321011295
1257 4000 321011295
2000 1257 321011295
2000 4743 321011295
4000 1257 321011295
4000 4743 321011295
4743 2000 321011295
4743 4000 321011295
1265 2000 327511382
1265 4000 327511382
2000 1265 327511382
2000 4735 327511382
4000 1265 327511382
4000 4735 327511382
4735 2000 327511382
4735 4000 327511382
1265 3000 412770688
3000 1265 412770688
3000 4735 412770688
4735 3000 412770688
1270 2000 382251617
1270 4000 382251617
2000 1270 382251617
2000 4730 382251617
4000 1270 382251617
4000 4730 382251617
4730 2000 382251617
4730 4000 382251617
1270 3000 776462181
3000 1270 776462181
3000 4730 776462181
4730 3000 776462181
1280 2000 480844694
1280 4000 480844694
2000 1280 480844694
2000 4720 480844694
4000 1280 480844694
4000 4720 480844694
4720 2000 480844694
4720 4000 480844694
1280 3000 221104048
3000 1280 221104048
3000 4720 221104048
4720 3000 221104048
1285 1696 66881144
1285 4304 66881144
1696 1285 66881144
1696 4715 66881144
4304 1285 66881144
4304 4715 66881144
4715 1696 66881144
4715 4304 66881144
1287 2000 173743383
1287 4000 173743383
2000 1287 173743383
2000 4713 173743383
4000 1287 173743383
4000 4713 173743383
4713 2000 173743383
4713 4000 173743383
1287 3000 243940279
3000 1287 243940279
3000 4713 243940279
4713 3000 243940279
1295 3000 542155779
3000 1295 542155779
3000 4705 542155779
4705 3000 542155779
1300 2000 506198066
1300 4000 506198066
2000 1300 506198066
2000 4700 506198066
4000 1300 506198066
4000 4700 506198066
4700 2000 506198066
4700 4000 506198066
1300 3000 278007609
3000 1300 278007609
3000 4700 278007609
4700 3000 278007609
1304 2031 121813450
1304 3969 121813450
2031 1304 121813450
2031 4696 121813450
3969 1304 121813450
3969 4696 121813450
4696 2031 121813450
4696 3969 121813450
1306 2000 483735868
1306 4000 483735868
2000 1306 483735868
2000 4694 483735868
4000 1306 483735868
4000 4694 483735868
4694 2000 483735868
4694 4000 483735868
1306 3000 549636439
3000 1306 549636439
3000 4694 549636439
4694 3000 549636439
1312 3000 279321779
3000 1312 279321779
3000 4688 279321779
4688 3000 279321779
1313 1725 24706396
1313 4275 24706396
1725 1313 24706396
1725 4687 24706396
4275 1313 24706396
4275 4687 24706396
4687 1725 24706396
4687 4275 24706396
1317 2000 458342060
1317 4000 458342060
2000 1317 458342060
2000 4683 458342060
4000 1317 458342060
4000 4683 458342060
4683 2000 458342060
4683 4000 458342060
1321 3000 456198952
3000 1321 456198952
3000 4679 456198952
4679 3000 456198952
1323 2000 408009349
1323 4000 408009349
2000 1323 408009349
2000 4677 408009349
4000 1323 408009349
4000 4677 408009349
4677 2000 408009349
4677 4000 408009349
1330 2000 439175396
1330 4000 439175396
2000 1330 439175396
2000 4670 439175396
4000 1330 439175396
4000 4670 439175396
4670 2000 439175396
4670 4000 439175396
1330 3000 200602996
3000 1330 200602996
3000 4670 200602996
4670 3000 200602996
1336 2000 183245843
1336 4000 183245843
2000 1336 183245843
2000 4664 183245843
4000 1336 183245843
4000 4664 183245843
4664 2000 183245843
4664 4000 183245843
1336 3000 333768853
3000 1336 333768853
3000 4664 333768853
4664 3000 333768853
1340 2000 407150084
1340 4000 407150084
2000 1340 407150084
2000 4660 407150084
4000 1340 407150084
4000 4660 407150084
4660 2000 407150084
4660 4000 407150084
1340 3000 368189998
3000 1340 368189998
3000 4660 368189998
4660 3000 368189998
1350 2000 475234199
1350 4000 475234199
2000 1350 475234199
2000 4650 475234199
4000 1350 475234199
4000 4650 475234199
4650 2000 475234199
4650 4000 475234199
1350 3000 435768663
3000 1350 435768663
3000 4650 435768663
4650 3000 435768663
1355 1766 66850817
1355 4234 66850817
1766 1355 66850817
1766 4645 66850817
4234 1355 66850817
4234 4645 66850817
4645 1766 66850817
4645 4234 66850817
1360 2000 401984385
1360 4000 401984385
2000 1360 401984385
2000 4640 401984385
4000 1360 401984385
4000 4640 401984385
4640 2000 401984385
4640 4000 401984385
1360 3000 591558462
3000 1360 591558462
3000 4640 591558462
4640 3000 591558462
1372 2000 297123728
1372 4000 297123728
2000 1372 297123728
2000 4628 297123728
4000 1372 297123728
4000 4628 297123728
4628 2000 297123728
4628 4000 297123728
1379 2000 535493948
1379 4000 535493948
2000 1379 535493948
2000 4621 535493948
4000 1379 535493948
4000 4621 535493948
4621 2000 535493948
4621 4000 535493948
1379 3000 420443419
3000 1379 420443419
3000 4621 420443419
4621 3000 420443419
1396 2000 413650171
1396 4000 413650171
2000 1396 413650171
2000 4604 413650171
4000 1396 413650171
4000 4604 413650171
4604 2000 413650171
4604 4000 413650171
1396 3000 365278606
3000 1396 365278606
3000 4604 365278606
4604 3000 365278606
1400 2000 291240290
1400 4000 291240290
2000 1400 291240290
2000 4600 291240290
4000 1400 291240290
4000 4600 291240290
4600 2000 291240290
4600 4000 291240290
1407 2000 199966129
1407 4000 199966129
2000 1407 199966129
2000 4593 199966129
4000 1407 199966129
4000 4593 199966129
4593 2000 199966129
4593 4000 199966129
1409 2000 136572590
1409 4000 136572590
2000 1409 136572590
2000 4591 136572590
4000 1409 136572590
4000 4591 136572590
4591 2000 136572590
4591 4000 136572590
1411 3000 166747955
3000 1411 166747955
3000 4589 166747955
4589 3000 166747955
1413 2000 390419689
1413 4000 390419689
2000 1413 390419689
2000 4587 390419689
4000 1413 390419689
4000 4587 390419689
4587 2000 390419689
4587 4000 390419689
1413 3000 219153011
3000 1413 219153011
3000 4587 219153011
4587 3000 219153011
1419 2000 377540823
1419 4000 377540823
2000 1419 377540823
2000 4581 377540823
4000 1419 377540823
4000 4581 377540823
4581 2000 377540823
4581 4000 377540823
1419 3000 393199664
3000 1419 393199664
3000 4581 393199664
4581 3000 393199664
1430 2000 291149309
1430 4000 291149309
2000 1430 291149309
2000 4570 291149309
4000 1430 291149309
4000 4570 291149309
4570 2000 291149309
4570 4000 291149309
1435 2000 114160937
1435 4000 114160937
2000 1435 114160937
2000 4565 114160937
4000 1435 114160937
4000 4565 114160937
4565 2000 114160937
4565 4000 114160937
1438 3000 609886079
3000 1438 609886079
3000 4562 609886079
4562 3000 609886079
1442 1895 185217098
1442 4105 185217098
1895 1442 185217098
1895 4558 185217098
4105 1442 185217098
4105 4558 185217098
4558 1895 185217098
4558 4105 185217098
1450 2000 601899969
1450 4000 601899969
2000 1450 601899969
2000 4550 601899969
4000 1450 601899969
4000 4550 601899969
4550 2000 601899969
4550 4000 601899969
1450 3000 701857761
3000 1450 701857761
3000 4550 701857761
4550 3000 701857761
1460 2000 445351995
1460 4000 445351995
2000 1460 445351995
2000 4540 445351995
4000 1460 445351995
4000 4540 445351995
4540 2000 445351995
4540 4000 445351995
1461 1885 328178576
1461 4115 328178576
1885 1461 328178576
1885 4539 328178576
4115 1461 328178576
4115 4539 328178576
4539 1885 328178576
4539 4115 328178576
1464 3000 183862492
3000 1464 183862492
3000 4536 183862492
4536 3000 183862492
1470 2000 534472939
1470 4000 534472939
2000 1470 534472939
2000 4530 534472939
4000 1470 534472939
4000 4530 534472939
4530 2000 534472939
4530 4000 534472939
1474 1877 438012861
1474 4123 438012861
1877 1474 438012861
1877 4526 438012861
4123 1474 438012861
4123 4526 438012861
4526 1877 438012861
4526 4123 438012861
1480 2000 237743462
1480 4000 237743462
2000 1480 237743462
2000 4520 237743462
4000 1480 237743462
4000 4520 237743462
4520 2000 237743462
4520 4000 237743462
1480 3000 334779753
3000 1480 334779753
3000 4520 334779753
4520 3000 334779753
1482 1875 226168657
1482 4125 226168657
1875 1482 226168657
1875 4518 226168657
4125 1482 226168657
4125 4518 226168657
4518 1875 226168657
4518 4125 226168657
1485 2000 185985382
1485 4000 185985382
2000 1485 185985382
2000 4515 185985382
4000 1485 185985382
4000 4515 185985382
4515 2000 185985382
4515 4000 185985382
1485 3000 303633924
3000 1485 303633924
3000 4515 303633924
4515 3000 303633924
1490 1870 433463811
1490 4130 433463811
1870 1490 433463811
1870 4510 433463811
4130 1490 433463811
4130 4510 433463811
4510 1870 433463811
4510 4130 433463811
1494 2000 161177896
1494 4000 161177896
2000 1494 161177896
2000 4506 161177896
4000 1494 161177896
4000 4506 161177896
4506 2000 161177896
4506 4000 161177896
1494 3000 249105978
3000 1494 249105978
3000 4506 249105978
4506 3000 249105978
1498 2000 438134169
1498 4000 438134169
2000 1498 438134169
2000 4502 438134169
4000 1498 438134169
4000 4502 438134169
4502 2000 438134169
4502 4000 438134169
1498 3000 224530999
3000 1498 224530999
3000 4502 224530999
4502 3000 224530999
1499 1863 979410465
1499 4137 979410465
1863 1499 979410465
1863 4501 979410465
4137 1499 979410465
4137 4501 979410465
4501 1863 979410465
4501 4137 979410465
1504 2000 179768347
1504 4000 179768347
2000 1504 179768347
2000 4496 179768347
4000 1504 179768347
4000 4496 179768347
4496 2000 179768347
4496 4000 179768347
1504 3000 434666782
3000 1504 434666782
3000 4496 434666782
4496 3000 434666782
1510 2000 357747401
1510 4000 357747401
2000 1510 357747401
2000 4490 357747401
4000 1510 357747401
4000 4490 357747401
4490 2000 357747401
4490 4000 357747401
1510 3000 177958836
3000 1510 177958836
3000 4490 177958836
4490 3000 177958836
1517 2000 315572653
1517 4000 315572653
2000 1517 315572653
2000 4483 315572653
4000 1517 315572653
4000 4483 315572653
4483 2000 315572653
4483 4000 315572653
1520 2000 213775023
1520 4000 213775023
2000 1520 213775023
2000 4480 213775023
4000 1520 213775023
4000 4480 213775023
4480 2000 213775023
4480 4000 213775023
1527 2850 13920093
1527 3150 13920093
2850 1527 13920093
2850 4473 13920093
3150 1527 13920093
3150 4473 13920093
4473 2850 13920093
4473 3150 13920093
1530 2000 522513992
1530 4000 522513992
2000 1530 522513992
2000 4470 522513992
4000 1530 522513992
4000 4470 522513992
4470 2000 522513992
4470 4000 522513992
1530 3000 396040293
3000 1530 396040293
3000 4470 396040293
4470 3000 396040293
1533 2909 121429308
1533 3091 121429308
2909 1533 121429308
2909 4467 121429308
3091 1533 121429308
3091 4467 121429308
4467 2909 121429308
4467 3091 121429308
1536 2000 100746294
1536 4000 100746294
2000 1536 100746294
2000 4464 100746294
4000 1536 100746294
4000 4464 100746294
4464 2000 100746294
4464 4000 100746294
1536 3000 100746294
3000 1536 100746294
3000 4464 100746294
4464 3000 100746294
1540 3000 404339782
3000 1540 404339782
3000 4460 404339782
4460 3000 404339782
1542 2000 251623119
1542 4000 251623119
2000 1542 251623119
2000 4458 251623119
4000 1542 251623119
4000 4458 251623119
4458 2000 251623119
4458 4000 251623119
1546 1837 224450127
1546 4163 224450127
1837 1546 224450127
1837 4454 224450127
4163 1546 224450127
4163 4454 224450127
4454 1837 224450127
4454 4163 224450127
1550 2000 502932859
1550 4000 502932859
2000 1550 502932859
2000 4450 502932859
4000 1550 502932859
4000 4450 502932859
4450 2000 502932859
4450 4000 502932859
1550 3000 413913005
3000 1550 413913005
3000 4450 413913005
4450 3000 413913005
1551 2114 122076284
1551 3886 122076284
2114 1551 122076284
2114 4449 122076284
3886 1551 122076284
3886 4449 122076284
4449 2114 122076284
4449 3886 122076284
1560 3000 532097324
3000 1560 532097324
3000 4440 532097324
4440 3000 532097324
1568 1823 135460600
1568 4177 135460600
1823 1568 135460600
1823 4432 135460600
4177 1568 135460600
4177 4432 135460600
4432 1823 135460600
4432 4177 135460600
1569 2820 190362579
1569 3180 190362579
2820 1569 190362579
2820 4431 190362579
3180 1569 190362579
3180 4431 190362579
4431 2820 190362579
4431 3180 190362579
1570 2000 460576149
1570 4000 460576149
2000 1570 460576149
2000 4430 460576149
4000 1570 460576149
4000 4430 460576149
4430 2000 460576149
4430 4000 460576149
1570 3000 448910363
3000 1570 448910363
3000 4430 448910363
4430 3000 448910363
1571 1816 175613548
1571 4184 175613548
1816 1571 175613548
1816 4429 175613548
4184 1571 175613548
4184 4429 175613548
4429 1816 175613548
4429 4184 175613548
1574 1811 305150274
1574 4189 305150274
1811 1574 305150274
1811 4426 305150274
4189 1574 305150274
4189 4426 305150274
4426 1811 305150274
4426 4189 305150274
1583 2000 470129154
1583 4000 470129154
2000 1583 470129154
2000 4417 470129154
4000 1583 470129154
4000 4417 470129154
4417 2000 470129154
4417 4000 470129154
1583 3000 163300786
3000 1583 163300786
3000 4417 163300786
4417 3000 163300786
1587 2809 44287529
1587 3191 44287529
2809 1587 44287529
2809 4413 44287529
3191 1587 44287529
3191 4413 44287529
4413 2809 44287529
4413 3191 44287529
1592 2000 413640062
1592 4000 413640062
2000 1592 413640062
2000 4408 413640062
4000 1592 413640062
4000 4408 413640062
4408 2000 413640062
4408 4000 413640062
1592 3000 263551739
3000 1592 263551739
3000 4408 263551739
4408 3000 263551739
1596 3000 178383414
3000 1596 178383414
3000 4404 178383414
4404 3000 178383414
1600 1800 194588141
1600 4200 194588141
1800 1600 194588141
1800 4400 194588141
4200 1600 194588141
4200 4400 194588141
4400 1800 194588141
4400 4200 194588141
1602 2000 364773156
1602 4000 364773156
2000 1602 364773156
2000 4398 364773156
4000 1602 364773156
4000 4398 364773156
4398 2000 364773156
4398 4000 364773156
1602 3000 314359573
3000 1602 314359573
3000 4398 314359573
4398 3000 314359573
1603 2215 408262074
1603 3785 408262074
2215 1603 408262074
2215 4397 408262074
3785 1603 408262074
3785 4397 408262074
4397 2215 408262074
4397 3785 408262074
1603 2785 570086946
1603 3215 570086946
2785 1603 570086946
2785 4397 570086946
3215 1603 570086946
3215 4397 570086946
4397 2785 570086946
4397 3215 570086946
1607 3000 154637373
3000 1607 154637373
3000 4393 154637373
4393 3000 154637373
1610 2000 559351188
1610 4000 559351188
2000 1610 559351188
2000 4390 559351188
4000 1610 559351188
4000 4390 559351188
4390 2000 559351188
4390 4000 559351188
1610 2718 375751530
1610 3282 375751530
2718 1610 375751530
2718 4390 375751530
3282 1610 375751530
3282 4390 375751530
4390 2718 375751530
4390 3282 375751530
1610 3000 330129613
3000 1610 330129613
3000 4390 330129613
4390 3000 330129613
1619 2000 139433437
1619 4000 139433437
2000 1619 139433437
2000 4381 139433437
4000 1619 139433437
4000 4381 139433437
4381 2000 139433437
4381 4000 139433437
1619 3000 290674186
3000 1619 290674186
3000 4381 290674186
4381 3000 290674186
1620 1780 696934678
1620 4220 696934678
1780 1620 696934678
1780 4380 696934678
4220 1620 696934678
4220 4380 696934678
4380 1780 696934678
4380 4220 696934678
1620 2235 519632927
1620 3765 519632927
2235 1620 519632927
2235 4380 519632927
3765 1620 519632927
3765 4380 519632927
4380 2235 519632927
4380 3765 519632927
1621 2000 281474996
1621 4000 281474996
2000 1621 281474996
2000 4379 281474996
4000 1621 281474996
4000 4379 281474996
4379 2000 281474996
4379 4000 281474996
1627 1779 84511240
1627 4221 84511240
1779 1627 84511240
1779 4373 84511240
4221 1627 84511240
4221 4373 84511240
4373 1779 84511240
4373 4221 84511240
1630 2000 376792757
1630 4000 376792757
2000 1630 376792757
2000 4370 376792757
4000 1630 376792757
4000 4370 376792757
4370 2000 376792757
4370 4000 376792757
1632 1775 132528990
1632 4225 132528990
1775 1632 132528990
1775 4368 132528990
4225 1632 132528990
4225 4368 132528990
4368 1775 132528990
4368 4225 132528990
1632 3000 181517204
3000 1632 181517204
3000 4368 181517204
4368 3000 181517204
1633 1720 731072771
1633 4280 731072771
1720 1633 731072771
1720 4367 731072771
4280 1633 731072771
4280 4367 731072771
4367 1720 731072771
4367 4280 731072771
1636 3000 169022480
3000 1636 169022480
3000 4364 169022480
4364 3000 169022480
1638 2000 238582509
1638 4000 238582509
2000 1638 238582509
2000 4362 238582509
4000 1638 238582509
4000 4362 238582509
4362 2000 238582509
4362 4000 238582509
1643 1766 103809321
1643 4234 103809321
1766 1643 103809321
1766 4357 103809321
4234 1643 103809321
4234 4357 103809321
4357 1766 103809321
4357 4234 103809321
1647 2000 185934837
1647 4000 185934837
2000 1647 185934837
2000 4353 185934837
4000 1647 185934837
4000 4353 185934837
4353 2000 185934837
4353 4000 185934837
1647 3000 365005663
3000 1647 365005663
3000 4353 365005663
4353 3000 365005663
1648 2294 10109
1648 3706 10109
2294 1648 10109
2294 4352 10109
3706 1648 10109
3706 4352 10109
4352 2294 10109
4352 3706 10109
1648 2706 562131163
1648 3294 562131163
2706 1648 562131163
2706 4352 562131163
3294 1648 562131163
3294 4352 562131163
4352 2706 562131163
4352 3294 562131163
1650 1650 1287957363
1650 4350 1287957363
4350 1650 1287957363
4350 4350 1287957363
1650 2000 209407935
1650 4000 209407935
2000 1650 209407935
2000 4350 209407935
4000 1650 209407935
4000 4350 209407935
4350 2000 209407935
4350 4000 209407935
1650 2671 271234579
1650 3329 271234579
2671 1650 271234579
2671 4350 271234579
3329 1650 271234579
3329 4350 271234579
4350 2671 271234579
4350 3329 271234579
1650 2740 322092958
1650 3260 322092958
2740 1650 322092958
2740 4350 322092958
3260 1650 322092958
3260 4350 322092958
4350 2740 322092958
4350 3260 322092958
1652 3000 292928493
3000 1652 292928493
3000 4348 292928493
4348 3000 292928493
1660 1736 815958044
1660 4264 815958044
1736 1660 815958044
1736 4340 815958044
4264 1660 815958044
4264 4340 815958044
4340 1736 815958044
4340 4264 815958044
1661 2000 532794845
1661 4000 532794845
2000 1661 532794845
2000 4339 532794845
4000 1661 532794845
4000 4339 532794845
4339 2000 532794845
4339 4000 532794845
1661 3000 272710493
3000 1661 272710493
3000 4339 272710493
4339 3000 272710493
1668 1742 354381104
1668 4258 354381104
1742 1668 354381104
1742 4332 354381104
4258 1668 354381104
4258 4332 354381104
4332 1742 354381104
4332 4258 354381104
1670 2000 448485785
1670 4000 448485785
2000 1670 448485785
2000 4330 448485785
4000 1670 448485785
4000 4330 448485785
4330 2000 448485785
4330 4000 448485785
1670 3000 479692268
3000 1670 479692268
3000 4330 479692268
4330 3000 479692268
1672 2343 92891601
1672 3657 92891601
2343 1672 92891601
2343 4328 92891601
3657 1672 92891601
3657 4328 92891601
4328 2343 92891601
4328 3657 92891601
1672 2657 243252867
1672 3343 243252867
2657 1672 243252867
2657 4328 243252867
3343 1672 243252867
3343 4328 243252867
4328 2657 243252867
4328 3343 243252867
1672 2738 383131100
1672 3262 383131100
2738 1672 383131100
2738 4328 383131100
3262 1672 383131100
3262 4328 383131100
4328 2738 383131100
4328 3262 383131100
1680 2000 549535349
1680 4000 549535349
2000 1680 549535349
2000 4320 549535349
4000 1680 549535349
4000 4320 549535349
4320 2000 549535349
4320 4000 549535349
1680 3000 630498330
3000 1680 630498330
3000 4320 630498330
4320 3000 630498330
1691 2000 654183717
1691 4000 654183717
2000 1691 654183717
2000 4309 654183717
4000 1691 654183717
4000 4309 654183717
4309 2000 654183717
4309 4000 654183717
1691 3000 492409390
3000 1691 492409390
3000 4309 492409390
4309 3000 492409390
1692 2316 14182927
1692 3684 14182927
2316 1692 14182927
2316 4308 14182927
3684 1692 14182927
3684 4308 14182927
4308 2316 14182927
4308 3684 14182927
1697 1715 392239309
1697 4285 392239309
1715 1697 392239309
1715 4303 392239309
4285 1697 392239309
4285 4303 392239309
4303 1715 392239309
4303 4285 392239309
1698 2286 10109
1698 3714 10109
2286 1698 10109
2286 4302 10109
3714 1698 10109
3714 4302 10109
4302 2286 10109
4302 3714 10109
1698 2714 14476088
1698 3286 14476088
2714 1698 14476088
2714 4302 14476088
3286 1698 14476088
3286 4302 14476088
4302 2714 14476088
4302 3286 14476088
1700 2000 409818860
1700 4000 409818860
2000 1700 409818860
2000 4300 409818860
4000 1700 409818860
4000 4300 409818860
4300 2000 409818860
4300 4000 409818860
1700 2300 297305690
1700 3700 297305690
2300 1700 297305690
2300 4300 297305690
3700 1700 297305690
3700 4300 297305690
4300 2300 297305690
4300 3700 297305690
1700 3000 410637689
3000 1700 410637689
3000 4300 410637689
4300 3000 410637689
1710 2000 373436569
1710 4000 373436569
2000 1710 373436569
2000 4290 373436569
4000 1710 373436569
4000 4290 373436569
4290 2000 373436569
4290 4000 373436569
1710 3000 508219866
3000 1710 508219866
3000 4290 508219866
4290 3000 508219866
1720 2000 519946306
1720 4000 519946306
2000 1720 519946306
2000 4280 519946306
4000 1720 519946306
4000 4280 519946306
4280 2000 519946306
4280 4000 519946306
1720 3000 388812358
3000 1720 388812358
3000 4280 388812358
4280 3000 388812358
1730 2000 485171346
1730 4000 485171346
2000 1730 485171346
2000 4270 485171346
4000 1730 485171346
4000 4270 485171346
4270 2000 485171346
4270 4000 485171346
1730 3000 362963645
3000 1730 362963645
3000 4270 362963645
4270 3000 362963645
1735 2000 109328835
1735 4000 109328835
2000 1735 109328835
2000 4265 109328835
4000 1735 109328835
4000 4265 109328835
4265 2000 109328835
4265 4000 109328835
1735 3000 148905570
3000 1735 148905570
3000 4265 148905570
4265 3000 148905570
1738 2000 364742829
1738 4000 364742829
2000 1738 364742829
2000 4262 364742829
4000 1738 364742829
4000 4262 364742829
4262 2000 364742829
4262 4000 364742829
1738 3000 154364430
3000 1738 154364430
3000 4262 154364430
4262 3000 154364430
1743 3000 222863014
3000 1743 222863014
3000 4257 222863014
4257 3000 222863014
1750 2000 662058628
1750 4000 662058628
2000 1750 662058628
2000 4250 662058628
4000 1750 662058628
4000 4250 662058628
4250 2000 662058628
4250 4000 662058628
1750 3000 427044596
3000 1750 427044596
3000 4250 427044596
4250 3000 427044596
1760 2000 461748793
1760 4000 461748793
2000 1760 461748793
2000 4240 461748793
4000 1760 461748793
4000 4240 461748793
4240 2000 461748793
4240 4000 461748793
1760 2417 457108762
1760 3583 457108762
2417 1760 457108762
2417 4240 457108762
3583 1760 457108762
3583 4240 457108762
4240 2417 457108762
4240 3583 457108762
1760 3000 233720080
3000 1760 233720080
3000 4240 233720080
4240 3000 233720080
1770 2000 207345699
1770 4000 207345699
2000 1770 207345699
2000 4230 207345699
4000 1770 207345699
4000 4230 207345699
4230 2000 207345699
4230 4000 207345699
1770 3000 604558636
3000 1770 604558636
3000 4230 604558636
4230 3000 604558636
1780 2000 523019442
1780 4000 523019442
2000 1780 523019442
2000 4220 523019442
4000 1780 523019442
4000 4220 523019442
4220 2000 523019442
4220 4000 523019442
1780 2430 649341506
1780 3570 649341506
2430 1780 649341506
2430 4220 649341506
3570 1780 649341506
3570 4220 649341506
4220 2430 649341506
4220 3570 649341506
1780 3000 381281153
3000 1780 381281153
3000 4220 381281153
4220 3000 381281153
1790 2000 489245273
1790 4000 489245273
2000 1790 489245273
2000 4210 489245273
4000 1790 489245273
4000 4210 489245273
4210 2000 489245273
4210 4000 489245273
1790 3000 447535539
3000 1790 447535539
3000 4210 447535539
4210 3000 447535539
1797 2595 221599389
1797 3405 221599389
2595 1797 221599389
2595 4203 221599389
3405 1797 221599389
3405 4203 221599389
4203 2595 221599389
4203 3405 221599389
1800 2000 538718719
1800 4000 538718719
2000 1800 538718719
2000 4200 538718719
4000 1800 538718719
4000 4200 538718719
4200 2000 538718719
4200 4000 538718719
1800 3000 311488617
3000 1800 311488617
3000 4200 311488617
4200 3000 311488617
1805 2420 374730521
1805 3580 374730521
2420 1805 374730521
2420 4195 374730521
3580 1805 374730521
3580 4195 374730521
4195 2420 374730521
4195 3580 374730521
1805 2580 341916707
1805 3420 341916707
2580 1805 341916707
2580 4195 341916707
3420 1805 341916707
3420 4195 341916707
4195 2580 341916707
4195 3420 341916707
1807 2000 355240369
1807 4000 355240369
2000 1807 355240369
2000 4193 355240369
4000 1807 355240369
4000 4193 355240369
4193 2000 355240369
4193 4000 355240369
1807 3000 201118555
3000 1807 201118555
3000 4193 201118555
4193 3000 201118555
1816 2000 310831532
1816 4000 310831532
2000 1816 310831532
2000 4184 310831532
4000 1816 310831532
4000 4184 310831532
4184 2000 310831532
4184 4000 310831532
1816 3000 150795953
3000 1816 150795953
3000 4184 150795953
4184 3000 150795953
1820 2000 152140450
1820 4000 152140450
2000 1820 152140450
2000 4180 152140450
4000 1820 152140450
4000 4180 152140450
4180 2000 152140450
4180 4000 152140450
1826 2540 658459824
1826 3460 658459824
2540 1826 658459824
2540 4174 658459824
3460 1826 658459824
3460 4174 658459824
4174 2540 658459824
4174 3460 658459824
1826 3000 330058850
3000 1826 330058850
3000 4174 330058850
4174 3000 330058850
1830 2490 672288936
1830 3510 672288936
2490 1830 672288936
2490 4170 672288936
3510 1830 672288936
3510 4170 672288936
4170 2490 672288936
4170 3510 672288936
1830 2510 1202051081
1830 3490 1202051081
2510 1830 1202051081
2510 4170 1202051081
3490 1830 1202051081
3490 4170 1202051081
4170 2510 1202051081
4170 3490 1202051081
1832 3000 82267042
3000 1832 82267042
3000 4168 82267042
4168 3000 82267042
1838 3000 255909335
3000 1838 255909335
3000 4162 255909335
4162 3000 255909335
1841 2000 440530002
1841 4000 440530002
2000 1841 440530002
2000 4159 440530002
4000 1841 440530002
4000 4159 440530002
4159 2000 440530002
4159 4000 440530002
1845 3000 214300691
3000 1845 214300691
3000 4155 214300691
4155 3000 214300691
1850 2000 185874183
1850 4000 185874183
2000 1850 185874183
2000 4150 185874183
4000 1850 185874183
4000 4150 185874183
4150 2000 185874183
4150 4000 185874183
1850 3000 235559918
3000 1850 235559918
3000 4150 235559918
4150 3000 235559918
1854 2500 885204694
1854 3500 885204694
2500 1854 885204694
2500 4146 885204694
3500 1854 885204694
3500 4146 885204694
4146 2500 885204694
4146 3500 885204694
1860 2000 264805255
1860 4000 264805255
2000 1860 264805255
2000 4140 264805255
4000 1860 264805255
4000 4140 264805255
4140 2000 264805255
4140 4000 264805255
1860 3000 232264384
3000 1860 232264384
3000 4140 232264384
4140 3000 232264384
1861 2497 122227919
1861 3503 122227919
2497 1861 122227919
2497 4139 122227919
3503 1861 122227919
3503 4139 122227919
4139 2497 122227919
4139 3503 122227919
1861 2503 378794339
1861 3497 378794339
2503 1861 378794339
2503 4139 378794339
3497 1861 378794339
3497 4139 378794339
4139 2503 378794339
4139 3497 378794339
1864 2000 144053250
1864 4000 144053250
2000 1864 144053250
2000 4136 144053250
4000 1864 144053250
4000 4136 144053250
4136 2000 144053250
4136 4000 144053250
1864 2503 72926326
1864 3497 72926326
2503 1864 72926326
2503 4136 72926326
3497 1864 72926326
3497 4136 72926326
4136 2503 72926326
4136 3497 72926326
1864 3000 234225530
3000 1864 234225530
3000 4136 234225530
4136 3000 234225530
1871 2000 311084257
1871 4000 311084257
2000 1871 311084257
2000 4129 311084257
4000 1871 311084257
4000 4129 311084257
4129 2000 311084257
4129 4000 311084257
1871 3000 123713942
3000 1871 123713942
3000 4129 123713942
4129 3000 123713942
1879 2000 145872870
1879 4000 145872870
2000 1879 145872870
2000 4121 145872870
4000 1879 145872870
4000 4121 145872870
4121 2000 145872870
4121 4000 145872870
1881 3000 93376833
3000 1881 93376833
3000 4119 93376833
4119 3000 93376833
1890 2000 266200297
1890 4000 266200297
2000 1890 266200297
2000 4110 266200297
4000 1890 266200297
4000 4110 266200297
4110 2000 266200297
4110 4000 266200297
1890 3000 249934916
3000 1890 249934916
3000 4110 249934916
4110 3000 249934916
1891 2450 222307019
1891 3550 222307019
2450 1891 222307019
2450 4109 222307019
3550 1891 222307019
3550 4109 222307019
4109 2450 222307019
4109 3550 222307019
1891 2550 41446900
1891 3450 41446900
2550 1891 41446900
2550 4109 41446900
3450 1891 41446900
3450 4109 41446900
4109 2550 41446900
4109 3450 41446900
1896 2444 12272326
1896 3556 12272326
2444 1896 12272326
2444 4104 12272326
3556 1896 12272326
3556 4104 12272326
4104 2444 12272326
4104 3556 12272326
1900 2000 315350255
1900 4000 315350255
2000 1900 315350255
2000 4100 315350255
4000 1900 315350255
4000 4100 315350255
4100 2000 315350255
4100 4000 315350255
1900 3000 280100172
3000 1900 280100172
3000 4100 280100172
4100 3000 280100172
1908 2000 288187372
1908 4000 288187372
2000 1908 288187372
2000 4092 288187372
4000 1908 288187372
4000 4092 288187372
4092 2000 288187372
4092 4000 288187372
1915 2000 224530999
1915 4000 224530999
2000 1915 224530999
2000 4085 224530999
4000 1915 224530999
4000 4085 224530999
4085 2000 224530999
4085 4000 224530999
1915 3000 89919555
3000 1915 89919555
3000 4085 89919555
4085 3000 89919555
1917 3000 17003338
3000 1917 17003338
3000 4083 17003338
4083 3000 17003338
1919 2000 82893800
1919 4000 82893800
2000 1919 82893800
2000 4081 82893800
4000 1919 82893800
4000 4081 82893800
4081 2000 82893800
4081 4000 82893800
1919 3000 193567132
3000 1919 193567132
3000 4081 193567132
4081 3000 193567132
1921 2000 143881397
1921 4000 143881397
2000 1921 143881397
2000 4079 143881397
4000 1921 143881397
4000 4079 143881397
4079 2000 143881397
4079 4000 143881397
1924 3000 64798690
3000 1924 64798690
3000 4076 64798690
4076 3000 64798690
1925 2000 70399076
1925 4000 70399076
2000 1925 70399076
2000 4075 70399076
4000 1925 70399076
4000 4075 70399076
4075 2000 70399076
4075 4000 70399076
1929 2000 252886744
1929 4000 252886744
2000 1929 252886744
2000 4071 252886744
4000 1929 252886744
4000 4071 252886744
4071 2000 252886744
4071 4000 252886744
1933 2000 39647498
1933 4000 39647498
2000 1933 39647498
2000 4067 39647498
4000 1933 39647498
4000 4067 39647498
4067 2000 39647498
4067 4000 39647498
1933 3000 84258515
3000 1933 84258515
3000 4067 84258515
4067 3000 84258515
1936 3000 10109
3000 1936 10109
3000 4064 10109
4064 3000 10109
1941 2000 168810191
1941 4000 168810191
2000 1941 168810191
2000 4059 168810191
4000 1941 168810191
4000 4059 168810191
4059 2000 168810191
4059 4000 168810191
1941 3000 190574868
3000 1941 190574868
3000 4059 190574868
4059 3000 190574868
1946 2000 222185711
1946 4000 222185711
2000 1946 222185711
2000 4054 222185711
4000 1946 222185711
4000 4054 222185711
4054 2000 222185711
4054 4000 222185711
1946 3000 195295771
3000 1946 195295771
3000 4054 195295771
4054 3000 195295771
1948 3000 157326367
3000 1948 157326367
3000 4052 157326367
4052 3000 157326367
1953 3000 208811504
3000 1953 208811504
3000 4047 208811504
4047 3000 208811504
1954 2000 266533894
1954 4000 266533894
2000 1954 266533894
2000 4046 266533894
4000 1954 266533894
4000 4046 266533894
4046 2000 266533894
4046 4000 266533894
1960 2000 235115122
1960 4000 235115122
2000 1960 235115122
2000 4040 235115122
4000 1960 235115122
4000 4040 235115122
4040 2000 235115122
4040 4000 235115122
1962 3000 77687665
3000 1962 77687665
3000 4038 77687665
4038 3000 77687665
1965 2000 186541377
1965 4000 186541377
2000 1965 186541377
2000 4035 186541377
4000 1965 186541377
4000 4035 186541377
4035 2000 186541377
4035 4000 186541377
1965 3000 299479125
3000 1965 299479125
3000 4035 299479125
4035 3000 299479125
1971 2000 262955308
1971 4000 262955308
2000 1971 262955308
2000 4029 262955308
4000 1971 262955308
4000 4029 262955308
4029 2000 262955308
4029 4000 262955308
1971 3000 186329088
3000 1971 186329088
3000 4029 186329088
4029 3000 186329088
1976 2000 127848523
1976 4000 127848523
2000 1976 127848523
2000 4024 127848523
4000 1976 127848523
4000 4024 127848523
4024 2000 127848523
4024 4000 127848523
1976 3000 279655376
3000 1976 279655376
3000 4024 279655376
4024 3000 279655376
1979 2000 81306687
1979 4000 81306687
2000 1979 81306687
2000 4021 81306687
4000 1979 81306687
4000 4021 81306687
4021 2000 81306687
4021 4000 81306687
1979 3000 98016864
3000 1979 98016864
3000 4021 98016864
4021 3000 98016864
1982 2000 190534432
1982 4000 190534432
2000 1982 190534432
2000 4018 190534432
4000 1982 190534432
4000 4018 190534432
4018 2000 190534432
4018 4000 190534432
1982 2250 14152600
1982 3750 14152600
2250 1982 14152600
2250 4018 14152600
3750 1982 14152600
3750 4018 14152600
4018 2250 14152600
4018 3750 14152600
1982 2750 140060195
1982 3250 140060195
2750 1982 140060195
2750 4018 140060195
3250 1982 140060195
3250 4018 140060195
4018 2750 140060195
4018 3250 140060195
1982 3000 141050877
3000 1982 141050877
3000 4018 141050877
4018 3000 141050877
1985 2000 298235718
1985 4000 298235718
2000 1985 298235718
2000 4015 298235718
4000 1985 298235718
4000 4015 298235718
4015 2000 298235718
4015 4000 298235718
1993 2000 242211640
1993 4000 242211640
2000 1993 242211640
2000 4007 242211640
4000 1993 242211640
4000 4007 242211640
4007 2000 242211640
4007 4000 242211640
1993 3000 89403996
3000 1993 89403996
3000 4007 89403996
4007 3000 89403996
1995 1998 124745060
1995 4002 124745060
1998 1995 124745060
1998 4005 124745060
4002 1995 124745060
4002 4005 124745060
4005 1998 124745060
4005 4002 124745060
1996 2000 47067504
1996 4000 47067504
2000 1996 47067504
2000 4004 47067504
4000 1996 47067504
4000 4004 47067504
4004 2000 47067504
4004 4000 47067504
1996 3000 225976586
3000 1996 225976586
3000 4004 225976586
4004 3000 225976586
1999 1999 155284349
1999 4001 155284349
4001 1999 155284349
4001 4001 155284349
1999 2998 152322412
1999 3002 152322412
2998 1999 152322412
2998 4001 152322412
3002 1999 152322412
3002 4001 152322412
4001 2998 152322412
4001 3002 152322412
2000 2000 37726788
2000 4000 37726788
4000 2000 37726788
4000 4000 37726788
2000 2017 10109
2000 3983 10109
2017 2000 10109
2017 4000 10109
3983 2000 10109
3983 4000 10109
4000 2017 10109
4000 3983 10109
2000 2022 65435557
2000 3978 65435557
2022 2000 65435557
2022 4000 65435557
3978 2000 65435557
3978 4000 65435557
4000 2022 65435557
4000 3978 65435557
2000 2027 45460173
2000 3973 45460173
2027 2000 45460173
2027 4000 45460173
3973 2000 45460173
3973 4000 45460173
4000 2027 45460173
4000 3973 45460173
2000 2030 10109
2000 3970 10109
2030 2000 10109
2030 4000 10109
3970 2000 10109
3970 4000 10109
4000 2030 10109
4000 3970 10109
2000 2033 74382022
2000 3967 74382022
2033 2000 74382022
2033 4000 74382022
3967 2000 74382022
3967 4000 74382022
4000 2033 74382022
4000 3967 74382022
2000 2039 140484773
2000 3961 140484773
2039 2000 140484773
2039 4000 140484773
3961 2000 140484773
3961 4000 140484773
4000 2039 140484773
4000 3961 140484773
2000 2046 196235908
2000 3954 196235908
2046 2000 196235908
2046 4000 196235908
3954 2000 196235908
3954 4000 196235908
4000 2046 196235908
4000 3954 196235908
2000 2053 23897676
2000 3947 23897676
2053 2000 23897676
2053 4000 23897676
3947 2000 23897676
3947 4000 23897676
4000 2053 23897676
4000 3947 23897676
2000 2059 21491734
2000 3941 21491734
2059 2000 21491734
2059 4000 21491734
3941 2000 21491734
3941 4000 21491734
4000 2059 21491734
4000 3941 21491734
2000 2062 155769581
2000 3938 155769581
2062 2000 155769581
2062 4000 155769581
3938 2000 155769581
3938 4000 155769581
4000 2062 155769581
4000 3938 155769581
2000 2070 164988989
2000 3930 164988989
2070 2000 164988989
2070 4000 164988989
3930 2000 164988989
3930 4000 164988989
4000 2070 164988989
4000 3930 164988989
2000 2079 127019585
2000 3921 127019585
2079 2000 127019585
2079 4000 127019585
3921 2000 127019585
3921 4000 127019585
4000 2079 127019585
4000 3921 127019585
2000 2090 126018794
2000 3910 126018794
2090 2000 126018794
2090 4000 126018794
3910 2000 126018794
3910 4000 126018794
4000 2090 126018794
4000 3910 126018794
2000 2094 98087627
2000 3906 98087627
2094 2000 98087627
2094 4000 98087627
3906 2000 98087627
3906 4000 98087627
4000 2094 98087627
4000 3906 98087627
2000 2100 143820743
2000 3900 143820743
2100 2000 143820743
2100 4000 143820743
3900 2000 143820743
3900 4000 143820743
4000 2100 143820743
4000 3900 143820743
2000 2108 153747781
2000 3892 153747781
2108 2000 153747781
2108 4000 153747781
3892 2000 153747781
3892 4000 153747781
4000 2108 153747781
4000 3892 153747781
2000 2115 146792789
2000 3885 146792789
2115 2000 146792789
2115 4000 146792789
3885 2000 146792789
3885 4000 146792789
4000 2115 146792789
4000 3885 146792789
2000 2124 103303871
2000 3876 103303871
2124 2000 103303871
2124 4000 103303871
3876 2000 103303871
3876 4000 103303871
4000 2124 103303871
4000 3876 103303871
2000 2138 163411985
2000 3862 163411985
2138 2000 163411985
2138 4000 163411985
3862 2000 163411985
3862 4000 163411985
4000 2138 163411985
4000 3862 163411985
2000 2155 77859518
2000 3845 77859518
2155 2000 77859518
2155 4000 77859518
3845 2000 77859518
3845 4000 77859518
4000 2155 77859518
4000 3845 77859518
2000 2163 111866194
2000 3837 111866194
2163 2000 111866194
2163 4000 111866194
3837 2000 111866194
3837 4000 111866194
4000 2163 111866194
4000 3837 111866194
2000 2167 183387369
2000 3833 183387369
2167 2000 183387369
2167 4000 183387369
3833 2000 183387369
3833 4000 183387369
4000 2167 183387369
4000 3833 183387369
2000 2176 55114268
2000 3824 55114268
2176 2000 55114268
2176 4000 55114268
3824 2000 55114268
3824 4000 55114268
4000 2176 55114268
4000 3824 55114268
2000 2186 216767287
2000 3814 216767287
2186 2000 216767287
2186 4000 216767287
3814 2000 216767287
3814 4000 216767287
4000 2186 216767287
4000 3814 216767287
2000 2192 120307209
2000 3808 120307209
2192 2000 120307209
2192 4000 120307209
3808 2000 120307209
3808 4000 120307209
4000 2192 120307209
4000 3808 120307209
2000 2197 138382101
2000 3803 138382101
2197 2000 138382101
2197 4000 138382101
3803 2000 138382101
3803 4000 138382101
4000 2197 138382101
4000 3803 138382101
2000 2200 123390454
2000 3800 123390454
2200 2000 123390454
2200 4000 123390454
3800 2000 123390454
3800 4000 123390454
4000 2200 123390454
4000 3800 123390454
2000 2209 288025628
2000 3791 288025628
2209 2000 288025628
2209 4000 288025628
3791 2000 288025628
3791 4000 288025628
4000 2209 288025628
4000 3791 288025628
2000 2215 151806853
2000 3785 151806853
2215 2000 151806853
2215 4000 151806853
3785 2000 151806853
3785 4000 151806853
4000 2215 151806853
4000 3785 151806853
2000 2221 157902580
2000 3779 157902580
2221 2000 157902580
2221 4000 157902580
3779 2000 157902580
3779 4000 157902580
4000 2221 157902580
4000 3779 157902580
2000 2228 73057743
2000 3772 73057743
2228 2000 73057743
2228 4000 73057743
3772 2000 73057743
3772 4000 73057743
4000 2228 73057743
4000 3772 73057743
2000 2230 125119093
2000 3770 125119093
2230 2000 125119093
2230 4000 125119093
3770 2000 125119093
3770 4000 125119093
4000 2230 125119093
4000 3770 125119093
2000 2233 169416731
2000 3767 169416731
2233 2000 169416731
2233 4000 169416731
3767 2000 169416731
3767 4000 169416731
4000 2233 169416731
4000 3767 169416731
2000 2239 103394852
2000 3761 103394852
2239 2000 103394852
2239 4000 103394852
3761 2000 103394852
3761 4000 103394852
4000 2239 103394852
4000 3761 103394852
2000 2242 118244973
2000 3758 118244973
2242 2000 118244973
2242 4000 118244973
3758 2000 118244973
3758 4000 118244973
4000 2242 118244973
4000 3758 118244973
2000 2246 195962965
2000 3754 195962965
2246 2000 195962965
2246 4000 195962965
3754 2000 195962965
3754 4000 195962965
4000 2246 195962965
4000 3754 195962965
2000 2250 67942589
2000 3750 67942589
2250 2000 67942589
2250 4000 67942589
3750 2000 67942589
3750 4000 67942589
4000 2250 67942589
4000 3750 67942589
2000 2254 123724051
2000 3746 123724051
2254 2000 123724051
2254 4000 123724051
3746 2000 123724051
3746 4000 123724051
4000 2254 123724051
4000 3746 123724051
2000 2261 65354685
2000 3739 65354685
2261 2000 65354685
2261 4000 65354685
3739 2000 65354685
3739 4000 65354685
4000 2261 65354685
4000 3739 65354685
2000 2266 180051399
2000 3734 180051399
2266 2000 180051399
2266 4000 180051399
3734 2000 180051399
3734 4000 180051399
4000 2266 180051399
4000 3734 180051399
2000 2271 222347455
2000 3729 222347455
2271 2000 222347455
2271 4000 222347455
3729 2000 222347455
3729 4000 222347455
4000 2271 222347455
4000 3729 222347455
2000 2277 206627960
2000 3723 206627960
2277 2000 206627960
2277 4000 206627960
3723 2000 206627960
3723 4000 206627960
4000 2277 206627960
4000 3723 206627960
2000 2282 385324753
2000 3718 385324753
2282 2000 385324753
2282 4000 385324753
3718 2000 385324753
3718 4000 385324753
4000 2282 385324753
4000 3718 385324753
2000 2330 598473018
2000 3670 598473018
2330 2000 598473018
2330 4000 598473018
3670 2000 598473018
3670 4000 598473018
4000 2330 598473018
4000 3670 598473018
2000 2350 594510290
2000 3650 594510290
2350 2000 594510290
2350 4000 594510290
3650 2000 594510290
3650 4000 594510290
4000 2350 594510290
4000 3650 594510290
2000 2360 485646469
2000 3640 485646469
2360 2000 485646469
2360 4000 485646469
3640 2000 485646469
3640 4000 485646469
4000 2360 485646469
4000 3640 485646469
2000 2368 596127730
2000 3632 596127730
2368 2000 596127730
2368 4000 596127730
3632 2000 596127730
3632 4000 596127730
4000 2368 596127730
4000 3632 596127730
2000 2381 455137507
2000 3619 455137507
2381 2000 455137507
2381 4000 455137507
3619 2000 455137507
3619 4000 455137507
4000 2381 455137507
4000 3619 455137507
2000 2396 375751530
2000 3604 375751530
2396 2000 375751530
2396 4000 375751530
3604 2000 375751530
3604 4000 375751530
4000 2396 375751530
4000 3604 375751530
2000 2400 210681669
2000 3600 210681669
2400 2000 210681669
2400 4000 210681669
3600 2000 210681669
3600 4000 210681669
4000 2400 210681669
4000 3600 210681669
2000 2411 430178386
2000 3589 430178386
2411 2000 430178386
2411 4000 430178386
3589 2000 430178386
3589 4000 430178386
4000 2411 430178386
4000 3589 430178386
2000 2422 527255113
2000 3578 527255113
2422 2000 527255113
2422 4000 527255113
3578 2000 527255113
3578 4000 527255113
4000 2422 527255113
4000 3578 527255113
2000 2430 281727721
2000 3570 281727721
2430 2000 281727721
2430 4000 281727721
3570 2000 281727721
3570 4000 281727721
4000 2430 281727721
4000 3570 281727721
2000 2440 547200170
2000 3560 547200170
2440 2000 547200170
2440 4000 547200170
3560 2000 547200170
3560 4000 547200170
4000 2440 547200170
4000 3560 547200170
2000 2450 536110597
2000 3550 536110597
2450 2000 536110597
2450 4000 536110597
3550 2000 536110597
3550 4000 536110597
4000 2450 536110597
4000 3550 536110597
2000 2465 855251727
2000 3535 855251727
2465 2000 855251727
2465 4000 855251727
3535 2000 855251727
3535 4000 855251727
4000 2465 855251727
4000 3535 855251727
2000 2477 471524196
2000 3523 471524196
2477 2000 471524196
2477 4000 471524196
3523 2000 471524196
3523 4000 471524196
4000 2477 471524196
4000 3523 471524196
2000 2489 367168989
2000 3511 367168989
2489 2000 367168989
2489 4000 367168989
3511 2000 367168989
3511 4000 367168989
4000 2489 367168989
4000 3511 367168989
2000 2500 490064102
2000 3500 490064102
2500 2000 490064102
2500 4000 490064102
3500 2000 490064102
3500 4000 490064102
4000 2500 490064102
4000 3500 490064102
2000 2511 733084462
2000 3489 733084462
2511 2000 733084462
2511 4000 733084462
3489 2000 733084462
3489 4000 733084462
4000 2511 733084462
4000 3489 733084462
2000 2535 438639619
2000 3465 438639619
2535 2000 438639619
2535 4000 438639619
3465 2000 438639619
3465 4000 438639619
4000 2535 438639619
4000 3465 438639619
2000 2550 730132634
2000 3450 730132634
2550 2000 730132634
2550 4000 730132634
3450 2000 730132634
3450 4000 730132634
4000 2550 730132634
4000 3450 730132634
2000 2565 300085665
2000 3435 300085665
2565 2000 300085665
2565 4000 300085665
3435 2000 300085665
3435 4000 300085665
4000 2565 300085665
4000 3435 300085665
2000 2570 424992469
2000 3430 424992469
2570 2000 424992469
2570 4000 424992469
3430 2000 424992469
3430 4000 424992469
4000 2570 424992469
4000 3430 424992469
2000 2578 208730632
2000 3422 208730632
2578 2000 208730632
2578 4000 208730632
3422 2000 208730632
3422 4000 208730632
4000 2578 208730632
4000 3422 208730632
2000 2589 748126654
2000 3411 748126654
2589 2000 748126654
2589 4000 748126654
3411 2000 748126654
3411 4000 748126654
4000 2589 748126654
4000 3411 748126654
2000 2604 739240843
2000 3396 739240843
2604 2000 739240843
2604 4000 739240843
3396 2000 739240843
3396 4000 739240843
4000 2604 739240843
4000 3396 739240843
2000 2619 678475644
2000 3381 678475644
2619 2000 678475644
2619 4000 678475644
3381 2000 678475644
3381 4000 678475644
4000 2619 678475644
4000 3381 678475644
2000 2632 569571387
2000 3368 569571387
2632 2000 569571387
2632 4000 569571387
3368 2000 569571387
3368 4000 569571387
4000 2632 569571387
4000 3368 569571387
2000 2640 342978152
2000 3360 342978152
2640 2000 342978152
2640 4000 342978152
3360 2000 342978152
3360 4000 342978152
4000 2640 342978152
4000 3360 342978152
2000 2650 572765831
2000 3350 572765831
2650 2000 572765831
2650 4000 572765831
3350 2000 572765831
3350 4000 572765831
4000 2650 572765831
4000 3350 572765831
2000 2668 277208998
2000 3332 277208998
2668 2000 277208998
2668 4000 277208998
3332 2000 277208998
3332 4000 277208998
4000 2668 277208998
4000 3332 277208998
2000 2670 157599310
2000 3330 157599310
2670 2000 157599310
2670 4000 157599310
3330 2000 157599310
3330 4000 157599310
4000 2670 157599310
4000 3330 157599310
2000 2686 236742671
2000 3314 236742671
2686 2000 236742671
2686 4000 236742671
3314 2000 236742671
3314 4000 236742671
4000 2686 236742671
4000 3314 236742671
2000 2700 196144927
2000 3300 196144927
2700 2000 196144927
2700 4000 196144927
3300 2000 196144927
3300 4000 196144927
4000 2700 196144927
4000 3300 196144927
2000 2713 643872537
2000 3287 643872537
2713 2000 643872537
2713 4000 643872537
3287 2000 643872537
3287 4000 643872537
4000 2713 643872537
4000 3287 643872537
2000 2718 289511651
2000 3282 289511651
2718 2000 289511651
2718 4000 289511651
3282 2000 289511651
3282 4000 289511651
4000 2718 289511651
4000 3282 289511651
2000 2729 368644903
2000 3271 368644903
2729 2000 368644903
2729 4000 368644903
3271 2000 368644903
3271 4000 368644903
4000 2729 368644903
4000 3271 368644903
2000 2734 286387970
2000 3266 286387970
2734 2000 286387970
2734 4000 286387970
3266 2000 286387970
3266 4000 286387970
4000 2734 286387970
4000 3266 286387970
2000 2739 109136764
2000 3261 109136764
2739 2000 109136764
2739 4000 109136764
3261 2000 109136764
3261 4000 109136764
4000 2739 109136764
4000 3261 109136764
2000 2746 279716030
2000 3254 279716030
2746 2000 279716030
2746 4000 279716030
3254 2000 279716030
3254 4000 279716030
4000 2746 279716030
4000 3254 279716030
2000 2750 173450222
2000 3250 173450222
2750 2000 173450222
2750 4000 173450222
3250 2000 173450222
3250 4000 173450222
4000 2750 173450222
4000 3250 173450222
2000 2754 148420338
2000 3246 148420338
2754 2000 148420338
2754 4000 148420338
3246 2000 148420338
3246 4000 148420338
4000 2754 148420338
4000 3246 148420338
2000 2758 289845248
2000 3242 289845248
2758 2000 289845248
2758 4000 289845248
3242 2000 289845248
3242 4000 289845248
4000 2758 289845248
4000 3242 289845248
2000 2767 202695559
2000 3233 202695559
2767 2000 202695559
2767 4000 202695559
3233 2000 202695559
3233 4000 202695559
4000 2767 202695559
4000 3233 202695559
2000 2770 74978453
2000 3230 74978453
2770 2000 74978453
2770 4000 74978453
3230 2000 74978453
3230 4000 74978453
4000 2770 74978453
4000 3230 74978453
2000 2772 105527851
2000 3228 105527851
2772 2000 105527851
2772 4000 105527851
3228 2000 105527851
3228 4000 105527851
4000 2772 105527851
4000 3228 105527851
2000 2776 137886760
2000 3224 137886760
2776 2000 137886760
2776 4000 137886760
3224 2000 137886760
3224 4000 137886760
4000 2776 137886760
4000 3224 137886760
2000 2779 109156982
2000 3221 109156982
2779 2000 109156982
2779 4000 109156982
3221 2000 109156982
3221 4000 109156982
4000 2779 109156982
4000 3221 109156982
2000 2785 157558874
2000 3215 157558874
2785 2000 157558874
2785 4000 157558874
3215 2000 157558874
3215 4000 157558874
4000 2785 157558874
4000 3215 157558874
2000 2787 83641866
2000 3213 83641866
2787 2000 83641866
2787 4000 83641866
3213 2000 83641866
3213 4000 83641866
4000 2787 83641866
4000 3213 83641866
2000 2791 161602474
2000 3209 161602474
2791 2000 161602474
2791 4000 161602474
3209 2000 161602474
3209 4000 161602474
4000 2791 161602474
4000 3209 161602474
2000 2800 79284887
2000 3200 79284887
2800 2000 79284887
2800 4000 79284887
3200 2000 79284887
3200 4000 79284887
4000 2800 79284887
4000 3200 79284887
2000 2803 180738811
2000 3197 180738811
2803 2000 180738811
2803 4000 180738811
3197 2000 180738811
3197 4000 180738811
4000 2803 180738811
4000 3197 180738811
2000 2808 195518169
2000 3192 195518169
2808 2000 195518169
2808 4000 195518169
3192 2000 195518169
3192 4000 195518169
4000 2808 195518169
4000 3192 195518169
2000 2814 116961130
2000 3186 116961130
2814 2000 116961130
2814 4000 116961130
3186 2000 116961130
3186 4000 116961130
4000 2814 116961130
4000 3186 116961130
2000 2828 40203493
2000 3172 40203493
2828 2000 40203493
2828 4000 40203493
3172 2000 40203493
3172 4000 40203493
4000 2828 40203493
4000 3172 40203493
2000 2833 235944060
2000 3167 235944060
2833 2000 235944060
2833 4000 235944060
3167 2000 235944060
3167 4000 235944060
4000 2833 235944060
4000 3167 235944060
2000 2837 126645552
2000 3163 126645552
2837 2000 126645552
2837 4000 126645552
3163 2000 126645552
3163 4000 126645552
4000 2837 126645552
4000 3163 126645552
2000 2845 171590166
2000 3155 171590166
2845 2000 171590166
2845 4000 171590166
3155 2000 171590166
3155 4000 171590166
4000 2845 171590166
4000 3155 171590166
2000 2856 169568366
2000 3144 169568366
2856 2000 169568366
2856 4000 169568366
3144 2000 169568366
3144 4000 169568366
4000 2856 169568366
4000 3144 169568366
2000 2862 183902928
2000 3138 183902928
2862 2000 183902928
2862 4000 183902928
3138 2000 183902928
3138 4000 183902928
4000 2862 183902928
4000 3138 183902928
2000 2870 170660138
2000 3130 170660138
2870 2000 170660138
2870 4000 170660138
3130 2000 170660138
3130 4000 170660138
4000 2870 170660138
4000 3130 170660138
2000 2876 129031276
2000 3124 129031276
2876 2000 129031276
2876 4000 129031276
3124 2000 129031276
3124 4000 129031276
4000 2876 129031276
4000 3124 129031276
2000 2881 163068279
2000 3119 163068279
2881 2000 163068279
2881 4000 163068279
3119 2000 163068279
3119 4000 163068279
4000 2881 163068279
4000 3119 163068279
2000 2892 216999794
2000 3108 216999794
2892 2000 216999794
2892 4000 216999794
3108 2000 216999794
3108 4000 216999794
4000 2892 216999794
4000 3108 216999794
2000 2900 128879641
2000 3100 128879641
2900 2000 128879641
2900 4000 128879641
3100 2000 128879641
3100 4000 128879641
4000 2900 128879641
4000 3100 128879641
2000 2906 89747702
2000 3094 89747702
2906 2000 89747702
2906 4000 89747702
3094 2000 89747702
3094 4000 89747702
4000 2906 89747702
4000 3094 89747702
2000 2910 65354685
2000 3090 65354685
2910 2000 65354685
2910 4000 65354685
3090 2000 65354685
3090 4000 65354685
4000 2910 65354685
4000 3090 65354685
2000 2916 95428960
2000 3084 95428960
2916 2000 95428960
2916 4000 95428960
3084 2000 95428960
3084 4000 95428960
4000 2916 95428960
4000 3084 95428960
2000 2921 83621648
2000 3079 83621648
2921 2000 83621648
2921 4000 83621648
3079 2000 83621648
3079 4000 83621648
4000 2921 83621648
4000 3079 83621648
2000 2926 78910854
2000 3074 78910854
2926 2000 78910854
2926 4000 78910854
3074 2000 78910854
3074 4000 78910854
4000 2926 78910854
4000 3074 78910854
2000 2941 174744174
2000 3059 174744174
2941 2000 174744174
2941 4000 174744174
3059 2000 174744174
3059 4000 174744174
4000 2941 174744174
4000 3059 174744174
2000 2947 114585515
2000 3053 114585515
2947 2000 114585515
2947 4000 114585515
3053 2000 114585515
3053 4000 114585515
4000 2947 114585515
4000 3053 114585515
2000 2957 136663571
2000 3043 136663571
2957 2000 136663571
2957 4000 136663571
3043 2000 136663571
3043 4000 136663571
4000 2957 136663571
4000 3043 136663571
2000 2961 73128506
2000 3039 73128506
2961 2000 73128506
2961 4000 73128506
3039 2000 73128506
3039 4000 73128506
4000 2961 73128506
4000 3039 73128506
2000 2967 162249450
2000 3033 162249450
2967 2000 162249450
2967 4000 162249450
3033 2000 162249450
3033 4000 162249450
4000 2967 162249450
4000 3033 162249450
2000 2970 53911297
2000 3030 53911297
2970 2000 53911297
2970 4000 53911297
3030 2000 53911297
3030 4000 53911297
4000 2970 53911297
4000 3030 53911297
2000 2978 166212178
2000 3022 166212178
2978 2000 166212178
2978 4000 166212178
3022 2000 166212178
3022 4000 166212178
4000 2978 166212178
4000 3022 166212178
2000 2983 170973517
2000 3017 170973517
2983 2000 170973517
2983 4000 170973517
3017 2000 170973517
3017 4000 170973517
4000 2983 170973517
4000 3017 170973517
2000 2994 68902944
2000 3006 68902944
2994 2000 68902944
2994 4000 68902944
3006 2000 68902944
3006 4000 68902944
4000 2994 68902944
4000 3006 68902944
2022 3000 77869627
3000 2022 77869627
3000 3978 77869627
3978 3000 77869627
2027 3000 57742608
3000 2027 57742608
3000 3973 57742608
3973 3000 57742608
2030 2303 103303871
2030 3697 103303871
2303 2030 103303871
2303 3970 103303871
3697 2030 103303871
3697 3970 103303871
3970 2303 103303871
3970 3697 103303871
2031 2713 41719843
2031 3287 41719843
2713 2031 41719843
2713 3969 41719843
3287 2031 41719843
3287 3969 41719843
3969 2713 41719843
3969 3287 41719843
2033 3000 144437392
3000 2033 144437392
3000 3967 144437392
3967 3000 144437392
2035 2709 122197592
2035 3291 122197592
2709 2035 122197592
2709 3965 122197592
3291 2035 122197592
3291 3965 122197592
3965 2709 122197592
3965 3291 122197592
2039 3000 145256221
3000 2039 145256221
3000 3961 145256221
3961 3000 145256221
2046 3000 104233899
3000 2046 104233899
3000 3954 104233899
3954 3000 104233899
2053 3000 121075493
3000 2053 121075493
3000 3947 121075493
3947 3000 121075493
2057 2696 26849504
2057 3304 26849504
2696 2057 26849504
2696 3943 26849504
3304 2057 26849504
3304 3943 26849504
3943 2696 26849504
3943 3304 26849504
2059 3000 149127968
3000 2059 149127968
3000 3941 149127968
3941 3000 149127968
2074 3000 175532676
3000 2074 175532676
3000 3926 175532676
3926 3000 175532676
2081 2316 124755169
2081 3684 124755169
2316 2081 124755169
2316 3919 124755169
3684 2081 124755169
3684 3919 124755169
3919 2316 124755169
3919 3684 124755169
2084 3000 124714733
3000 2084 124714733
3000 3916 124714733
3916 3000 124714733
2090 3000 77758428
3000 2090 77758428
3000 3910 77758428
3910 3000 77758428
2094 3000 75918590
3000 2094 75918590
3000 3906 75918590
3906 3000 75918590
2100 3000 91627976
3000 2100 91627976
3000 3900 91627976
3900 3000 91627976
2108 3000 125725633
3000 2108 125725633
3000 3892 125725633
3892 3000 125725633
2124 3000 44287529
3000 2124 44287529
3000 3876 44287529
3876 3000 44287529
2130 3000 191383588
3000 2130 191383588
3000 3870 191383588
3870 3000 191383588
2144 3000 173015535
3000 2144 173015535
3000 3856 173015535
3856 3000 173015535
2155 3000 147500419
3000 2155 147500419
3000 3845 147500419
3845 3000 147500419
2167 3000 107943902
3000 2167 107943902
3000 3833 107943902
3833 3000 107943902
2192 3000 222266583
3000 2192 222266583
3000 3808 222266583
3808 3000 222266583
2200 3000 189725712
3000 2200 189725712
3000 3800 189725712
3800 3000 189725712
2210 3000 270072044
3000 2210 270072044
3000 3790 270072044
3790 3000 270072044
2215 3000 299640869
3000 2215 299640869
3000 3785 299640869
3785 3000 299640869
2224 3000 236368638
3000 2224 236368638
3000 3776 236368638
3776 3000 236368638
2230 3000 320010504
3000 2230 320010504
3000 3770 320010504
3770 3000 320010504
2239 3000 178373305
3000 2239 178373305
3000 3761 178373305
3761 3000 178373305
2246 3000 98006755
3000 2246 98006755
3000 3754 98006755
3754 3000 98006755
2250 3000 183680530
3000 2250 183680530
3000 3750 183680530
3750 3000 183680530
2254 3000 131518090
3000 2254 131518090
3000 3746 131518090
3746 3000 131518090
2261 3000 157376912
3000 2261 157376912
3000 3739 157376912
3739 3000 157376912
2266 3000 86371296
3000 2266 86371296
3000 3734 86371296
3734 3000 86371296
2270 2546 164119615
2270 3454 164119615
2546 2270 164119615
2546 3730 164119615
3454 2270 164119615
3454 3730 164119615
3730 2546 164119615
3730 3454 164119615
2271 3000 285680340
3000 2271 285680340
3000 3729 285680340
3729 3000 285680340
2277 3000 277138235
3000 2277 277138235
3000 3723 277138235
3723 3000 277138235
2279 2465 97875338
2279 3535 97875338
2465 2279 97875338
2465 3721 97875338
3535 2279 97875338
3535 3721 97875338
3721 2465 97875338
3721 3535 97875338
2282 3000 162744791
3000 2282 162744791
3000 3718 162744791
3718 3000 162744791
2287 3000 218475708
3000 2287 218475708
3000 3713 218475708
3713 3000 218475708
2300 3000 394493616
3000 2300 394493616
3000 3700 394493616
3700 3000 394493616
2303 2953 9512569
2303 3047 9512569
2953 2303 9512569
2953 3697 9512569
3047 2303 9512569
3047 3697 9512569
3697 2953 9512569
3697 3047 9512569
2314 3000 331716726
3000 2314 331716726
3000 3686 331716726
3686 3000 331716726
2319 2500 26707978
2319 3500 26707978
2500 2319 26707978
2500 3681 26707978
3500 2319 26707978
3500 3681 26707978
3681 2500 26707978
3681 3500 26707978
2330 3000 543520494
3000 2330 543520494
3000 3670 543520494
3670 3000 543520494
2350 3000 525890398
3000 2350 525890398
3000 3650 525890398
3650 3000 525890398
2360 3000 304452753
3000 2360 304452753
3000 3640 304452753
3640 3000 304452753
2368 3000 414408346
3000 2368 414408346
3000 3632 414408346
3632 3000 414408346
2381 3000 559361297
3000 2381 559361297
3000 3619 559361297
3619 3000 559361297
2396 3000 648734966
3000 2396 648734966
3000 3604 648734966
3604 3000 648734966
2411 3000 458160098
3000 2411 458160098
3000 3589 458160098
3589 3000 458160098
2422 3000 715606001
3000 2422 715606001
3000 3578 715606001
3578 3000 715606001
2430 3000 237147031
3000 2430 237147031
3000 3570 237147031
3570 3000 237147031
2435 3000 223408900
3000 2435 223408900
3000 3565 223408900
3565 3000 223408900
2440 3000 315734397
3000 2440 315734397
3000 3560 315734397
3560 3000 315734397
2450 3000 456441568
3000 2450 456441568
3000 3550 456441568
3550 3000 456441568
2465 3000 362599721
3000 2465 362599721
3000 3535 362599721
3535 3000 362599721
2477 3000 614768726
3000 2477 614768726
3000 3523 614768726
3523 3000 614768726
2489 3000 593206229
3000 2489 593206229
3000 3511 593206229
3511 3000 593206229
2500 2681 124269937
2500 3319 124269937
2681 2500 124269937
2681 3500 124269937
3319 2500 124269937
3319 3500 124269937
3500 2681 124269937
3500 3319 124269937
2500 3000 563324025
3000 2500 563324025
3000 3500 563324025
3500 3000 563324025
2511 3000 509574472
3000 2511 509574472
3000 3489 509574472
3489 3000 509574472
2523 3000 343028697
3000 2523 343028697
3000 3477 343028697
3477 3000 343028697
2535 2721 60209204
2535 3279 60209204
2721 2535 60209204
2721 3465 60209204
3279 2535 60209204
3279 3465 60209204
3465 2721 60209204
3465 3279 60209204
2535 3000 460343642
3000 2535 460343642
3000 3465 460343642
3465 3000 460343642
2546 2730 90536204
2546 3270 90536204
2730 2546 90536204
2730 3454 90536204
3270 2546 90536204
3270 3454 90536204
3454 2730 90536204
3454 3270 90536204
2550 3000 624817072
3000 2550 624817072
3000 3450 624817072
3450 3000 624817072
2556 2829 130709370
2556 3171 130709370
2829 2556 130709370
2829 3444 130709370
3171 2556 130709370
3171 3444 130709370
3444 2829 130709370
3444 3171 130709370
2560 3000 391936039
3000 2560 391936039
3000 3440 391936039
3440 3000 391936039
2565 3000 179323551
3000 2565 179323551
3000 3435 179323551
3435 3000 179323551
2570 3000 414438673
3000 2570 414438673
3000 3430 414438673
3430 3000 414438673
2581 2779 62321985
2581 3221 62321985
2779 2581 62321985
2779 3419 62321985
3221 2581 62321985
3221 3419 62321985
3419 2779 62321985
3419 3221 62321985
2589 3000 533775418
3000 2589 533775418
3000 3411 533775418
3411 3000 533775418
2604 3000 598776288
3000 2604 598776288
3000 3396 598776288
3396 3000 598776288
2619 3000 376044691
3000 2619 376044691
3000 3381 376044691
3381 3000 376044691
2640 3000 750502269
3000 2640 750502269
3000 3360 750502269
3360 3000 750502269
2641 2868 165534875
2641 3132 165534875
2868 2641 165534875
2868 3359 165534875
3132 2641 165534875
3132 3359 165534875
3359 2868 165534875
3359 3132 165534875
2650 3000 195690022
3000 2650 195690022
3000 3350 195690022
3350 3000 195690022
2668 3000 227866969
3000 2668 227866969
3000 3332 227866969
3332 3000 227866969
2697 2953 61927734
2697 3047 61927734
2953 2697 61927734
2953 3303 61927734
3047 2697 61927734
3047 3303 61927734
3303 2953 61927734
3303 3047 61927734
2700 3000 411213902
3000 2700 411213902
3000 3300 411213902
3300 3000 411213902
2713 3000 365137080
3000 2713 365137080
3000 3287 365137080
3287 3000 365137080
2718 2976 102525478
2718 3024 102525478
2976 2718 102525478
2976 3282 102525478
3024 2718 102525478
3024 3282 102525478
3282 2976 102525478
3282 3024 102525478
2718 3000 324155194
3000 2718 324155194
3000 3282 324155194
3282 3000 324155194
2739 3000 112644587
3000 2739 112644587
3000 3261 112644587
3261 3000 112644587
2750 3000 115859249
3000 2750 115859249
3000 3250 115859249
3250 3000 115859249
2754 3000 211449953
3000 2754 211449953
3000 3246 211449953
3246 3000 211449953
2761 3000 191939583
3000 2761 191939583
3000 3239 191939583
3239 3000 191939583
2767 3000 240634636
3000 2767 240634636
3000 3233 240634636
3233 3000 240634636
2772 3000 226492145
3000 2772 226492145
3000 3228 226492145
3228 3000 226492145
2776 3000 203039265
3000 2776 203039265
3000 3224 203039265
3224 3000 203039265
2785 3000 234164876
3000 2785 234164876
3000 3215 234164876
3215 3000 234164876
2791 3000 132933350
3000 2791 132933350
3000 3209 132933350
3209 3000 132933350
2803 3000 299640869
3000 2803 299640869
3000 3197 299640869
3197 3000 299640869
2810 3000 48341238
3000 2810 48341238
3000 3190 48341238
3190 3000 48341238
2828 3000 195538387
3000 2828 195538387
3000 3172 195538387
3172 3000 195538387
2837 3000 152049469
3000 2837 152049469
3000 3163 152049469
3163 3000 152049469
2851 3000 68862508
3000 2851 68862508
3000 3149 68862508
3149 3000 68862508
2853 3000 134924823
3000 2853 134924823
3000 3147 134924823
3147 3000 134924823
2862 3000 199450570
3000 2862 199450570
3000 3138 199450570
3138 3000 199450570
2870 3000 123835250
3000 2870 123835250
3000 3130 123835250
3130 3000 123835250
2876 3000 128070921
3000 2876 128070921
3000 3124 128070921
3124 3000 128070921
2885 3000 212986521
3000 2885 212986521
3000 3115 212986521
3115 3000 212986521
2892 3000 189331461
3000 2892 189331461
3000 3108 189331461
3108 3000 189331461
2900 3000 91850374
3000 2900 91850374
3000 3100 91850374
3100 3000 91850374
2906 3000 118042793
3000 2906 118042793
3000 3094 118042793
3094 3000 118042793
2921 3000 89313015
3000 2921 89313015
3000 3079 89313015
3079 3000 89313015
2926 3000 67396703
3000 2926 67396703
3000 3074 67396703
3074 3000 67396703
2930 3000 205020629
3000 2930 205020629
3000 3070 205020629
3070 3000 205020629
2941 3000 149097641
3000 2941 149097641
3000 3059 149097641
3059 3000 149097641
2954 3000 50160858
3000 2954 50160858
3000 3046 50160858
3046 3000 50160858
2957 3000 87907864
3000 2957 87907864
3000 3043 87907864
3043 3000 87907864
2961 3000 72067061
3000 2961 72067061
3000 3039 72067061
3039 3000 72067061
2967 3000 207214282
3000 2967 207214282
3000 3033 207214282
3033 3000 207214282
2973 3000 76727310
3000 2973 76727310
3000 3027 76727310
3027 3000 76727310
2978 3000 71662701
3000 2978 71662701
3000 3022 71662701
3022 3000 71662701
2986 3000 123107402
3000 2986 123107402
3000 3014 123107402
3014 3000 123107402
3000 3000 14415434
2410 2501 115374017
2410 3499 115374017
2501 2410 115374017
2501 3590 115374017
3499 2410 115374017
3499 3590 115374017
3590 2501 115374017
3590 3499 115374017
1991 2994 45692680
1991 3006 45692680
2994 1991 45692680
2994 4009 45692680
3006 1991 45692680
3006 4009 45692680
4009 2994 45692680
4009 3006 45692680
2380 2443 72309677
2380 3557 72309677
2443 2380 72309677
2443 3620 72309677
3557 2380 72309677
3557 3620 72309677
3620 2443 72309677
3620 3557 72309677
2411 2520 100847384
2411 3480 100847384
2520 2411 100847384
2520 3589 100847384
3480 2411 100847384
3480 3589 100847384
3589 2520 100847384
3589 3480 100847384
2371 2545 154516065
2371 3455 154516065
2545 2371 154516065
2545 3629 154516065
3455 2371 154516065
3455 3629 154516065
3629 2545 154516065
3629 3455 154516065
2500 2510 389894021
2500 3490 389894021
2510 2500 389894021
2510 3500 389894021
3490 2500 389894021
3490 3500 389894021
3500 2510 389894021
3500 3490 389894021
1882 2786 44257202
1882 3214 44257202
2786 1882 44257202
2786 4118 44257202
3214 1882 44257202
3214 4118 44257202
4118 2786 44257202
4118 3214 44257202
1000 2988 306575643
1000 3012 306575643
2988 1000 306575643
2988 5000 306575643
3012 1000 306575643
3012 5000 306575643
5000 2988 306575643
5000 3012 306575643
1453 1910 12818212
1453 4090 12818212
1910 1453 12818212
1910 4547 12818212
4090 1453 12818212
4090 4547 12818212
4547 1910 12818212
4547 4090 12818212
2170 2625 62038933
2170 3375 62038933
2625 2170 62038933
2625 3830 62038933
3375 2170 62038933
3375 3830 62038933
3830 2625 62038933
3830 3375 62038933
1429 1935 7783930
1429 4065 7783930
1935 1429 7783930
1935 4571 7783930
4065 1429 7783930
4065 4571 7783930
4571 1935 7783930
4571 4065 7783930
1478 2879 27324627
1478 3121 27324627
2879 1478 27324627
2879 4522 27324627
3121 1478 27324627
3121 4522 27324627
4522 2879 27324627
4522 3121 27324627
2963 2992 112280663
2963 3008 112280663
2992 2963 112280663
2992 3037 112280663
3008 2963 112280663
3008 3037 112280663
3037 2992 112280663
3037 3008 112280663
893 1000 1227778486
893 5000 1227778486
1000 893 1227778486
1000 5107 1227778486
5000 893 1227778486
5000 5107 1227778486
5107 1000 1227778486
5107 5000 1227778486
1509 2860 67912262
1509 3140 67912262
2860 1509 67912262
2860 4491 67912262
3140 1509 67912262
3140 4491 67912262
4491 2860 67912262
4491 3140 67912262
816 2425 114140719
816 3575 114140719
2425 816 114140719
2425 5184 114140719
3575 816 114140719
3575 5184 114140719
5184 2425 114140719
5184 3575 114140719
2545 2719 191130863
2545 3281 191130863
2719 2545 191130863
2719 3455 191130863
3281 2545 191130863
3281 3455 191130863
3455 2719 191130863
3455 3281 191130863
2540 2699 246113714
2540 3301 246113714
2699 2540 246113714
2699 3460 246113714
3301 2540 246113714
3301 3460 246113714
3460 2699 246113714
3460 3301 246113714
2637 2849 145407856
2637 3151 145407856
2849 2637 145407856
2849 3363 145407856
3151 2637 145407856
3151 3363 145407856
3363 2849 145407856
3363 3151 145407856
830 2430 100271171
830 3570 100271171
2430 830 100271171
2430 5170 100271171
3570 830 100271171
3570 5170 100271171
5170 2430 100271171
5170 3570 100271171
831 2449 10018019
831 3551 10018019
2449 831 10018019
2449 5169 10018019
3551 831 10018019
3551 5169 10018019
5169 2449 10018019
5169 3551 10018019
1549 1830 204798231
1549 4170 204798231
1830 1549 204798231
1830 4451 204798231
4170 1549 204798231
4170 4451 204798231
4451 1830 204798231
4451 4170 204798231
1101 2006 31691715
1101 3994 31691715
2006 1101 31691715
2006 4899 31691715
3994 1101 31691715
3994 4899 31691715
4899 2006 31691715
4899 3994 31691715
1989 2129 27041575
1989 3871 27041575
2129 1989 27041575
2129 4011 27041575
3871 1989 27041575
3871 4011 27041575
4011 2129 27041575
4011 3871 27041575
1666 2998 24665960
1666 3002 24665960
2998 1666 24665960
2998 4334 24665960
3002 1666 24665960
3002 4334 24665960
4334 2998 24665960
4334 3002 24665960
986 2936 48775925
986 3064 48775925
2936 986 48775925
2936 5014 48775925
3064 986 48775925
3064 5014 48775925
5014 2936 48775925
5014 3064 48775925
1700 2852 74139406
1700 3148 74139406
2852 1700 74139406
2852 4300 74139406
3148 1700 74139406
3148 4300 74139406
4300 2852 74139406
4300 3148 74139406
2104 2668 35502808
2104 3332 35502808
2668 2104 35502808
2668 3896 35502808
3332 2104 35502808
3332 3896 35502808
3896 2668 35502808
3896 3332 35502808
2376 2923 100170081
2376 3077 100170081
2923 2376 100170081
2923 3624 100170081
3077 2376 100170081
3077 3624 100170081
3624 2923 100170081
3624 3077 100170081
2111 2659 10109
2111 3341 10109
2659 2111 10109
2659 3889 10109
3341 2111 10109
3341 3889 10109
3889 2659 10109
3889 3341 10109
2362 2958 92669203
2362 3042 92669203
2958 2362 92669203
2958 3638 92669203
3042 2362 92669203
3042 3638 92669203
3638 2958 92669203
3638 3042 92669203
2739 2974 37544826
2739 3026 37544826
2974 2739 37544826
2974 3261 37544826
3026 2739 37544826
3026 3261 37544826
3261 2974 37544826
3261 3026 37544826
1919 2768 132185284
1919 3232 132185284
2768 1919 132185284
2768 4081 132185284
3232 1919 132185284
3232 4081 132185284
4081 2768 132185284
4081 3232 132185284
980 1000 1846641357
980 5000 1846641357
1000 980 1846641357
1000 5020 1846641357
5000 980 1846641357
5000 5020 1846641357
5020 1000 1846641357
5020 5000 1846641357
895 2764 65374903
895 3236 65374903
2764 895 65374903
2764 5105 65374903
3236 895 65374903
3236 5105 65374903
5105 2764 65374903
5105 3236 65374903
1000 2880 146327775
1000 3120 146327775
2880 1000 146327775
2880 5000 146327775
3120 1000 146327775
3120 5000 146327775
5000 2880 146327775
5000 3120 146327775
2502 2922 8895920
2502 3078 8895920
2922 2502 8895920
2922 3498 8895920
3078 2502 8895920
3078 3498 8895920
3498 2922 8895920
3498 3078 8895920
960 2828 149734508
960 3172 149734508
2828 960 149734508
2828 5040 149734508
3172 960 149734508
3172 5040 149734508
5040 2828 149734508
5040 3172 149734508
1575 2889 122126829
1575 3111 122126829
2889 1575 122126829
2889 4425 122126829
3111 1575 122126829
3111 4425 122126829
4425 2889 122126829
4425 3111 122126829
976 2850 3154008
976 3150 3154008
2850 976 3154008
2850 5024 3154008
3150 976 3154008
3150 5024 3154008
5024 2850 3154008
5024 3150 3154008
725 2764 25080429
725 3236 25080429
2764 725 25080429
2764 5275 25080429
3236 725 25080429
3236 5275 25080429
5275 2764 25080429
5275 3236 25080429
1985 2742 67639319
1985 3258 67639319
2742 1985 67639319
2742 4015 67639319
3258 1985 67639319
3258 4015 67639319
4015 2742 67639319
4015 3258 67639319
1292 2000 600535254
1292 4000 600535254
2000 1292 600535254
2000 4708 600535254
4000 1292 600535254
4000 4708 600535254
4708 2000 600535254
4708 4000 600535254
1730 2846 16447343
1730 3154 16447343
2846 1730 16447343
2846 4270 16447343
3154 1730 16447343
3154 4270 16447343
4270 2846 16447343
4270 3154 16447343
930 2760 106538751
930 3240 106538751
2760 930 106538751
2760 5070 106538751
3240 930 106538751
3240 5070 106538751
5070 2760 106538751
5070 3240 106538751
874 2227 198004983
874 3773 198004983
2227 874 198004983
2227 5126 198004983
3773 874 198004983
3773 5126 198004983
5126 2227 198004983
5126 3773 198004983
1385 3000 325459255
3000 1385 325459255
3000 4615 325459255
4615 3000 325459255
888 2202 133883596
888 3798 133883596
2202 888 133883596
2202 5112 133883596
3798 888 133883596
3798 5112 133883596
5112 2202 133883596
5112 3798 133883596
1000 1136 3871747
1000 4864 3871747
1136 1000 3871747
1136 5000 3871747
4864 1000 3871747
4864 5000 3871747
5000 1136 3871747
5000 4864 3871747
2465 2650 182234943
2465 3350 182234943
2650 2465 182234943
2650 3535 182234943
3350 2465 182234943
3350 3535 182234943
3535 2650 182234943
3535 3350 182234943
2475 2657 4629922
2475 3343 4629922
2657 2475 4629922
2657 3525 4629922
3343 2475 4629922
3343 3525 4629922
3525 2657 4629922
3525 3343 4629922
1951 2700 236580927
1951 3300 236580927
2700 1951 236580927
2700 4049 236580927
3300 1951 236580927
3300 4049 236580927
4049 2700 236580927
4049 3300 236580927
2557 2740 189331461
2557 3260 189331461
2740 2557 189331461
2740 3443 189331461
3260 2557 189331461
3260 3443 189331461
3443 2740 189331461
3443 3260 189331461
2117 2640 22118492
2117 3360 22118492
2640 2117 22118492
2640 3883 22118492
3360 2117 22118492
3360 3883 22118492
3883 2640 22118492
3883 3360 22118492
754 2590 12696904
754 3410 12696904
2590 754 12696904
2590 5246 12696904
3410 754 12696904
3410 5246 12696904
5246 2590 12696904
5246 3410 12696904
869 2512 10109
869 3488 10109
2512 869 10109
2512 5131 10109
3488 869 10109
3488 5131 10109
5131 2512 10109
5131 3488 10109
1870 2491 182224834
1870 3509 182224834
2491 1870 182224834
2491 4130 182224834
3509 1870 182224834
3509 4130 182224834
4130 2491 182224834
4130 3509 182224834
750 2620 16700068
750 3380 16700068
2620 750 16700068
2620 5250 16700068
3380 750 16700068
3380 5250 16700068
5250 2620 16700068
5250 3380 16700068
2454 2660 118052902
2454 3340 118052902
2660 2454 118052902
2660 3546 118052902
3340 2454 118052902
3340 3546 118052902
3546 2660 118052902
3546 3340 118052902
2663 3000 302804986
3000 2663 302804986
3000 3337 302804986
3337 3000 302804986
854 2521 28608470
854 3479 28608470
2521 854 28608470
2521 5146 28608470
3479 854 28608470
3479 5146 28608470
5146 2521 28608470
5146 3479 28608470
1522 1849 386740013
1522 4151 386740013
1849 1522 386740013
1849 4478 386740013
4151 1522 386740013
4151 4478 386740013
4478 1849 386740013
4478 4151 386740013
1542 2840 167283732
1542 3160 167283732
2840 1542 167283732
2840 4458 167283732
3160 1542 167283732
3160 4458 167283732
4458 2840 167283732
4458 3160 167283732
771 2644 10109
771 3356 10109
2644 771 10109
2644 5229 10109
3356 771 10109
3356 5229 10109
5229 2644 10109
5229 3356 10109
2184 2390 72916217
2184 3610 72916217
2390 2184 72916217
2390 3816 72916217
3610 2184 72916217
3610 3816 72916217
3816 2390 72916217
3816 3610 72916217
880 2551 174329705
880 3449 174329705
2551 880 174329705
2551 5120 174329705
3449 880 174329705
3449 5120 174329705
5120 2551 174329705
5120 3449 174329705
1581 1809 130729588
1581 4191 130729588
1809 1581 130729588
1809 4419 130729588
4191 1581 130729588
4191 4419 130729588
4419 1809 130729588
4419 4191 130729588
845 2385 86735220
845 3615 86735220
2385 845 86735220
2385 5155 86735220
3615 845 86735220
3615 5155 86735220
5155 2385 86735220
5155 3615 86735220
862 2530 193526696
862 3470 193526696
2530 862 193526696
2530 5138 193526696
3470 862 193526696
3470 5138 193526696
5138 2530 193526696
5138 3470 193526696
2519 2687 106174827
2519 3313 106174827
2687 2519 106174827
2687 3481 106174827
3313 2519 106174827
3313 3481 106174827
3481 2687 106174827
3481 3313 106174827
2627 3000 322001977
3000 2627 322001977
3000 3373 322001977
3373 3000 322001977
1370 3000 353996962
3000 1370 353996962
3000 4630 353996962
4630 3000 353996962
897 2516 31802914
897 3484 31802914
2516 897 31802914
2516 5103 31802914
3484 897 31802914
3484 5103 31802914
5103 2516 31802914
5103 3484 31802914
2369 2575 34623325
2369 3425 34623325
2575 2369 34623325
2575 3631 34623325
3425 2369 34623325
3425 3631 34623325
3631 2575 34623325
3631 3425 34623325
1389 2000 386679359
1389 4000 386679359
2000 1389 386679359
2000 4611 386679359
4000 1389 386679359
4000 4611 386679359
4611 2000 386679359
4611 4000 386679359
1133 2000 80770910
1133 4000 80770910
2000 1133 80770910
2000 4867 80770910
4000 1133 80770910
4000 4867 80770910
4867 2000 80770910
4867 4000 80770910
2009 3000 150179304
3000 2009 150179304
3000 3991 150179304
3991 3000 150179304
2969 2995 69024252
2969 3005 69024252
2995 2969 69024252
2995 3031 69024252
3005 2969 69024252
3005 3031 69024252
3031 2995 69024252
3031 3005 69024252
1468 1886 24494107
1468 4114 24494107
1886 1468 24494107
1886 4532 24494107
4114 1468 24494107
4114 4532 24494107
4532 1886 24494107
4532 4114 24494107
1985 2994 57489883
1985 3006 57489883
2994 1985 57489883
2994 4015 57489883
3006 1985 57489883
3006 4015 57489883
4015 2994 57489883
4015 3006 57489883
1440 1903 67032779
1440 4097 67032779
1903 1440 67032779
1903 4560 67032779
4097 1440 67032779
4097 4560 67032779
4560 1903 67032779
4560 4097 67032779
1558 2825 249085760
1558 3175 249085760
2825 1558 249085760
2825 4442 249085760
3175 1558 249085760
3175 4442 249085760
4442 2825 249085760
4442 3175 249085760
2283 2505 81994099
2283 3495 81994099
2505 2283 81994099
2505 3717 81994099
3495 2283 81994099
3495 3717 81994099
3717 2505 81994099
3717 3495 81994099
2140 2644 45864533
2140 3356 45864533
2644 2140 45864533
2644 3860 45864533
3356 2140 45864533
3356 3860 45864533
3860 2644 45864533
3860 3356 45864533
1926 2460 172540412
1926 3540 172540412
2460 1926 172540412
2460 4074 172540412
3540 1926 172540412
3540 4074 172540412
4074 2460 172540412
4074 3540 172540412
2000 2112 58743399
2000 3888 58743399
2112 2000 58743399
2112 4000 58743399
3888 2000 58743399
3888 4000 58743399
4000 2112 58743399
4000 3888 58743399
2650 2869 61675009
2650 3131 61675009
2869 2650 61675009
2869 3350 61675009
3131 2650 61675009
3131 3350 61675009
3350 2869 61675009
3350 3131 61675009
2151 2635 103880084
2151 3365 103880084
2635 2151 103880084
2635 3849 103880084
3365 2151 103880084
3365 3849 103880084
3849 2635 103880084
3849 3365 103880084
1572 2869 10109
1572 3131 10109
2869 1572 10109
2869 4428 10109
3131 1572 10109
3131 4428 10109
4428 2869 10109
4428 3131 10109
987 2090 10109
987 3910 10109
2090 987 10109
2090 5013 10109
3910 987 10109
3910 5013 10109
5013 2090 10109
5013 3910 10109
931 2727 17326826
931 3273 17326826
2727 931 17326826
2727 5069 17326826
3273 931 17326826
3273 5069 17326826
5069 2727 17326826
5069 3273 17326826
2641 2856 132377355
2641 3144 132377355
2856 2641 132377355
2856 3359 132377355
3144 2641 132377355
3144 3359 132377355
3359 2856 132377355
3359 3144 132377355
2590 2787 42296056
2590 3213 42296056
2787 2590 42296056
2787 3410 42296056
3213 2590 42296056
3213 3410 42296056
3410 2787 42296056
3410 3213 42296056
1818 2575 73361013
1818 3425 73361013
2575 1818 73361013
2575 4182 73361013
3425 1818 73361013
3425 4182 73361013
4182 2575 73361013
4182 3425 73361013
1764 2645 146550173
1764 3355 146550173
2645 1764 146550173
2645 4236 146550173
3355 1764 146550173
3355 4236 146550173
4236 2645 146550173
4236 3355 146550173
2112 3000 95914192
3000 2112 95914192
3000 3888 95914192
3888 3000 95914192
2000 2170 95873756
2000 3830 95873756
2170 2000 95873756
2170 4000 95873756
3830 2000 95873756
3830 4000 95873756
4000 2170 95873756
4000 3830 95873756
845 2404 86735220
845 3596 86735220
2404 845 86735220
2404 5155 86735220
3596 845 86735220
3596 5155 86735220
5155 2404 86735220
5155 3596 86735220
880 2471 10109
880 3529 10109
2471 880 10109
2471 5120 10109
3529 880 10109
3529 5120 10109
5120 2471 10109
5120 3529 10109
874 2642 61765990
874 3358 61765990
2642 874 61765990
2642 5126 61765990
3358 874 61765990
3358 5126 61765990
5126 2642 61765990
5126 3358 61765990
2300 2494 218586907
2300 3506 218586907
2494 2300 218586907
2494 3700 218586907
3506 2300 218586907
3506 3700 218586907
3700 2494 218586907
3700 3506 218586907
2340 3000 347183496
3000 2340 347183496
3000 3660 347183496
3660 3000 347183496
919 2700 148015978
919 3300 148015978
2700 919 148015978
2700 5081 148015978
3300 919 148015978
3300 5081 148015978
5081 2700 148015978
5081 3300 148015978
1599 3000 176402050
3000 1599 176402050
3000 4401 176402050
4401 3000 176402050
860 2380 68114442
860 3620 68114442
2380 860 68114442
2380 5140 68114442
3620 860 68114442
3620 5140 68114442
5140 2380 68114442
5140 3620 68114442
981 1696 158751736
981 4304 158751736
1696 981 158751736
1696 5019 158751736
4304 981 158751736
4304 5019 158751736
5019 1696 158751736
5019 4304 158751736
980 1701 239704608
980 4299 239704608
1701 980 239704608
1701 5020 239704608
4299 980 239704608
4299 5020 239704608
5020 1701 239704608
5020 4299 239704608
1518 2849 318949059
1518 3151 318949059
2849 1518 318949059
2849 4482 318949059
3151 1518 318949059
3151 4482 318949059
4482 2849 318949059
4482 3151 318949059
2644 2676 97521523
2644 3324 97521523
2676 2644 97521523
2676 3356 97521523
3324 2644 97521523
3324 3356 97521523
3356 2676 97521523
3356 3324 97521523
2818 3000 4771448
3000 2818 4771448
3000 3182 4771448
3182 3000 4771448
1370 1776 71602047
1370 4224 71602047
1776 1370 71602047
1776 4630 71602047
4224 1370 71602047
4224 4630 71602047
4630 1776 71602047
4630 4224 71602047
1603 1788 440388476
1603 4212 440388476
1788 1603 440388476
1788 4397 440388476
4212 1603 440388476
4212 4397 440388476
4397 1788 440388476
4397 4212 440388476
979 1619 137057822
979 4381 137057822
1619 979 137057822
1619 5021 137057822
4381 979 137057822
4381 5021 137057822
5021 1619 137057822
5021 4381 137057822
878 2594 132731170
878 3406 132731170
2594 878 132731170
2594 5122 132731170
3406 878 132731170
3406 5122 132731170
5122 2594 132731170
5122 3406 132731170
2634 2648 311084257
2634 3352 311084257
2648 2634 311084257
2648 3366 311084257
3352 2634 311084257
3352 3366 311084257
3366 2648 311084257
3366 3352 311084257
946 1420 122116720
946 4580 122116720
1420 946 122116720
1420 5054 122116720
4580 946 122116720
4580 5054 122116720
5054 1420 122116720
5054 4580 122116720
944 2680 46238566
944 3320 46238566
2680 944 46238566
2680 5056 46238566
3320 944 46238566
3320 5056 46238566
5056 2680 46238566
5056 3320 46238566
1930 3000 165747164
3000 1930 165747164
3000 4070 165747164
4070 3000 165747164
2449 2684 289269035
2449 3316 289269035
2684 2449 289269035
2684 3551 289269035
3316 2449 289269035
3316 3551 289269035
3551 2684 289269035
3551 3316 289269035
843 2424 63535065
843 3576 63535065
2424 843 63535065
2424 5157 63535065
3576 843 63535065
3576 5157 63535065
5157 2424 63535065
5157 3576 63535065
1713 2700 6035073
1713 3300 6035073
2700 1713 6035073
2700 4287 6035073
3300 1713 6035073
3300 4287 6035073
4287 2700 6035073
4287 3300 6035073
995 1416 10109
995 4584 10109
1416 995 10109
1416 5005 10109
4584 995 10109
4584 5005 10109
5005 1416 10109
5005 4584 10109
2000 2684 412457309
2000 3316 412457309
2684 2000 412457309
2684 4000 412457309
3316 2000 412457309
3316 4000 412457309
4000 2684 412457309
4000 3316 412457309
2550 2550 669984084
2550 3450 669984084
3450 2550 669984084
3450 3450 669984084
2290 3000 153414184
3000 2290 153414184
3000 3710 153414184
3710 3000 153414184
919 2373 104992074
919 3627 104992074
2373 919 104992074
2373 5081 104992074
3627 919 104992074
3627 5081 104992074
5081 2373 104992074
5081 3627 104992074
929 2412 103415070
929 3588 103415070
2412 929 103415070
2412 5071 103415070
3588 929 103415070
3588 5071 103415070
5071 2412 103415070
5071 3588 103415070
969 2458 84683093
969 3542 84683093
2458 969 84683093
2458 5031 84683093
3542 969 84683093
3542 5031 84683093
5031 2458 84683093
5031 3542 84683093
380 1000 145549382
380 5000 145549382
1000 380 145549382
1000 5620 145549382
5000 380 145549382
5000 5620 145549382
5620 1000 145549382
5620 5000 145549382
2377 3000 131214820
3000 2377 131214820
3000 3623 131214820
3623 3000 131214820
999 1999 1332730124
999 4001 1332730124
1999 999 1332730124
1999 5001 1332730124
4001 999 1332730124
4001 5001 1332730124
5001 1999 1332730124
5001 4001 1332730124
2976 2996 15254481
2976 3004 15254481
2996 2976 15254481
2996 3024 15254481
3004 2976 15254481
3004 3024 15254481
3024 2996 15254481
3024 3004 15254481
1000 1990 582268291
1000 4010 582268291
1990 1000 582268291
1990 5000 582268291
4010 1000 582268291
4010 5000 582268291
5000 1990 582268291
5000 4010 582268291
1000 2020 185944946
1000 3980 185944946
2020 1000 185944946
2020 5000 185944946
3980 1000 185944946
3980 5000 185944946
5000 2020 185944946
5000 3980 185944946
1999 2988 35603898
1999 3012 35603898
2988 1999 35603898
2988 4001 35603898
3012 1999 35603898
3012 4001 35603898
4001 2988 35603898
4001 3012 35603898
1109 3000 49372356
3000 1109 49372356
3000 4891 49372356
4891 3000 49372356
2181 3000 185014918
3000 2181 185014918
3000 3819 185014918
3819 3000 185014918
1995 2940 47967205
1995 3060 47967205
2940 1995 47967205
2940 4005 47967205
3060 1995 47967205
3060 4005 47967205
4005 2940 47967205
4005 3060 47967205
1077 3000 19712550
3000 1077 19712550
3000 4923 19712550
4923 3000 19712550
1882 2471 149117859
1882 3529 149117859
2471 1882 149117859
2471 4118 149117859
3529 1882 149117859
3529 4118 149117859
4118 2471 149117859
4118 3529 149117859
2000 2933 125119093
2000 3067 125119093
2933 2000 125119093
2933 4000 125119093
3067 2000 125119093
3067 4000 125119093
4000 2933 125119093
4000 3067 125119093
1000 2274 217889386
1000 3726 217889386
2274 1000 217889386
2274 5000 217889386
3726 1000 217889386
3726 5000 217889386
5000 2274 217889386
5000 3726 217889386
1799 2601 99947683
1799 3399 99947683
2601 1799 99947683
2601 4201 99947683
3399 1799 99947683
3399 4201 99947683
4201 2601 99947683
4201 3399 99947683
2000 2341 201229754
2000 3659 201229754
2341 2000 201229754
2341 4000 201229754
3659 2000 201229754
3659 4000 201229754
4000 2341 201229754
4000 3659 201229754
1000 1945 150664536
1000 4055 150664536
1945 1000 150664536
1945 5000 150664536
4055 1000 150664536
4055 5000 150664536
5000 1945 150664536
5000 4055 150664536
2160 2631 10109
2160 3369 10109
2631 2160 10109
2631 3840 10109
3369 2160 10109
3369 3840 10109
3840 2631 10109
3840 3369 10109
2379 2430 32965449
2379 3570 32965449
2430 2379 32965449
2430 3621 32965449
3570 2379 32965449
3570 3621 32965449
3621 2430 32965449
3621 3570 32965449
1107 1998 15618405
1107 4002 15618405
1998 1107 15618405
1998 4893 15618405
4002 1107 15618405
4002 4893 15618405
4893 1998 15618405
4893 4002 15618405
1123 1998 79891427
1123 4002 79891427
1998 1123 79891427
1998 4877 79891427
4002 1123 79891427
4002 4877 79891427
4877 1998 79891427
4877 4002 79891427
2967 2967 158226068
2967 3033 158226068
3033 2967 158226068
3033 3033 158226068
1000 2294 258891490
1000 3706 258891490
2294 1000 258891490
2294 5000 258891490
3706 1000 258891490
3706 5000 258891490
5000 2294 258891490
5000 3706 258891490
2130 2649 111097910
2130 3351 111097910
2649 2130 111097910
2649 3870 111097910
3351 2130 111097910
3351 3870 111097910
3870 2649 111097910
3870 3351 111097910
2398 2403 2678885
2398 3597 2678885
2403 2398 2678885
2403 3602 2678885
3597 2398 2678885
3597 3602 2678885
3602 2403 2678885
3602 3597 2678885
1000 2120 171468858
1000 3880 171468858
2120 1000 171468858
2120 5000 171468858
3880 1000 171468858
3880 5000 171468858
5000 2120 171468858
5000 3880 171468858
1978 2730 172985208
1978 3270 172985208
2730 1978 172985208
2730 4022 172985208
3270 1978 172985208
3270 4022 172985208
4022 2730 172985208
4022 3270 172985208
2183 2611 155173150
2183 3389 155173150
2611 2183 155173150
2611 3817 155173150
3389 2183 155173150
3389 3817 155173150
3817 2611 155173150
3817 3389 155173150
1000 1176 75190742
1000 4824 75190742
1176 1000 75190742
1176 5000 75190742
4824 1000 75190742
4824 5000 75190742
5000 1176 75190742
5000 4824 75190742
1356 1750 191161190
1356 4250 191161190
1750 1356 191161190
1750 4644 191161190
4250 1356 191161190
4250 4644 191161190
4644 1750 191161190
4644 4250 191161190
2686 2929 48553527
2686 3071 48553527
2929 2686 48553527
2929 3314 48553527
3071 2686 48553527
3071 3314 48553527
3314 2929 48553527
3314 3071 48553527
2496 2863 90677730
2496 3137 90677730
2863 2496 90677730
2863 3504 90677730
3137 2496 90677730
3137 3504 90677730
3504 2863 90677730
3504 3137 90677730
2821 3000 266766401
3000 2821 266766401
3000 3179 266766401
3179 3000 266766401
929 2628 61765990
929 3372 61765990
2628 929 61765990
2628 5071 61765990
3372 929 61765990
3372 5071 61765990
5071 2628 61765990
5071 3372 61765990
863 2252 174754283
863 3748 174754283
2252 863 174754283
2252 5137 174754283
3748 863 174754283
3748 5137 174754283
5137 2252 174754283
5137 3748 174754283
1874 3000 207082865
3000 1874 207082865
3000 4126 207082865
4126 3000 207082865
1941 2763 144740662
1941 3237 144740662
2763 1941 144740662
2763 4059 144740662
3237 1941 144740662
3237 4059 144740662
4059 2763 144740662
4059 3237 144740662
2658 3000 297123728
3000 2658 297123728
3000 3342 297123728
3342 3000 297123728
2208 2594 167667874
2208 3406 167667874
2594 2208 167667874
2594 3792 167667874
3406 2208 167667874
3406 3792 167667874
3792 2594 167667874
3792 3406 167667874
2000 2293 256869690
2000 3707 256869690
2293 2000 256869690
2293 4000 256869690
3707 2000 256869690
3707 4000 256869690
4000 2293 256869690
4000 3707 256869690
1989 2723 34461581
1989 3277 34461581
2723 1989 34461581
2723 4011 34461581
3277 1989 34461581
3277 4011 34461581
4011 2723 34461581
4011 3277 34461581
2000 2309 167465694
2000 3691 167465694
2309 2000 167465694
2309 4000 167465694
3691 2000 167465694
3691 4000 167465694
4000 2309 167465694
4000 3691 167465694
2000 2152 181062299
2000 3848 181062299
2152 2000 181062299
2152 4000 181062299
3848 2000 181062299
3848 4000 181062299
4000 2152 181062299
4000 3848 181062299
861 2450 127161111
861 3550 127161111
2450 861 127161111
2450 5139 127161111
3550 861 127161111
3550 5139 127161111
5139 2450 127161111
5139 3550 127161111
2691 3000 341077660
3000 2691 341077660
3000 3309 341077660
3309 3000 341077660
894 2645 2820411
894 3355 2820411
2645 894 2820411
2645 5106 2820411
3355 894 2820411
3355 5106 2820411
5106 2645 2820411
5106 3355 2820411
1909 3000 207841040
3000 1909 207841040
3000 4091 207841040
4091 3000 207841040
850 2363 111279872
850 3637 111279872
2363 850 111279872
2363 5150 111279872
3637 850 111279872
3637 5150 111279872
5150 2363 111279872
5150 3637 111279872
973 2698 82145734
973 3302 82145734
2698 973 82145734
2698 5027 82145734
3302 973 82145734
3302 5027 82145734
5027 2698 82145734
5027 3302 82145734
1661 2310 24109965
1661 3690 24109965
2310 1661 24109965
2310 4339 24109965
3690 1661 24109965
3690 4339 24109965
4339 2310 24109965
4339 3690 24109965
2695 2921 145478619
2695 3079 145478619
2921 2695 145478619
2921 3305 145478619
3079 2695 145478619
3079 3305 145478619
3305 2921 145478619
3305 3079 145478619
2321 3000 315774833
3000 2321 315774833
3000 3679 315774833
3679 3000 315774833
928 2548 139089731
928 3452 139089731
2548 928 139089731
2548 5072 139089731
3452 928 139089731
3452 5072 139089731
5072 2548 139089731
5072 3452 139089731
1439 2000 441247741
1439 4000 441247741
2000 1439 441247741
2000 4561 441247741
4000 1439 441247741
4000 4561 441247741
4561 2000 441247741
4561 4000 441247741
2664 2946 99391688
2664 3054 99391688
2946 2664 99391688
2946 3336 99391688
3054 2664 99391688
3054 3336 99391688
3336 2946 99391688
3336 3054 99391688
1251 2000 138837006
1251 4000 138837006
2000 1251 138837006
2000 4749 138837006
4000 1251 138837006
4000 4749 138837006
4749 2000 138837006
4749 4000 138837006
1622 2781 30852668
1622 3219 30852668
2781 1622 30852668
2781 4378 30852668
3219 1622 30852668
3219 4378 30852668
4378 2781 30852668
4378 3219 30852668
1820 2571 149077423
1820 3429 149077423
2571 1820 149077423
2571 4180 149077423
3429 1820 149077423
3429 4180 149077423
4180 2571 149077423
4180 3429 149077423
1578 2813 197833130
1578 3187 197833130
2813 1578 197833130
2813 4422 197833130
3187 1578 197833130
3187 4422 197833130
4422 2813 197833130
4422 3187 197833130
1614 2332 36291310
1614 3668 36291310
2332 1614 36291310
2332 4386 36291310
3668 1614 36291310
3668 4386 36291310
4386 2332 36291310
4386 3668 36291310
966 1725 49978896
966 4275 49978896
1725 966 49978896
1725 5034 49978896
4275 966 49978896
4275 5034 49978896
5034 1725 49978896
5034 4275 49978896
880 2660 10109
880 3340 10109
2660 880 10109
2660 5120 10109
3340 880 10109
3340 5120 10109
5120 2660 10109
5120 3340 10109
1762 2384 860609497
1762 3616 860609497
2384 1762 860609497
2384 4238 860609497
3616 1762 860609497
3616 4238 860609497
4238 2384 860609497
4238 3616 860609497
1710 2320 74452785
1710 3680 74452785
2320 1710 74452785
2320 4290 74452785
3680 1710 74452785
3680 4290 74452785
4290 2320 74452785
4290 3680 74452785
820 2553 45318647
820 3447 45318647
2553 820 45318647
2553 5180 45318647
3447 820 45318647
3447 5180 45318647
5180 2553 45318647
5180 3447 45318647
972 2672 155334894
972 3328 155334894
2672 972 155334894
2672 5028 155334894
3328 972 155334894
3328 5028 155334894
5028 2672 155334894
5028 3328 155334894
1000 1313 259477812
1000 4687 259477812
1313 1000 259477812
1313 5000 259477812
4687 1000 259477812
4687 5000 259477812
5000 1313 259477812
5000 4687 259477812
829 2361 76100552
829 3639 76100552
2361 829 76100552
2361 5171 76100552
3639 829 76100552
3639 5171 76100552
5171 2361 76100552
5171 3639 76100552
2207 2410 130608280
2207 3590 130608280
2410 2207 130608280
2410 3793 130608280
3590 2207 130608280
3590 3793 130608280
3793 2410 130608280
3793 3590 130608280
2243 3000 22634051
3000 2243 22634051
3000 3757 22634051
3757 3000 22634051
1730 2348 10109
1730 3652 10109
2348 1730 10109
2348 4270 10109
3652 1730 10109
3652 4270 10109
4270 2348 10109
4270 3652 10109
930 2510 161097024
930 3490 161097024
2510 930 161097024
2510 5070 161097024
3490 930 161097024
3490 5070 161097024
5070 2510 161097024
5070 3490 161097024
813 2356 142051668
813 3644 142051668
2356 813 142051668
2356 5187 142051668
3644 813 142051668
3644 5187 142051668
5187 2356 142051668
5187 3644 142051668
1970 2435 123107402
1970 3565 123107402
2435 1970 123107402
2435 4030 123107402
3565 1970 123107402
3565 4030 123107402
4030 2435 123107402
4030 3565 123107402
980 2468 67568556
980 3532 67568556
2468 980 67568556
2468 5020 67568556
3532 980 67568556
3532 5020 67568556
5020 2468 67568556
5020 3532 67568556
966 1469 134358719
966 4531 134358719
1469 966 134358719
1469 5034 134358719
4531 966 134358719
4531 5034 134358719
5034 1469 134358719
5034 4531 134358719
882 2317 59461138
882 3683 59461138
2317 882 59461138
2317 5118 59461138
3683 882 59461138
3683 5118 59461138
5118 2317 59461138
5118 3683 59461138
983 1604 34218965
983 4396 34218965
1604 983 34218965
1604 5017 34218965
4396 983 34218965
4396 5017 34218965
5017 1604 34218965
5017 4396 34218965
982 1668 436971634
982 4332 436971634
1668 982 436971634
1668 5018 436971634
4332 982 436971634
4332 5018 436971634
5018 1668 436971634
5018 4332 436971634
1828 2000 208124092
1828 4000 208124092
2000 1828 208124092
2000 4172 208124092
4000 1828 208124092
4000 4172 208124092
4172 2000 208124092
4172 4000 208124092
908 1448 46450855
908 4552 46450855
1448 908 46450855
1448 5092 46450855
4552 908 46450855
4552 5092 46450855
5092 1448 46450855
5092 4552 46450855
2315 2496 188704703
2315 3504 188704703
2496 2315 188704703
2496 3685 188704703
3504 2315 188704703
3504 3685 188704703
3685 2496 188704703
3685 3504 188704703
795 2714 68660328
795 3286 68660328
2714 795 68660328
2714 5205 68660328
3286 795 68660328
3286 5205 68660328
5205 2714 68660328
5205 3286 68660328
846 2683 176937827
846 3317 176937827
2683 846 176937827
2683 5154 176937827
3317 846 176937827
3317 5154 176937827
5154 2683 176937827
5154 3317 176937827
1740 2346 568782885
1740 3654 568782885
2346 1740 568782885
2346 4260 568782885
3654 1740 568782885
3654 4260 568782885
4260 2346 568782885
4260 3654 568782885
980 2595 32217383
980 3405 32217383
2595 980 32217383
2595 5020 32217383
3405 980 32217383
3405 5020 32217383
5020 2595 32217383
5020 3405 32217383
2582 3000 488689278
3000 2582 488689278
3000 3418 488689278
3418 3000 488689278
2271 2514 63605828
2271 3486 63605828
2514 2271 63605828
2514 3729 63605828
3486 2271 63605828
3486 3729 63605828
3729 2514 63605828
3729 3486 63605828
1000 1250 313934995
1000 4750 313934995
1250 1000 313934995
1250 5000 313934995
4750 1000 313934995
4750 5000 313934995
5000 1250 313934995
5000 4750 313934995
1000 2580 378834775
1000 3420 378834775
2580 1000 378834775
2580 5000 378834775
3420 1000 378834775
3420 5000 378834775
5000 2580 378834775
5000 3420 378834775
2000 2474 101696540
2000 3526 101696540
2474 2000 101696540
2474 4000 101696540
3526 2000 101696540
3526 4000 101696540
4000 2474 101696540
4000 3526 101696540
1639 3000 163159260
3000 1639 163159260
3000 4361 163159260
4361 3000 163159260
878 2720 17731186
878 3280 17731186
2720 878 17731186
2720 5122 17731186
3280 878 17731186
3280 5122 17731186
5122 2720 17731186
5122 3280 17731186
2000 2387 526183559
2000 3613 526183559
2387 2000 526183559
2387 4000 526183559
3613 2000 526183559
3613 4000 526183559
4000 2387 526183559
4000 3613 526183559
995 1790 175593330
995 4210 175593330
1790 995 175593330
1790 5005 175593330
4210 995 175593330
4210 5005 175593330
5005 1790 175593330
5005 4210 175593330
908 2255 118346063
908 3745 118346063
2255 908 118346063
2255 5092 118346063
3745 908 118346063
3745 5092 118346063
5092 2255 118346063
5092 3745 118346063
2000 2526 636816455
2000 3474 636816455
2526 2000 636816455
2526 4000 636816455
3474 2000 636816455
3474 4000 636816455
4000 2526 636816455
4000 3474 636816455
980 3000 3520418814
3000 980 3520418814
3000 5020 3520418814
5020 3000 3520418814
980 2000 3546338290
980 4000 3546338290
2000 980 3546338290
2000 5020 3546338290
4000 980 3546338290
4000 5020 3546338290
5020 2000 3546338290
5020 4000 3546338290
1210 2893 42831833
1210 3107 42831833
2893 1210 42831833
2893 4790 42831833
3107 1210 42831833
3107 4790 42831833
4790 2893 42831833
4790 3107 42831833
1533 2086 19277863
1533 3914 19277863
2086 1533 19277863
2086 4467 19277863
3914 1533 19277863
3914 4467 19277863
4467 2086 19277863
4467 3914 19277863
1981 2970 15537533
1981 3030 15537533
2970 1981 15537533
2970 4019 15537533
3030 1981 15537533
3030 4019 15537533
4019 2970 15537533
4019 3030 15537533
999 1292 324872933
999 4708 324872933
1292 999 324872933
1292 5001 324872933
4708 999 324872933
4708 5001 324872933
5001 1292 324872933
5001 4708 324872933
2070 2690 41760279
2070 3310 41760279
2690 2070 41760279
2690 3930 41760279
3310 2070 41760279
3310 3930 41760279
3930 2690 41760279
3930 3310 41760279
1434 2099 6348452
1434 3901 6348452
2099 1434 6348452
2099 4566 6348452
3901 1434 6348452
3901 4566 6348452
4566 2099 6348452
4566 3901 6348452
1974 2959 83025217
1974 3041 83025217
2959 1974 83025217
2959 4026 83025217
3041 1974 83025217
3041 4026 83025217
4026 2959 83025217
4026 3041 83025217
2200 2987 47077613
2200 3013 47077613
2987 2200 47077613
2987 3800 47077613
3013 2200 47077613
3013 3800 47077613
3800 2987 47077613
3800 3013 47077613
1630 2959 90869801
1630 3041 90869801
2959 1630 90869801
2959 4370 90869801
3041 1630 90869801
3041 4370 90869801
4370 2959 90869801
4370 3041 90869801
1995 2042 50332711
1995 3958 50332711
2042 1995 50332711
2042 4005 50332711
3958 1995 50332711
3958 4005 50332711
4005 2042 50332711
4005 3958 50332711
1965 1978 86846419
1965 4022 86846419
1978 1965 86846419
1978 4035 86846419
4022 1965 86846419
4022 4035 86846419
4035 1978 86846419
4035 4022 86846419
1471 2122 113069165
1471 3878 113069165
2122 1471 113069165
2122 4529 113069165
3878 1471 113069165
3878 4529 113069165
4529 2122 113069165
4529 3878 113069165
2081 2680 131417
2081 3320 131417
2680 2081 131417
2680 3919 131417
3320 2081 131417
3320 3919 131417
3919 2680 131417
3919 3320 131417
998 1996 271446868
998 4004 271446868
1996 998 271446868
1996 5002 271446868
4004 998 271446868
4004 5002 271446868
5002 1996 271446868
5002 4004 271446868
2737 2986 6065400
2737 3014 6065400
2986 2737 6065400
2986 3263 6065400
3014 2737 6065400
3014 3263 6065400
3263 2986 6065400
3263 3014 6065400
2084 2666 65132287
2084 3334 65132287
2666 2084 65132287
2666 3916 65132287
3334 2084 65132287
3334 3916 65132287
3916 2666 65132287
3916 3334 65132287
1524 3000 322709607
3000 1524 322709607
3000 4476 322709607
4476 3000 322709607
2071 2709 68660328
2071 3291 68660328
2709 2071 68660328
2709 3929 68660328
3291 2071 68660328
3291 3929 68660328
3929 2709 68660328
3929 3291 68660328
1958 2980 66608201
1958 3020 66608201
2980 1958 66608201
2980 4042 66608201
3020 1958 66608201
3020 4042 66608201
4042 2980 66608201
4042 3020 66608201
1944 2454 25343263
1944 3546 25343263
2454 1944 25343263
2454 4056 25343263
3546 1944 25343263
3546 4056 25343263
4056 2454 25343263
4056 3546 25343263
1000 1167 139726598
1000 4833 139726598
1167 1000 139726598
1167 5000 139726598
4833 1000 139726598
4833 5000 139726598
5000 1167 139726598
5000 4833 139726598
1537 2099 129991631
1537 3901 129991631
2099 1537 129991631
2099 4463 129991631
3901 1537 129991631
3901 4463 129991631
4463 2099 129991631
4463 3901 129991631
1416 2089 82772492
1416 3911 82772492
2089 1416 82772492
2089 4584 82772492
3911 1416 82772492
3911 4584 82772492
4584 2089 82772492
4584 3911 82772492
2313 2972 25343263
2313 3028 25343263
2972 2313 25343263
2972 3687 25343263
3028 2313 25343263
3028 3687 25343263
3687 2972 25343263
3687 3028 25343263
2178 3000 59006233
3000 2178 59006233
3000 3822 59006233
3822 3000 59006233
989 2928 98552641
989 3072 98552641
2928 989 98552641
2928 5011 98552641
3072 989 98552641
3072 5011 98552641
5011 2928 98552641
5011 3072 98552641
1061 2000 192131654
1061 4000 192131654
2000 1061 192131654
2000 4939 192131654
4000 1061 192131654
4000 4939 192131654
4939 2000 192131654
4939 4000 192131654
2099 2671 50231621
2099 3329 50231621
2671 2099 50231621
2671 3901 50231621
3329 2099 50231621
3329 3901 50231621
3901 2671 50231621
3901 3329 50231621
1087 2470 52738653
1087 3530 52738653
2470 1087 52738653
2470 4913 52738653
3530 1087 52738653
3530 4913 52738653
4913 2470 52738653
4913 3530 52738653
2333 2940 117143092
2333 3060 117143092
2940 2333 117143092
2940 3667 117143092
3060 2333 117143092
3060 3667 117143092
3667 2940 117143092
3667 3060 117143092
1975 2741 196478524
1975 3259 196478524
2741 1975 196478524
2741 4025 196478524
3259 1975 196478524
3259 4025 196478524
4025 2741 196478524
4025 3259 196478524
965 2549 153778108
965 3451 153778108
2549 965 153778108
2549 5035 153778108
3451 965 153778108
3451 5035 153778108
5035 2549 153778108
5035 3451 153778108
1470 3000 377126354
3000 1470 377126354
3000 4530 377126354
4530 3000 377126354
1543 2901 86886855
1543 3099 86886855
2901 1543 86886855
2901 4457 86886855
3099 1543 86886855
3099 4457 86886855
4457 2901 86886855
4457 3099 86886855
945 2701 114545079
945 3299 114545079
2701 945 114545079
2701 5055 114545079
3299 945 114545079
3299 5055 114545079
5055 2701 114545079
5055 3299 114545079
2168 2387 91981791
2168 3613 91981791
2387 2168 91981791
2387 3832 91981791
3613 2168 91981791
3613 3832 91981791
3832 2387 91981791
3832 3613 91981791
1426 3000 388529306
3000 1426 388529306
3000 4574 388529306
4574 3000 388529306
2701 2970 141435019
2701 3030 141435019
2970 2701 141435019
2970 3299 141435019
3030 2701 141435019
3030 3299 141435019
3299 2970 141435019
3299 3030 141435019
2675 3000 222842796
3000 2675 222842796
3000 3325 222842796
3325 3000 222842796
960 2811 32358909
960 3189 32358909
2811 960 32358909
2811 5040 32358909
3189 960 32358909
3189 5040 32358909
5040 2811 32358909
5040 3189 32358909
2069 2997 8542105
2069 3003 8542105
2997 2069 8542105
2997 3931 8542105
3003 2069 8542105
3003 3931 8542105
3931 2997 8542105
3931 3003 8542105
992 2050 103506051
992 3950 103506051
2050 992 103506051
2050 5008 103506051
3950 992 103506051
3950 5008 103506051
5008 2050 103506051
5008 3950 103506051
1124 3000 50484346
3000 1124 50484346
3000 4876 50484346
4876 3000 50484346
2191 2993 23301245
2191 3007 23301245
2993 2191 23301245
2993 3809 23301245
3007 2191 23301245
3007 3809 23301245
3809 2993 23301245
3809 3007 23301245
2464 2930 59279176
2464 3070 59279176
2930 2464 59279176
2930 3536 59279176
3070 2464 59279176
3070 3536 59279176
3536 2930 59279176
3536 3070 59279176
1000 2976 185944946
1000 3024 185944946
2976 1000 185944946
2976 5000 185944946
3024 1000 185944946
3024 5000 185944946
5000 2976 185944946
5000 3024 185944946
1103 1999 48674835
1103 4001 48674835
1999 1103 48674835
1999 4897 48674835
4001 1103 48674835
4001 4897 48674835
4897 1999 48674835
4897 4001 48674835
2160 3000 135763870
3000 2160 135763870
3000 3840 135763870
3840 3000 135763870
1991 2115 68609783
1991 3885 68609783
2115 1991 68609783
2115 4009 68609783
3885 1991 68609783
3885 4009 68609783
4009 2115 68609783
4009 3885 68609783
2390 2950 19196991
2390 3050 19196991
2950 2390 19196991
2950 3610 19196991
3050 2390 19196991
3050 3610 19196991
3610 2950 19196991
3610 3050 19196991
1095 3000 1900492
3000 1095 1900492
3000 4905 1900492
4905 3000 1900492
1246 2894 80184588
1246 3106 80184588
2894 1246 80184588
2894 4754 80184588
3106 1246 80184588
3106 4754 80184588
4754 2894 80184588
4754 3106 80184588
1000 1338 76434149
1000 4662 76434149
1338 1000 76434149
1338 5000 76434149
4662 1000 76434149
4662 5000 76434149
5000 1338 76434149
5000 4662 76434149
1986 2062 31620952
1986 3938 31620952
2062 1986 31620952
2062 4014 31620952
3938 1986 31620952
3938 4014 31620952
4014 2062 31620952
4014 3938 31620952
2527 2846 45571372
2527 3154 45571372
2846 2527 45571372
2846 3473 45571372
3154 2527 45571372
3154 3473 45571372
3473 2846 45571372
3473 3154 45571372
1415 1989 71794118
1415 4011 71794118
1989 1415 71794118
1989 4585 71794118
4011 1415 71794118
4011 4585 71794118
4585 1989 71794118
4585 4011 71794118
1517 2915 49857588
1517 3085 49857588
2915 1517 49857588
2915 4483 49857588
3085 1517 49857588
3085 4483 49857588
4483 2915 49857588
4483 3085 49857588
2502 2917 39950768
2502 3083 39950768
2917 2502 39950768
2917 3498 39950768
3083 2502 39950768
3083 3498 39950768
3498 2917 39950768
3498 3083 39950768
2572 2901 119842195
2572 3099 119842195
2901 2572 119842195
2901 3428 119842195
3099 2572 119842195
3099 3428 119842195
3428 2901 119842195
3428 3099 119842195
2597 2796 204272563
2597 3204 204272563
2796 2597 204272563
2796 3403 204272563
3204 2597 204272563
3204 3403 204272563
3403 2796 204272563
3403 3204 204272563
1209 1992 74725728
1209 4008 74725728
1992 1209 74725728
1992 4791 74725728
4008 1209 74725728
4008 4791 74725728
4791 1992 74725728
4791 4008 74725728
2521 2838 210479489
2521 3162 210479489
2838 2521 210479489
2838 3479 210479489
3162 2521 210479489
3162 3479 210479489
3479 2838 210479489
3479 3162 210479489
1989 2738 72178260
1989 3262 72178260
2738 1989 72178260
2738 4011 72178260
3262 1989 72178260
3262 4011 72178260
4011 2738 72178260
4011 3262 72178260
976 2325 61270649
976 3675 61270649
2325 976 61270649
2325 5024 61270649
3675 976 61270649
3675 5024 61270649
5024 2325 61270649
5024 3675 61270649
981 2948 59774517
981 3052 59774517
2948 981 59774517
2948 5019 59774517
3052 981 59774517
3052 5019 59774517
5019 2948 59774517
5019 3052 59774517
2283 2960 67336049
2283 3040 67336049
2960 2283 67336049
2960 3717 67336049
3040 2283 67336049
3040 3717 67336049
3717 2960 67336049
3717 3040 67336049
904 2753 54255003
904 3247 54255003
2753 904 54255003
2753 5096 54255003
3247 904 54255003
3247 5096 54255003
5096 2753 54255003
5096 3247 54255003
2040 2709 31438990
2040 3291 31438990
2709 2040 31438990
2709 3960 31438990
3291 2040 31438990
3291 3960 31438990
3960 2709 31438990
3960 3291 31438990
975 2343 40041749
975 3657 40041749
2343 975 40041749
2343 5025 40041749
3657 975 40041749
3657 5025 40041749
5025 2343 40041749
5025 3657 40041749
2423 2942 52283748
2423 3058 52283748
2942 2423 52283748
2942 3577 52283748
3058 2423 52283748
3058 3577 52283748
3577 2942 52283748
3577 3058 52283748
2293 2523 233062995
2293 3477 233062995
2523 2293 233062995
2523 3707 233062995
3477 2293 233062995
3477 3707 233062995
3707 2523 233062995
3707 3477 233062995
2050 2720 59390375
2050 3280 59390375
2720 2050 59390375
2720 3950 59390375
3280 2050 59390375
3280 3950 59390375
3950 2720 59390375
3950 3280 59390375
2747 3000 147834016
3000 2747 147834016
3000 3253 147834016
3253 3000 147834016
789 2668 117001566
789 3332 117001566
2668 789 117001566
2668 5211 117001566
3332 789 117001566
3332 5211 117001566
5211 2668 117001566
5211 3332 117001566
955 2260 63070051
955 3740 63070051
2260 955 63070051
2260 5045 63070051
3740 955 63070051
3740 5045 63070051
5045 2260 63070051
5045 3740 63070051
2540 2852 10523469
2540 3148 10523469
2852 2540 10523469
2852 3460 10523469
3148 2540 10523469
3148 3460 10523469
3460 2852 10523469
3460 3148 10523469
897 2746 85552467
897 3254 85552467
2746 897 85552467
2746 5103 85552467
3254 897 85552467
3254 5103 85552467
5103 2746 85552467
5103 3254 85552467
973 2922 1162535
973 3078 1162535
2922 973 1162535
2922 5027 1162535
3078 973 1162535
3078 5027 1162535
5027 2922 1162535
5027 3078 1162535
982 2700 10109
982 3300 10109
2700 982 10109
2700 5018 10109
3300 982 10109
3300 5018 10109
5018 2700 10109
5018 3300 10109
2052 2730 75039107
2052 3270 75039107
2730 2052 75039107
2730 3948 75039107
3270 2052 75039107
3270 3948 75039107
3948 2730 75039107
3948 3270 75039107
2125 2470 105992865
2125 3530 105992865
2470 2125 105992865
2470 3875 105992865
3530 2125 105992865
3530 3875 105992865
3875 2470 105992865
3875 3530 105992865
1989 2049 110865403
1989 3951 110865403
2049 1989 110865403
2049 4011 110865403
3951 1989 110865403
3951 4011 110865403
4011 2049 110865403
4011 3951 110865403
906 2210 208447580
906 3790 208447580
2210 906 208447580
2210 5094 208447580
3790 906 208447580
3790 5094 208447580
5094 2210 208447580
5094 3790 208447580
162 1000 127899068
162 5000 127899068
1000 162 127899068
1000 5838 127899068
5000 162 127899068
5000 5838 127899068
5838 1000 127899068
5838 5000 127899068
980 2898 13070937
980 3102 13070937
2898 980 13070937
2898 5020 13070937
3102 980 13070937
3102 5020 13070937
5020 2898 13070937
5020 3102 13070937
2590 2876 8804939
2590 3124 8804939
2876 2590 8804939
2876 3410 8804939
3124 2590 8804939
3124 3410 8804939
3410 2876 8804939
3410 3124 8804939
2353 2550 51687317
2353 3450 51687317
2550 2353 51687317
2550 3647 51687317
3450 2353 51687317
3450 3647 51687317
3647 2550 51687317
3647 3450 51687317
2668 2936 59046669
2668 3064 59046669
2936 2668 59046669
2936 3332 59046669
3064 2668 59046669
3064 3332 59046669
3332 2936 59046669
3332 3064 59046669
1090 2481 71571720
1090 3519 71571720
2481 1090 71571720
2481 4910 71571720
3519 1090 71571720
3519 4910 71571720
4910 2481 71571720
4910 3519 71571720
1000 1980 5650931
1000 4020 5650931
1980 1000 5650931
1980 5000 5650931
4020 1000 5650931
4020 5000 5650931
5000 1980 5650931
5000 4020 5650931
744 2702 50059768
744 3298 50059768
2702 744 50059768
2702 5256 50059768
3298 744 50059768
3298 5256 50059768
5256 2702 50059768
5256 3298 50059768
775 2654 3800984
775 3346 3800984
2654 775 3800984
2654 5225 3800984
3346 775 3800984
3346 5225 3800984
5225 2654 3800984
5225 3346 3800984
835 2638 47006850
835 3362 47006850
2638 835 47006850
2638 5165 47006850
3362 835 47006850
3362 5165 47006850
5165 2638 47006850
5165 3362 47006850
2162 2626 87655139
2162 3374 87655139
2626 2162 87655139
2626 3838 87655139
3374 2162 87655139
3374 3838 87655139
3838 2626 87655139
3838 3374 87655139
2000 2056 90546313
2000 3944 90546313
2056 2000 90546313
2056 4000 90546313
3944 2000 90546313
3944 4000 90546313
4000 2056 90546313
4000 3944 90546313
902 2473 182184398
902 3527 182184398
2473 902 182184398
2473 5098 182184398
3527 902 182184398
3527 5098 182184398
5098 2473 182184398
5098 3527 182184398
988 2930 10109
988 3070 10109
2930 988 10109
2930 5012 10109
3070 988 10109
3070 5012 10109
5012 2930 10109
5012 3070 10109
2679 3000 351014807
3000 2679 351014807
3000 3321 351014807
3321 3000 351014807
996 1963 127797978
996 4037 127797978
1963 996 127797978
1963 5004 127797978
4037 996 127797978
4037 5004 127797978
5004 1963 127797978
5004 4037 127797978
2673 2841 140232048
2673 3159 140232048
2841 2673 140232048
2841 3327 140232048
3159 2673 140232048
3159 3327 140232048
3327 2841 140232048
3327 3159 140232048
856 2634 56013969
856 3366 56013969
2634 856 56013969
2634 5144 56013969
3366 856 56013969
3366 5144 56013969
5144 2634 56013969
5144 3366 56013969
2348 2560 24322254
2348 3440 24322254
2560 2348 24322254
2560 3652 24322254
3440 2348 24322254
3440 3652 24322254
3652 2560 24322254
3652 3440 24322254
984 2677 139676053
984 3323 139676053
2677 984 139676053
2677 5016 139676053
3323 984 139676053
3323 5016 139676053
5016 2677 139676053
5016 3323 139676053
967 2297 10109
967 3703 10109
2297 967 10109
2297 5033 10109
3703 967 10109
3703 5033 10109
5033 2297 10109
5033 3703 10109
953 2434 145529164
953 3566 145529164
2434 953 145529164
2434 5047 145529164
3566 953 145529164
3566 5047 145529164
5047 2434 145529164
5047 3566 145529164
2279 2532 160318631
2279 3468 160318631
2532 2279 160318631
2532 3721 160318631
3468 2279 160318631
3468 3721 160318631
3721 2532 160318631
3721 3468 160318631
1140 2000 89899337
1140 4000 89899337
2000 1140 89899337
2000 4860 89899337
4000 1140 89899337
4000 4860 89899337
4860 2000 89899337
4860 4000 89899337
808 2633 3154008
808 3367 3154008
2633 808 3154008
2633 5192 3154008
3367 808 3154008
3367 5192 3154008
5192 2633 3154008
5192 3367 3154008
1560 2000 532097324
1560 4000 532097324
2000 1560 532097324
2000 4440 532097324
4000 1560 532097324
4000 4440 532097324
4440 2000 532097324
4440 4000 532097324
883 2457 122056066
883 3543 122056066
2457 883 122056066
2457 5117 122056066
3543 883 122056066
3543 5117 122056066
5117 2457 122056066
5117 3543 122056066
2662 2854 125725633
2662 3146 125725633
2854 2662 125725633
2854 3338 125725633
3146 2662 125725633
3146 3338 125725633
3338 2854 125725633
3338 3146 125725633
817 2330 153060369
817 3670 153060369
2330 817 153060369
2330 5183 153060369
3670 817 153060369
3670 5183 153060369
5183 2330 153060369
5183 3670 153060369
944 2283 38646707
944 3717 38646707
2283 944 38646707
2283 5056 38646707
3717 944 38646707
3717 5056 38646707
5056 2283 38646707
5056 3717 38646707
1728 2683 115859249
1728 3317 115859249
2683 1728 115859249
2683 4272 115859249
3317 1728 115859249
3317 4272 115859249
4272 2683 115859249
4272 3317 115859249
1679 2161 191626204
1679 3839 191626204
2161 1679 191626204
2161 4321 191626204
3839 1679 191626204
3839 4321 191626204
4321 2161 191626204
4321 3839 191626204
922 2216 68660328
922 3784 68660328
2216 922 68660328
2216 5078 68660328
3784 922 68660328
3784 5078 68660328
5078 2216 68660328
5078 3784 68660328
2568 2758 2274525
2568 3242 2274525
2758 2568 2274525
2758 3432 2274525
3242 2568 2274525
3242 3432 2274525
3432 2758 2274525
3432 3242 2274525
2585 2745 179444859
2585 3255 179444859
2745 2585 179444859
2745 3415 179444859
3255 2585 179444859
3255 3415 179444859
3415 2745 179444859
3415 3255 179444859
959 2488 46774343
959 3512 46774343
2488 959 46774343
2488 5041 46774343
3512 959 46774343
3512 5041 46774343
5041 2488 46774343
5041 3512 46774343
926 2521 79820664
926 3479 79820664
2521 926 79820664
2521 5074 79820664
3479 926 79820664
3479 5074 79820664
5074 2521 79820664
5074 3479 79820664
958 2319 91324706
958 3681 91324706
2319 958 91324706
2319 5042 91324706
3681 958 91324706
3681 5042 91324706
5042 2319 91324706
5042 3681 91324706
2307 3000 153727563
3000 2307 153727563
3000 3693 153727563
3693 3000 153727563
982 1675 100109427
982 4325 100109427
1675 982 100109427
1675 5018 100109427
4325 982 100109427
4325 5018 100109427
5018 1675 100109427
5018 4325 100109427
999 1698 148521428
999 4302 148521428
1698 999 148521428
1698 5001 148521428
4302 999 148521428
4302 5001 148521428
5001 1698 148521428
5001 4302 148521428
949 2646 18469143
949 3354 18469143
2646 949 18469143
2646 5051 18469143
3354 949 18469143
3354 5051 18469143
5051 2646 18469143
5051 3354 18469143
702 2723 165332695
702 3277 165332695
2723 702 165332695
2723 5298 165332695
3277 702 165332695
3277 5298 165332695
5298 2723 165332695
5298 3277 165332695
1710 2654 413225593
1710 3346 413225593
2654 1710 413225593
2654 4290 413225593
3346 1710 413225593
3346 4290 413225593
4290 2654 413225593
4290 3346 413225593
2000 2020 163017734
2000 3980 163017734
2020 2000 163017734
2020 4000 163017734
3980 2000 163017734
3980 4000 163017734
4000 2020 163017734
4000 3980 163017734
1000 1090 71066270
1000 4910 71066270
1090 1000 71066270
1090 5000 71066270
4910 1000 71066270
4910 5000 71066270
5000 1090 71066270
5000 4910 71066270
1000 1085 28709560
1000 4915 28709560
1085 1000 28709560
1085 5000 28709560
4915 1000 28709560
4915 5000 28709560
5000 1085 28709560
5000 4915 28709560
952 1810 223166284
952 4190 223166284
1810 952 223166284
1810 5048 223166284
4190 952 223166284
4190 5048 223166284
5048 1810 223166284
5048 4190 223166284
2140 2501 14314344
2140 3499 14314344
2501 2140 14314344
2501 3860 14314344
3499 2140 14314344
3499 3860 14314344
3860 2501 14314344
3860 3499 14314344
583 3000 424567891
3000 583 424567891
3000 5417 424567891
5417 3000 424567891
969 1609 76878945
969 4391 76878945
1609 969 76878945
1609 5031 76878945
4391 969 76878945
4391 5031 76878945
5031 1609 76878945
5031 4391 76878945
701 2738 243606682
701 3262 243606682
2738 701 243606682
2738 5299 243606682
3262 701 243606682
3262 5299 243606682
5299 2738 243606682
5299 3262 243606682
2368 2602 64323567
2368 3398 64323567
2602 2368 64323567
2602 3632 64323567
3398 2368 64323567
3398 3632 64323567
3632 2602 64323567
3632 3398 64323567
780 3000 965439827
3000 780 965439827
3000 5220 965439827
5220 3000 965439827
905 2410 67143978
905 3590 67143978
2410 905 67143978
2410 5095 67143978
3590 905 67143978
3590 5095 67143978
5095 2410 67143978
5095 3590 67143978
996 1358 10109
996 4642 10109
1358 996 10109
1358 5004 10109
4642 996 10109
4642 5004 10109
5004 1358 10109
5004 4642 10109
903 1740 10109
903 4260 10109
1740 903 10109
1740 5097 10109
4260 903 10109
4260 5097 10109
5097 1740 10109
5097 4260 10109
786 2607 183164971
786 3393 183164971
2607 786 183164971
2607 5214 183164971
3393 786 183164971
3393 5214 183164971
5214 2607 183164971
5214 3393 183164971
1670 2610 122025739
1670 3390 122025739
2610 1670 122025739
2610 4330 122025739
3390 1670 122025739
3390 4330 122025739
4330 2610 122025739
4330 3390 122025739
1000 1308 343928398
1000 4692 343928398
1308 1000 343928398
1308 5000 343928398
4692 1000 343928398
4692 5000 343928398
5000 1308 343928398
5000 4692 343928398
2251 2553 16022765
2251 3447 16022765
2553 2251 16022765
2553 3749 16022765
3447 2251 16022765
3447 3749 16022765
3749 2553 16022765
3749 3447 16022765
893 3000 1112242725
3000 893 1112242725
3000 5107 1112242725
5107 3000 1112242725
893 2000 1103518658
893 4000 1103518658
2000 893 1103518658
2000 5107 1103518658
4000 893 1103518658
4000 5107 1103518658
5107 2000 1103518658
5107 4000 1103518658
1039 2995 72451203
1039 3005 72451203
2995 1039 72451203
2995 4961 72451203
3005 1039 72451203
3005 4961 72451203
4961 2995 72451203
4961 3005 72451203
876 2000 206223600
876 4000 206223600
2000 876 206223600
2000 5124 206223600
4000 876 206223600
4000 5124 206223600
5124 2000 206223600
5124 4000 206223600
1574 3000 231293920
3000 1574 231293920
3000 4426 231293920
4426 3000 231293920
967 3000 514821043
3000 967 514821043
3000 5033 514821043
5033 3000 514821043
1580 3000 230252693
3000 1580 230252693
3000 4420 230252693
4420 3000 230252693
2008 2187 3649349
2008 3813 3649349
2187 2008 3649349
2187 3992 3649349
3813 2008 3649349
3813 3992 3649349
3992 2187 3649349
3992 3813 3649349
990 2070 109399598
990 3930 109399598
2070 990 109399598
2070 5010 109399598
3930 990 109399598
3930 5010 109399598
5010 2070 109399598
5010 3930 109399598
1401 3000 370969973
3000 1401 370969973
3000 4599 370969973
4599 3000 370969973
1068 3000 96783566
3000 1068 96783566
3000 4932 96783566
4932 3000 96783566
1993 2956 51606445
1993 3044 51606445
2956 1993 51606445
2956 4007 51606445
3044 1993 51606445
3044 4007 51606445
4007 2956 51606445
4007 3044 51606445
1914 2507 268100789
1914 3493 268100789
2507 1914 268100789
2507 4086 268100789
3493 1914 268100789
3493 4086 268100789
4086 2507 268100789
4086 3493 268100789
997 2988 209468589
997 3012 209468589
2988 997 209468589
2988 5003 209468589
3012 997 209468589
3012 5003 209468589
5003 2988 209468589
5003 3012 209468589
2028 2310 107094746
2028 3690 107094746
2310 2028 107094746
2310 3972 107094746
3690 2028 107094746
3690 3972 107094746
3972 2310 107094746
3972 3690 107094746
1092 2516 7915347
1092 3484 7915347
2516 1092 7915347
2516 4908 7915347
3484 1092 7915347
3484 4908 7915347
4908 2516 7915347
4908 3484 7915347
1987 3000 224409691
3000 1987 224409691
3000 4013 224409691
4013 3000 224409691
2982 3000 107034092
3000 2982 107034092
3000 3018 107034092
3018 3000 107034092
1883 2532 105295344
1883 3468 105295344
2532 1883 105295344
2532 4117 105295344
3468 1883 105295344
3468 4117 105295344
4117 2532 105295344
4117 3468 105295344
994 1990 10109
994 4010 10109
1990 994 10109
1990 5006 10109
4010 994 10109
4010 5006 10109
5006 1990 10109
5006 4010 10109
1417 1910 81185379
1417 4090 81185379
1910 1417 81185379
1910 4583 81185379
4090 1417 81185379
4090 4583 81185379
4583 1910 81185379
4583 4090 81185379
1112 2000 6045182
1112 4000 6045182
2000 1112 6045182
2000 4888 6045182
4000 1112 6045182
4000 4888 6045182
4888 2000 6045182
4888 4000 6045182
1467 1956 60259749
1467 4044 60259749
1956 1467 60259749
1956 4533 60259749
4044 1467 60259749
4044 4533 60259749
4533 1956 60259749
4533 4044 60259749
685 3000 61290867
3000 685 61290867
3000 5315 61290867
5315 3000 61290867
2656 2871 128222556
2656 3129 128222556
2871 2656 128222556
2871 3344 128222556
3129 2656 128222556
3129 3344 128222556
3344 2871 128222556
3344 3129 128222556
1101 2474 10664995
1101 3526 10664995
2474 1101 10664995
2474 4899 10664995
3526 1101 10664995
3526 4899 10664995
4899 2474 10664995
4899 3526 10664995
1000 2950 214866795
1000 3050 214866795
2950 1000 214866795
2950 5000 214866795
3050 1000 214866795
3050 5000 214866795
5000 2950 214866795
5000 3050 214866795
965 1000 1009454413
965 5000 1009454413
1000 965 1009454413
1000 5035 1009454413
5000 965 1009454413
5000 5035 1009454413
5035 1000 1009454413
5035 5000 1009454413
2794 3000 161976507
3000 2794 161976507
3000 3206 161976507
3206 3000 161976507
2844 3000 192424815
3000 2844 192424815
3000 3156 192424815
3156 3000 192424815
2680 2919 33571989
2680 3081 33571989
2919 2680 33571989
2919 3320 33571989
3081 2680 33571989
3081 3320 33571989
3320 2919 33571989
3320 3081 33571989
2731 3000 312236683
3000 2731 312236683
3000 3269 312236683
3269 3000 312236683
2067 2695 46167803
2067 3305 46167803
2695 2067 46167803
2695 3933 46167803
3305 2067 46167803
3305 3933 46167803
3933 2695 46167803
3933 3305 46167803
2958 2984 96166917
2958 3016 96166917
2984 2958 96166917
2984 3042 96166917
3016 2958 96166917
3016 3042 96166917
3042 2984 96166917
3042 3016 96166917
1152 3000 115869358
3000 1152 115869358
3000 4848 115869358
4848 3000 115869358
1478 1983 91496559
1478 4017 91496559
1983 1478 91496559
1983 4522 91496559
4017 1478 91496559
4017 4522 91496559
4522 1983 91496559
4522 4017 91496559
1322 1768 121297891
1322 4232 121297891
1768 1322 121297891
1768 4678 121297891
4232 1322 121297891
4232 4678 121297891
4678 1768 121297891
4678 4232 121297891
1944 2491 91274161
1944 3509 91274161
2491 1944 91274161
2491 4056 91274161
3509 1944 91274161
3509 4056 91274161
4056 2491 91274161
4056 3509 91274161
2302 2969 38212020
2302 3031 38212020
2969 2302 38212020
2969 3698 38212020
3031 2302 38212020
3031 3698 38212020
3698 2969 38212020
3698 3031 38212020
1969 2525 81427995
1969 3475 81427995
2525 1969 81427995
2525 4031 81427995
3475 1969 81427995
3475 4031 81427995
4031 2525 81427995
4031 3475 81427995
1114 3000 85158216
3000 1114 85158216
3000 4886 85158216
4886 3000 85158216
2079 3000 50474237
3000 2079 50474237
3000 3921 50474237
3921 3000 50474237
2371 2557 40537090
2371 3443 40537090
2557 2371 40537090
2557 3629 40537090
3443 2371 40537090
3443 3629 40537090
3629 2557 40537090
3629 3443 40537090
1509 2924 25686969
1509 3076 25686969
2924 1509 25686969
2924 4491 25686969
3076 1509 25686969
3076 4491 25686969
4491 2924 25686969
4491 3076 25686969
923 2781 128060812
923 3219 128060812
2781 923 128060812
2781 5077 128060812
3219 923 128060812
3219 5077 128060812
5077 2781 128060812
5077 3219 128060812
2188 3000 109066001
3000 2188 109066001
3000 3812 109066001
3812 3000 109066001
1123 3000 10109
3000 1123 10109
3000 4877 10109
4877 3000 10109
2345 2450 143931942
2345 3550 143931942
2450 2345 143931942
2450 3655 143931942
3550 2345 143931942
3550 3655 143931942
3655 2450 143931942
3655 3550 143931942
2374 2452 70045261
2374 3548 70045261
2452 2374 70045261
2452 3626 70045261
3548 2374 70045261
3548 3626 70045261
3626 2452 70045261
3626 3548 70045261
2370 2562 151665327
2370 3438 151665327
2562 2370 151665327
2562 3630 151665327
3438 2370 151665327
3438 3630 151665327
3630 2562 151665327
3630 3438 151665327
1746 2843 76130879
1746 3157 76130879
2843 1746 76130879
2843 4254 76130879
3157 1746 76130879
3157 4254 76130879
4254 2843 76130879
4254 3157 76130879
1622 3000 106397225
3000 1622 106397225
3000 4378 106397225
4378 3000 106397225
2363 2450 176402050
2363 3550 176402050
2450 2363 176402050
2450 3637 176402050
3550 2363 176402050
3550 3637 176402050
3637 2450 176402050
3637 3550 176402050
1620 2131 10109
1620 3869 10109
2131 1620 10109
2131 4380 10109
3869 1620 10109
3869 4380 10109
4380 2131 10109
4380 3869 10109
2018 2730 61927734
2018 3270 61927734
2730 2018 61927734
2730 3982 61927734
3270 2018 61927734
3270 3982 61927734
3982 2730 61927734
3982 3270 61927734
2693 2912 12727231
2693 3088 12727231
2912 2693 12727231
2912 3307 12727231
3088 2693 12727231
3088 3307 12727231
3307 2912 12727231
3307 3088 12727231
880 2220 109894939
880 3780 109894939
2220 880 109894939
2220 5120 109894939
3780 880 109894939
3780 5120 109894939
5120 2220 109894939
5120 3780 109894939
1906 2780 15588078
1906 3220 15588078
2780 1906 15588078
2780 4094 15588078
3220 1906 15588078
3220 4094 15588078
4094 2780 15588078
4094 3220 15588078
2273 2548 10109
2273 3452 10109
2548 2273 10109
2548 3727 10109
3452 2273 10109
3452 3727 10109
3727 2548 10109
3727 3452 10109
1537 1841 376135672
1537 4159 376135672
1841 1537 376135672
1841 4463 376135672
4159 1537 376135672
4159 4463 376135672
4463 1841 376135672
4463 4159 376135672
1981 2723 24777159
1981 3277 24777159
2723 1981 24777159
2723 4019 24777159
3277 1981 24777159
3277 4019 24777159
4019 2723 24777159
4019 3277 24777159
2447 2938 5377988
2447 3062 5377988
2938 2447 5377988
2938 3553 5377988
3062 2447 5377988
3062 3553 5377988
3553 2938 5377988
3553 3062 5377988
1919 2780 19773204
1919 3220 19773204
2780 1919 19773204
2780 4081 19773204
3220 1919 19773204
3220 4081 19773204
4081 2780 19773204
4081 3220 19773204
936 2264 76808182
936 3736 76808182
2264 936 76808182
2264 5064 76808182
3736 936 76808182
3736 5064 76808182
5064 2264 76808182
5064 3736 76808182
1971 2741 63161032
1971 3259 63161032
2741 1971 63161032
2741 4029 63161032
3259 1971 63161032
3259 4029 63161032
4029 2741 63161032
4029 3259 63161032
948 2753 85026799
948 3247 85026799
2753 948 85026799
2753 5052 85026799
3247 948 85026799
3247 5052 85026799
5052 2753 85026799
5052 3247 85026799
1000 1164 98724494
1000 4836 98724494
1164 1000 98724494
1164 5000 98724494
4836 1000 98724494
4836 5000 98724494
5000 1164 98724494
5000 4836 98724494
2454 2887 121914540
2454 3113 121914540
2887 2454 121914540
2887 3546 121914540
3113 2454 121914540
3113 3546 121914540
3546 2887 121914540
3546 3113 121914540
901 2233 24706396
901 3767 24706396
2233 901 24706396
2233 5099 24706396
3767 901 24706396
3767 5099 24706396
5099 2233 24706396
5099 3767 24706396
1630 2147 606540
1630 3853 606540
2147 1630 606540
2147 4370 606540
3853 1630 606540
3853 4370 606540
4370 2147 606540
4370 3853 606540
1697 2857 91981791
1697 3143 91981791
2857 1697 91981791
2857 4303 91981791
3143 1697 91981791
3143 4303 91981791
4303 2857 91981791
4303 3143 91981791
1938 2000 51909715
1938 4000 51909715
2000 1938 51909715
2000 4062 51909715
4000 1938 51909715
4000 4062 51909715
4062 2000 51909715
4062 4000 51909715
962 2674 80770910
962 3326 80770910
2674 962 80770910
2674 5038 80770910
3326 962 80770910
3326 5038 80770910
5038 2674 80770910
5038 3326 80770910
2508 2865 21987075
2508 3135 21987075
2865 2508 21987075
2865 3492 21987075
3135 2508 21987075
3135 3492 21987075
3492 2865 21987075
3492 3135 21987075
2300 2483 171792346
2300 3517 171792346
2483 2300 171792346
2483 3700 171792346
3517 2300 171792346
3517 3700 171792346
3700 2483 171792346
3700 3517 171792346
2044 2726 149633418
2044 3274 149633418
2726 2044 149633418
2726 3956 149633418
3274 2044 149633418
3274 3956 149633418
3956 2726 149633418
3956 3274 149633418
2951 3000 149340257
3000 2951 149340257
3000 3049 149340257
3049 3000 149340257
975 2860 86856528
975 3140 86856528
2860 975 86856528
2860 5025 86856528
3140 975 86856528
3140 5025 86856528
5025 2860 86856528
5025 3140 86856528
811 2716 136693898
811 3284 136693898
2716 811 136693898
2716 5189 136693898
3284 811 136693898
3284 5189 136693898
5189 2716 136693898
5189 3284 136693898
2070 2469 11807312
2070 3531 11807312
2469 2070 11807312
2469 3930 11807312
3531 2070 11807312
3531 3930 11807312
3930 2469 11807312
3930 3531 11807312
964 2687 22411653
964 3313 22411653
2687 964 22411653
2687 5036 22411653
3313 964 22411653
3313 5036 22411653
5036 2687 22411653
5036 3313 22411653
1220 1635 94893183
1220 4365 94893183
1635 1220 94893183
1635 4780 94893183
4365 1220 94893183
4365 4780 94893183
4780 1635 94893183
4780 4365 94893183
1512 2855 69357849
1512 3145 69357849
2855 1512 69357849
2855 4488 69357849
3145 1512 69357849
3145 4488 69357849
4488 2855 69357849
4488 3145 69357849
809 2507 100139754
809 3493 100139754
2507 809 100139754
2507 5191 100139754
3493 809 100139754
3493 5191 100139754
5191 2507 100139754
5191 3493 100139754
980 1560 72673601
980 4440 72673601
1560 980 72673601
1560 5020 72673601
4440 980 72673601
4440 5020 72673601
5020 1560 72673601
5020 4440 72673601
1000 1179 132518881
1000 4821 132518881
1179 1000 132518881
1179 5000 132518881
4821 1000 132518881
4821 5000 132518881
5000 1179 132518881
5000 4821 132518881
830 2720 48715271
830 3280 48715271
2720 830 48715271
2720 5170 48715271
3280 830 48715271
3280 5170 48715271
5170 2720 48715271
5170 3280 48715271
899 2312 176402050
899 3688 176402050
2312 899 176402050
2312 5101 176402050
3688 899 176402050
3688 5101 176402050
5101 2312 176402050
5101 3688 176402050
2720 2982 26889940
2720 3018 26889940
2982 2720 26889940
2982 3280 26889940
3018 2720 26889940
3018 3280 26889940
3280 2982 26889940
3280 3018 26889940
810 2505 10109
810 3495 10109
2505 810 10109
2505 5190 10109
3495 810 10109
3495 5190 10109
5190 2505 10109
5190 3495 10109
904 1420 50777507
904 4580 50777507
1420 904 50777507
1420 5096 50777507
4580 904 50777507
4580 5096 50777507
5096 1420 50777507
5096 4580 50777507
887 2326 10109
887 3674 10109
2326 887 10109
2326 5113 10109
3674 887 10109
3674 5113 10109
5113 2326 10109
5113 3674 10109
883 2502 75645647
883 3498 75645647
2502 883 75645647
2502 5117 75645647
3498 883 75645647
3498 5117 75645647
5117 2502 75645647
5117 3498 75645647
1560 1827 112765895
1560 4173 112765895
1827 1560 112765895
1827 4440 112765895
4173 1560 112765895
4173 4440 112765895
4440 1827 112765895
4440 4173 112765895
976 1591 53850643
976 4409 53850643
1591 976 53850643
1591 5024 53850643
4409 976 53850643
4409 5024 53850643
5024 1591 53850643
5024 4409 53850643
816 2525 26819177
816 3475 26819177
2525 816 26819177
2525 5184 26819177
3475 816 26819177
3475 5184 26819177
5184 2525 26819177
5184 3475 26819177
860 2472 104931420
860 3528 104931420
2472 860 104931420
2472 5140 104931420
3528 860 104931420
3528 5140 104931420
5140 2472 104931420
5140 3528 104931420
2373 2432 47805461
2373 3568 47805461
2432 2373 47805461
2432 3627 47805461
3568 2373 47805461
3568 3627 47805461
3627 2432 47805461
3627 3568 47805461
839 2460 157356694
839 3540 157356694
2460 839 157356694
2460 5161 157356694
3540 839 157356694
3540 5161 157356694
5161 2460 157356694
5161 3540 157356694
796 2684 108884039
796 3316 108884039
2684 796 108884039
2684 5204 108884039
3316 796 108884039
3316 5204 108884039
5204 2684 108884039
5204 3316 108884039
970 2557 16022765
970 3443 16022765
2557 970 16022765
2557 5030 16022765
3443 970 16022765
3443 5030 16022765
5030 2557 16022765
5030 3443 16022765
891 2540 105214472
891 3460 105214472
2540 891 105214472
2540 5109 105214472
3460 891 105214472
3460 5109 105214472
5109 2540 105214472
5109 3460 105214472
982 2448 10109
982 3552 10109
2448 982 10109
2448 5018 10109
3552 982 10109
3552 5018 10109
5018 2448 10109
5018 3552 10109
897 2499 88251570
897 3501 88251570
2499 897 88251570
2499 5103 88251570
3501 897 88251570
3501 5103 88251570
5103 2499 88251570
5103 3501 88251570
903 2491 60027242
903 3509 60027242
2491 903 60027242
2491 5097 60027242
3509 903 60027242
3509 5097 60027242
5097 2491 60027242
5097 3509 60027242
851 1000 715383603
851 5000 715383603
1000 851 715383603
1000 5149 715383603
5000 851 715383603
5000 5149 715383603
5149 1000 715383603
5149 5000 715383603
788 3000 794243912
3000 788 794243912
3000 5212 794243912
5212 3000 794243912
1663 2273 91577431
1663 3727 91577431
2273 1663 91577431
2273 4337 91577431
3727 1663 91577431
3727 4337 91577431
4337 2273 91577431
4337 3727 91577431
1000 1050 250632437
1000 4950 250632437
1050 1000 250632437
1050 5000 250632437
4950 1000 250632437
4950 5000 250632437
5000 1050 250632437
5000 4950 250632437
750 2641 21077265
750 3359 21077265
2641 750 21077265
2641 5250 21077265
3359 750 21077265
3359 5250 21077265
5250 2641 21077265
5250 3359 21077265
1000 1123 310063248
1000 4877 310063248
1123 1000 310063248
1123 5000 310063248
4877 1000 310063248
4877 5000 310063248
5000 1123 310063248
5000 4877 310063248
1961 2701 155173150
1961 3299 155173150
2701 1961 155173150
2701 4039 155173150
3299 1961 155173150
3299 4039 155173150
4039 2701 155173150
4039 3299 155173150
1607 2235 493369745
1607 3765 493369745
2235 1607 493369745
2235 4393 493369745
3765 1607 493369745
3765 4393 493369745
4393 2235 493369745
4393 3765 493369745
2512 2659 240351584
2512 3341 240351584
2659 2512 240351584
2659 3488 240351584
3341 2512 240351584
3341 3488 240351584
3488 2659 240351584
3488 3341 240351584
887 1428 16174400
887 4572 16174400
1428 887 16174400
1428 5113 16174400
4572 887 16174400
4572 5113 16174400
5113 1428 16174400
5113 4572 16174400
1721 2338 265573539
1721 3662 265573539
2338 1721 265573539
2338 4279 265573539
3662 1721 265573539
3662 4279 265573539
4279 2338 265573539
4279 3662 265573539
917 2658 48927560
917 3342 48927560
2658 917 48927560
2658 5083 48927560
3342 917 48927560
3342 5083 48927560
5083 2658 48927560
5083 3342 48927560
834 2558 94104681
834 3442 94104681
2558 834 94104681
2558 5166 94104681
3442 834 94104681
3442 5166 94104681
5166 2558 94104681
5166 3442 94104681
1609 2780 954663633
1609 3220 954663633
2780 1609 954663633
2780 4391 954663633
3220 1609 954663633
3220 4391 954663633
4391 2780 954663633
4391 3220 954663633
1959 3000 22927212
3000 1959 22927212
3000 4041 22927212
4041 3000 22927212
2444 2658 96874547
2444 3342 96874547
2658 2444 96874547
2658 3556 96874547
3342 2444 96874547
3342 3556 96874547
3556 2658 96874547
3556 3342 96874547
1729 2330 145862761
1729 3670 145862761
2330 1729 145862761
2330 4271 145862761
3670 1729 145862761
3670 4271 145862761
4271 2330 145862761
4271 3670 145862761
2400 2400 258042334
2400 3600 258042334
3600 2400 258042334
3600 3600 258042334
885 1562 292605005
885 4438 292605005
1562 885 292605005
1562 5115 292605005
4438 885 292605005
4438 5115 292605005
5115 1562 292605005
5115 4438 292605005
922 1452 212278891
922 4548 212278891
1452 922 212278891
1452 5078 212278891
4548 922 212278891
4548 5078 212278891
5078 1452 212278891
5078 4548 212278891
862 1474 78081916
862 4526 78081916
1474 862 78081916
1474 5138 78081916
4526 862 78081916
4526 5138 78081916
5138 1474 78081916
5138 4526 78081916
848 1491 185186771
848 4509 185186771
1491 848 185186771
1491 5152 185186771
4509 848 185186771
4509 5152 185186771
5152 1491 185186771
5152 4509 185186771
979 2687 45500609
979 3313 45500609
2687 979 45500609
2687 5021 45500609
3313 979 45500609
3313 5021 45500609
5021 2687 45500609
5021 3313 45500609
2485 2674 143790416
2485 3326 143790416
2674 2485 143790416
2674 3515 143790416
3326 2485 143790416
3326 3515 143790416
3515 2674 143790416
3515 3326 143790416
1580 2244 143719653
1580 3756 143719653
2244 1580 143719653
2244 4420 143719653
3756 1580 143719653
3756 4420 143719653
4420 2244 143719653
4420 3756 143719653
1082 1998 73310468
1082 4002 73310468
1998 1082 73310468
1998 4918 73310468
4002 1082 73310468
4002 4918 73310468
4918 1998 73310468
4918 4002 73310468
2066 3000 106953220
3000 2066 106953220
3000 3934 106953220
3934 3000 106953220
1101 2989 105214472
1101 3011 105214472
2989 1101 105214472
2989 4899 105214472
3011 1101 105214472
3011 4899 105214472
4899 2989 105214472
4899 3011 105214472
1094 2989 145933524
1094 3011 145933524
2989 1094 145933524
2989 4906 145933524
3011 1094 145933524
3011 4906 145933524
4906 2989 145933524
4906 3011 145933524
2171 3000 132700843
3000 2171 132700843
3000 3829 132700843
3829 3000 132700843
2000 2132 86856528
2000 3868 86856528
2132 2000 86856528
2132 4000 86856528
3868 2000 86856528
3868 4000 86856528
4000 2132 86856528
4000 3868 86856528
2015 3000 88635712
3000 2015 88635712
3000 3985 88635712
3985 3000 88635712
996 2978 125381927
996 3022 125381927
2978 996 125381927
2978 5004 125381927
3022 996 125381927
3022 5004 125381927
5004 2978 125381927
5004 3022 125381927
1997 1997 55417538
1997 4003 55417538
4003 1997 55417538
4003 4003 55417538
1023 2997 112816440
1023 3003 112816440
2997 1023 112816440
2997 4977 112816440
3003 1023 112816440
3003 4977 112816440
4977 2997 112816440
4977 3003 112816440
1515 3000 469037382
3000 1515 469037382
3000 4485 469037382
4485 3000 469037382
1990 2768 98441442
1990 3232 98441442
2768 1990 98441442
2768 4010 98441442
3232 1990 98441442
3232 4010 98441442
4010 2768 98441442
4010 3232 98441442
1000 1289 398203619
1000 4711 398203619
1289 1000 398203619
1289 5000 398203619
4711 1000 398203619
4711 5000 398203619
5000 1289 398203619
5000 4711 398203619
2914 3000 133924032
3000 2914 133924032
3000 3086 133924032
3086 3000 133924032
2000 2823 222236256
2000 3177 222236256
2823 2000 222236256
2823 4000 222236256
3177 2000 222236256
3177 4000 222236256
4000 2823 222236256
4000 3177 222236256
1000 2960 110531806
1000 3040 110531806
2960 1000 110531806
2960 5000 110531806
3040 1000 110531806
3040 5000 110531806
5000 2960 110531806
5000 3040 110531806
1495 2870 49069086
1495 3130 49069086
2870 1495 49069086
2870 4505 49069086
3130 1495 49069086
3130 4505 49069086
4505 2870 49069086
4505 3130 49069086
2722 3000 444785891
3000 2722 444785891
3000 3278 444785891
3278 3000 444785891
1173 3000 10109
3000 1173 10109
3000 4827 10109
4827 3000 10109
1451 1893 87736011
1451 4107 87736011
1893 1451 87736011
1893 4549 87736011
4107 1451 87736011
4107 4549 87736011
4549 1893 87736011
4549 4107 87736011
1165 1997 98673949
1165 4003 98673949
1997 1165 98673949
1997 4835 98673949
4003 1165 98673949
4003 4835 98673949
4835 1997 98673949
4835 4003 98673949
1656 3000 132256047
3000 1656 132256047
3000 4344 132256047
4344 3000 132256047
1000 2286 185085681
1000 3714 185085681
2286 1000 185085681
2286 5000 185085681
3714 1000 185085681
3714 5000 185085681
5000 2286 185085681
5000 3714 185085681
2119 3000 136269320
3000 2119 136269320
3000 3881 136269320
3881 3000 136269320
2765 3000 118750423
3000 2765 118750423
3000 3235 118750423
3235 3000 118750423
2000 2952 98390897
2000 3048 98390897
2952 2000 98390897
2952 4000 98390897
3048 2000 98390897
3048 4000 98390897
4000 2952 98390897
4000 3048 98390897
1985 2107 60017133
1985 3893 60017133
2107 1985 60017133
2107 4015 60017133
3893 1985 60017133
3893 4015 60017133
4015 2107 60017133
4015 3893 60017133
2308 2958 20440398
2308 3042 20440398
2958 2308 20440398
2958 3692 20440398
3042 2308 20440398
3042 3692 20440398
3692 2958 20440398
3692 3042 20440398
2558 2889 57166395
2558 3111 57166395
2889 2558 57166395
2889 3442 57166395
3111 2558 57166395
3111 3442 57166395
3442 2889 57166395
3442 3111 57166395
1968 2748 262005062
1968 3252 262005062
2748 1968 262005062
2748 4032 262005062
3252 1968 262005062
3252 4032 262005062
4032 2748 262005062
4032 3252 262005062
1246 1997 10109
1246 4003 10109
1997 1246 10109
1997 4754 10109
4003 1246 10109
4003 4754 10109
4754 1997 10109
4754 4003 10109
2739 2967 86502713
2739 3033 86502713
2967 2739 86502713
2967 3261 86502713
3033 2739 86502713
3033 3261 86502713
3261 2967 86502713
3261 3033 86502713
988 2073 124087975
988 3927 124087975
2073 988 124087975
2073 5012 124087975
3927 988 124087975
3927 5012 124087975
5012 2073 124087975
5012 3927 124087975
907 2747 24706396
907 3253 24706396
2747 907 24706396
2747 5093 24706396
3253 907 24706396
3253 5093 24706396
5093 2747 24706396
5093 3253 24706396
1324 1742 60856180
1324 4258 60856180
1742 1324 60856180
1742 4676 60856180
4258 1324 60856180
4258 4676 60856180
4676 1742 60856180
4676 4258 60856180
975 2129 120721678
975 3871 120721678
2129 975 120721678
2129 5025 120721678
3871 975 120721678
3871 5025 120721678
5025 2129 120721678
5025 3871 120721678
2000 2258 161895635
2000 3742 161895635
2258 2000 161895635
2258 4000 161895635
3742 2000 161895635
3742 4000 161895635
4000 2258 161895635
4000 3742 161895635
2141 3000 10109
3000 2141 10109
3000 3859 10109
3859 3000 10109
1585 3000 267908718
3000 1585 267908718
3000 4415 267908718
4415 3000 267908718
981 2915 170498394
981 3085 170498394
2915 981 170498394
2915 5019 170498394
3085 981 170498394
3085 5019 170498394
5019 2915 170498394
5019 3085 170498394
2599 2802 43074449
2599 3198 43074449
2802 2599 43074449
2802 3401 43074449
3198 2599 43074449
3198 3401 43074449
3401 2802 43074449
3401 3198 43074449
2332 2959 93629558
2332 3041 93629558
2959 2332 93629558
2959 3668 93629558
3041 2332 93629558
3041 3668 93629558
3668 2959 93629558
3668 3041 93629558
2194 2605 44317856
2194 3395 44317856
2605 2194 44317856
2605 3806 44317856
3395 2194 44317856
3395 3806 44317856
3806 2605 44317856
3806 3395 44317856
1842 2148 140019759
1842 3852 140019759
2148 1842 140019759
2148 4158 140019759
3852 1842 140019759
3852 4158 140019759
4158 2148 140019759
4158 3852 140019759
530 3000 642770656
3000 530 642770656
3000 5470 642770656
5470 3000 642770656
1365 2000 462314897
1365 4000 462314897
2000 1365 462314897
2000 4635 462314897
4000 1365 462314897
4000 4635 462314897
4635 2000 462314897
4635 4000 462314897
970 2861 48391783
970 3139 48391783
2861 970 48391783
2861 5030 48391783
3139 970 48391783
3139 5030 48391783
5030 2861 48391783
5030 3139 48391783
2032 2753 10109
2032 3247 10109
2753 2032 10109
2753 3968 10109
3247 2032 10109
3247 3968 10109
3968 2753 10109
3968 3247 10109
1587 1808 120185901
1587 4192 120185901
1808 1587 120185901
1808 4413 120185901
4192 1587 120185901
4192 4413 120185901
4413 1808 120185901
4413 4192 120185901
1510 2912 56276803
1510 3088 56276803
2912 1510 56276803
2912 4490 56276803
3088 1510 56276803
3088 4490 56276803
4490 2912 56276803
4490 3088 56276803
1000 1849 140221939
1000 4151 140221939
1849 1000 140221939
1849 5000 140221939
4151 1000 140221939
4151 5000 140221939
5000 1849 140221939
5000 4151 140221939
2109 2596 89444432
2109 3404 89444432
2596 2109 89444432
2596 3891 89444432
3404 2109 89444432
3404 3891 89444432
3891 2596 89444432
3891 3404 89444432
1891 2785 123006312
1891 3215 123006312
2785 1891 123006312
2785 4109 123006312
3215 1891 123006312
3215 4109 123006312
4109 2785 123006312
4109 3215 123006312
1985 2980 15679059
1985 3020 15679059
2980 1985 15679059
2980 4015 15679059
3020 1985 15679059
3020 4015 15679059
4015 2980 15679059
4015 3020 15679059
2078 2341 30327000
2078 3659 30327000
2341 2078 30327000
2341 3922 30327000
3659 2078 30327000
3659 3922 30327000
3922 2341 30327000
3922 3659 30327000
1000 1340 402065257
1000 4660 402065257
1340 1000 402065257
1340 5000 402065257
4660 1000 402065257
4660 5000 402065257
5000 1340 402065257
5000 4660 402065257
899 2377 7743494
899 3623 7743494
2377 899 7743494
2377 5101 7743494
3623 899 7743494
3623 5101 7743494
5101 2377 7743494
5101 3623 7743494
1256 3000 126231083
3000 1256 126231083
3000 4744 126231083
4744 3000 126231083
959 2456 162795336
959 3544 162795336
2456 959 162795336
2456 5041 162795336
3544 959 162795336
3544 5041 162795336
5041 2456 162795336
5041 3544 162795336
1887 2788 10109
1887 3212 10109
2788 1887 10109
2788 4113 10109
3212 1887 10109
3212 4113 10109
4113 2788 10109
4113 3212 10109
2068 2307 71197687
2068 3693 71197687
2307 2068 71197687
2307 3932 71197687
3693 2068 71197687
3693 3932 71197687
3932 2307 71197687
3932 3693 71197687
2370 2450 125796396
2370 3550 125796396
2450 2370 125796396
2450 3630 125796396
3550 2370 125796396
3550 3630 125796396
3630 2450 125796396
3630 3550 125796396
2118 2595 85249197
2118 3405 85249197
2595 2118 85249197
2595 3882 85249197
3405 2118 85249197
3405 3882 85249197
3882 2595 85249197
3882 3405 85249197
1636 2134 114160937
1636 3866 114160937
2134 1636 114160937
2134 4364 114160937
3866 1636 114160937
3866 4364 114160937
4364 2134 114160937
4364 3866 114160937
2027 2716 46369983
2027 3284 46369983
2716 2027 46369983
2716 3973 46369983
3284 2027 46369983
3284 3973 46369983
3973 2716 46369983
3973 3284 46369983
2500 2856 76140988
2500 3144 76140988
2856 2500 76140988
2856 3500 76140988
3144 2500 76140988
3144 3500 76140988
3500 2856 76140988
3500 3144 76140988
1000 2463 431128632
1000 3537 431128632
2463 1000 431128632
2463 5000 431128632
3537 1000 431128632
3537 5000 431128632
5000 2463 431128632
5000 3537 431128632
974 2533 20733559
974 3467 20733559
2533 974 20733559
2533 5026 20733559
3467 974 20733559
3467 5026 20733559
5026 2533 20733559
5026 3467 20733559
933 2752 150330939
933 3248 150330939
2752 933 150330939
2752 5067 150330939
3248 933 150330939
3248 5067 150330939
5067 2752 150330939
5067 3248 150330939
977 1804 59996915
977 4196 59996915
1804 977 59996915
1804 5023 59996915
4196 977 59996915
4196 5023 59996915
5023 1804 59996915
5023 4196 59996915
2609 2874 48149167
2609 3126 48149167
2874 2609 48149167
2874 3391 48149167
3126 2609 48149167
3126 3391 48149167
3391 2874 48149167
3391 3126 48149167
978 1641 13606714
978 4359 13606714
1641 978 13606714
1641 5022 13606714
4359 978 13606714
4359 5022 13606714
5022 1641 13606714
5022 4359 13606714
932 2743 36867523
932 3257 36867523
2743 932 36867523
2743 5068 36867523
3257 932 36867523
3257 5068 36867523
5068 2743 36867523
5068 3257 36867523
1489 2000 107488997
1489 4000 107488997
2000 1489 107488997
2000 4511 107488997
4000 1489 107488997
4000 4511 107488997
4511 2000 107488997
4511 4000 107488997
2954 2972 38545617
2954 3028 38545617
2972 2954 38545617
2972 3046 38545617
3028 2954 38545617
3028 3046 38545617
3046 2972 38545617
3046 3028 38545617
862 2317 60472038
862 3683 60472038
2317 862 60472038
2317 5138 60472038
3683 862 60472038
3683 5138 60472038
5138 2317 60472038
5138 3683 60472038
1809 3000 327612472
3000 1809 327612472
3000 4191 327612472
4191 3000 327612472
994 1730 34724415
994 4270 34724415
1730 994 34724415
1730 5006 34724415
4270 994 34724415
4270 5006 34724415
5006 1730 34724415
5006 4270 34724415
989 1721 41133521
989 4279 41133521
1721 989 41133521
1721 5011 41133521
4279 989 41133521
4279 5011 41133521
5011 1721 41133521
5011 4279 41133521
2546 2828 25505007
2546 3172 25505007
2828 2546 25505007
2828 3454 25505007
3172 2546 25505007
3172 3454 25505007
3454 2828 25505007
3454 3172 25505007
971 2504 104931420
971 3496 104931420
2504 971 104931420
2504 5029 104931420
3496 971 104931420
3496 5029 104931420
5029 2504 104931420
5029 3496 104931420
1000 1624 163250241
1000 4376 163250241
1624 1000 163250241
1624 5000 163250241
4376 1000 163250241
4376 5000 163250241
5000 1624 163250241
5000 4376 163250241
1750 2646 280170935
1750 3354 280170935
2646 1750 280170935
2646 4250 280170935
3354 1750 280170935
3354 4250 280170935
4250 2646 280170935
4250 3354 280170935
2000 2327 91011327
2000 3673 91011327
2327 2000 91011327
2327 4000 91011327
3673 2000 91011327
3673 4000 91011327
4000 2327 91011327
4000 3673 91011327
968 2522 125139311
968 3478 125139311
2522 968 125139311
2522 5032 125139311
3478 968 125139311
3478 5032 125139311
5032 2522 125139311
5032 3478 125139311
1750 2838 74938017
1750 3162 74938017
2838 1750 74938017
2838 4250 74938017
3162 1750 74938017
3162 4250 74938017
4250 2838 74938017
4250 3162 74938017
836 2283 226047349
836 3717 226047349
2283 836 226047349
2283 5164 226047349
3717 836 226047349
3717 5164 226047349
5164 2283 226047349
5164 3717 226047349
860 2290 7662622
860 3710 7662622
2290 860 7662622
2290 5140 7662622
3710 860 7662622
3710 5140 7662622
5140 2290 7662622
5140 3710 7662622
912 2445 10109
912 3555 10109
2445 912 10109
2445 5088 10109
3555 912 10109
3555 5088 10109
5088 2445 10109
5088 3555 10109
2643 2840 261145797
2643 3160 261145797
2840 2643 261145797
2840 3357 261145797
3160 2643 261145797
3160 3357 261145797
3357 2840 261145797
3357 3160 261145797
776 2634 109773631
776 3366 109773631
2634 776 109773631
2634 5224 109773631
3366 776 109773631
3366 5224 109773631
5224 2634 109773631
5224 3366 109773631
2222 2424 219345082
2222 3576 219345082
2424 2222 219345082
2424 3778 219345082
3576 2222 219345082
3576 3778 219345082
3778 2424 219345082
3778 3576 219345082
882 2751 172237142
882 3249 172237142
2751 882 172237142
2751 5118 172237142
3249 882 172237142
3249 5118 172237142
5118 2751 172237142
5118 3249 172237142
832 2330 191525114
832 3670 191525114
2330 832 191525114
2330 5168 191525114
3670 832 191525114
3670 5168 191525114
5168 2330 191525114
5168 3670 191525114
1550 2832 94883074
1550 3168 94883074
2832 1550 94883074
2832 4450 94883074
3168 1550 94883074
3168 4450 94883074
4450 2832 94883074
4450 3168 94883074
2298 2522 61856971
2298 3478 61856971
2522 2298 61856971
2522 3702 61856971
3478 2298 61856971
3478 3702 61856971
3702 2522 61856971
3702 3478 61856971
971 2483 111744886
971 3517 111744886
2483 971 111744886
2483 5029 111744886
3517 971 111744886
3517 5029 111744886
5029 2483 111744886
5029 3517 111744886
915 2685 41477227
915 3315 41477227
2685 915 41477227
2685 5085 41477227
3315 915 41477227
3315 5085 41477227
5085 2685 41477227
5085 3315 41477227
2081 2538 57318030
2081 3462 57318030
2538 2081 57318030
2538 3919 57318030
3462 2081 57318030
3462 3919 57318030
3919 2538 57318030
3919 3462 57318030
2341 2594 48523200
2341 3406 48523200
2594 2341 48523200
2594 3659 48523200
3406 2341 48523200
3406 3659 48523200
3659 2594 48523200
3659 3406 48523200
1689 2302 80952872
1689 3698 80952872
2302 1689 80952872
2302 4311 80952872
3698 1689 80952872
3698 4311 80952872
4311 2302 80952872
4311 3698 80952872
2148 2334 17710968
2148 3666 17710968
2334 2148 17710968
2334 3852 17710968
3666 2148 17710968
3666 3852 17710968
3852 2334 17710968
3852 3666 17710968
1625 3000 340380139
3000 1625 340380139
3000 4375 340380139
4375 3000 340380139
893 1475 88292006
893 4525 88292006
1475 893 88292006
1475 5107 88292006
4525 893 88292006
4525 5107 88292006
5107 1475 88292006
5107 4525 88292006
2461 3000 553498077
3000 2461 553498077
3000 3539 553498077
3539 3000 553498077
890 1597 121156365
890 4403 121156365
1597 890 121156365
1597 5110 121156365
4403 890 121156365
4403 5110 121156365
5110 1597 121156365
5110 4403 121156365
2000 2299 348366249
2000 3701 348366249
2299 2000 348366249
2299 4000 348366249
3701 2000 348366249
3701 4000 348366249
4000 2299 348366249
4000 3701 348366249
886 2676 64182041
886 3324 64182041
2676 886 64182041
2676 5114 64182041
3324 886 64182041
3324 5114 64182041
5114 2676 64182041
5114 3324 64182041
982 2528 93609340
982 3472 93609340
2528 982 93609340
2528 5018 93609340
3472 982 93609340
3472 5018 93609340
5018 2528 93609340
5018 3472 93609340
2516 2849 126119884
2516 3151 126119884
2849 2516 126119884
2849 3484 126119884
3151 2516 126119884
3151 3484 126119884
3484 2849 126119884
3484 3151 126119884
999 1595 315218838
999 4405 315218838
1595 999 315218838
1595 5001 315218838
4405 999 315218838
4405 5001 315218838
5001 1595 315218838
5001 4405 315218838
530 2000 285791539
530 4000 285791539
2000 530 285791539
2000 5470 285791539
4000 530 285791539
4000 5470 285791539
5470 2000 285791539
5470 4000 285791539
904 2739 37362864
904 3261 37362864
2739 904 37362864
2739 5096 37362864
3261 904 37362864
3261 5096 37362864
5096 2739 37362864
5096 3261 37362864
914 2556 116182737
914 3444 116182737
2556 914 116182737
2556 5086 116182737
3444 914 116182737
3444 5086 116182737
5086 2556 116182737
5086 3444 116182737
1000 2679 251057015
1000 3321 251057015
2679 1000 251057015
2679 5000 251057015
3321 1000 251057015
3321 5000 251057015
5000 2679 251057015
5000 3321 251057015
2146 2532 36756324
2146 3468 36756324
2532 2146 36756324
2532 3854 36756324
3468 2146 36756324
3468 3854 36756324
3854 2532 36756324
3854 3468 36756324
842 1652 122804132
842 4348 122804132
1652 842 122804132
1652 5158 122804132
4348 842 122804132
4348 5158 122804132
5158 1652 122804132
5158 4348 122804132
844 1633 75564775
844 4367 75564775
1633 844 75564775
1633 5156 75564775
4367 844 75564775
4367 5156 75564775
5156 1633 75564775
5156 4367 75564775
2544 2698 74594311
2544 3302 74594311
2698 2544 74594311
2698 3456 74594311
3302 2544 74594311
3302 3456 74594311
3456 2698 74594311
3456 3302 74594311
1760 2626 217191865
1760 3374 217191865
2626 1760 217191865
2626 4240 217191865
3374 1760 217191865
3374 4240 217191865
4240 2626 217191865
4240 3374 217191865
1758 2626 149542437
1758 3374 149542437
2626 1758 149542437
2626 4242 149542437
3374 1758 149542437
3374 4242 149542437
4242 2626 149542437
4242 3374 149542437
869 2403 77333850
869 3597 77333850
2403 869 77333850
2403 5131 77333850
3597 869 77333850
3597 5131 77333850
5131 2403 77333850
5131 3597 77333850
2580 2770 149097641
2580 3230 149097641
2770 2580 149097641
2770 3420 149097641
3230 2580 149097641
3230 3420 149097641
3420 2770 149097641
3420 3230 149097641
903 2617 127858632
903 3383 127858632
2617 903 127858632
2617 5097 127858632
3383 903 127858632
3383 5097 127858632
5097 2617 127858632
5097 3383 127858632
987 1617 86512822
987 4383 86512822
1617 987 86512822
1617 5013 86512822
4383 987 86512822
4383 5013 86512822
5013 1617 86512822
5013 4383 86512822
921 1381 186511050
921 4619 186511050
1381 921 186511050
1381 5079 186511050
4619 921 186511050
4619 5079 186511050
5079 1381 186511050
5079 4619 186511050
2356 2584 97430542
2356 3416 97430542
2584 2356 97430542
2584 3644 97430542
3416 2356 97430542
3416 3644 97430542
3644 2584 97430542
3644 3416 97430542
900 2447 136471500
900 3553 136471500
2447 900 136471500
2447 5100 136471500
3553 900 136471500
3553 5100 136471500
5100 2447 136471500
5100 3553 136471500
936 1445 214725269
936 4555 214725269
1445 936 214725269
1445 5064 214725269
4555 936 214725269
4555 5064 214725269
5064 1445 214725269
5064 4555 214725269
2000 2696 361053044
2000 3304 361053044
2696 2000 361053044
2696 4000 361053044
3304 2000 361053044
3304 4000 361053044
4000 2696 361053044
4000 3304 361053044
1000 2727 248721836
1000 3273 248721836
2727 1000 248721836
2727 5000 248721836
3273 1000 248721836
3273 5000 248721836
5000 2727 248721836
5000 3273 248721836
990 1730 198318362
990 4270 198318362
1730 990 198318362
1730 5010 198318362
4270 990 198318362
4270 5010 198318362
5010 1730 198318362
5010 4270 198318362
1740 2608 10109
1740 3392 10109
2608 1740 10109
2608 4260 10109
3392 1740 10109
3392 4260 10109
4260 2608 10109
4260 3392 10109
2538 2690 262621711
2538 3310 262621711
2690 2538 262621711
2690 3462 262621711
3310 2538 262621711
3310 3462 262621711
3462 2690 262621711
3462 3310 262621711
984 1685 243606682
984 4315 243606682
1685 984 243606682
1685 5016 243606682
4315 984 243606682
4315 5016 243606682
5016 1685 243606682
5016 4315 243606682
1716 2600 10109
1716 3400 10109
2600 1716 10109
2600 4284 10109
3400 1716 10109
3400 4284 10109
4284 2600 10109
4284 3400 10109
1569 2130 85228979
1569 3870 85228979
2130 1569 85228979
2130 4431 85228979
3870 1569 85228979
3870 4431 85228979
4431 2130 85228979
4431 3870 85228979
2000 2678 180657939
2000 3322 180657939
2678 2000 180657939
2678 4000 180657939
3322 2000 180657939
3322 4000 180657939
4000 2678 180657939
4000 3322 180657939
889 2634 130345446
889 3366 130345446
2634 889 130345446
2634 5111 130345446
3366 889 130345446
3366 5111 130345446
5111 2634 130345446
5111 3366 130345446
2490 2689 253018161
2490 3311 253018161
2689 2490 253018161
2689 3510 253018161
3311 2490 253018161
3311 3510 253018161
3510 2689 253018161
3510 3311 253018161
979 1590 50737071
979 4410 50737071
1590 979 50737071
1590 5021 50737071
4410 979 50737071
4410 5021 50737071
5021 1590 50737071
5021 4410 50737071
861 1640 154768790
861 4360 154768790
1640 861 154768790
1640 5139 154768790
4360 861 154768790
4360 5139 154768790
5139 1640 154768790
5139 4360 154768790
2000 2659 311882868
2000 3341 311882868
2659 2000 311882868
2659 4000 311882868
3341 2000 311882868
3341 4000 311882868
4000 2659 311882868
4000 3341 311882868
869 2000 262025280
869 4000 262025280
2000 869 262025280
2000 5131 262025280
4000 869 262025280
4000 5131 262025280
5131 2000 262025280
5131 4000 262025280
1869 2000 93548686
1869 4000 93548686
2000 1869 93548686
2000 4131 93548686
4000 1869 93548686
4000 4131 93548686
4131 2000 93548686
4131 4000 93548686
282 1000 35250083
282 5000 35250083
1000 282 35250083
1000 5718 35250083
5000 282 35250083
5000 5718 35250083
5718 1000 35250083
5718 5000 35250083
582 3000 1510466562
3000 582 1510466562
3000 5418 1510466562
5418 3000 1510466562
606 2000 108429134
606 4000 108429134
2000 606 108429134
2000 5394 108429134
4000 606 108429134
4000 5394 108429134
5394 2000 108429134
5394 4000 108429134
670 1000 573321826
670 5000 573321826
1000 670 573321826
1000 5330 573321826
5000 670 573321826
5000 5330 573321826
5330 1000 573321826
5330 5000 573321826
707 2000 149421129
707 4000 149421129
2000 707 149421129
2000 5293 149421129
4000 707 149421129
4000 5293 149421129
5293 2000 149421129
5293 4000 149421129
715 3000 373628640
3000 715 373628640
3000 5285 373628640
5285 3000 373628640
810 1000 1691801804
810 5000 1691801804
1000 810 1691801804
1000 5190 1691801804
5000 810 1691801804
5000 5190 1691801804
5190 1000 1691801804
5190 5000 1691801804
850 1000 832759202
850 5000 832759202
1000 850 832759202
1000 5150 832759202
5000 850 832759202
5000 5150 832759202
5150 1000 832759202
5150 5000 832759202
851 1563 130325228
851 4437 130325228
1563 851 130325228
1563 5149 130325228
4437 851 130325228
4437 5149 130325228
5149 1563 130325228
5149 4437 130325228
860 2689 164736264
860 3311 164736264
2689 860 164736264
2689 5140 164736264
3311 860 164736264
3311 5140 164736264
5140 2689 164736264
5140 3311 164736264
914 1594 94974055
914 4406 94974055
1594 914 94974055
1594 5086 94974055
4406 914 94974055
4406 5086 94974055
5086 1594 94974055
5086 4406 94974055
930 2430 51798516
930 3570 51798516
2430 930 51798516
2430 5070 51798516
3570 930 51798516
3570 5070 51798516
5070 2430 51798516
5070 3570 51798516
970 1844 81165161
970 4156 81165161
1844 970 81165161
1844 5030 81165161
4156 970 81165161
4156 5030 81165161
5030 1844 81165161
5030 4156 81165161
978 2000 136663571
978 4000 136663571
2000 978 136663571
2000 5022 136663571
4000 978 136663571
4000 5022 136663571
5022 2000 136663571
5022 4000 136663571
990 1956 14314344
990 4044 14314344
1956 990 14314344
1956 5010 14314344
4044 990 14314344
4044 5010 14314344
5010 1956 14314344
5010 4044 14314344
994 2953 29184683
994 3047 29184683
2953 994 29184683
2953 5006 29184683
3047 994 29184683
3047 5006 29184683
5006 2953 29184683
5006 3047 29184683
998 3000 185944946
3000 998 185944946
3000 5002 185944946
5002 3000 185944946
999 2085 19116119
999 3915 19116119
2085 999 19116119
2085 5001 19116119
3915 999 19116119
3915 5001 19116119
5001 2085 19116119
5001 3915 19116119
999 2576 33288937
999 3424 33288937
2576 999 33288937
2576 5001 33288937
3424 999 33288937
3424 5001 33288937
5001 2576 33288937
5001 3424 33288937
1000 1273 271244688
1000 4727 271244688
1273 1000 271244688
1273 5000 271244688
4727 1000 271244688
4727 5000 271244688
5000 1273 271244688
5000 4727 271244688
1000 1356 337620382
1000 4644 337620382
1356 1000 337620382
1356 5000 337620382
4644 1000 337620382
4644 5000 337620382
5000 1356 337620382
5000 4644 337620382
1030 3000 54457183
3000 1030 54457183
3000 4970 54457183
4970 3000 54457183
1039 2000 250632437
1039 4000 250632437
2000 1039 250632437
2000 4961 250632437
4000 1039 250632437
4000 4961 250632437
4961 2000 250632437
4961 4000 250632437
1050 2000 84794292
1050 4000 84794292
2000 1050 84794292
2000 4950 84794292
4000 1050 84794292
4000 4950 84794292
4950 2000 84794292
4950 4000 84794292
1091 3000 103991283
3000 1091 103991283
3000 4909 103991283
4909 3000 103991283
1302 1715 23867349
1302 4285 23867349
1715 1302 23867349
1715 4698 23867349
4285 1302 23867349
4285 4698 23867349
4698 1715 23867349
4698 4285 23867349
1323 3000 285447833
3000 1323 285447833
3000 4677 285447833
4677 3000 285447833
1373 1779 119852304
1373 4221 119852304
1779 1373 119852304
1779 4627 119852304
4221 1373 119852304
4221 4627 119852304
4627 1779 119852304
4627 4221 119852304
1393 3000 292433152
3000 1393 292433152
3000 4607 292433152
4607 3000 292433152
1540 2000 274742402
1540 4000 274742402
2000 1540 274742402
2000 4460 274742402
4000 1540 274742402
4000 4460 274742402
4460 2000 274742402
4460 4000 274742402
1592 2805 117294727
1592 3195 117294727
2805 1592 117294727
2805 4408 117294727
3195 1592 117294727
3195 4408 117294727
4408 2805 117294727
4408 3195 117294727
1602 2203 262945199
1602 3797 262945199
2203 1602 262945199
2203 4398 262945199
3797 1602 262945199
3797 4398 262945199
4398 2203 262945199
4398 3797 262945199
1604 1797 75473794
1604 4203 75473794
1797 1604 75473794
1797 4396 75473794
4203 1604 75473794
4203 4396 75473794
4396 1797 75473794
4396 4203 75473794
1638 3000 202028365
3000 1638 202028365
3000 4362 202028365
4362 3000 202028365
1641 2000 284396497
1641 4000 284396497
2000 1641 284396497
2000 4359 284396497
4000 1641 284396497
4000 4359 284396497
4359 2000 284396497
4359 4000 284396497
1780 2570 728434322
1780 3430 728434322
2570 1780 728434322
2570 4220 728434322
3430 1780 728434322
3430 4220 728434322
4220 2570 728434322
4220 3430 728434322
1812 2430 73158833
1812 3570 73158833
2430 1812 73158833
2430 4188 73158833
3570 1812 73158833
3570 4188 73158833
4188 2430 73158833
4188 3570 73158833
1820 3000 222670943
3000 1820 222670943
3000 4180 222670943
4180 3000 222670943
1881 2000 164513866
1881 4000 164513866
2000 1881 164513866
2000 4119 164513866
4000 1881 164513866
4000 4119 164513866
4119 2000 164513866
4119 4000 164513866
1913 3000 96652149
3000 1913 96652149
3000 4087 96652149
4087 3000 96652149
1925 3000 147197149
3000 1925 147197149
3000 4075 147197149
4075 3000 147197149
1936 2000 171549730
1936 4000 171549730
2000 1936 171549730
2000 4064 171549730
4000 1936 171549730
4000 4064 171549730
4064 2000 171549730
4064 4000 171549730
2000 2178 177129898
2000 3822 177129898
2178 2000 177129898
2178 4000 177129898
3822 2000 177129898
3822 4000 177129898
4000 2178 177129898
4000 3822 177129898
2000 2210 70540602
2000 3790 70540602
2210 2000 70540602
2210 4000 70540602
3790 2000 70540602
3790 4000 70540602
4000 2210 70540602
4000 3790 70540602
2000 2314 421322902
2000 3686 421322902
2314 2000 421322902
2314 4000 421322902
3686 2000 421322902
3686 4000 421322902
4000 2314 421322902
4000 3686 421322902
2000 2781 125058439
2000 3219 125058439
2781 2000 125058439
2781 4000 125058439
3219 2000 125058439
3219 4000 125058439
4000 2781 125058439
4000 3219 125058439
2000 2930 31105393
2000 3070 31105393
2930 2000 31105393
2930 4000 31105393
3070 2000 31105393
3070 4000 31105393
4000 2930 31105393
4000 3070 31105393
2000 2945 10109
2000 3055 10109
2945 2000 10109
2945 4000 10109
3055 2000 10109
3055 4000 10109
4000 2945 10109
4000 3055 10109
2000 2973 107984338
2000 3027 107984338
2973 2000 107984338
2973 4000 107984338
3027 2000 107984338
3027 4000 107984338
4000 2973 107984338
4000 3027 107984338
2053 2700 37120248
2053 3300 37120248
2700 2053 37120248
2700 3947 37120248
3300 2053 37120248
3300 3947 37120248
3947 2700 37120248
3947 3300 37120248
2138 3000 104800003
3000 2138 104800003
3000 3862 104800003
3862 3000 104800003
2446 2893 71288668
2446 3107 71288668
2893 2446 71288668
2893 3554 71288668
3107 2446 71288668
3107 3554 71288668
3554 2893 71288668
3554 3107 71288668
2521 2701 65324358
2521 3299 65324358
2701 2521 65324358
2701 3479 65324358
3299 2521 65324358
3299 3479 65324358
3479 2701 65324358
3479 3299 65324358
2700 2947 26414817
2700 3053 26414817
2947 2700 26414817
2947 3300 26414817
3053 2700 26414817
3053 3300 26414817
3300 2947 26414817
3300 3053 26414817
2734 3000 92861274
3000 2734 92861274
3000 3266 92861274
3266 3000 92861274
2814 3000 149916470
3000 2814 149916470
3000 3186 149916470
3186 3000 149916470
2822 3000 36796760
3000 2822 36796760
3000 3178 36796760
3178 3000 36796760
2833 3000 147803689
3000 2833 147803689
3000 3167 147803689
3167 3000 147803689
983 2922 38313110
983 3078 38313110
2922 983 38313110
2922 5017 38313110
3078 983 38313110
3078 5017 38313110
5017 2922 38313110
5017 3078 38313110
2350 2567 137381310
2350 3433 137381310
2567 2350 137381310
2567 3650 137381310
3433 2350 137381310
3433 3650 137381310
3650 2567 137381310
3650 3433 137381310
2520 2520 24463780
2520 3480 24463780
3480 2520 24463780
3480 3480 24463780
1113 3000 2577795
3000 1113 2577795
3000 4887 2577795
4887 3000 2577795
1104 2452 68427821
1104 3548 68427821
2452 1104 68427821
2452 4896 68427821
3548 1104 68427821
3548 4896 68427821
4896 2452 68427821
4896 3548 68427821
2952 2988 62847653
2952 3012 62847653
2988 2952 62847653
2988 3048 62847653
3012 2952 62847653
3012 3048 62847653
3048 2988 62847653
3048 3012 62847653
1825 2566 77849409
1825 3434 77849409
2566 1825 77849409
2566 4175 77849409
3434 1825 77849409
3434 4175 77849409
4175 2566 77849409
4175 3434 77849409
1000 1080 92355824
1000 4920 92355824
1080 1000 92355824
1080 5000 92355824
4920 1000 92355824
4920 5000 92355824
5000 1080 92355824
5000 4920 92355824
1110 2989 11392843
1110 3011 11392843
2989 1110 11392843
2989 4890 11392843
3011 1110 11392843
3011 4890 11392843
4890 2989 11392843
4890 3011 11392843
1995 2921 6530414
1995 3079 6530414
2921 1995 6530414
2921 4005 6530414
3079 1995 6530414
3079 4005 6530414
4005 2921 6530414
4005 3079 6530414
970 2935 296234136
970 3065 296234136
2935 970 296234136
2935 5030 296234136
3065 970 296234136
3065 5030 296234136
5030 2935 296234136
5030 3065 296234136
730 2767 72137824
730 3233 72137824
2767 730 72137824
2767 5270 72137824
3233 730 72137824
3233 5270 72137824
5270 2767 72137824
5270 3233 72137824
934 1000 1687828967
934 5000 1687828967
1000 934 1687828967
1000 5066 1687828967
5000 934 1687828967
5000 5066 1687828967
5066 1000 1687828967
5066 5000 1687828967
1917 2776 119508598
1917 3224 119508598
2776 1917 119508598
2776 4083 119508598
3224 1917 119508598
3224 4083 119508598
4083 2776 119508598
4083 3224 119508598
1933 2768 10109
1933 3232 10109
2768 1933 10109
2768 4067 10109
3232 1933 10109
3232 4067 10109
4067 2768 10109
4067 3232 10109
673 3000 221427536
3000 673 221427536
3000 5327 221427536
5327 3000 221427536
2441 2631 135955941
2441 3369 135955941
2631 2441 135955941
2631 3559 135955941
3369 2441 135955941
3369 3559 135955941
3559 2631 135955941
3559 3369 135955941
1990 2974 58359257
1990 3026 58359257
2974 1990 58359257
2974 4010 58359257
3026 1990 58359257
3026 4010 58359257
4010 2974 58359257
4010 3026 58359257
1790 2615 104547278
1790 3385 104547278
2615 1790 104547278
2615 4210 104547278
3385 1790 104547278
3385 4210 104547278
4210 2615 104547278
4210 3385 104547278
2252 2561 89535413
2252 3439 89535413
2561 2252 89535413
2561 3748 89535413
3439 2252 89535413
3439 3748 89535413
3748 2561 89535413
3748 3439 89535413
2742 3000 159904162
3000 2742 159904162
3000 3258 159904162
3258 3000 159904162
914 2743 72532075
914 3257 72532075
2743 914 72532075
2743 5086 72532075
3257 914 72532075
3257 5086 72532075
5086 2743 72532075
5086 3257 72532075
2061 2310 23897676
2061 3690 23897676
2310 2061 23897676
2310 3939 23897676
3690 2061 23897676
3690 3939 23897676
3939 2310 23897676
3939 3690 23897676
2355 2599 162674028
2355 3401 162674028
2599 2355 162674028
2599 3645 162674028
3401 2355 162674028
3401 3645 162674028
3645 2599 162674028
3645 3401 162674028
2539 3000 63312667
3000 2539 63312667
3000 3461 63312667
3461 3000 63312667
460 1988 141344038
460 4012 141344038
1988 460 141344038
1988 5540 141344038
4012 460 141344038
4012 5540 141344038
5540 1988 141344038
5540 4012 141344038
2689 2962 86856528
2689 3038 86856528
2962 2689 86856528
2962 3311 86856528
3038 2689 86856528
3038 3311 86856528
3311 2962 86856528
3311 3038 86856528
922 1425 48017750
922 4575 48017750
1425 922 48017750
1425 5078 48017750
4575 922 48017750
4575 5078 48017750
5078 1425 48017750
5078 4575 48017750
928 2453 35886950
928 3547 35886950
2453 928 35886950
2453 5072 35886950
3547 928 35886950
3547 5072 35886950
5072 2453 35886950
5072 3547 35886950
860 1513 10109
860 4487 10109
1513 860 10109
1513 5140 10109
4487 860 10109
4487 5140 10109
5140 1513 10109
5140 4487 10109
999 2965 115232491
999 3035 115232491
2965 999 115232491
2965 5001 115232491
3035 999 115232491
3035 5001 115232491
5001 2965 115232491
5001 3035 115232491
1999 2993 25565661
1999 3007 25565661
2993 1999 25565661
2993 4001 25565661
3007 1999 25565661
3007 4001 25565661
4001 2993 25565661
4001 3007 25565661
2970 2996 56701381
2970 3004 56701381
2996 2970 56701381
2996 3030 56701381
3004 2970 56701381
3004 3030 56701381
3030 2996 56701381
3030 3004 56701381
987 2968 197135609
987 3032 197135609
2968 987 197135609
2968 5013 197135609
3032 987 197135609
3032 5013 197135609
5013 2968 197135609
5013 3032 197135609
2049 2993 80649602
2049 3007 80649602
2993 2049 80649602
2993 3951 80649602
3007 2049 80649602
3007 3951 80649602
3951 2993 80649602
3951 3007 80649602
2025 3000 42872269
3000 2025 42872269
3000 3975 42872269
3975 3000 42872269
2105 2566 102818639
2105 3434 102818639
2566 2105 102818639
2566 3895 102818639
3434 2105 102818639
3434 3895 102818639
3895 2566 102818639
3895 3434 102818639
1893 2761 114191264
1893 3239 114191264
2761 1893 114191264
2761 4107 114191264
3239 1893 114191264
3239 4107 114191264
4107 2761 114191264
4107 3239 114191264
2608 3000 233942478
3000 2608 233942478
3000 3392 233942478
3392 3000 233942478
1650 2316 38555726
1650 3684 38555726
2316 1650 38555726
2316 4350 38555726
3684 1650 38555726
3684 4350 38555726
4350 2316 38555726
4350 3684 38555726
931 2640 10109
931 3360 10109
2640 931 10109
2640 5069 10109
3360 931 10109
3360 5069 10109
5069 2640 10109
5069 3360 10109
831 2547 6752812
831 3453 6752812
2547 831 6752812
2547 5169 6752812
3453 831 6752812
3453 5169 6752812
5169 2547 6752812
5169 3453 6752812
810 2707 11392843
810 3293 11392843
2707 810 11392843
2707 5190 11392843
3293 810 11392843
3293 5190 11392843
5190 2707 11392843
5190 3293 11392843
1748 2663 107569869
1748 3337 107569869
2663 1748 107569869
2663 4252 107569869
3337 1748 107569869
3337 4252 107569869
4252 2663 107569869
4252 3337 107569869
960 1748 88281897
960 4252 88281897
1748 960 88281897
1748 5040 88281897
4252 960 88281897
4252 5040 88281897
5040 1748 88281897
5040 4252 88281897
862 2490 27941276
862 3510 27941276
2490 862 27941276
2490 5138 27941276
3510 862 27941276
3510 5138 27941276
5138 2490 27941276
5138 3510 27941276
902 2522 68114442
902 3478 68114442
2522 902 68114442
2522 5098 68114442
3478 902 68114442
3478 5098 68114442
5098 2522 68114442
5098 3478 68114442
2402 3000 10109
3000 2402 10109
3000 3598 10109
3598 3000 10109
2463 2594 10109
2463 3406 10109
2594 2463 10109
2594 3537 10109
3406 2463 10109
3406 3537 10109
3537 2594 10109
3537 3406 10109
1201 2905 42932923
1201 3095 42932923
2905 1201 42932923
2905 4799 42932923
3095 1201 42932923
3095 4799 42932923
4799 2905 42932923
4799 3095 42932923
1195 2910 10109
1195 3090 10109
2910 1195 10109
2910 4805 10109
3090 1195 10109
3090 4805 10109
4805 2910 10109
4805 3090 10109
1495 2078 66395912
1495 3922 66395912
2078 1495 66395912
2078 4505 66395912
3922 1495 66395912
3922 4505 66395912
4505 2078 66395912
4505 3922 66395912
1200 2900 51545791
1200 3100 51545791
2900 1200 51545791
2900 4800 51545791
3100 1200 51545791
3100 4800 51545791
4800 2900 51545791
4800 3100 51545791
1984 1984 10109
1984 4016 10109
4016 1984 10109
4016 4016 10109
1976 2979 80609166
1976 3021 80609166
2979 1976 80609166
2979 4024 80609166
3021 1976 80609166
3021 4024 80609166
4024 2979 80609166
4024 3021 80609166
1994 2029 77010362
1994 3971 77010362
2029 1994 77010362
2029 4006 77010362
3971 1994 77010362
3971 4006 77010362
4006 2029 77010362
4006 3971 77010362
2197 2989 13849330
2197 3011 13849330
2989 2197 13849330
2989 3803 13849330
3011 2197 13849330
3011 3803 13849330
3803 2989 13849330
3803 3011 13849330
1501 2922 90111626
1501 3078 90111626
2922 1501 90111626
2922 4499 90111626
3078 1501 90111626
3078 4499 90111626
4499 2922 90111626
4499 3078 90111626
1591 2108 10109
1591 3892 10109
2108 1591 10109
2108 4409 10109
3892 1591 10109
3892 4409 10109
4409 2108 10109
4409 3892 10109
1880 1921 5479078
1880 4079 5479078
1921 1880 5479078
1921 4120 5479078
4079 1880 5479078
4079 4120 5479078
4120 1921 5479078
4120 4079 5479078
1987 2260 10109
1987 3740 10109
2260 1987 10109
2260 4013 10109
3740 1987 10109
3740 4013 10109
4013 2260 10109
4013 3740 10109
1610 2123 60128332
1610 3877 60128332
2123 1610 60128332
2123 4390 60128332
3877 1610 60128332
3877 4390 60128332
4390 2123 60128332
4390 3877 60128332
1980 2760 101969483
1980 3240 101969483
2760 1980 101969483
2760 4020 101969483
3240 1980 101969483
3240 4020 101969483
4020 2760 101969483
4020 3240 101969483
1961 2398 41497445
1961 3602 41497445
2398 1961 41497445
2398 4039 41497445
3602 1961 41497445
3602 4039 41497445
4039 2398 41497445
4039 3602 41497445
954 2787 10109
954 3213 10109
2787 954 10109
2787 5046 10109
3213 954 10109
3213 5046 10109
5046 2787 10109
5046 3213 10109
1098 2505 92477132
1098 3495 92477132
2505 1098 92477132
2505 4902 92477132
3495 1098 92477132
3495 4902 92477132
4902 2505 92477132
4902 3495 92477132
971 2582 72137824
971 3418 72137824
2582 971 72137824
2582 5029 72137824
3418 971 72137824
3418 5029 72137824
5029 2582 72137824
5029 3418 72137824
964 3000 135703216
3000 964 135703216
3000 5036 135703216
5036 3000 135703216
1458 1919 20238218
1458 4081 20238218
1919 1458 20238218
1919 4542 20238218
4081 1458 20238218
4081 4542 20238218
4542 1919 20238218
4542 4081 20238218
901 2000 410324310
901 4000 410324310
2000 901 410324310
2000 5099 410324310
4000 901 410324310
4000 5099 410324310
5099 2000 410324310
5099 4000 410324310
2666 2896 25221955
2666 3104 25221955
2896 2666 25221955
2896 3334 25221955
3104 2666 25221955
3104 3334 25221955
3334 2896 25221955
3334 3104 25221955
1436 1908 94781984
1436 4092 94781984
1908 1436 94781984
1908 4564 94781984
4092 1436 94781984
4092 4564 94781984
4564 1908 94781984
4564 4092 94781984
1240 1991 92952255
1240 4009 92952255
1991 1240 92952255
1991 4760 92952255
4009 1240 92952255
4009 4760 92952255
4760 1991 92952255
4760 4009 92952255
1453 1904 18438816
1453 4096 18438816
1904 1453 18438816
1904 4547 18438816
4096 1453 18438816
4096 4547 18438816
4547 1904 18438816
4547 4096 18438816
992 2931 111603360
992 3069 111603360
2931 992 111603360
2931 5008 111603360
3069 992 111603360
3069 5008 111603360
5008 2931 111603360
5008 3069 111603360
2057 2717 44398728
2057 3283 44398728
2717 2057 44398728
2717 3943 44398728
3283 2057 44398728
3283 3943 44398728
3943 2717 44398728
3943 3283 44398728
1885 2493 58460347
1885 3507 58460347
2493 1885 58460347
2493 4115 58460347
3507 1885 58460347
3507 4115 58460347
4115 2493 58460347
4115 3507 58460347
907 2235 10109
907 3765 10109
2235 907 10109
2235 5093 10109
3765 907 10109
3765 5093 10109
5093 2235 10109
5093 3765 10109
173 1000 27779532
173 5000 27779532
1000 173 27779532
1000 5827 27779532
5000 173 27779532
5000 5827 27779532
5827 1000 27779532
5827 5000 27779532
2673 2938 105851339
2673 3062 105851339
2938 2673 105851339
2938 3327 105851339
3062 2673 105851339
3062 3327 105851339
3327 2938 105851339
3327 3062 105851339
2610 2889 24959121
2610 3111 24959121
2889 2610 24959121
2889 3390 24959121
3111 2610 24959121
3111 3390 24959121
3390 2889 24959121
3390 3111 24959121
2000 2736 111502270
2000 3264 111502270
2736 2000 111502270
2736 4000 111502270
3264 2000 111502270
3264 4000 111502270
4000 2736 111502270
4000 3264 111502270
1369 1989 89858901
1369 4011 89858901
1989 1369 89858901
1989 4631 89858901
4011 1369 89858901
4011 4631 89858901
4631 1989 89858901
4631 4011 89858901
1484 2879 108580769
1484 3121 108580769
2879 1484 108580769
2879 4516 108580769
3121 1484 108580769
3121 4516 108580769
4516 2879 108580769
4516 3121 108580769
1208 1617 10109
1208 4383 10109
1617 1208 10109
1617 4792 10109
4383 1208 10109
4383 4792 10109
4792 1617 10109
4792 4383 10109
2116 3000 20238218
3000 2116 20238218
3000 3884 20238218
3884 3000 20238218
1730 2679 242848507
1730 3321 242848507
2679 1730 242848507
2679 4270 242848507
3321 1730 242848507
3321 4270 242848507
4270 2679 242848507
4270 3321 242848507
2061 2459 38899432
2061 3541 38899432
2459 2061 38899432
2459 3939 38899432
3541 2061 38899432
3541 3939 38899432
3939 2459 38899432
3939 3541 38899432
1200 1600 10109
1200 4400 10109
1600 1200 10109
1600 4800 10109
4400 1200 10109
4400 4800 10109
4800 1600 10109
4800 4400 10109
887 2251 10109
887 3749 10109
2251 887 10109
2251 5113 10109
3749 887 10109
3749 5113 10109
5113 2251 10109
5113 3749 10109
2026 2313 22411653
2026 3687 22411653
2313 2026 22411653
2313 3974 22411653
3687 2026 22411653
3687 3974 22411653
3974 2313 22411653
3974 3687 22411653
988 1645 10109
988 4355 10109
1645 988 10109
1645 5012 10109
4355 988 10109
4355 5012 10109
5012 1645 10109
5012 4355 10109
2740 2981 19934948
2740 3019 19934948
2981 2740 19934948
2981 3260 19934948
3019 2740 19934948
3019 3260 19934948
3260 2981 19934948
3260 3019 19934948
1000 2980 22462198
1000 3020 22462198
2980 1000 22462198
2980 5000 22462198
3020 1000 22462198
3020 5000 22462198
5000 2980 22462198
5000 3020 22462198
1659 2949 29659806
1659 3051 29659806
2949 1659 29659806
2949 4341 29659806
3051 1659 29659806
3051 4341 29659806
4341 2949 29659806
4341 3051 29659806
1918 1918 91557213
1918 4082 91557213
4082 1918 91557213
4082 4082 91557213
1891 2490 75180633
1891 3510 75180633
2490 1891 75180633
2490 4109 75180633
3510 1891 75180633
3510 4109 75180633
4109 2490 75180633
4109 3510 75180633
2980 3000 50555109
3000 2980 50555109
3000 3020 50555109
3020 3000 50555109
1940 2500 89393887
1940 3500 89393887
2500 1940 89393887
2500 4060 89393887
3500 1940 89393887
3500 4060 89393887
4060 2500 89393887
4060 3500 89393887
1354 1773 60704545
1354 4227 60704545
1773 1354 60704545
1773 4646 60704545
4227 1354 60704545
4227 4646 60704545
4646 1773 60704545
4646 4227 60704545
951 2748 94286643
951 3252 94286643
2748 951 94286643
2748 5049 94286643
3252 951 94286643
3252 5049 94286643
5049 2748 94286643
5049 3252 94286643
2243 2567 35159102
2243 3433 35159102
2567 2243 35159102
2567 3757 35159102
3433 2243 35159102
3433 3757 35159102
3757 2567 35159102
3757 3433 35159102
948 2269 55488301
948 3731 55488301
2269 948 55488301
2269 5052 55488301
3731 948 55488301
3731 5052 55488301
5052 2269 55488301
5052 3731 55488301
927 2675 69923953
927 3325 69923953
2675 927 69923953
2675 5073 69923953
3325 927 69923953
3325 5073 69923953
5073 2675 69923953
5073 3325 69923953
2239 2570 15355571
2239 3430 15355571
2570 2239 15355571
2570 3761 15355571
3430 2239 15355571
3430 3761 15355571
3761 2570 15355571
3761 3430 15355571
1519 1854 101312398
1519 4146 101312398
1854 1519 101312398
1854 4481 101312398
4146 1519 101312398
4146 4481 101312398
4481 1854 101312398
4481 4146 101312398
1403 2078 96156808
1403 3922 96156808
2078 1403 96156808
2078 4597 96156808
3922 1403 96156808
3922 4597 96156808
4597 2078 96156808
4597 3922 96156808
820 2510 59885716
820 3490 59885716
2510 820 59885716
2510 5180 59885716
3490 820 59885716
3490 5180 59885716
5180 2510 59885716
5180 3490 59885716
1692 2276 107135182
1692 3724 107135182
2276 1692 107135182
2276 4308 107135182
3724 1692 107135182
3724 4308 107135182
4308 2276 107135182
4308 3724 107135182
900 1420 206395453
900 4580 206395453
1420 900 206395453
1420 5100 206395453
4580 900 206395453
4580 5100 206395453
5100 1420 206395453
5100 4580 206395453
983 2930 119862413
983 3070 119862413
2930 983 119862413
2930 5017 119862413
3070 983 119862413
3070 5017 119862413
5017 2930 119862413
5017 3070 119862413
875 1637 80770910
875 4363 80770910
1637 875 80770910
1637 5125 80770910
4363 875 80770910
4363 5125 80770910
5125 1637 80770910
5125 4363 80770910
1833 2550 300237300
1833 3450 300237300
2550 1833 300237300
2550 4167 300237300
3450 1833 300237300
3450 4167 300237300
4167 2550 300237300
4167 3450 300237300
2581 2772 53405847
2581 3228 53405847
2772 2581 53405847
2772 3419 53405847
3228 2581 53405847
3228 3419 53405847
3419 2772 53405847
3419 3228 53405847
986 1823 45500609
986 4177 45500609
1823 986 45500609
1823 5014 45500609
4177 986 45500609
4177 5014 45500609
5014 1823 45500609
5014 4177 45500609
2628 3000 267928936
3000 2628 267928936
3000 3372 267928936
3372 3000 267928936
890 1444 73088070
890 4556 73088070
1444 890 73088070
1444 5110 73088070
4556 890 73088070
4556 5110 73088070
5110 1444 73088070
5110 4556 73088070
1562 2336 47390992
1562 3664 47390992
2336 1562 47390992
2336 4438 47390992
3664 1562 47390992
3664 4438 47390992
4438 2336 47390992
4438 3664 47390992
852 2324 162219123
852 3676 162219123
2324 852 162219123
2324 5148 162219123
3676 852 162219123
3676 5148 162219123
5148 2324 162219123
5148 3676 162219123
1998 2082 11706222
1998 3918 11706222
2082 1998 11706222
2082 4002 11706222
3918 1998 11706222
3918 4002 11706222
4002 2082 11706222
4002 3918 11706222
1095 2990 32247710
1095 3010 32247710
2990 1095 32247710
2990 4905 32247710
3010 1095 32247710
3010 4905 32247710
4905 2990 32247710
4905 3010 32247710
2004 2148 8026546
2004 3852 8026546
2148 2004 8026546
2148 3996 8026546
3852 2004 8026546
3852 3996 8026546
3996 2148 8026546
3996 3852 8026546
2000 2130 80467640
2000 3870 80467640
2130 2000 80467640
2130 4000 80467640
3870 2000 80467640
3870 4000 80467640
4000 2130 80467640
4000 3870 80467640
1853 2165 10109
1853 3835 10109
2165 1853 10109
2165 4147 10109
3835 1853 10109
3835 4147 10109
4147 2165 10109
4147 3835 10109
1995 2730 118750423
1995 3270 118750423
2730 1995 118750423
2730 4005 118750423
3270 1995 118750423
3270 4005 118750423
4005 2730 118750423
4005 3270 118750423
1849 2164 10109
1849 3836 10109
2164 1849 10109
2164 4151 10109
3836 1849 10109
3836 4151 10109
4151 2164 10109
4151 3836 10109
1970 2746 65991552
1970 3254 65991552
2746 1970 65991552
2746 4030 65991552
3254 1970 65991552
3254 4030 65991552
4030 2746 65991552
4030 3254 65991552
2076 2330 47704371
2076 3670 47704371
2330 2076 47704371
2330 3924 47704371
3670 2076 47704371
3670 3924 47704371
3924 2330 47704371
3924 3670 47704371
1651 2242 20248327
1651 3758 20248327
2242 1651 20248327
2242 4349 20248327
3758 1651 20248327
3758 4349 20248327
4349 2242 20248327
4349 3758 20248327
1092 2500 10098891
1092 3500 10098891
2500 1092 10098891
2500 4908 10098891
3500 1092 10098891
3500 4908 10098891
4908 2500 10098891
4908 3500 10098891
1703 2289 8441015
1703 3711 8441015
2289 1703 8441015
2289 4297 8441015
3711 1703 8441015
3711 4297 8441015
4297 2289 8441015
4297 3711 8441015
2709 2962 18590451
2709 3038 18590451
2962 2709 18590451
2962 3291 18590451
3038 2709 18590451
3038 3291 18590451
3291 2962 18590451
3291 3038 18590451
2110 2666 22482416
2110 3334 22482416
2666 2110 22482416
2666 3890 22482416
3334 2110 22482416
3334 3890 22482416
3890 2666 22482416
3890 3334 22482416
883 2240 34977140
883 3760 34977140
2240 883 34977140
2240 5117 34977140
3760 883 34977140
3760 5117 34977140
5117 2240 34977140
5117 3760 34977140
983 2119 39556517
983 3881 39556517
2119 983 39556517
2119 5017 39556517
3881 983 39556517
3881 5017 39556517
5017 2119 39556517
5017 3881 39556517
1090 2550 8097309
1090 3450 8097309
2550 1090 8097309
2550 4910 8097309
3450 1090 8097309
3450 4910 8097309
4910 2550 8097309
4910 3450 8097309
2234 2575 10109
2234 3425 10109
2575 2234 10109
2575 3766 10109
3425 2234 10109
3425 3766 10109
3766 2575 10109
3766 3425 10109
901 2340 72744364
901 3660 72744364
2340 901 72744364
2340 5099 72744364
3660 901 72744364
3660 5099 72744364
5099 2340 72744364
5099 3660 72744364
969 1628 2173435
969 4372 2173435
1628 969 2173435
1628 5031 2173435
4372 969 2173435
4372 5031 2173435
5031 1628 2173435
5031 4372 2173435
1320 2030 104850548
1320 3970 104850548
2030 1320 104850548
2030 4680 104850548
3970 1320 104850548
3970 4680 104850548
4680 2030 104850548
4680 3970 104850548
894 2699 10978374
894 3301 10978374
2699 894 10978374
2699 5106 10978374
3301 894 10978374
3301 5106 10978374
5106 2699 10978374
5106 3301 10978374
1699 2316 239573191
1699 3684 239573191
2316 1699 239573191
2316 4301 239573191
3684 1699 239573191
3684 4301 239573191
4301 2316 239573191
4301 3684 239573191
878 2373 145488728
878 3627 145488728
2373 878 145488728
2373 5122 145488728
3627 878 145488728
3627 5122 145488728
5122 2373 145488728
5122 3627 145488728
997 1858 92254734
997 4142 92254734
1858 997 92254734
1858 5003 92254734
4142 997 92254734
4142 5003 92254734
5003 1858 92254734
5003 4142 92254734
2000 2849 62685909
2000 3151 62685909
2849 2000 62685909
2849 4000 62685909
3151 2000 62685909
3151 4000 62685909
4000 2849 62685909
4000 3151 62685909
973 2586 10109
973 3414 10109
2586 973 10109
2586 5027 10109
3414 973 10109
3414 5027 10109
5027 2586 10109
5027 3414 10109
517 2000 134176757
517 4000 134176757
2000 517 134176757
2000 5483 134176757
4000 517 134176757
4000 5483 134176757
5483 2000 134176757
5483 4000 134176757
876 1604 20369635
876 4396 20369635
1604 876 20369635
1604 5124 20369635
4396 876 20369635
4396 5124 20369635
5124 1604 20369635
5124 4396 20369635
2040 2368 10109
2040 3632 10109
2368 2040 10109
2368 3960 10109
3632 2040 10109
3632 3960 10109
3960 2368 10109
3960 3632 10109
1607 2791 38677034
1607 3209 38677034
2791 1607 38677034
2791 4393 38677034
3209 1607 38677034
3209 4393 38677034
4393 2791 38677034
4393 3209 38677034
1748 2619 10109
1748 3381 10109
2619 1748 10109
2619 4252 10109
3381 1748 10109
3381 4252 10109
4252 2619 10109
4252 3381 10109
1979 2265 38909541
1979 3735 38909541
2265 1979 38909541
2265 4021 38909541
3735 1979 38909541
3735 4021 38909541
4021 2265 38909541
4021 3735 38909541
1592 2637 83641866
1592 3363 83641866
2637 1592 83641866
2637 4408 83641866
3363 1592 83641866
3363 4408 83641866
4408 2637 83641866
4408 3363 83641866
1886 3000 188906883
3000 1886 188906883
3000 4114 188906883
4114 3000 188906883
1610 2655 87008163
1610 3345 87008163
2655 1610 87008163
2655 4390 87008163
3345 1610 87008163
3345 4390 87008163
4390 2655 87008163
4390 3345 87008163
1780 2587 114919112
1780 3413 114919112
2587 1780 114919112
2587 4220 114919112
3413 1780 114919112
3413 4220 114919112
4220 2587 114919112
4220 3413 114919112
1650 2682 333485801
1650 3318 333485801
2682 1650 333485801
2682 4350 333485801
3318 1650 333485801
3318 4350 333485801
4350 2682 333485801
4350 3318 333485801
