mixed 1
# scaled by 409/400 from lc_m7A_r1.txt
7 1
1000
100000000
19989
600 1950 12
600 5050 12
1950 600 12
1950 6400 12
5050 600 12
5050 6400 12
6400 1950 12
6400 5050 12
650 3250 2125
650 3750 2125
3250 650 2125
3250 6350 2125
3750 650 2125
3750 6350 2125
6350 3250 2125
6350 3750 2125
700 2700 156142
700 4300 156142
2700 700 156142
2700 6300 156142
4300 700 156142
4300 6300 156142
6300 2700 156142
6300 4300 156142
700 2750 26079
700 4250 26079
2750 700 26079
2750 6300 26079
4250 700 26079
4250 6300 26079
6300 2750 26079
6300 4250 26079
700 2800 91082
700 4200 91082
2800 700 91082
2800 6300 91082
4200 700 91082
4200 6300 91082
6300 2800 91082
6300 4200 91082
700 2900 2009
700 4100 2009
2900 700 2009
2900 6300 2009
4100 700 2009
4100 6300 2009
6300 2900 2009
6300 4100 2009
700 3250 77146
700 3750 77146
3250 700 77146
3250 6300 77146
3750 700 77146
3750 6300 77146
6300 3250 77146
6300 3750 77146
750 2300 122567
750 4700 122567
2300 750 122567
2300 6250 122567
4700 750 122567
4700 6250 122567
6250 2300 122567
6250 4700 122567
750 2550 1941
750 4450 1941
2550 750 1941
2550 6250 1941
4450 750 1941
4450 6250 1941
6250 2550 1941
6250 4450 1941
750 2600 2
750 4400 2
2600 750 2
2600 6250 2
4400 750 2
4400 6250 2
6250 2600 2
6250 4400 2
750 2650 13300
750 4350 13300
2650 750 13300
2650 6250 13300
4350 750 13300
4350 6250 13300
6250 2650 13300
6250 4350 13300
750 3300 2554
750 3700 2554
3300 750 2554
3300 6250 2554
3700 750 2554
3700 6250 2554
6250 3300 2554
6250 3700 2554
800 1650 109868
800 5350 109868
1650 800 109868
1650 6200 109868
5350 800 109868
5350 6200 109868
6200 1650 109868
6200 5350 109868
800 2350 2
800 4650 2
2350 800 2
2350 6200 2
4650 800 2
4650 6200 2
6200 2350 2
6200 4650 2
800 2400 2
800 4600 2
2400 800 2
2400 6200 2
4600 800 2
4600 6200 2
6200 2400 2
6200 4600 2
800 2450 26425
800 4550 26425
2450 800 26425
2450 6200 26425
4550 800 26425
4550 6200 26425
6200 2450 26425
6200 4550 26425
800 2550 70900
800 4450 70900
2550 800 70900
2550 6200 70900
4450 800 70900
4450 6200 70900
6200 2550 70900
6200 4450 70900
800 2600 49207
800 4400 49207
2600 800 49207
2600 6200 49207
4400 800 49207
4400 6200 49207
6200 2600 49207
6200 4400 49207
800 2650 2
800 4350 2
2650 800 2
2650 6200 2
4350 800 2
4350 6200 2
6200 2650 2
6200 4350 2
800 2700 2
800 4300 2
2700 800 2
2700 6200 2
4300 800 2
4300 6200 2
6200 2700 2
6200 4300 2
800 2750 65318
800 4250 65318
2750 800 65318
2750 6200 65318
4250 800 65318
4250 6200 65318
6200 2750 65318
6200 4250 65318
800 2950 2
800 4050 2
2950 800 2
2950 6200 2
4050 800 2
4050 6200 2
6200 2950 2
6200 4050 2
800 3200 2
800 3800 2
3200 800 2
3200 6200 2
3800 800 2
3800 6200 2
6200 3200 2
6200 3800 2
800 3250 89900
800 3750 89900
3250 800 89900
3250 6200 89900
3750 800 89900
3750 6200 89900
6200 3250 89900
6200 3750 89900
800 3350 4491
800 3650 4491
3350 800 4491
3350 6200 4491
3650 800 4491
3650 6200 4491
6200 3350 4491
6200 3650 4491
800 3400 12373
800 3600 12373
3400 800 12373
3400 6200 12373
3600 800 12373
3600 6200 12373
6200 3400 12373
6200 3600 12373
800 3500 27485
3500 800 27485
3500 6200 27485
6200 3500 27485
850 1450 15590
850 5550 15590
1450 850 15590
1450 6150 15590
5550 850 15590
5550 6150 15590
6150 1450 15590
6150 5550 15590
850 1500 4907
850 5500 4907
1500 850 4907
1500 6150 4907
5500 850 4907
5500 6150 4907
6150 1500 4907
6150 5500 4907
850 1550 137136
850 5450 137136
1550 850 137136
1550 6150 137136
5450 850 137136
5450 6150 137136
6150 1550 137136
6150 5450 137136
850 1650 49560
850 5350 49560
1650 850 49560
1650 6150 49560
5350 850 49560
5350 6150 49560
6150 1650 49560
6150 5350 49560
850 2250 102644
850 4750 102644
2250 850 102644
2250 6150 102644
4750 850 102644
4750 6150 102644
6150 2250 102644
6150 4750 102644
850 2300 41605
850 4700 41605
2300 850 41605
2300 6150 41605
4700 850 41605
4700 6150 41605
6150 2300 41605
6150 4700 41605
850 2350 29415
850 4650 29415
2350 850 29415
2350 6150 29415
4650 850 29415
4650 6150 29415
6150 2350 29415
6150 4650 29415
850 2400 65285
850 4600 65285
2400 850 65285
2400 6150 65285
4600 850 65285
4600 6150 65285
6150 2400 65285
6150 4600 65285
850 2450 69718
850 4550 69718
2450 850 69718
2450 6150 69718
4550 850 69718
4550 6150 69718
6150 2450 69718
6150 4550 69718
850 2500 50468
850 4500 50468
2500 850 50468
2500 6150 50468
4500 850 50468
4500 6150 50468
6150 2500 50468
6150 4500 50468
850 2600 76872
850 4400 76872
2600 850 76872
2600 6150 76872
4400 850 76872
4400 6150 76872
6150 2600 76872
6150 4400 76872
850 2650 161403
850 4350 161403
2650 850 161403
2650 6150 161403
4350 850 161403
4350 6150 161403
6150 2650 161403
6150 4350 161403
850 2800 47689
850 4200 47689
2800 850 47689
2800 6150 47689
4200 850 47689
4200 6150 47689
6150 2800 47689
6150 4200 47689
850 3300 72510
850 3700 72510
3300 850 72510
3300 6150 72510
3700 850 72510
3700 6150 72510
6150 3300 72510
6150 3700 72510
850 3350 92293
850 3650 92293
3350 850 92293
3350 6150 92293
3650 850 92293
3650 6150 92293
6150 3350 92293
6150 3650 92293
850 3400 2
850 3600 2
3400 850 2
3400 6150 2
3600 850 2
3600 6150 2
6150 3400 2
6150 3600 2
850 3450 34610
850 3550 34610
3450 850 34610
3450 6150 34610
3550 850 34610
3550 6150 34610
6150 3450 34610
6150 3550 34610
850 3500 32075
3500 850 32075
3500 6150 32075
6150 3500 32075
900 1400 63339
900 5600 63339
1400 900 63339
1400 6100 63339
5600 900 63339
5600 6100 63339
6100 1400 63339
6100 5600 63339
900 1450 172355
900 5550 172355
1450 900 172355
1450 6100 172355
5550 900 172355
5550 6100 172355
6100 1450 172355
6100 5550 172355
900 1500 2
900 5500 2
1500 900 2
1500 6100 2
5500 900 2
5500 6100 2
6100 1500 2
6100 5500 2
900 1550 186421
900 5450 186421
1550 900 186421
1550 6100 186421
5450 900 186421
5450 6100 186421
6100 1550 186421
6100 5450 186421
900 1600 263740
900 5400 263740
1600 900 263740
1600 6100 263740
5400 900 263740
5400 6100 263740
6100 1600 263740
6100 5400 263740
900 1650 44968
900 5350 44968
1650 900 44968
1650 6100 44968
5350 900 44968
5350 6100 44968
6100 1650 44968
6100 5350 44968
900 1700 137028
900 5300 137028
1700 900 137028
1700 6100 137028
5300 900 137028
5300 6100 137028
6100 1700 137028
6100 5300 137028
900 2300 2
900 4700 2
2300 900 2
2300 6100 2
4700 900 2
4700 6100 2
6100 2300 2
6100 4700 2
900 2400 2
900 4600 2
2400 900 2
2400 6100 2
4600 900 2
4600 6100 2
6100 2400 2
6100 4600 2
900 2450 25229
900 4550 25229
2450 900 25229
2450 6100 25229
4550 900 25229
4550 6100 25229
6100 2450 25229
6100 4550 25229
900 2500 104744
900 4500 104744
2500 900 104744
2500 6100 104744
4500 900 104744
4500 6100 104744
6100 2500 104744
6100 4500 104744
900 2550 155132
900 4450 155132
2550 900 155132
2550 6100 155132
4450 900 155132
4450 6100 155132
6100 2550 155132
6100 4450 155132
900 2600 2
900 4400 2
2600 900 2
2600 6100 2
4400 900 2
4400 6100 2
6100 2600 2
6100 4400 2
900 2650 92375
900 4350 92375
2650 900 92375
2650 6100 92375
4350 900 92375
4350 6100 92375
6100 2650 92375
6100 4350 92375
900 2700 45844
900 4300 45844
2700 900 45844
2700 6100 45844
4300 900 45844
4300 6100 45844
6100 2700 45844
6100 4300 45844
900 2750 45145
900 4250 45145
2750 900 45145
2750 6100 45145
4250 900 45145
4250 6100 45145
6100 2750 45145
6100 4250 45145
900 3250 1146
900 3750 1146
3250 900 1146
3250 6100 1146
3750 900 1146
3750 6100 1146
6100 3250 1146
6100 3750 1146
900 3350 92782
900 3650 92782
3350 900 92782
3350 6100 92782
3650 900 92782
3650 6100 92782
6100 3350 92782
6100 3650 92782
900 3400 24494
900 3600 24494
3400 900 24494
3400 6100 24494
3600 900 24494
3600 6100 24494
6100 3400 24494
6100 3600 24494
900 3450 92021
900 3550 92021
3450 900 92021
3450 6100 92021
3550 900 92021
3550 6100 92021
6100 3450 92021
6100 3550 92021
900 3500 107301
3500 900 107301
3500 6100 107301
6100 3500 107301
950 1350 87711
950 5650 87711
1350 950 87711
1350 6050 87711
5650 950 87711
5650 6050 87711
6050 1350 87711
6050 5650 87711
950 1450 73923
950 5550 73923
1450 950 73923
1450 6050 73923
5550 950 73923
5550 6050 73923
6050 1450 73923
6050 5550 73923
950 1500 2
950 5500 2
1500 950 2
1500 6050 2
5500 950 2
5500 6050 2
6050 1500 2
6050 5500 2
950 1550 2
950 5450 2
1550 950 2
1550 6050 2
5450 950 2
5450 6050 2
6050 1550 2
6050 5450 2
950 1600 2
950 5400 2
1600 950 2
1600 6050 2
5400 950 2
5400 6050 2
6050 1600 2
6050 5400 2
950 1650 2
950 5350 2
1650 950 2
1650 6050 2
5350 950 2
5350 6050 2
6050 1650 2
6050 5350 2
950 1700 193991
950 5300 193991
1700 950 193991
1700 6050 193991
5300 950 193991
5300 6050 193991
6050 1700 193991
6050 5300 193991
950 1750 58168
950 5250 58168
1750 950 58168
1750 6050 58168
5250 950 58168
5250 6050 58168
6050 1750 58168
6050 5250 58168
950 1800 2
950 5200 2
1800 950 2
1800 6050 2
5200 950 2
5200 6050 2
6050 1800 2
6050 5200 2
950 2250 2
950 4750 2
2250 950 2
2250 6050 2
4750 950 2
4750 6050 2
6050 2250 2
6050 4750 2
950 2300 162979
950 4700 162979
2300 950 162979
2300 6050 162979
4700 950 162979
4700 6050 162979
6050 2300 162979
6050 4700 162979
950 2350 101688
950 4650 101688
2350 950 101688
2350 6050 101688
4650 950 101688
4650 6050 101688
6050 2350 101688
6050 4650 101688
950 2400 60616
950 4600 60616
2400 950 60616
2400 6050 60616
4600 950 60616
4600 6050 60616
6050 2400 60616
6050 4600 60616
950 2450 2
950 4550 2
2450 950 2
2450 6050 2
4550 950 2
4550 6050 2
6050 2450 2
6050 4550 2
950 2600 2
950 4400 2
2600 950 2
2600 6050 2
4400 950 2
4400 6050 2
6050 2600 2
6050 4400 2
950 2650 622
950 4350 622
2650 950 622
2650 6050 622
4350 950 622
4350 6050 622
6050 2650 622
6050 4350 622
950 2750 2
950 4250 2
2750 950 2
2750 6050 2
4250 950 2
4250 6050 2
6050 2750 2
6050 4250 2
950 2800 18251
950 4200 18251
2800 950 18251
2800 6050 18251
4200 950 18251
4200 6050 18251
6050 2800 18251
6050 4200 18251
950 2850 22625
950 4150 22625
2850 950 22625
2850 6050 22625
4150 950 22625
4150 6050 22625
6050 2850 22625
6050 4150 22625
950 3100 2
950 3900 2
3100 950 2
3100 6050 2
3900 950 2
3900 6050 2
6050 3100 2
6050 3900 2
950 3150 67425
950 3850 67425
3150 950 67425
3150 6050 67425
3850 950 67425
3850 6050 67425
6050 3150 67425
6050 3850 67425
950 3250 273411
950 3750 273411
3250 950 273411
3250 6050 273411
3750 950 273411
3750 6050 273411
6050 3250 273411
6050 3750 273411
950 3300 3576
950 3700 3576
3300 950 3576
3300 6050 3576
3700 950 3576
3700 6050 3576
6050 3300 3576
6050 3700 3576
950 3350 2602
950 3650 2602
3350 950 2602
3350 6050 2602
3650 950 2602
3650 6050 2602
6050 3350 2602
6050 3650 2602
950 3400 50401
950 3600 50401
3400 950 50401
3400 6050 50401
3600 950 50401
3600 6050 50401
6050 3400 50401
6050 3600 50401
950 3450 102124
950 3550 102124
3450 950 102124
3450 6050 102124
3550 950 102124
3550 6050 102124
6050 3450 102124
6050 3550 102124
950 3500 2
3500 950 2
3500 6050 2
6050 3500 2
1100 2450 48651
1100 4550 48651
2450 1100 48651
2450 5900 48651
4550 1100 48651
4550 5900 48651
5900 2450 48651
5900 4550 48651
1100 3450 2
1100 3550 2
3450 1100 2
3450 5900 2
3550 1100 2
3550 5900 2
5900 3450 2
5900 3550 2
1100 3500 59210
3500 1100 59210
3500 5900 59210
5900 3500 59210
1150 3350 9523
1150 3650 9523
3350 1150 9523
3350 5850 9523
3650 1150 9523
3650 5850 9523
5850 3350 9523
5850 3650 9523
1200 1600 56162
1200 5400 56162
1600 1200 56162
1600 5800 56162
5400 1200 56162
5400 5800 56162
5800 1600 56162
5800 5400 56162
1200 3100 57782
1200 3900 57782
3100 1200 57782
3100 5800 57782
3900 1200 57782
3900 5800 57782
5800 3100 57782
5800 3900 57782
1200 3350 34022
1200 3650 34022
3350 1200 34022
3350 5800 34022
3650 1200 34022
3650 5800 34022
5800 3350 34022
5800 3650 34022
1250 1600 3226
1250 5400 3226
1600 1250 3226
1600 5750 3226
5400 1250 3226
5400 5750 3226
5750 1600 3226
5750 5400 3226
1250 1650 27659
1250 5350 27659
1650 1250 27659
1650 5750 27659
5350 1250 27659
5350 5750 27659
5750 1650 27659
5750 5350 27659
1300 1650 2
1300 5350 2
1650 1300 2
1650 5700 2
5350 1300 2
5350 5700 2
5700 1650 2
5700 5350 2
1300 1700 27936
1300 5300 27936
1700 1300 27936
1700 5700 27936
5300 1300 27936
5300 5700 27936
5700 1700 27936
5700 5300 27936
1350 1700 42532
1350 5300 42532
1700 1350 42532
1700 5650 42532
5300 1350 42532
5300 5650 42532
5650 1700 42532
5650 5300 42532
1400 1800 2
1400 5200 2
1800 1400 2
1800 5600 2
5200 1400 2
5200 5600 2
5600 1800 2
5600 5200 2
1400 1950 2
1400 5050 2
1950 1400 2
1950 5600 2
5050 1400 2
5050 5600 2
5600 1950 2
5600 5050 2
1400 2950 20854
1400 4050 20854
2950 1400 20854
2950 5600 20854
4050 1400 20854
4050 5600 20854
5600 2950 20854
5600 4050 20854
1450 1800 79416
1450 5200 79416
1800 1450 79416
1800 5550 79416
5200 1450 79416
5200 5550 79416
5550 1800 79416
5550 5200 79416
1450 1900 2
1450 5100 2
1900 1450 2
1900 5550 2
5100 1450 2
5100 5550 2
5550 1900 2
5550 5100 2
1450 3100 239176
1450 3900 239176
3100 1450 239176
3100 5550 239176
3900 1450 239176
3900 5550 239176
5550 3100 239176
5550 3900 239176
1450 3450 2
1450 3550 2
3450 1450 2
3450 5550 2
3550 1450 2
3550 5550 2
5550 3450 2
5550 3550 2
1450 3500 2
3500 1450 2
3500 5550 2
5550 3500 2
1500 1500 2
1500 5500 2
5500 1500 2
5500 5500 2
1500 1800 2
1500 5200 2
1800 1500 2
1800 5500 2
5200 1500 2
5200 5500 2
5500 1800 2
5500 5200 2
1500 1850 257503
1500 5150 257503
1850 1500 257503
1850 5500 257503
5150 1500 257503
5150 5500 257503
5500 1850 257503
5500 5150 257503
1500 1950 71177
1500 5050 71177
1950 1500 71177
1950 5500 71177
5050 1500 71177
5050 5500 71177
5500 1950 71177
5500 5050 71177
1500 2900 37480
1500 4100 37480
2900 1500 37480
2900 5500 37480
4100 1500 37480
4100 5500 37480
5500 2900 37480
5500 4100 37480
1500 3100 43912
1500 3900 43912
3100 1500 43912
3100 5500 43912
3900 1500 43912
3900 5500 43912
5500 3100 43912
5500 3900 43912
1500 3250 2
1500 3750 2
3250 1500 2
3250 5500 2
3750 1500 2
3750 5500 2
5500 3250 2
5500 3750 2
1500 3450 38012
1500 3550 38012
3450 1500 38012
3450 5500 38012
3550 1500 38012
3550 5500 38012
5500 3450 38012
5500 3550 38012
1500 3500 205282
3500 1500 205282
3500 5500 205282
5500 3500 205282
1550 1550 2
1550 5450 2
5450 1550 2
5450 5450 2
1550 1600 2
1550 5400 2
1600 1550 2
1600 5450 2
5400 1550 2
5400 5450 2
5450 1600 2
5450 5400 2
1550 1700 2
1550 5300 2
1700 1550 2
1700 5450 2
5300 1550 2
5300 5450 2
5450 1700 2
5450 5300 2
1550 1750 2
1550 5250 2
1750 1550 2
1750 5450 2
5250 1550 2
5250 5450 2
5450 1750 2
5450 5250 2
1550 2100 84490
1550 4900 84490
2100 1550 84490
2100 5450 84490
4900 1550 84490
4900 5450 84490
5450 2100 84490
5450 4900 84490
1550 3100 2
1550 3900 2
3100 1550 2
3100 5450 2
3900 1550 2
3900 5450 2
5450 3100 2
5450 3900 2
1550 3250 67932
1550 3750 67932
3250 1550 67932
3250 5450 67932
3750 1550 67932
3750 5450 67932
5450 3250 67932
5450 3750 67932
1550 3500 164517
3500 1550 164517
3500 5450 164517
5450 3500 164517
1600 1600 2
1600 5400 2
5400 1600 2
5400 5400 2
1600 1650 2
1600 5350 2
1650 1600 2
1650 5400 2
5350 1600 2
5350 5400 2
5400 1650 2
5400 5350 2
1600 1700 22943
1600 5300 22943
1700 1600 22943
1700 5400 22943
5300 1600 22943
5300 5400 22943
5400 1700 22943
5400 5300 22943
1600 1750 2
1600 5250 2
1750 1600 2
1750 5400 2
5250 1600 2
5250 5400 2
5400 1750 2
5400 5250 2
1600 1800 31712
1600 5200 31712
1800 1600 31712
1800 5400 31712
5200 1600 31712
5200 5400 31712
5400 1800 31712
5400 5200 31712
1600 2150 17141
1600 4850 17141
2150 1600 17141
2150 5400 17141
4850 1600 17141
4850 5400 17141
5400 2150 17141
5400 4850 17141
1600 2200 393064
1600 4800 393064
2200 1600 393064
2200 5400 393064
4800 1600 393064
4800 5400 393064
5400 2200 393064
5400 4800 393064
1600 2250 26374
1600 4750 26374
2250 1600 26374
2250 5400 26374
4750 1600 26374
4750 5400 26374
5400 2250 26374
5400 4750 26374
1600 2650 2
1600 4350 2
2650 1600 2
2650 5400 2
4350 1600 2
4350 5400 2
5400 2650 2
5400 4350 2
1600 2700 2
1600 4300 2
2700 1600 2
2700 5400 2
4300 1600 2
4300 5400 2
5400 2700 2
5400 4300 2
1600 2750 41386
1600 4250 41386
2750 1600 41386
2750 5400 41386
4250 1600 41386
4250 5400 41386
5400 2750 41386
5400 4250 41386
1600 2800 2
1600 4200 2
2800 1600 2
2800 5400 2
4200 1600 2
4200 5400 2
5400 2800 2
5400 4200 2
1600 3200 375216
1600 3800 375216
3200 1600 375216
3200 5400 375216
3800 1600 375216
3800 5400 375216
5400 3200 375216
5400 3800 375216
1600 3250 2
1600 3750 2
3250 1600 2
3250 5400 2
3750 1600 2
3750 5400 2
5400 3250 2
5400 3750 2
1600 3300 261537
1600 3700 261537
3300 1600 261537
3300 5400 261537
3700 1600 261537
3700 5400 261537
5400 3300 261537
5400 3700 261537
1600 3350 2
1600 3650 2
3350 1600 2
3350 5400 2
3650 1600 2
3650 5400 2
5400 3350 2
5400 3650 2
1600 3450 2
1600 3550 2
3450 1600 2
3450 5400 2
3550 1600 2
3550 5400 2
5400 3450 2
5400 3550 2
1600 3500 15333
3500 1600 15333
3500 5400 15333
5400 3500 15333
1650 1650 13460
1650 5350 13460
5350 1650 13460
5350 5350 13460
1650 1700 573239
1650 5300 573239
1700 1650 573239
1700 5350 573239
5300 1650 573239
5300 5350 573239
5350 1700 573239
5350 5300 573239
1650 1750 72230
1650 5250 72230
1750 1650 72230
1750 5350 72230
5250 1650 72230
5250 5350 72230
5350 1750 72230
5350 5250 72230
1650 2200 3105
1650 4800 3105
2200 1650 3105
2200 5350 3105
4800 1650 3105
4800 5350 3105
5350 2200 3105
5350 4800 3105
1650 2250 153632
1650 4750 153632
2250 1650 153632
2250 5350 153632
4750 1650 153632
4750 5350 153632
5350 2250 153632
5350 4750 153632
1650 2300 2
1650 4700 2
2300 1650 2
2300 5350 2
4700 1650 2
4700 5350 2
5350 2300 2
5350 4700 2
1650 2350 3098
1650 4650 3098
2350 1650 3098
2350 5350 3098
4650 1650 3098
4650 5350 3098
5350 2350 3098
5350 4650 3098
1650 2400 2
1650 4600 2
2400 1650 2
2400 5350 2
4600 1650 2
4600 5350 2
5350 2400 2
5350 4600 2
1650 2650 89839
1650 4350 89839
2650 1650 89839
2650 5350 89839
4350 1650 89839
4350 5350 89839
5350 2650 89839
5350 4350 89839
1650 2700 72387
1650 4300 72387
2700 1650 72387
2700 5350 72387
4300 1650 72387
4300 5350 72387
5350 2700 72387
5350 4300 72387
1650 2750 6536
1650 4250 6536
2750 1650 6536
2750 5350 6536
4250 1650 6536
4250 5350 6536
5350 2750 6536
5350 4250 6536
1650 3250 54745
1650 3750 54745
3250 1650 54745
3250 5350 54745
3750 1650 54745
3750 5350 54745
5350 3250 54745
5350 3750 54745
1650 3300 2
1650 3700 2
3300 1650 2
3300 5350 2
3700 1650 2
3700 5350 2
5350 3300 2
5350 3700 2
1650 3350 98273
1650 3650 98273
3350 1650 98273
3350 5350 98273
3650 1650 98273
3650 5350 98273
5350 3350 98273
5350 3650 98273
1650 3400 2
1650 3600 2
3400 1650 2
3400 5350 2
3600 1650 2
3600 5350 2
5350 3400 2
5350 3600 2
1650 3500 244773
3500 1650 244773
3500 5350 244773
5350 3500 244773
1700 1700 17444
1700 5300 17444
5300 1700 17444
5300 5300 17444
1700 2300 2
1700 4700 2
2300 1700 2
2300 5300 2
4700 1700 2
4700 5300 2
5300 2300 2
5300 4700 2
1700 2350 98093
1700 4650 98093
2350 1700 98093
2350 5300 98093
4650 1700 98093
4650 5300 98093
5300 2350 98093
5300 4650 98093
1700 2400 2
1700 4600 2
2400 1700 2
2400 5300 2
4600 1700 2
4600 5300 2
5300 2400 2
5300 4600 2
1700 2500 104589
1700 4500 104589
2500 1700 104589
2500 5300 104589
4500 1700 104589
4500 5300 104589
5300 2500 104589
5300 4500 104589
1700 2600 24304
1700 4400 24304
2600 1700 24304
2600 5300 24304
4400 1700 24304
4400 5300 24304
5300 2600 24304
5300 4400 24304
1700 2650 95527
1700 4350 95527
2650 1700 95527
2650 5300 95527
4350 1700 95527
4350 5300 95527
5300 2650 95527
5300 4350 95527
1700 2700 153024
1700 4300 153024
2700 1700 153024
2700 5300 153024
4300 1700 153024
4300 5300 153024
5300 2700 153024
5300 4300 153024
1700 3150 41411
1700 3850 41411
3150 1700 41411
3150 5300 41411
3850 1700 41411
3850 5300 41411
5300 3150 41411
5300 3850 41411
1700 3300 166781
1700 3700 166781
3300 1700 166781
3300 5300 166781
3700 1700 166781
3700 5300 166781
5300 3300 166781
5300 3700 166781
1700 3350 73313
1700 3650 73313
3350 1700 73313
3350 5300 73313
3650 1700 73313
3650 5300 73313
5300 3350 73313
5300 3650 73313
1700 3450 2
1700 3550 2
3450 1700 2
3450 5300 2
3550 1700 2
3550 5300 2
5300 3450 2
5300 3550 2
1700 3500 2
3500 1700 2
3500 5300 2
5300 3500 2
1750 2300 13341
1750 4700 13341
2300 1750 13341
2300 5250 13341
4700 1750 13341
4700 5250 13341
5250 2300 13341
5250 4700 13341
1750 2350 170392
1750 4650 170392
2350 1750 170392
2350 5250 170392
4650 1750 170392
4650 5250 170392
5250 2350 170392
5250 4650 170392
1750 2400 245041
1750 4600 245041
2400 1750 245041
2400 5250 245041
4600 1750 245041
4600 5250 245041
5250 2400 245041
5250 4600 245041
1750 2500 133821
1750 4500 133821
2500 1750 133821
2500 5250 133821
4500 1750 133821
4500 5250 133821
5250 2500 133821
5250 4500 133821
1750 2550 41162
1750 4450 41162
2550 1750 41162
2550 5250 41162
4450 1750 41162
4450 5250 41162
5250 2550 41162
5250 4450 41162
1750 2650 41940
1750 4350 41940
2650 1750 41940
2650 5250 41940
4350 1750 41940
4350 5250 41940
5250 2650 41940
5250 4350 41940
1750 3350 207722
1750 3650 207722
3350 1750 207722
3350 5250 207722
3650 1750 207722
3650 5250 207722
5250 3350 207722
5250 3650 207722
1750 3400 2
1750 3600 2
3400 1750 2
3400 5250 2
3600 1750 2
3600 5250 2
5250 3400 2
5250 3600 2
1750 3450 144635
1750 3550 144635
3450 1750 144635
3450 5250 144635
3550 1750 144635
3550 5250 144635
5250 3450 144635
5250 3550 144635
1750 3500 2
3500 1750 2
3500 5250 2
5250 3500 2
1800 2150 2674
1800 4850 2674
2150 1800 2674
2150 5200 2674
4850 1800 2674
4850 5200 2674
5200 2150 2674
5200 4850 2674
1800 2400 325338
1800 4600 325338
2400 1800 325338
2400 5200 325338
4600 1800 325338
4600 5200 325338
5200 2400 325338
5200 4600 325338
1800 2450 142608
1800 4550 142608
2450 1800 142608
2450 5200 142608
4550 1800 142608
4550 5200 142608
5200 2450 142608
5200 4550 142608
1800 2550 2
1800 4450 2
2550 1800 2
2550 5200 2
4450 1800 2
4450 5200 2
5200 2550 2
5200 4450 2
1800 2600 297994
1800 4400 297994
2600 1800 297994
2600 5200 297994
4400 1800 297994
4400 5200 297994
5200 2600 297994
5200 4400 297994
1800 3150 82074
1800 3850 82074
3150 1800 82074
3150 5200 82074
3850 1800 82074
3850 5200 82074
5200 3150 82074
5200 3850 82074
1800 3400 224033
1800 3600 224033
3400 1800 224033
3400 5200 224033
3600 1800 224033
3600 5200 224033
5200 3400 224033
5200 3600 224033
1800 3450 54735
1800 3550 54735
3450 1800 54735
3450 5200 54735
3550 1800 54735
3550 5200 54735
5200 3450 54735
5200 3550 54735
1800 3500 131105
3500 1800 131105
3500 5200 131105
5200 3500 131105
1850 2100 2
1850 4900 2
2100 1850 2
2100 5150 2
4900 1850 2
4900 5150 2
5150 2100 2
5150 4900 2
1850 2150 154334
1850 4850 154334
2150 1850 154334
2150 5150 154334
4850 1850 154334
4850 5150 154334
5150 2150 154334
5150 4850 154334
1850 2500 332861
1850 4500 332861
2500 1850 332861
2500 5150 332861
4500 1850 332861
4500 5150 332861
5150 2500 332861
5150 4500 332861
1850 2800 129701
1850 4200 129701
2800 1850 129701
2800 5150 129701
4200 1850 129701
4200 5150 129701
5150 2800 129701
5150 4200 129701
1850 3500 69037
3500 1850 69037
3500 5150 69037
5150 3500 69037
1900 2100 2
1900 4900 2
2100 1900 2
2100 5100 2
4900 1900 2
4900 5100 2
5100 2100 2
5100 4900 2
1900 2150 41761
1900 4850 41761
2150 1900 41761
2150 5100 41761
4850 1900 41761
4850 5100 41761
5100 2150 41761
5100 4850 41761
1900 2200 32504
1900 4800 32504
2200 1900 32504
2200 5100 32504
4800 1900 32504
4800 5100 32504
5100 2200 32504
5100 4800 32504
1900 2450 118553
1900 4550 118553
2450 1900 118553
2450 5100 118553
4550 1900 118553
4550 5100 118553
5100 2450 118553
5100 4550 118553
1900 2550 19738
1900 4450 19738
2550 1900 19738
2550 5100 19738
4450 1900 19738
4450 5100 19738
5100 2550 19738
5100 4450 19738
1900 2750 18122
1900 4250 18122
2750 1900 18122
2750 5100 18122
4250 1900 18122
4250 5100 18122
5100 2750 18122
5100 4250 18122
1900 2850 3830
1900 4150 3830
2850 1900 3830
2850 5100 3830
4150 1900 3830
4150 5100 3830
5100 2850 3830
5100 4150 3830
1900 2950 30302
1900 4050 30302
2950 1900 30302
2950 5100 30302
4050 1900 30302
4050 5100 30302
5100 2950 30302
5100 4050 30302
1900 3150 8941
1900 3850 8941
3150 1900 8941
3150 5100 8941
3850 1900 8941
3850 5100 8941
5100 3150 8941
5100 3850 8941
1900 3450 12719
1900 3550 12719
3450 1900 12719
3450 5100 12719
3550 1900 12719
3550 5100 12719
5100 3450 12719
5100 3550 12719
1950 1950 81553
1950 5050 81553
5050 1950 81553
5050 5050 81553
1950 2400 194167
1950 4600 194167
2400 1950 194167
2400 5050 194167
4600 1950 194167
4600 5050 194167
5050 2400 194167
5050 4600 194167
1950 2450 13229
1950 4550 13229
2450 1950 13229
2450 5050 13229
4550 1950 13229
4550 5050 13229
5050 2450 13229
5050 4550 13229
1950 2700 66450
1950 4300 66450
2700 1950 66450
2700 5050 66450
4300 1950 66450
4300 5050 66450
5050 2700 66450
5050 4300 66450
1950 2750 84457
1950 4250 84457
2750 1950 84457
2750 5050 84457
4250 1950 84457
4250 5050 84457
5050 2750 84457
5050 4250 84457
1950 3200 78501
1950 3800 78501
3200 1950 78501
3200 5050 78501
3800 1950 78501
3800 5050 78501
5050 3200 78501
5050 3800 78501
1950 3250 26202
1950 3750 26202
3250 1950 26202
3250 5050 26202
3750 1950 26202
3750 5050 26202
5050 3250 26202
5050 3750 26202
1950 3300 2
1950 3700 2
3300 1950 2
3300 5050 2
3700 1950 2
3700 5050 2
5050 3300 2
5050 3700 2
1950 3450 2
1950 3550 2
3450 1950 2
3450 5050 2
3550 1950 2
3550 5050 2
5050 3450 2
5050 3550 2
1950 3500 20642
3500 1950 20642
3500 5050 20642
5050 3500 20642
2050 2450 12030
2050 4550 12030
2450 2050 12030
2450 4950 12030
4550 2050 12030
4550 4950 12030
4950 2450 12030
4950 4550 12030
2050 2500 4395
2050 4500 4395
2500 2050 4395
2500 4950 4395
4500 2050 4395
4500 4950 4395
4950 2500 4395
4950 4500 4395
2050 2700 102385
2050 4300 102385
2700 2050 102385
2700 4950 102385
4300 2050 102385
4300 4950 102385
4950 2700 102385
4950 4300 102385
2050 2750 2
2050 4250 2
2750 2050 2
2750 4950 2
4250 2050 2
4250 4950 2
4950 2750 2
4950 4250 2
2050 3300 12027
2050 3700 12027
3300 2050 12027
3300 4950 12027
3700 2050 12027
3700 4950 12027
4950 3300 12027
4950 3700 12027
2050 3350 37289
2050 3650 37289
3350 2050 37289
3350 4950 37289
3650 2050 37289
3650 4950 37289
4950 3350 37289
4950 3650 37289
2050 3500 2
3500 2050 2
3500 4950 2
4950 3500 2
2100 2450 3821
2100 4550 3821
2450 2100 3821
2450 4900 3821
4550 2100 3821
4550 4900 3821
4900 2450 3821
4900 4550 3821
2100 2550 2
2100 4450 2
2550 2100 2
2550 4900 2
4450 2100 2
4450 4900 2
4900 2550 2
4900 4450 2
2100 2600 69403
2100 4400 69403
2600 2100 69403
2600 4900 69403
4400 2100 69403
4400 4900 69403
4900 2600 69403
4900 4400 69403
2100 2650 49317
2100 4350 49317
2650 2100 49317
2650 4900 49317
4350 2100 49317
4350 4900 49317
4900 2650 49317
4900 4350 49317
2100 2700 74896
2100 4300 74896
2700 2100 74896
2700 4900 74896
4300 2100 74896
4300 4900 74896
4900 2700 74896
4900 4300 74896
2100 3350 6692
2100 3650 6692
3350 2100 6692
3350 4900 6692
3650 2100 6692
3650 4900 6692
4900 3350 6692
4900 3650 6692
2100 3500 8037
3500 2100 8037
3500 4900 8037
4900 3500 8037
2150 2500 2
2150 4500 2
2500 2150 2
2500 4850 2
4500 2150 2
4500 4850 2
4850 2500 2
4850 4500 2
2150 2600 23554
2150 4400 23554
2600 2150 23554
2600 4850 23554
4400 2150 23554
4400 4850 23554
4850 2600 23554
4850 4400 23554
2150 2650 42211
2150 4350 42211
2650 2150 42211
2650 4850 42211
4350 2150 42211
4350 4850 42211
4850 2650 42211
4850 4350 42211
2200 2450 45414
2200 4550 45414
2450 2200 45414
2450 4800 45414
4550 2200 45414
4550 4800 45414
4800 2450 45414
4800 4550 45414
2200 2600 31128
2200 4400 31128
2600 2200 31128
2600 4800 31128
4400 2200 31128
4400 4800 31128
4800 2600 31128
4800 4400 31128
2200 3400 45292
2200 3600 45292
3400 2200 45292
3400 4800 45292
3600 2200 45292
3600 4800 45292
4800 3400 45292
4800 3600 45292
2250 2450 2
2250 4550 2
2450 2250 2
2450 4750 2
4550 2250 2
4550 4750 2
4750 2450 2
4750 4550 2
2250 2500 24818
2250 4500 24818
2500 2250 24818
2500 4750 24818
4500 2250 24818
4500 4750 24818
4750 2500 24818
4750 4500 24818
2250 2550 2
2250 4450 2
2550 2250 2
2550 4750 2
4450 2250 2
4450 4750 2
4750 2550 2
4750 4450 2
2250 2650 9244
2250 4350 9244
2650 2250 9244
2650 4750 9244
4350 2250 9244
4350 4750 9244
4750 2650 9244
4750 4350 9244
2250 2700 30389
2250 4300 30389
2700 2250 30389
2700 4750 30389
4300 2250 30389
4300 4750 30389
4750 2700 30389
4750 4300 30389
2250 2850 3531
2250 4150 3531
2850 2250 3531
2850 4750 3531
4150 2250 3531
4150 4750 3531
4750 2850 3531
4750 4150 3531
2250 3400 93745
2250 3600 93745
3400 2250 93745
3400 4750 93745
3600 2250 93745
3600 4750 93745
4750 3400 93745
4750 3600 93745
2300 2450 97964
2300 4550 97964
2450 2300 97964
2450 4700 97964
4550 2300 97964
4550 4700 97964
4700 2450 97964
4700 4550 97964
2300 2500 2
2300 4500 2
2500 2300 2
2500 4700 2
4500 2300 2
4500 4700 2
4700 2500 2
4700 4500 2
2300 2650 99882
2300 4350 99882
2650 2300 99882
2650 4700 99882
4350 2300 99882
4350 4700 99882
4700 2650 99882
4700 4350 99882
2300 2700 2
2300 4300 2
2700 2300 2
2700 4700 2
4300 2300 2
4300 4700 2
4700 2700 2
4700 4300 2
2300 2950 38078
2300 4050 38078
2950 2300 38078
2950 4700 38078
4050 2300 38078
4050 4700 38078
4700 2950 38078
4700 4050 38078
2300 3050 3503
2300 3950 3503
3050 2300 3503
3050 4700 3503
3950 2300 3503
3950 4700 3503
4700 3050 3503
4700 3950 3503
2300 3500 2
3500 2300 2
3500 4700 2
4700 3500 2
2350 2400 14741
2350 4600 14741
2400 2350 14741
2400 4650 14741
4600 2350 14741
4600 4650 14741
4650 2400 14741
4650 4600 14741
2350 2450 2
2350 4550 2
2450 2350 2
2450 4650 2
4550 2350 2
4550 4650 2
4650 2450 2
4650 4550 2
2350 2550 86555
2350 4450 86555
2550 2350 86555
2550 4650 86555
4450 2350 86555
4450 4650 86555
4650 2550 86555
4650 4450 86555
2350 2650 2
2350 4350 2
2650 2350 2
2650 4650 2
4350 2350 2
4350 4650 2
4650 2650 2
4650 4350 2
2350 3200 2
2350 3800 2
3200 2350 2
3200 4650 2
3800 2350 2
3800 4650 2
4650 3200 2
4650 3800 2
2350 3400 27454
2350 3600 27454
3400 2350 27454
3400 4650 27454
3600 2350 27454
3600 4650 27454
4650 3400 27454
4650 3600 27454
2350 3450 2
2350 3550 2
3450 2350 2
3450 4650 2
3550 2350 2
3550 4650 2
4650 3450 2
4650 3550 2
2350 3500 2
3500 2350 2
3500 4650 2
4650 3500 2
2400 2400 198437
2400 4600 198437
4600 2400 198437
4600 4600 198437
2400 2650 2
2400 4350 2
2650 2400 2
2650 4600 2
4350 2400 2
4350 4600 2
4600 2650 2
4600 4350 2
2400 2700 55424
2400 4300 55424
2700 2400 55424
2700 4600 55424
4300 2400 55424
4300 4600 55424
4600 2700 55424
4600 4300 55424
2400 2950 23111
2400 4050 23111
2950 2400 23111
2950 4600 23111
4050 2400 23111
4050 4600 23111
4600 2950 23111
4600 4050 23111
2400 3050 20685
2400 3950 20685
3050 2400 20685
3050 4600 20685
3950 2400 20685
3950 4600 20685
4600 3050 20685
4600 3950 20685
2400 3350 75686
2400 3650 75686
3350 2400 75686
3350 4600 75686
3650 2400 75686
3650 4600 75686
4600 3350 75686
4600 3650 75686
2400 3400 39787
2400 3600 39787
3400 2400 39787
3400 4600 39787
3600 2400 39787
3600 4600 39787
4600 3400 39787
4600 3600 39787
2400 3500 2
3500 2400 2
3500 4600 2
4600 3500 2
2450 2650 2
2450 4350 2
2650 2450 2
2650 4550 2
4350 2450 2
4350 4550 2
4550 2650 2
4550 4350 2
2450 2700 2
2450 4300 2
2700 2450 2
2700 4550 2
4300 2450 2
4300 4550 2
4550 2700 2
4550 4300 2
2450 2750 27955
2450 4250 27955
2750 2450 27955
2750 4550 27955
4250 2450 27955
4250 4550 27955
4550 2750 27955
4550 4250 27955
2450 3050 10449
2450 3950 10449
3050 2450 10449
3050 4550 10449
3950 2450 10449
3950 4550 10449
4550 3050 10449
4550 3950 10449
2450 3450 59515
2450 3550 59515
3450 2450 59515
3450 4550 59515
3550 2450 59515
3550 4550 59515
4550 3450 59515
4550 3550 59515
2500 2500 2
2500 4500 2
4500 2500 2
4500 4500 2
2500 2550 45380
2500 4450 45380
2550 2500 45380
2550 4500 45380
4450 2500 45380
4450 4500 45380
4500 2550 45380
4500 4450 45380
2500 2650 2
2500 4350 2
2650 2500 2
2650 4500 2
4350 2500 2
4350 4500 2
4500 2650 2
4500 4350 2
2500 2700 274304
2500 4300 274304
2700 2500 274304
2700 4500 274304
4300 2500 274304
4300 4500 274304
4500 2700 274304
4500 4300 274304
2500 2750 20630
2500 4250 20630
2750 2500 20630
2750 4500 20630
4250 2500 20630
4250 4500 20630
4500 2750 20630
4500 4250 20630
2500 2800 58458
2500 4200 58458
2800 2500 58458
2800 4500 58458
4200 2500 58458
4200 4500 58458
4500 2800 58458
4500 4200 58458
2500 2850 137866
2500 4150 137866
2850 2500 137866
2850 4500 137866
4150 2500 137866
4150 4500 137866
4500 2850 137866
4500 4150 137866
2500 2900 51280
2500 4100 51280
2900 2500 51280
2900 4500 51280
4100 2500 51280
4100 4500 51280
4500 2900 51280
4500 4100 51280
2500 3250 49257
2500 3750 49257
3250 2500 49257
3250 4500 49257
3750 2500 49257
3750 4500 49257
4500 3250 49257
4500 3750 49257
2500 3300 117926
2500 3700 117926
3300 2500 117926
3300 4500 117926
3700 2500 117926
3700 4500 117926
4500 3300 117926
4500 3700 117926
2500 3400 2
2500 3600 2
3400 2500 2
3400 4500 2
3600 2500 2
3600 4500 2
4500 3400 2
4500 3600 2
2500 3450 2
2500 3550 2
3450 2500 2
3450 4500 2
3550 2500 2
3550 4500 2
4500 3450 2
4500 3550 2
2500 3500 2
3500 2500 2
3500 4500 2
4500 3500 2
2550 2550 157578
2550 4450 157578
4450 2550 157578
4450 4450 157578
2550 2700 2
2550 4300 2
2700 2550 2
2700 4450 2
4300 2550 2
4300 4450 2
4450 2700 2
4450 4300 2
2550 2750 56618
2550 4250 56618
2750 2550 56618
2750 4450 56618
4250 2550 56618
4250 4450 56618
4450 2750 56618
4450 4250 56618
2550 2800 32447
2550 4200 32447
2800 2550 32447
2800 4450 32447
4200 2550 32447
4200 4450 32447
4450 2800 32447
4450 4200 32447
2550 2850 18726
2550 4150 18726
2850 2550 18726
2850 4450 18726
4150 2550 18726
4150 4450 18726
4450 2850 18726
4450 4150 18726
2550 2900 2
2550 4100 2
2900 2550 2
2900 4450 2
4100 2550 2
4100 4450 2
4450 2900 2
4450 4100 2
2550 2950 2
2550 4050 2
2950 2550 2
2950 4450 2
4050 2550 2
4050 4450 2
4450 2950 2
4450 4050 2
2550 3100 10573
2550 3900 10573
3100 2550 10573
3100 4450 10573
3900 2550 10573
3900 4450 10573
4450 3100 10573
4450 3900 10573
2550 3150 2
2550 3850 2
3150 2550 2
3150 4450 2
3850 2550 2
3850 4450 2
4450 3150 2
4450 3850 2
2550 3350 29216
2550 3650 29216
3350 2550 29216
3350 4450 29216
3650 2550 29216
3650 4450 29216
4450 3350 29216
4450 3650 29216
2550 3400 2
2550 3600 2
3400 2550 2
3400 4450 2
3600 2550 2
3600 4450 2
4450 3400 2
4450 3600 2
2550 3450 98989
2550 3550 98989
3450 2550 98989
3450 4450 98989
3550 2550 98989
3550 4450 98989
4450 3450 98989
4450 3550 98989
2550 3500 2
3500 2550 2
3500 4450 2
4450 3500 2
2600 2600 2
2600 4400 2
4400 2600 2
4400 4400 2
2600 2650 2
2600 4350 2
2650 2600 2
2650 4400 2
4350 2600 2
4350 4400 2
4400 2650 2
4400 4350 2
2600 2800 14843
2600 4200 14843
2800 2600 14843
2800 4400 14843
4200 2600 14843
4200 4400 14843
4400 2800 14843
4400 4200 14843
2600 2950 47867
2600 4050 47867
2950 2600 47867
2950 4400 47867
4050 2600 47867
4050 4400 47867
4400 2950 47867
4400 4050 47867
2600 3100 82961
2600 3900 82961
3100 2600 82961
3100 4400 82961
3900 2600 82961
3900 4400 82961
4400 3100 82961
4400 3900 82961
2600 3350 2
2600 3650 2
3350 2600 2
3350 4400 2
3650 2600 2
3650 4400 2
4400 3350 2
4400 3650 2
2600 3500 2
3500 2600 2
3500 4400 2
4400 3500 2
2650 2650 115133
2650 4350 115133
4350 2650 115133
4350 4350 115133
2650 2850 123259
2650 4150 123259
2850 2650 123259
2850 4350 123259
4150 2650 123259
4150 4350 123259
4350 2850 123259
4350 4150 123259
2650 2900 2
2650 4100 2
2900 2650 2
2900 4350 2
4100 2650 2
4100 4350 2
4350 2900 2
4350 4100 2
2650 3100 25223
2650 3900 25223
3100 2650 25223
3100 4350 25223
3900 2650 25223
3900 4350 25223
4350 3100 25223
4350 3900 25223
2650 3150 80570
2650 3850 80570
3150 2650 80570
3150 4350 80570
3850 2650 80570
3850 4350 80570
4350 3150 80570
4350 3850 80570
2650 3300 99370
2650 3700 99370
3300 2650 99370
3300 4350 99370
3700 2650 99370
3700 4350 99370
4350 3300 99370
4350 3700 99370
2650 3350 21748
2650 3650 21748
3350 2650 21748
3350 4350 21748
3650 2650 21748
3650 4350 21748
4350 3350 21748
4350 3650 21748
2650 3400 119307
2650 3600 119307
3400 2650 119307
3400 4350 119307
3600 2650 119307
3600 4350 119307
4350 3400 119307
4350 3600 119307
2650 3450 2
2650 3550 2
3450 2650 2
3450 4350 2
3550 2650 2
3550 4350 2
4350 3450 2
4350 3550 2
2650 3500 51351
3500 2650 51351
3500 4350 51351
4350 3500 51351
2700 2700 62933
2700 4300 62933
4300 2700 62933
4300 4300 62933
2700 2950 40043
2700 4050 40043
2950 2700 40043
2950 4300 40043
4050 2700 40043
4050 4300 40043
4300 2950 40043
4300 4050 40043
2700 3050 141131
2700 3950 141131
3050 2700 141131
3050 4300 141131
3950 2700 141131
3950 4300 141131
4300 3050 141131
4300 3950 141131
2700 3150 11516
2700 3850 11516
3150 2700 11516
3150 4300 11516
3850 2700 11516
3850 4300 11516
4300 3150 11516
4300 3850 11516
2700 3300 55535
2700 3700 55535
3300 2700 55535
3300 4300 55535
3700 2700 55535
3700 4300 55535
4300 3300 55535
4300 3700 55535
2700 3350 14524
2700 3650 14524
3350 2700 14524
3350 4300 14524
3650 2700 14524
3650 4300 14524
4300 3350 14524
4300 3650 14524
2700 3450 2
2700 3550 2
3450 2700 2
3450 4300 2
3550 2700 2
3550 4300 2
4300 3450 2
4300 3550 2
2700 3500 1132
3500 2700 1132
3500 4300 1132
4300 3500 1132
2750 2950 22524
2750 4050 22524
2950 2750 22524
2950 4250 22524
4050 2750 22524
4050 4250 22524
4250 2950 22524
4250 4050 22524
2750 3350 74353
2750 3650 74353
3350 2750 74353
3350 4250 74353
3650 2750 74353
3650 4250 74353
4250 3350 74353
4250 3650 74353
2750 3450 11193
2750 3550 11193
3450 2750 11193
3450 4250 11193
3550 2750 11193
3550 4250 11193
4250 3450 11193
4250 3550 11193
2750 3500 35570
3500 2750 35570
3500 4250 35570
4250 3500 35570
2800 2800 14531
2800 4200 14531
4200 2800 14531
4200 4200 14531
2800 3200 2
2800 3800 2
3200 2800 2
3200 4200 2
3800 2800 2
3800 4200 2
4200 3200 2
4200 3800 2
2800 3400 57016
2800 3600 57016
3400 2800 57016
3400 4200 57016
3600 2800 57016
3600 4200 57016
4200 3400 57016
4200 3600 57016
2800 3500 58428
3500 2800 58428
3500 4200 58428
4200 3500 58428
2850 3300 85105
2850 3700 85105
3300 2850 85105
3300 4150 85105
3700 2850 85105
3700 4150 85105
4150 3300 85105
4150 3700 85105
2900 3300 2
2900 3700 2
3300 2900 2
3300 4100 2
3700 2900 2
3700 4100 2
4100 3300 2
4100 3700 2
2900 3500 2
3500 2900 2
3500 4100 2
4100 3500 2
2950 3250 10999
2950 3750 10999
3250 2950 10999
3250 4050 10999
3750 2950 10999
3750 4050 10999
4050 3250 10999
4050 3750 10999
2950 3300 46029
2950 3700 46029
3300 2950 46029
3300 4050 46029
3700 2950 46029
3700 4050 46029
4050 3300 46029
4050 3700 46029
2950 3350 10946
2950 3650 10946
3350 2950 10946
3350 4050 10946
3650 2950 10946
3650 4050 10946
4050 3350 10946
4050 3650 10946
2950 3500 14222
3500 2950 14222
3500 4050 14222
4050 3500 14222
3050 3300 38043
3050 3700 38043
3300 3050 38043
3300 3950 38043
3700 3050 38043
3700 3950 38043
3950 3300 38043
3950 3700 38043
3050 3350 12056
3050 3650 12056
3350 3050 12056
3350 3950 12056
3650 3050 12056
3650 3950 12056
3950 3350 12056
3950 3650 12056
3050 3400 12428
3050 3600 12428
3400 3050 12428
3400 3950 12428
3600 3050 12428
3600 3950 12428
3950 3400 12428
3950 3600 12428
3050 3500 2
3500 3050 2
3500 3950 2
3950 3500 2
3100 3350 2
3100 3650 2
3350 3100 2
3350 3900 2
3650 3100 2
3650 3900 2
3900 3350 2
3900 3650 2
3100 3450 35680
3100 3550 35680
3450 3100 35680
3450 3900 35680
3550 3100 35680
3550 3900 35680
3900 3450 35680
3900 3550 35680
3100 3500 2
3500 3100 2
3500 3900 2
3900 3500 2
3150 3300 2
3150 3700 2
3300 3150 2
3300 3850 2
3700 3150 2
3700 3850 2
3850 3300 2
3850 3700 2
3150 3350 25261
3150 3650 25261
3350 3150 25261
3350 3850 25261
3650 3150 25261
3650 3850 25261
3850 3350 25261
3850 3650 25261
3150 3500 71995
3500 3150 71995
3500 3850 71995
3850 3500 71995
3250 3250 2
3250 3750 2
3750 3250 2
3750 3750 2
3250 3400 2
3250 3600 2
3400 3250 2
3400 3750 2
3600 3250 2
3600 3750 2
3750 3400 2
3750 3600 2
3300 3450 22841
3300 3550 22841
3450 3300 22841
3450 3700 22841
3550 3300 22841
3550 3700 22841
3700 3450 22841
3700 3550 22841
3350 3400 2
3350 3600 2
3400 3350 2
3400 3650 2
3600 3350 2
3600 3650 2
3650 3400 2
3650 3600 2
3350 3450 2
3350 3550 2
3450 3350 2
3450 3650 2
3550 3350 2
3550 3650 2
3650 3450 2
3650 3550 2
3350 3500 2
3500 3350 2
3500 3650 2
3650 3500 2
3400 3400 184227
3400 3600 184227
3600 3400 184227
3600 3600 184227
3400 3450 175583
3400 3550 175583
3450 3400 175583
3450 3600 175583
3550 3400 175583
3550 3600 175583
3600 3450 175583
3600 3550 175583
3400 3500 24461
3500 3400 24461
3500 3600 24461
3600 3500 24461
3450 3450 267392
3450 3550 267392
3550 3450 267392
3550 3550 267392
3450 3500 2
3500 3450 2
3500 3550 2
3550 3500 2
3500 3500 2
797 2369 2
797 4631 2
2369 797 2
2369 6203 2
4631 797 2
4631 6203 2
6203 2369 2
6203 4631 2
810 3309 32123
810 3691 32123
3309 810 32123
3309 6190 32123
3691 810 32123
3691 6190 32123
6190 3309 32123
6190 3691 32123
819 2337 205463
819 4663 205463
2337 819 205463
2337 6181 205463
4663 819 205463
4663 6181 205463
6181 2337 205463
6181 4663 205463
820 3336 137129
820 3664 137129
3336 820 137129
3336 6180 137129
3664 820 137129
3664 6180 137129
6180 3336 137129
6180 3664 137129
828 2671 8949
828 4329 8949
2671 828 8949
2671 6172 8949
4329 828 8949
4329 6172 8949
6172 2671 8949
6172 4329 8949
830 3470 127555
830 3530 127555
3470 830 127555
3470 6170 127555
3530 830 127555
3530 6170 127555
6170 3470 127555
6170 3530 127555
839 2687 97622
839 4313 97622
2687 839 97622
2687 6161 97622
4313 839 97622
4313 6161 97622
6161 2687 97622
6161 4313 97622
843 2510 2
843 4490 2
2510 843 2
2510 6157 2
4490 843 2
4490 6157 2
6157 2510 2
6157 4490 2
850 2491 89785
850 4509 89785
2491 850 89785
2491 6150 89785
4509 850 89785
4509 6150 89785
6150 2491 89785
6150 4509 89785
850 2509 217523
850 4491 217523
2509 850 217523
2509 6150 217523
4491 850 217523
4491 6150 217523
6150 2509 217523
6150 4491 217523
850 2709 2
850 4291 2
2709 850 2
2709 6150 2
4291 850 2
4291 6150 2
6150 2709 2
6150 4291 2
850 3491 66367
850 3509 66367
3491 850 66367
3491 6150 66367
3509 850 66367
3509 6150 66367
6150 3491 66367
6150 3509 66367
851 2462 98688
851 4538 98688
2462 851 98688
2462 6149 98688
4538 851 98688
4538 6149 98688
6149 2462 98688
6149 4538 98688
854 2335 20430
854 4665 20430
2335 854 20430
2335 6146 20430
4665 854 20430
4665 6146 20430
6146 2335 20430
6146 4665 20430
860 2311 307364
860 4689 307364
2311 860 307364
2311 6140 307364
4689 860 307364
4689 6140 307364
6140 2311 307364
6140 4689 307364
860 2689 108668
860 4311 108668
2689 860 108668
2689 6140 108668
4311 860 108668
4311 6140 108668
6140 2689 108668
6140 4311 108668
864 2438 77596
864 4562 77596
2438 864 77596
2438 6136 77596
4562 864 77596
4562 6136 77596
6136 2438 77596
6136 4562 77596
872 3321 31229
872 3679 31229
3321 872 31229
3321 6128 31229
3679 872 31229
3679 6128 31229
6128 3321 31229
6128 3679 31229
890 3246 28806
890 3754 28806
3246 890 28806
3246 6110 28806
3754 890 28806
3754 6110 28806
6110 3246 28806
6110 3754 28806
893 2373 83197
893 4627 83197
2373 893 83197
2373 6107 83197
4627 893 83197
4627 6107 83197
6107 2373 83197
6107 4627 83197
893 3373 4110
893 3627 4110
3373 893 4110
3373 6107 4110
3627 893 4110
3627 6107 4110
6107 3373 4110
6107 3627 4110
895 2609 102838
895 4391 102838
2609 895 102838
2609 6105 102838
4391 895 102838
4391 6105 102838
6105 2609 102838
6105 4391 102838
895 3391 24000
895 3609 24000
3391 895 24000
3391 6105 24000
3609 895 24000
3609 6105 24000
6105 3391 24000
6105 3609 24000
896 1511 85232
896 5489 85232
1511 896 85232
1511 6104 85232
5489 896 85232
5489 6104 85232
6104 1511 85232
6104 5489 85232
900 2393 54733
900 4607 54733
2393 900 54733
2393 6100 54733
4607 900 54733
4607 6100 54733
6100 2393 54733
6100 4607 54733
900 2607 46503
900 4393 46503
2607 900 46503
2607 6100 46503
4393 900 46503
4393 6100 46503
6100 2607 46503
6100 4393 46503
901 2661 2
901 4339 2
2661 901 2
2661 6099 2
4339 901 2
4339 6099 2
6099 2661 2
6099 4339 2
905 1614 74185
905 5386 74185
1614 905 74185
1614 6095 74185
5386 905 74185
5386 6095 74185
6095 1614 74185
6095 5386 74185
907 1674 2
907 5326 2
1674 907 2
1674 6093 2
5326 907 2
5326 6093 2
6093 1674 2
6093 5326 2
907 2447 93415
907 4553 93415
2447 907 93415
2447 6093 93415
4553 907 93415
4553 6093 93415
6093 2447 93415
6093 4553 93415
907 3447 2
907 3553 2
3447 907 2
3447 6093 2
3553 907 2
3553 6093 2
6093 3447 2
6093 3553 2
910 2320 84728
910 4680 84728
2320 910 84728
2320 6090 84728
4680 910 84728
4680 6090 84728
6090 2320 84728
6090 4680 84728
911 1524 71236
911 5476 71236
1524 911 71236
1524 6089 71236
5476 911 71236
5476 6089 71236
6089 1524 71236
6089 5476 71236
914 1594 155642
914 5406 155642
1594 914 155642
1594 6086 155642
5406 914 155642
5406 6086 155642
6086 1594 155642
6086 5406 155642
915 3285 2
915 3715 2
3285 915 2
3285 6085 2
3715 915 2
3715 6085 2
6085 3285 2
6085 3715 2
916 2751 73671
916 4249 73671
2751 916 73671
2751 6084 73671
4249 916 73671
4249 6084 73671
6084 2751 73671
6084 4249 73671
919 1709 14042
919 5291 14042
1709 919 14042
1709 6081 14042
5291 919 14042
5291 6081 14042
6081 1709 14042
6081 5291 14042
920 2492 35506
920 4508 35506
2492 920 35506
2492 6080 35506
4508 920 35506
4508 6080 35506
6080 2492 35506
6080 4508 35506
920 2530 2
920 4470 2
2530 920 2
2530 6080 2
4470 920 2
4470 6080 2
6080 2530 2
6080 4470 2
920 3282 3171
920 3718 3171
3282 920 3171
3282 6080 3171
3718 920 3171
3718 6080 3171
6080 3282 3171
6080 3718 3171
927 1589 2
927 5411 2
1589 927 2
1589 6073 2
5411 927 2
5411 6073 2
6073 1589 2
6073 5411 2
929 2704 140435
929 4296 140435
2704 929 140435
2704 6071 140435
4296 929 140435
4296 6071 140435
6071 2704 140435
6071 4296 140435
930 2379 902
930 4621 902
2379 930 902
2379 6070 902
4621 930 902
4621 6070 902
6070 2379 902
6070 4621 902
930 3441 51605
930 3559 51605
3441 930 51605
3441 6070 51605
3559 930 51605
3559 6070 51605
6070 3441 51605
6070 3559 51605
931 2721 34716
931 4279 34716
2721 931 34716
2721 6069 34716
4279 931 34716
4279 6069 34716
6069 2721 34716
6069 4279 34716
940 2419 38884
940 4581 38884
2419 940 38884
2419 6060 38884
4581 940 38884
4581 6060 38884
6060 2419 38884
6060 4581 38884
941 3458 87872
941 3542 87872
3458 941 87872
3458 6059 87872
3542 941 87872
3542 6059 87872
6059 3458 87872
6059 3542 87872
944 1400 2
944 5600 2
1400 944 2
1400 6056 2
5600 944 2
5600 6056 2
6056 1400 2
6056 5600 2
945 1455 3
945 5545 3
1455 945 3
1455 6055 3
5545 945 3
5545 6055 3
6055 1455 3
6055 5545 3
951 1411 2
951 5589 2
1411 951 2
1411 6049 2
5589 951 2
5589 6049 2
6049 1411 2
6049 5589 2
951 2639 2
951 4361 2
2639 951 2
2639 6049 2
4361 951 2
4361 6049 2
6049 2639 2
6049 4361 2
953 1444 2
953 5556 2
1444 953 2
1444 6047 2
5556 953 2
5556 6047 2
6047 1444 2
6047 5556 2
955 1678 8514
955 5322 8514
1678 955 8514
1678 6045 8514
5322 955 8514
5322 6045 8514
6045 1678 8514
6045 5322 8514
955 3298 40992
955 3702 40992
3298 955 40992
3298 6045 40992
3702 955 40992
3702 6045 40992
6045 3298 40992
6045 3702 40992
957 1431 206405
957 5569 206405
1431 957 206405
1431 6043 206405
5569 957 206405
5569 6043 206405
6043 1431 206405
6043 5569 206405
957 2373 41570
957 4627 41570
2373 957 41570
2373 6043 41570
4627 957 41570
4627 6043 41570
6043 2373 41570
6043 4627 41570
961 2621 62412
961 4379 62412
2621 961 62412
2621 6039 62412
4379 961 62412
4379 6039 62412
6039 2621 62412
6039 4379 62412
964 1589 99678
964 5411 99678
1589 964 99678
1589 6036 99678
5411 964 99678
5411 6036 99678
6036 1589 99678
6036 5411 99678
968 1639 132033
968 5361 132033
1639 968 132033
1639 6032 132033
5361 968 132033
5361 6032 132033
6032 1639 132033
6032 5361 132033
969 1657 2
969 5343 2
1657 969 2
1657 6031 2
5343 969 2
5343 6031 2
6031 1657 2
6031 5343 2
973 3304 44926
973 3696 44926
3304 973 44926
3304 6027 44926
3696 973 44926
3696 6027 44926
6027 3304 44926
6027 3696 44926
975 3415 60731
975 3585 60731
3415 975 60731
3415 6025 60731
3585 975 60731
3585 6025 60731
6025 3415 60731
6025 3585 60731
978 2680 86266
978 4320 86266
2680 978 86266
2680 6022 86266
4320 978 86266
4320 6022 86266
6022 2680 86266
6022 4320 86266
978 2870 41633
978 4130 41633
2870 978 41633
2870 6022 41633
4130 978 41633
4130 6022 41633
6022 2870 41633
6022 4130 41633
978 3388 31967
978 3612 31967
3388 978 31967
3388 6022 31967
3612 978 31967
3612 6022 31967
6022 3388 31967
6022 3612 31967
981 2411 30739
981 4589 30739
2411 981 30739
2411 6019 30739
4589 981 30739
4589 6019 30739
6019 2411 30739
6019 4589 30739
987 1935 299786
987 5065 299786
1935 987 299786
1935 6013 299786
5065 987 299786
5065 6013 299786
6013 1935 299786
6013 5065 299786
989 3342 135587
989 3658 135587
3342 989 135587
3342 6011 135587
3658 989 135587
3658 6011 135587
6011 3342 135587
6011 3658 135587
990 1956 179314
990 5044 179314
1956 990 179314
1956 6010 179314
5044 990 179314
5044 6010 179314
6010 1956 179314
6010 5044 179314
994 3047 71805
994 3953 71805
3047 994 71805
3047 6006 71805
3953 994 71805
3953 6006 71805
6006 3047 71805
6006 3953 71805
1108 2993 46319
1108 4007 46319
2993 1108 46319
2993 5892 46319
4007 1108 46319
4007 5892 46319
5892 2993 46319
5892 4007 46319
1108 3007 61215
1108 3993 61215
3007 1108 61215
3007 5892 61215
3993 1108 61215
3993 5892 61215
5892 3007 61215
5892 3993 61215
1113 1998 12491
1113 5002 12491
1998 1113 12491
1998 5887 12491
5002 1113 12491
5002 5887 12491
5887 1998 12491
5887 5002 12491
1460 2910 65113
1460 4090 65113
2910 1460 65113
2910 5540 65113
4090 1460 65113
4090 5540 65113
5540 2910 65113
5540 4090 65113
1482 1875 305076
1482 5125 305076
1875 1482 305076
1875 5518 305076
5125 1482 305076
5125 5518 305076
5518 1875 305076
5518 5125 305076
1490 1870 488441
1490 5130 488441
1870 1490 488441
1870 5510 488441
5130 1490 488441
5130 5510 488441
5510 1870 488441
5510 5130 488441
1499 1863 409058
1499 5137 409058
1863 1499 409058
1863 5501 409058
5137 1499 409058
5137 5501 409058
5501 1863 409058
5501 5137 409058
1520 1854 69552
1520 5146 69552
1854 1520 69552
1854 5480 69552
5146 1520 69552
5146 5480 69552
5480 1854 69552
5480 5146 69552
1527 2850 150154
1527 4150 150154
2850 1527 150154
2850 5473 150154
4150 1527 150154
4150 5473 150154
5473 2850 150154
5473 4150 150154
1531 1846 72175
1531 5154 72175
1846 1531 72175
1846 5469 72175
5154 1531 72175
5154 5469 72175
5469 1846 72175
5469 5154 72175
1546 1837 83822
1546 5163 83822
1837 1546 83822
1837 5454 83822
5163 1546 83822
5163 5454 83822
5454 1837 83822
5454 5163 83822
1568 1823 2
1568 5177 2
1823 1568 2
1823 5432 2
5177 1568 2
5177 5432 2
5432 1823 2
5432 5177 2
1569 3180 170225
1569 3820 170225
3180 1569 170225
3180 5431 170225
3820 1569 170225
3820 5431 170225
5431 3180 170225
5431 3820 170225
1574 1811 217854
1574 5189 217854
1811 1574 217854
1811 5426 217854
5189 1574 217854
5189 5426 217854
5426 1811 217854
5426 5189 217854
1587 2809 81475
1587 4191 81475
2809 1587 81475
2809 5413 81475
4191 1587 81475
4191 5413 81475
5413 2809 81475
5413 4191 81475
1592 1804 417210
1592 5196 417210
1804 1592 417210
1804 5408 417210
5196 1592 417210
5196 5408 417210
5408 1804 417210
5408 5196 417210
1592 3195 2
1592 3805 2
3195 1592 2
3195 5408 2
3805 1592 2
3805 5408 2
5408 3195 2
5408 3805 2
1600 2201 53096
1600 4799 53096
2201 1600 53096
2201 5400 53096
4799 1600 53096
4799 5400 53096
5400 2201 53096
5400 4799 53096
1602 2797 112600
1602 4203 112600
2797 1602 112600
2797 5398 112600
4203 1602 112600
4203 5398 112600
5398 2797 112600
5398 4203 112600
1602 3203 195987
1602 3797 195987
3203 1602 195987
3203 5398 195987
3797 1602 195987
3797 5398 195987
5398 3203 195987
5398 3797 195987
1609 2221 2
1609 4779 2
2221 1609 2
2221 5391 2
4779 1609 2
4779 5391 2
5391 2221 2
5391 4779 2
1613 2220 328509
1613 4780 328509
2220 1613 328509
2220 5387 328509
4780 1613 328509
4780 5387 328509
5387 2220 328509
5387 4780 328509
1620 1780 320119
1620 5220 320119
1780 1620 320119
1780 5380 320119
5220 1620 320119
5220 5380 320119
5380 1780 320119
5380 5220 320119
1620 2235 12909
1620 4765 12909
2235 1620 12909
2235 5380 12909
4765 1620 12909
4765 5380 12909
5380 2235 12909
5380 4765 12909
1630 1742 14190
1630 5258 14190
1742 1630 14190
1742 5370 14190
5258 1630 14190
5258 5370 14190
5370 1742 14190
5370 5258 14190
1630 2684 2
1630 4316 2
2684 1630 2
2684 5370 2
4316 1630 2
4316 5370 2
5370 2684 2
5370 4316 2
1644 2764 493414
1644 4236 493414
2764 1644 493414
2764 5356 493414
4236 1644 493414
4236 5356 493414
5356 2764 493414
5356 4236 493414
1644 3236 332026
1644 3764 332026
3236 1644 332026
3236 5356 332026
3764 1644 332026
3764 5356 332026
5356 3236 332026
5356 3764 332026
1648 2706 14882
1648 4294 14882
2706 1648 14882
2706 5352 14882
4294 1648 14882
4294 5352 14882
5352 2706 14882
5352 4294 14882
1648 3294 151724
1648 3706 151724
3294 1648 151724
3294 5352 151724
3706 1648 151724
3706 5352 151724
5352 3294 151724
5352 3706 151724
1660 1736 33032
1660 5264 33032
1736 1660 33032
1736 5340 33032
5264 1660 33032
5264 5340 33032
5340 1736 33032
5340 5264 33032
1662 2670 126347
1662 4330 126347
2670 1662 126347
2670 5338 126347
4330 1662 126347
4330 5338 126347
5338 2670 126347
5338 4330 126347
1668 1742 122449
1668 5258 122449
1742 1668 122449
1742 5332 122449
5258 1668 122449
5258 5332 122449
5332 1742 122449
5332 5258 122449
1672 2262 257292
1672 4738 257292
2262 1672 257292
2262 5328 257292
4738 1672 257292
4738 5328 257292
5328 2262 257292
5328 4738 257292
1672 2738 658320
1672 4262 658320
2738 1672 658320
2738 5328 658320
4262 1672 658320
4262 5328 658320
5328 2738 658320
5328 4262 658320
1672 3262 2
1672 3738 2
3262 1672 2
3262 5328 2
3738 1672 2
3738 5328 2
5328 3262 2
5328 3738 2
1680 2667 2
1680 4333 2
2667 1680 2
2667 5320 2
4333 1680 2
4333 5320 2
5320 2667 2
5320 4333 2
1690 3327 2
1690 3673 2
3327 1690 2
3327 5310 2
3673 1690 2
3673 5310 2
5310 3327 2
5310 3673 2
1698 2714 238043
1698 4286 238043
2714 1698 238043
2714 5302 238043
4286 1698 238043
4286 5302 238043
5302 2714 238043
5302 4286 238043
1698 3286 251122
1698 3714 251122
3286 1698 251122
3286 5302 251122
3714 1698 251122
3714 5302 251122
5302 3286 251122
5302 3714 251122
1716 2359 2
1716 4641 2
2359 1716 2
2359 5284 2
4641 1716 2
4641 5284 2
5284 2359 2
5284 4641 2
1716 3359 2
1716 3641 2
3359 1716 2
3359 5284 2
3641 1716 2
3641 5284 2
5284 3359 2
5284 3641 2
1717 2617 294467
1717 4383 294467
2617 1717 294467
2617 5283 294467
4383 1717 294467
4383 5283 294467
5283 2617 294467
5283 4383 294467
1717 3383 2
1717 3617 2
3383 1717 2
3383 5283 2
3617 1717 2
3617 5283 2
5283 3383 2
5283 3617 2
1760 3417 2
1760 3583 2
3417 1760 2
3417 5240 2
3583 1760 2
3583 5240 2
5240 3417 2
5240 3583 2
1769 2370 393939
1769 4630 393939
2370 1769 393939
2370 5231 393939
4630 1769 393939
4630 5231 393939
5231 2370 393939
5231 4630 393939
1769 2630 132060
1769 4370 132060
2630 1769 132060
2630 5231 132060
4370 1769 132060
4370 5231 132060
5231 2630 132060
5231 4370 132060
1769 3370 290346
1769 3630 290346
3370 1769 290346
3370 5231 290346
3630 1769 290346
3630 5231 290346
5231 3370 290346
5231 3630 290346
1780 2570 426176
1780 4430 426176
2570 1780 426176
2570 5220 426176
4430 1780 426176
4430 5220 426176
5220 2570 426176
5220 4430 426176
1780 3430 19728
1780 3570 19728
3430 1780 19728
3430 5220 19728
3570 1780 19728
3570 5220 19728
5220 3430 19728
5220 3570 19728
1793 2396 2
1793 4604 2
2396 1793 2
2396 5207 2
4604 1793 2
4604 5207 2
5207 2396 2
5207 4604 2
1793 3396 344870
1793 3604 344870
3396 1793 344870
3396 5207 344870
3604 1793 344870
3604 5207 344870
5207 3396 344870
5207 3604 344870
1797 3405 72280
1797 3595 72280
3405 1797 72280
3405 5203 72280
3595 1797 72280
3595 5203 72280
5203 3405 72280
5203 3595 72280
1812 2430 450436
1812 4570 450436
2430 1812 450436
2430 5188 450436
4570 1812 450436
4570 5188 450436
5188 2430 450436
5188 4570 450436
1812 2570 513967
1812 4430 513967
2570 1812 513967
2570 5188 513967
4430 1812 513967
4430 5188 513967
5188 2570 513967
5188 4430 513967
1812 3430 493654
1812 3570 493654
3430 1812 493654
3430 5188 493654
3570 1812 493654
3570 5188 493654
5188 3430 493654
5188 3570 493654
1826 2460 147408
1826 4540 147408
2460 1826 147408
2460 5174 147408
4540 1826 147408
4540 5174 147408
5174 2460 147408
5174 4540 147408
1826 3460 260143
1826 3540 260143
3460 1826 260143
3460 5174 260143
3540 1826 260143
3540 5174 260143
5174 3460 260143
5174 3540 260143
1830 2510 2
1830 4490 2
2510 1830 2
2510 5170 2
4490 1830 2
4490 5170 2
5170 2510 2
5170 4490 2
1830 3490 2
1830 3510 2
3490 1830 2
3490 5170 2
3510 1830 2
3510 5170 2
5170 3490 2
5170 3510 2
1861 2497 539119
1861 4503 539119
2497 1861 539119
2497 5139 539119
4503 1861 539119
4503 5139 539119
5139 2497 539119
5139 4503 539119
1861 2503 2
1861 4497 2
2503 1861 2
2503 5139 2
4497 1861 2
4497 5139 2
5139 2503 2
5139 4497 2
1861 3497 755699
1861 3503 755699
3497 1861 755699
3497 5139 755699
3503 1861 755699
3503 5139 755699
5139 3497 755699
5139 3503 755699
1864 2503 326849
1864 4497 326849
2503 1864 326849
2503 5136 326849
4497 1864 326849
4497 5136 326849
5136 2503 326849
5136 4497 326849
1868 2499 229108
1868 4501 229108
2499 1868 229108
2499 5132 229108
4501 1868 229108
4501 5132 229108
5132 2499 229108
5132 4501 229108
1896 2444 11537
1896 4556 11537
2444 1896 11537
2444 5104 11537
4556 1896 11537
4556 5104 11537
5104 2444 11537
5104 4556 11537
1963 2730 241676
1963 4270 241676
2730 1963 241676
2730 5037 241676
4270 1963 241676
4270 5037 241676
5037 2730 241676
5037 4270 241676
1963 3270 139103
1963 3730 139103
3270 1963 139103
3270 5037 139103
3730 1963 139103
3730 5037 139103
5037 3270 139103
5037 3730 139103
1970 2751 67909
1970 4249 67909
2751 1970 67909
2751 5030 67909
4249 1970 67909
4249 5030 67909
5030 2751 67909
5030 4249 67909
1971 2732 267275
1971 4268 267275
2732 1971 267275
2732 5029 267275
4268 1971 267275
4268 5029 267275
5029 2732 267275
5029 4268 267275
2132 2626 113656
2132 4374 113656
2626 2132 113656
2626 4868 113656
4374 2132 113656
4374 4868 113656
4868 2626 113656
4868 4374 113656
2269 2491 2
2269 4509 2
2491 2269 2
2491 4731 2
4509 2269 2
4509 4731 2
4731 2491 2
4731 4509 2
2279 3465 2
2279 3535 2
3465 2279 2
3465 4721 2
3535 2279 2
3535 4721 2
4721 3465 2
4721 3535 2
2299 2521 180187
2299 4479 180187
2521 2299 180187
2521 4701 180187
4479 2299 180187
4479 4701 180187
4701 2521 180187
4701 4479 180187
2319 3500 95245
3500 2319 95245
3500 4681 95245
4681 3500 95245
2461 3259 11751
2461 3741 11751
3259 2461 11751
3259 4539 11751
3741 2461 11751
3741 4539 11751
4539 3259 11751
4539 3741 11751
2479 3299 2
2479 3701 2
3299 2479 2
3299 4521 2
3701 2479 2
3701 4521 2
4521 3299 2
4521 3701 2
2481 2717 2
2481 4283 2
2717 2481 2
2717 4519 2
4283 2481 2
4283 4519 2
4519 2717 2
4519 4283 2
2481 3283 45155
2481 3717 45155
3283 2481 45155
3283 4519 45155
3717 2481 45155
3717 4519 45155
4519 3283 45155
4519 3717 45155
2485 2860 2
2485 4140 2
2860 2485 2
2860 4515 2
4140 2485 2
4140 4515 2
4515 2860 2
4515 4140 2
2491 2731 2
2491 4269 2
2731 2491 2
2731 4509 2
4269 2491 2
4269 4509 2
4509 2731 2
4509 4269 2
2491 3269 64552
2491 3731 64552
3269 2491 64552
3269 4509 64552
3731 2491 64552
3731 4509 64552
4509 3269 64552
4509 3731 64552
2519 2717 2
2519 4283 2
2717 2519 2
2717 4481 2
4283 2519 2
4283 4481 2
4481 2717 2
4481 4283 2
2519 3283 6670
2519 3717 6670
3283 2519 6670
3283 4481 6670
3717 2519 6670
3717 4481 6670
4481 3283 6670
4481 3717 6670
2521 2701 139548
2521 4299 139548
2701 2521 139548
2701 4479 139548
4299 2521 139548
4299 4479 139548
4479 2701 139548
4479 4299 139548
2558 2762 2
2558 4238 2
2762 2558 2
2762 4442 2
4238 2558 2
4238 4442 2
4442 2762 2
4442 4238 2
2562 2824 146043
2562 4176 146043
2824 2562 146043
2824 4438 146043
4176 2562 146043
4176 4438 146043
4438 2824 146043
4438 4176 146043
2626 2868 2
2626 4132 2
2868 2626 2
2868 4374 2
4132 2626 2
4132 4374 2
4374 2868 2
4374 4132 2
2629 3110 2
2629 3890 2
3110 2629 2
3110 4371 2
3890 2629 2
3890 4371 2
4371 3110 2
4371 3890 2
2641 2868 225505
2641 4132 225505
2868 2641 225505
2868 4359 225505
4132 2641 225505
4132 4359 225505
4359 2868 225505
4359 4132 225505
2681 3500 2
3500 2681 2
3500 4319 2
4319 3500 2
2684 3081 39326
2684 3919 39326
3081 2684 39326
3081 4316 39326
3919 2684 39326
3919 4316 39326
4316 3081 39326
4316 3919 39326
2696 2943 45574
2696 4057 45574
2943 2696 45574
2943 4304 45574
4057 2696 45574
4057 4304 45574
4304 2943 45574
4304 4057 45574
2730 3454 2
2730 3546 2
3454 2730 2
3454 4270 2
3546 2730 2
3546 4270 2
4270 3454 2
4270 3546 2
2737 2981 96347
2737 4019 96347
2981 2737 96347
2981 4263 96347
4019 2737 96347
4019 4263 96347
4263 2981 96347
4263 4019 96347
2744 2966 8515
2744 4034 8515
2966 2744 8515
2966 4256 8515
4034 2744 8515
4034 4256 8515
4256 2966 8515
4256 4034 8515
2748 2971 69288
2748 4029 69288
2971 2748 69288
2971 4252 69288
4029 2748 69288
4029 4252 69288
4252 2971 69288
4252 4029 69288
2785 3441 87294
2785 3559 87294
3441 2785 87294
3441 4215 87294
3559 2785 87294
3559 4215 87294
4215 3441 87294
4215 3559 87294
2920 3316 60208
2920 3684 60208
3316 2920 60208
3316 4080 60208
3684 2920 60208
3684 4080 60208
4080 3316 60208
4080 3684 60208
3221 3419 27067
3221 3581 27067
3419 3221 27067
3419 3779 27067
3581 3221 27067
3581 3779 27067
3779 3419 27067
3779 3581 27067
3283 3481 23092
3283 3519 23092
3481 3283 23092
3481 3717 23092
3519 3283 23092
3519 3717 23092
3717 3481 23092
3717 3519 23092
3299 3479 2
3299 3521 2
3479 3299 2
3479 3701 2
3521 3299 2
3521 3701 2
3701 3479 2
3701 3521 2
2780 3205 2
2780 3795 2
3205 2780 2
3205 4220 2
3795 2780 2
3795 4220 2
4220 3205 2
4220 3795 2
2800 3210 76043
2800 3790 76043
3210 2800 76043
3210 4200 76043
3790 2800 76043
3790 4200 76043
4200 3210 76043
4200 3790 76043
2712 3300 14468
2712 3700 14468
3300 2712 14468
3300 4288 14468
3700 2712 14468
3700 4288 14468
4288 3300 14468
4288 3700 14468
2420 3500 2
3500 2420 2
3500 4580 2
4580 3500 2
3370 3495 2
3370 3505 2
3495 3370 2
3495 3630 2
3505 3370 2
3505 3630 2
3630 3495 2
3630 3505 2
3370 3490 42045
3370 3510 42045
3490 3370 42045
3490 3630 42045
3510 3370 42045
3510 3630 42045
3630 3490 42045
3630 3510 42045
3389 3460 82231
3389 3540 82231
3460 3389 82231
3460 3611 82231
3540 3389 82231
3540 3611 82231
3611 3460 82231
3611 3540 82231
2501 3430 2
2501 3570 2
3430 2501 2
3430 4499 2
3570 2501 2
3570 4499 2
4499 3430 2
4499 3570 2
3360 3500 70267
3500 3360 70267
3500 3640 70267
3640 3500 70267
2540 3459 2
2540 3541 2
3459 2540 2
3459 4460 2
3541 2540 2
3541 4460 2
4460 3459 2
4460 3541 2
2530 3462 2
2530 3538 2
3462 2530 2
3462 4470 2
3538 2530 2
3538 4470 2
4470 3462 2
4470 3538 2
2560 3470 7466
2560 3530 7466
3470 2560 7466
3470 4440 7466
3530 2560 7466
3530 4440 7466
4440 3470 7466
4440 3530 7466
3379 3465 77095
3379 3535 77095
3465 3379 77095
3465 3621 77095
3535 3379 77095
3535 3621 77095
3621 3465 77095
3621 3535 77095
2510 3428 260855
2510 3572 260855
3428 2510 260855
3428 4490 260855
3572 2510 260855
3572 4490 260855
4490 3428 260855
4490 3572 260855
2540 3448 273484
2540 3552 273484
3448 2540 273484
3448 4460 273484
3552 2540 273484
3552 4460 273484
4460 3448 273484
4460 3552 273484
2550 3447 87223
2550 3553 87223
3447 2550 87223
3447 4450 87223
3553 2550 87223
3553 4450 87223
4450 3447 87223
4450 3553 87223
2630 3497 2
2630 3503 2
3497 2630 2
3497 4370 2
3503 2630 2
3503 4370 2
4370 3497 2
4370 3503 2
2620 3491 2
2620 3509 2
3491 2620 2
3491 4380 2
3509 2620 2
3509 4380 2
4380 3491 2
4380 3509 2
2600 3490 29761
2600 3510 29761
3490 2600 29761
3490 4400 29761
3510 2600 29761
3510 4400 29761
4400 3490 29761
4400 3510 29761
2590 3490 237968
2590 3510 237968
3490 2590 237968
3490 4410 237968
3510 2590 237968
3510 4410 237968
4410 3490 237968
4410 3510 237968
2590 3480 119059
2590 3520 119059
3480 2590 119059
3480 4410 119059
3520 2590 119059
3520 4410 119059
4410 3480 119059
4410 3520 119059
2580 3490 249236
2580 3510 249236
3490 2580 249236
3490 4420 249236
3510 2580 249236
3510 4420 249236
4420 3490 249236
4420 3510 249236
2580 3480 2
2580 3520 2
3480 2580 2
3480 4420 2
3520 2580 2
3520 4420 2
4420 3480 2
4420 3520 2
2570 3490 2
2570 3510 2
3490 2570 2
3490 4430 2
3510 2570 2
3510 4430 2
4430 3490 2
4430 3510 2
2570 3480 2
2570 3520 2
3480 2570 2
3480 4430 2
3520 2570 2
3520 4430 2
4430 3480 2
4430 3520 2
3406 3418 2
3406 3582 2
3418 3406 2
3418 3594 2
3582 3406 2
3582 3594 2
3594 3418 2
3594 3582 2
3396 3428 2
3396 3572 2
3428 3396 2
3428 3604 2
3572 3396 2
3572 3604 2
3604 3428 2
3604 3572 2
3387 3439 169090
3387 3561 169090
3439 3387 169090
3439 3613 169090
3561 3387 169090
3561 3613 169090
3613 3439 169090
3613 3561 169090
2479 3430 91504
2479 3570 91504
3430 2479 91504
3430 4521 91504
3570 2479 91504
3570 4521 91504
4521 3430 91504
4521 3570 91504
2490 3419 203561
2490 3581 203561
3419 2490 203561
3419 4510 203561
3581 2490 203561
3581 4510 203561
4510 3419 203561
4510 3581 203561
2530 3429 257105
2530 3571 257105
3429 2530 257105
3429 4470 257105
3571 2530 257105
3571 4470 257105
4470 3429 257105
4470 3571 257105
2492 3410 313481
2492 3590 313481
3410 2492 313481
3410 4508 313481
3590 2492 313481
3590 4508 313481
4508 3410 313481
4508 3590 313481
2370 2440 97518
2370 4560 97518
2440 2370 97518
2440 4630 97518
4560 2370 97518
4560 4630 97518
4630 2440 97518
4630 4560 97518
2385 2424 52277
2385 4576 52277
2424 2385 52277
2424 4615 52277
4576 2385 52277
4576 4615 52277
4615 2424 52277
4615 4576 52277
2374 2453 10660
2374 4547 10660
2453 2374 10660
2453 4626 10660
4547 2374 10660
4547 4626 10660
4626 2453 10660
4626 4547 10660
2383 2441 41429
2383 4559 41429
2441 2383 41429
2441 4617 41429
4559 2383 41429
4559 4617 41429
4617 2441 41429
4617 4559 41429
2390 2440 75051
2390 4560 75051
2440 2390 75051
2440 4610 75051
4560 2390 75051
4560 4610 75051
4610 2440 75051
4610 4560 75051
2377 2430 33103
2377 4570 33103
2430 2377 33103
2430 4623 33103
4570 2377 33103
4570 4623 33103
4623 2430 33103
4623 4570 33103
1985 2144 69358
1985 4856 69358
2144 1985 69358
2144 5015 69358
4856 1985 69358
4856 5015 69358
5015 2144 69358
5015 4856 69358
2369 2460 12848
2369 4540 12848
2460 2369 12848
2460 4631 12848
4540 2369 12848
4540 4631 12848
4631 2460 12848
4631 4540 12848
2360 2430 8515
2360 4570 8515
2430 2360 8515
2430 4640 8515
4570 2360 8515
4570 4640 8515
4640 2430 8515
4640 4570 8515
1874 2789 155410
1874 4211 155410
2789 1874 155410
2789 5126 155410
4211 1874 155410
4211 5126 155410
5126 2789 155410
5126 4211 155410
1882 2786 2404
1882 4214 2404
2786 1882 2404
2786 5118 2404
4214 1882 2404
4214 5118 2404
5118 2786 2404
5118 4214 2404
1880 2780 34466
1880 4220 34466
2780 1880 34466
2780 5120 34466
4220 1880 34466
4220 5120 34466
5120 2780 34466
5120 4220 34466
1078 2462 29576
1078 4538 29576
2462 1078 29576
2462 5922 29576
4538 1078 29576
4538 5922 29576
5922 2462 29576
5922 4538 29576
2893 3417 2
2893 3583 2
3417 2893 2
3417 4107 2
3583 2893 2
3583 4107 2
4107 3417 2
4107 3583 2
1885 2766 57492
1885 4234 57492
2766 1885 57492
2766 5115 57492
4234 1885 57492
4234 5115 57492
5115 2766 57492
5115 4234 57492
2894 3430 33428
2894 3570 33428
3430 2894 33428
3430 4106 33428
3570 2894 33428
3570 4106 33428
4106 3430 33428
4106 3570 33428
2600 2756 26781
2600 4244 26781
2756 2600 26781
2756 4400 26781
4244 2600 26781
4244 4400 26781
4400 2756 26781
4400 4244 26781
2873 3490 72862
2873 3510 72862
3490 2873 72862
3490 4127 72862
3510 2873 72862
3510 4127 72862
4127 3490 72862
4127 3510 72862
1804 2833 26485
1804 4167 26485
2833 1804 26485
2833 5196 26485
4167 1804 26485
4167 5196 26485
5196 2833 26485
5196 4167 26485
997 3018 53231
997 3982 53231
3018 997 53231
3018 6003 53231
3982 997 53231
3982 6003 53231
6003 3018 53231
6003 3982 53231
1931 3170 55510
1931 3830 55510
3170 1931 55510
3170 5069 55510
3830 1931 55510
3830 5069 55510
5069 3170 55510
5069 3830 55510
1900 3152 84235
1900 3848 84235
3152 1900 84235
3152 5100 84235
3848 1900 84235
3848 5100 84235
5100 3152 84235
5100 3848 84235
909 2984 159549
909 4016 159549
2984 909 159549
2984 6091 159549
4016 909 159549
4016 6091 159549
6091 2984 159549
6091 4016 159549
1899 3183 74689
1899 3817 74689
3183 1899 74689
3183 5101 74689
3817 1899 74689
3817 5101 74689
5101 3183 74689
5101 3817 74689
2363 2925 89162
2363 4075 89162
2925 2363 89162
2925 4637 89162
4075 2363 89162
4075 4637 89162
4637 2925 89162
4637 4075 89162
1985 2989 2
1985 4011 2
2989 1985 2
2989 5015 2
4011 1985 2
4011 5015 2
5015 2989 2
5015 4011 2
1952 3177 15674
1952 3823 15674
3177 1952 15674
3177 5048 15674
3823 1952 15674
3823 5048 15674
5048 3177 15674
5048 3823 15674
1482 3079 64234
1482 3921 64234
3079 1482 64234
3079 5518 64234
3921 1482 64234
3921 5518 64234
5518 3079 64234
5518 3921 64234
2291 2710 2
2291 4290 2
2710 2291 2
2710 4709 2
4290 2291 2
4290 4709 2
4709 2710 2
4709 4290 2
2389 2911 83266
2389 4089 83266
2911 2389 83266
2911 4611 83266
4089 2389 83266
4089 4611 83266
4611 2911 83266
4611 4089 83266
2300 2708 2
2300 4292 2
2708 2300 2
2708 4700 2
4292 2300 2
4292 4700 2
4700 2708 2
4700 4292 2
1951 3190 53163
1951 3810 53163
3190 1951 53163
3190 5049 53163
3810 1951 53163
3810 5049 53163
5049 3190 53163
5049 3810 53163
990 1983 190111
990 5017 190111
1983 990 190111
1983 6010 190111
5017 990 190111
5017 6010 190111
6010 1983 190111
6010 5017 190111
2070 3499 121242
2070 3501 121242
3499 2070 121242
3499 4930 121242
3501 2070 121242
3501 4930 121242
4930 3499 121242
4930 3501 121242
2110 3332 15556
2110 3668 15556
3332 2110 15556
3332 4890 15556
3668 2110 15556
3668 4890 15556
4890 3332 15556
4890 3668 15556
649 2871 88090
649 4129 88090
2871 649 88090
2871 6351 88090
4129 649 88090
4129 6351 88090
6351 2871 88090
6351 4129 88090
2896 3499 2526
2896 3501 2526
3499 2896 2526
3499 4104 2526
3501 2896 2526
3501 4104 2526
4104 3499 2526
4104 3501 2526
1462 2890 59355
1462 4110 59355
2890 1462 59355
2890 5538 59355
4110 1462 59355
4110 5538 59355
5538 2890 59355
5538 4110 59355
2351 3410 2
2351 3590 2
3410 2351 2
3410 4649 2
3590 2351 2
3590 4649 2
4649 3410 2
4649 3590 2
2344 3430 20752
2344 3570 20752
3430 2344 20752
3430 4656 20752
3570 2344 20752
3570 4656 20752
4656 3430 20752
4656 3570 20752
2356 3443 141682
2356 3557 141682
3443 2356 141682
3443 4644 141682
3557 2356 141682
3557 4644 141682
4644 3443 141682
4644 3557 141682
2356 3468 310022
2356 3532 310022
3468 2356 310022
3468 4644 310022
3532 2356 310022
3532 4644 310022
4644 3468 310022
4644 3532 310022
2347 3445 104348
2347 3555 104348
3445 2347 104348
3445 4653 104348
3555 2347 104348
3555 4653 104348
4653 3445 104348
4653 3555 104348
2475 3070 84974
2475 3930 84974
3070 2475 84974
3070 4525 84974
3930 2475 84974
3930 4525 84974
4525 3070 84974
4525 3930 84974
1115 1996 22819
1115 5004 22819
1996 1115 22819
1996 5885 22819
5004 1115 22819
5004 5885 22819
5885 1996 22819
5885 5004 22819
2968 2968 19893
2968 4032 19893
4032 2968 19893
4032 4032 19893
2943 3017 5307
2943 3983 5307
3017 2943 5307
3017 4057 5307
3983 2943 5307
3983 4057 5307
4057 3017 5307
4057 3983 5307
1080 1995 27427
1080 5005 27427
1995 1080 27427
1995 5920 27427
5005 1080 27427
5005 5920 27427
5920 1995 27427
5920 5005 27427
2900 3328 6416
2900 3672 6416
3328 2900 6416
3328 4100 6416
3672 2900 6416
3672 4100 6416
4100 3328 6416
4100 3672 6416
991 3079 36900
991 3921 36900
3079 991 36900
3079 6009 36900
3921 991 36900
3921 6009 36900
6009 3079 36900
6009 3921 36900
2940 2980 54514
2940 4020 54514
2980 2940 54514
2980 4060 54514
4020 2940 54514
4020 4060 54514
4060 2980 54514
4060 4020 54514
2085 2524 11533
2085 4476 11533
2524 2085 11533
2524 4915 11533
4476 2085 11533
4476 4915 11533
4915 2524 11533
4915 4476 11533
2960 2970 12503
2960 4030 12503
2970 2960 12503
2970 4040 12503
4030 2960 12503
4030 4040 12503
4040 2970 12503
4040 4030 12503
2190 2607 70689
2190 4393 70689
2607 2190 70689
2607 4810 70689
4393 2190 70689
4393 4810 70689
4810 2607 70689
4810 4393 70689
877 2240 167291
877 4760 167291
2240 877 167291
2240 6123 167291
4760 877 167291
4760 6123 167291
6123 2240 167291
6123 4760 167291
2174 2619 126088
2174 4381 126088
2619 2174 126088
2619 4826 126088
4381 2174 126088
4381 4826 126088
4826 2619 126088
4826 4381 126088
2726 2849 105591
2726 4151 105591
2849 2726 105591
2849 4274 105591
4151 2726 105591
4151 4274 105591
4274 2849 105591
4274 4151 105591
2862 3353 105937
2862 3647 105937
3353 2862 105937
3353 4138 105937
3647 2862 105937
3647 4138 105937
4138 3353 105937
4138 3647 105937
2164 2627 52436
2164 4373 52436
2627 2164 52436
2627 4836 52436
4373 2164 52436
4373 4836 52436
4836 2627 52436
4836 4373 52436
1830 2165 3742
1830 4835 3742
2165 1830 3742
2165 5170 3742
4835 1830 3742
4835 5170 3742
5170 2165 3742
5170 4835 3742
2953 3278 26378
2953 3722 26378
3278 2953 26378
3278 4047 26378
3722 2953 26378
3722 4047 26378
4047 3278 26378
4047 3722 26378
2761 2828 122559
2761 4172 122559
2828 2761 122559
2828 4239 122559
4172 2761 122559
4172 4239 122559
4239 2828 122559
4239 4172 122559
2943 3020 84582
2943 3980 84582
3020 2943 84582
3020 4057 84582
3980 2943 84582
3980 4057 84582
4057 3020 84582
4057 3980 84582
2760 2830 14005
2760 4170 14005
2830 2760 14005
2830 4240 14005
4170 2760 14005
4170 4240 14005
4240 2830 14005
4240 4170 14005
1991 3042 22106
1991 3958 22106
3042 1991 22106
3042 5009 22106
3958 1991 22106
3958 5009 22106
5009 3042 22106
5009 3958 22106
2775 2808 70452
2775 4192 70452
2808 2775 70452
2808 4225 70452
4192 2775 70452
4192 4225 70452
4225 2808 70452
4225 4192 70452
790 2570 2
790 4430 2
2570 790 2
2570 6210 2
4430 790 2
4430 6210 2
6210 2570 2
6210 4430 2
787 2570 2
787 4430 2
2570 787 2
2570 6213 2
4430 787 2
4430 6213 2
6213 2570 2
6213 4430 2
780 2322 2
780 4678 2
2322 780 2
2322 6220 2
4678 780 2
4678 6220 2
6220 2322 2
6220 4678 2
779 2322 2
779 4678 2
2322 779 2
2322 6221 2
4678 779 2
4678 6221 2
6221 2322 2
6221 4678 2
2780 2798 2
2780 4202 2
2798 2780 2
2798 4220 2
4202 2780 2
4202 4220 2
4220 2798 2
4220 4202 2
2778 2798 44855
2778 4202 44855
2798 2778 44855
2798 4222 44855
4202 2778 44855
4202 4222 44855
4222 2798 44855
4222 4202 44855
989 2913 63186
989 4087 63186
2913 989 63186
2913 6011 63186
4087 989 63186
4087 6011 63186
6011 2913 63186
6011 4087 63186
815 2299 2
815 4701 2
2299 815 2
2299 6185 2
4701 815 2
4701 6185 2
6185 2299 2
6185 4701 2
1920 2789 49376
1920 4211 49376
2789 1920 49376
2789 5080 49376
4211 1920 49376
4211 5080 49376
5080 2789 49376
5080 4211 49376
1917 2768 73125
1917 4232 73125
2768 1917 73125
2768 5083 73125
4232 1917 73125
4232 5083 73125
5083 2768 73125
5083 4232 73125
1990 2938 35889
1990 4062 35889
2938 1990 35889
2938 5010 35889
4062 1990 35889
4062 5010 35889
5010 2938 35889
5010 4062 35889
2586 2786 129020
2586 4214 129020
2786 2586 129020
2786 4414 129020
4214 2586 129020
4214 4414 129020
4414 2786 129020
4414 4214 129020
900 3214 29799
900 3786 29799
3214 900 29799
3214 6100 29799
3786 900 29799
3786 6100 29799
6100 3214 29799
6100 3786 29799
913 3203 1132
913 3797 1132
3203 913 1132
3203 6087 1132
3797 913 1132
3797 6087 1132
6087 3203 1132
6087 3797 1132
2990 3179 23099
2990 3821 23099
3179 2990 23099
3179 4010 23099
3821 2990 23099
3821 4010 23099
4010 3179 23099
4010 3821 23099
2426 2606 175661
2426 4394 175661
2606 2426 175661
2606 4574 175661
4394 2426 175661
4394 4574 175661
4574 2606 175661
4574 4394 175661
2668 3339 2
2668 3661 2
3339 2668 2
3339 4332 2
3661 2668 2
3661 4332 2
4332 3339 2
4332 3661 2
918 2709 92296
918 4291 92296
2709 918 92296
2709 6082 92296
4291 918 92296
4291 6082 92296
6082 2709 92296
6082 4291 92296
963 3336 32234
963 3664 32234
3336 963 32234
3336 6037 32234
3664 963 32234
3664 6037 32234
6037 3336 32234
6037 3664 32234
1734 2838 2
1734 4162 2
2838 1734 2
2838 5266 2
4162 1734 2
4162 5266 2
5266 2838 2
5266 4162 2
2670 3340 13992
2670 3660 13992
3340 2670 13992
3340 4330 13992
3660 2670 13992
3660 4330 13992
4330 3340 13992
4330 3660 13992
3149 3384 8575
3149 3616 8575
3384 3149 8575
3384 3851 8575
3616 3149 8575
3616 3851 8575
3851 3384 8575
3851 3616 8575
969 3340 101375
969 3660 101375
3340 969 101375
3340 6031 101375
3660 969 101375
3660 6031 101375
6031 3340 101375
6031 3660 101375
2327 2464 124817
2327 4536 124817
2464 2327 124817
2464 4673 124817
4536 2327 124817
4536 4673 124817
4673 2464 124817
4673 4536 124817
3147 3354 45432
3147 3646 45432
3354 3147 45432
3354 3853 45432
3646 3147 45432
3646 3853 45432
3853 3354 45432
3853 3646 45432
2646 3365 2
2646 3635 2
3365 2646 2
3365 4354 2
3635 2646 2
3635 4354 2
4354 3365 2
4354 3635 2
901 2714 40103
901 4286 40103
2714 901 40103
2714 6099 40103
4286 901 40103
4286 6099 40103
6099 2714 40103
6099 4286 40103
1205 1600 6031
1205 5400 6031
1600 1205 6031
1600 5795 6031
5400 1205 6031
5400 5795 6031
5795 1600 6031
5795 5400 6031
2492 2820 18631
2492 4180 18631
2820 2492 18631
2820 4508 18631
4180 2492 18631
4180 4508 18631
4508 2820 18631
4508 4180 18631
2482 2837 12128
2482 4163 12128
2837 2482 12128
2837 4518 12128
4163 2482 12128
4163 4518 12128
4518 2837 12128
4518 4163 12128
2247 3371 2
2247 3629 2
3371 2247 2
3371 4753 2
3629 2247 2
3629 4753 2
4753 3371 2
4753 3629 2
2983 3005 38777
2983 3995 38777
3005 2983 38777
3005 4017 38777
3995 2983 38777
3995 4017 38777
4017 3005 38777
4017 3995 38777
1995 2068 34308
1995 4932 34308
2068 1995 34308
2068 5005 34308
4932 1995 34308
4932 5005 34308
5005 2068 34308
5005 4932 34308
2949 3011 35300
2949 3989 35300
3011 2949 35300
3011 4051 35300
3989 2949 35300
3989 4051 35300
4051 3011 35300
4051 3989 35300
992 3066 26742
992 3934 26742
3066 992 26742
3066 6008 26742
3934 992 26742
3934 6008 26742
6008 3066 26742
6008 3934 26742
2852 3499 24492
2852 3501 24492
3499 2852 24492
3499 4148 24492
3501 2852 24492
3501 4148 24492
4148 3499 24492
4148 3501 24492
1624 2157 28173
1624 4843 28173
2157 1624 28173
2157 5376 28173
4843 1624 28173
4843 5376 28173
5376 2157 28173
5376 4843 28173
2718 3024 100714
2718 3976 100714
3024 2718 100714
3024 4282 100714
3976 2718 100714
3976 4282 100714
4282 3024 100714
4282 3976 100714
956 2261 2
956 4739 2
2261 956 2
2261 6044 2
4739 956 2
4739 6044 2
6044 2261 2
6044 4739 2
2697 3061 9559
2697 3939 9559
3061 2697 9559
3061 4303 9559
3939 2697 9559
3939 4303 9559
4303 3061 9559
4303 3939 9559
1466 1886 64017
1466 5114 64017
1886 1466 64017
1886 5534 64017
5114 1466 64017
5114 5534 64017
5534 1886 64017
5534 5114 64017
1538 2840 186941
1538 4160 186941
2840 1538 186941
2840 5462 186941
4160 1538 186941
4160 5462 186941
5462 2840 186941
5462 4160 186941
1958 2215 19167
1958 4785 19167
2215 1958 19167
2215 5042 19167
4785 1958 19167
4785 5042 19167
5042 2215 19167
5042 4785 19167
2434 3360 167135
2434 3640 167135
3360 2434 167135
3360 4566 167135
3640 2434 167135
3640 4566 167135
4566 3360 167135
4566 3640 167135
979 3075 64400
979 3925 64400
3075 979 64400
3075 6021 64400
3925 979 64400
3925 6021 64400
6021 3075 64400
6021 3925 64400
1859 3467 2
1859 3533 2
3467 1859 2
3467 5141 2
3533 1859 2
3533 5141 2
5141 3467 2
5141 3533 2
802 3369 2
802 3631 2
3369 802 2
3369 6198 2
3631 802 2
3631 6198 2
6198 3369 2
6198 3631 2
1549 2830 135577
1549 4170 135577
2830 1549 135577
2830 5451 135577
4170 1549 135577
4170 5451 135577
5451 2830 135577
5451 4170 135577
2423 3370 141514
2423 3630 141514
3370 2423 141514
3370 4577 141514
3630 2423 141514
3630 4577 141514
4577 3370 141514
4577 3630 141514
2410 3391 195801
2410 3609 195801
3391 2410 195801
3391 4590 195801
3609 2410 195801
3609 4590 195801
4590 3391 195801
4590 3609 195801
2409 3351 74208
2409 3649 74208
3351 2409 74208
3351 4591 74208
3649 2409 74208
3649 4591 74208
4591 3351 74208
4591 3649 74208
2380 3418 95125
2380 3582 95125
3418 2380 95125
3418 4620 95125
3582 2380 95125
3582 4620 95125
4620 3418 95125
4620 3582 95125
1881 2235 100133
1881 4765 100133
2235 1881 100133
2235 5119 100133
4765 1881 100133
4765 5119 100133
5119 2235 100133
5119 4765 100133
812 3283 2
812 3717 2
3283 812 2
3283 6188 2
3717 812 2
3717 6188 2
6188 3283 2
6188 3717 2
2777 3397 2
2777 3603 2
3397 2777 2
3397 4223 2
3603 2777 2
3603 4223 2
4223 3397 2
4223 3603 2
2387 3355 2
2387 3645 2
3355 2387 2
3355 4613 2
3645 2387 2
3645 4613 2
4613 3355 2
4613 3645 2
2631 3147 2
2631 3853 2
3147 2631 2
3147 4369 2
3853 2631 2
3853 4369 2
4369 3147 2
4369 3853 2
2403 3423 40832
2403 3577 40832
3423 2403 40832
3423 4597 40832
3577 2403 40832
3577 4597 40832
4597 3423 40832
4597 3577 40832
1947 3425 25698
1947 3575 25698
3425 1947 25698
3425 5053 25698
3575 1947 25698
3575 5053 25698
5053 3425 25698
5053 3575 25698
2060 2486 49117
2060 4514 49117
2486 2060 49117
2486 4940 49117
4514 2060 49117
4514 4940 49117
4940 2486 49117
4940 4514 49117
831 2392 2
831 4608 2
2392 831 2
2392 6169 2
4608 831 2
4608 6169 2
6169 2392 2
6169 4608 2
2626 2784 2
2626 4216 2
2784 2626 2
2784 4374 2
4216 2626 2
4216 4374 2
4374 2784 2
4374 4216 2
1643 3131 54188
1643 3869 54188
3131 1643 54188
3131 5357 54188
3869 1643 54188
3869 5357 54188
5357 3131 54188
5357 3869 54188
3367 3382 121807
3367 3618 121807
3382 3367 121807
3382 3633 121807
3618 3367 121807
3618 3633 121807
3633 3382 121807
3633 3618 121807
2339 2617 64440
2339 4383 64440
2617 2339 64440
2617 4661 64440
4383 2339 64440
4383 4661 64440
4661 2617 64440
4661 4383 64440
2577 3119 15719
2577 3881 15719
3119 2577 15719
3119 4423 15719
3881 2577 15719
3881 4423 15719
4423 3119 15719
4423 3881 15719
800 2614 83448
800 4386 83448
2614 800 83448
2614 6200 83448
4386 800 83448
4386 6200 83448
6200 2614 83448
6200 4386 83448
1691 1708 7431
1691 5292 7431
1708 1691 7431
1708 5309 7431
5292 1691 7431
5292 5309 7431
5309 1708 7431
5309 5292 7431
1690 1710 7942
1690 5290 7942
1710 1690 7942
1710 5310 7942
5290 1690 7942
5290 5310 7942
5310 1710 7942
5310 5290 7942
1545 2820 2
1545 4180 2
2820 1545 2
2820 5455 2
4180 1545 2
4180 5455 2
5455 2820 2
5455 4180 2
3343 3366 2
3343 3634 2
3366 3343 2
3366 3657 2
3634 3343 2
3634 3657 2
3657 3366 2
3657 3634 2
1995 3075 17456
1995 3925 17456
3075 1995 17456
3075 5005 17456
3925 1995 17456
3925 5005 17456
5005 3075 17456
5005 3925 17456
2988 3079 46468
2988 3921 46468
3079 2988 46468
3079 4012 46468
3921 2988 46468
3921 4012 46468
4012 3079 46468
4012 3921 46468
1093 2487 41704
1093 4513 41704
2487 1093 41704
2487 5907 41704
4513 1093 41704
4513 5907 41704
5907 2487 41704
5907 4513 41704
2171 3378 142642
2171 3622 142642
3378 2171 142642
3378 4829 142642
3622 2171 142642
3622 4829 142642
4829 3378 142642
4829 3622 142642
1093 3466 10189
1093 3534 10189
3466 1093 10189
3466 5907 10189
3534 1093 10189
3534 5907 10189
5907 3466 10189
5907 3534 10189
2990 3068 22770
2990 3932 22770
3068 2990 22770
3068 4010 22770
3932 2990 22770
3932 4010 22770
4010 3068 22770
4010 3932 22770
2964 3290 44994
2964 3710 44994
3290 2964 44994
3290 4036 44994
3710 2964 44994
3710 4036 44994
4036 3290 44994
4036 3710 44994
1978 2747 102391
1978 4253 102391
2747 1978 102391
2747 5022 102391
4253 1978 102391
4253 5022 102391
5022 2747 102391
5022 4253 102391
1080 3460 2
1080 3540 2
3460 1080 2
3460 5920 2
3540 1080 2
3540 5920 2
5920 3460 2
5920 3540 2
2352 2473 149056
2352 4527 149056
2473 2352 149056
2473 4648 149056
4527 2352 149056
4527 4648 149056
4648 2473 149056
4648 4527 149056
1877 2479 106923
1877 4521 106923
2479 1877 106923
2479 5123 106923
4521 1877 106923
4521 5123 106923
5123 2479 106923
5123 4521 106923
1981 3260 12855
1981 3740 12855
3260 1981 12855
3260 5019 12855
3740 1981 12855
3740 5019 12855
5019 3260 12855
5019 3740 12855
1868 2540 2
1868 4460 2
2540 1868 2
2540 5132 2
4460 1868 2
4460 5132 2
5132 2540 2
5132 4460 2
1867 2541 29008
1867 4459 29008
2541 1867 29008
2541 5133 29008
4459 1867 29008
4459 5133 29008
5133 2541 29008
5133 4459 29008
1521 2096 2153
1521 4904 2153
2096 1521 2153
2096 5479 2153
4904 1521 2153
4904 5479 2153
5479 2096 2153
5479 4904 2153
2938 3026 25461
2938 3974 25461
3026 2938 25461
3026 4062 25461
3974 2938 25461
3974 4062 25461
4062 3026 25461
4062 3974 25461
1801 2599 42921
1801 4401 42921
2599 1801 42921
2599 5199 42921
4401 1801 42921
4401 5199 42921
5199 2599 42921
5199 4401 42921
976 3106 92702
976 3894 92702
3106 976 92702
3106 6024 92702
3894 976 92702
3894 6024 92702
6024 3106 92702
6024 3894 92702
2121 2483 62504
2121 4517 62504
2483 2121 62504
2483 4879 62504
4517 2121 62504
4517 4879 62504
4879 2483 62504
4879 4517 62504
2949 3024 65348
2949 3976 65348
3024 2949 65348
3024 4051 65348
3976 2949 65348
3976 4051 65348
4051 3024 65348
4051 3976 65348
2967 3254 25331
2967 3746 25331
3254 2967 25331
3254 4033 25331
3746 2967 25331
3746 4033 25331
4033 3254 25331
4033 3746 25331
934 3258 65588
934 3742 65588
3258 934 65588
3258 6066 65588
3742 934 65588
3742 6066 65588
6066 3258 65588
6066 3742 65588
2980 3018 48964
2980 3982 48964
3018 2980 48964
3018 4020 48964
3982 2980 48964
3982 4020 48964
4020 3018 48964
4020 3982 48964
1488 2898 29455
1488 4102 29455
2898 1488 29455
2898 5512 29455
4102 1488 29455
4102 5512 29455
5512 2898 29455
5512 4102 29455
2553 2733 2
2553 4267 2
2733 2553 2
2733 4447 2
4267 2553 2
4267 4447 2
4447 2733 2
4447 4267 2
2975 3213 49379
2975 3787 49379
3213 2975 49379
3213 4025 49379
3787 2975 49379
3787 4025 49379
4025 3213 49379
4025 3787 49379
960 3491 40828
960 3509 40828
3491 960 40828
3491 6040 40828
3509 960 40828
3509 6040 40828
6040 3491 40828
6040 3509 40828
957 3490 3554
957 3510 3554
3490 957 3554
3490 6043 3554
3510 957 3554
3510 6043 3554
6043 3490 3554
6043 3510 3554
914 3236 65681
914 3764 65681
3236 914 65681
3236 6086 65681
3764 914 65681
3764 6086 65681
6086 3236 65681
6086 3764 65681
2542 2720 33587
2542 4280 33587
2720 2542 33587
2720 4458 33587
4280 2542 33587
4280 4458 33587
4458 2720 33587
4458 4280 33587
2262 2447 2
2262 4553 2
2447 2262 2
2447 4738 2
4553 2262 2
4553 4738 2
4738 2447 2
4738 4553 2
2540 2903 35668
2540 4097 35668
2903 2540 35668
2903 4460 35668
4097 2540 35668
4097 4460 35668
4460 2903 35668
4460 4097 35668
2802 3412 34725
2802 3588 34725
3412 2802 34725
3412 4198 34725
3588 2802 34725
3588 4198 34725
4198 3412 34725
4198 3588 34725
2520 2907 84693
2520 4093 84693
2907 2520 84693
2907 4480 84693
4093 2520 84693
4093 4480 84693
4480 2907 84693
4480 4093 84693
2380 3469 115985
2380 3531 115985
3469 2380 115985
3469 4620 115985
3531 2380 115985
3531 4620 115985
4620 3469 115985
4620 3531 115985
823 1998 2
823 5002 2
1998 823 2
1998 6177 2
5002 823 2
5002 6177 2
6177 1998 2
6177 5002 2
1101 2522 2
1101 4478 2
2522 1101 2
2522 5899 2
4478 1101 2
4478 5899 2
5899 2522 2
5899 4478 2
871 1517 283042
871 5483 283042
1517 871 283042
1517 6129 283042
5483 871 283042
5483 6129 283042
6129 1517 283042
6129 5483 283042
875 3471 73494
875 3529 73494
3471 875 73494
3471 6125 73494
3529 875 73494
3529 6125 73494
6125 3471 73494
6125 3529 73494
792 1993 2
792 5007 2
1993 792 2
1993 6208 2
5007 792 2
5007 6208 2
6208 1993 2
6208 5007 2
2602 2732 133867
2602 4268 133867
2732 2602 133867
2732 4398 133867
4268 2602 133867
4268 4398 133867
4398 2732 133867
4398 4268 133867
800 2672 2
800 4328 2
2672 800 2
2672 6200 2
4328 800 2
4328 6200 2
6200 2672 2
6200 4328 2
861 2538 2
861 4462 2
2538 861 2
2538 6139 2
4462 861 2
4462 6139 2
6139 2538 2
6139 4462 2
869 3469 6563
869 3531 6563
3469 869 6563
3469 6131 6563
3531 869 6563
3531 6131 6563
6131 3469 6563
6131 3531 6563
2625 3318 1515
2625 3682 1515
3318 2625 1515
3318 4375 1515
3682 2625 1515
3682 4375 1515
4375 3318 1515
4375 3682 1515
1554 3477 24906
1554 3523 24906
3477 1554 24906
3477 5446 24906
3523 1554 24906
3523 5446 24906
5446 3477 24906
5446 3523 24906
900 3465 23548
900 3535 23548
3465 900 23548
3465 6100 23548
3535 900 23548
3535 6100 23548
6100 3465 23548
6100 3535 23548
978 2306 29500
978 4694 29500
2306 978 29500
2306 6022 29500
4694 978 29500
4694 6022 29500
6022 2306 29500
6022 4694 29500
2537 2820 79953
2537 4180 79953
2820 2537 79953
2820 4463 79953
4180 2537 79953
4180 4463 79953
4463 2820 79953
4463 4180 79953
2071 2565 65007
2071 4435 65007
2565 2071 65007
2565 4929 65007
4435 2071 65007
4435 4929 65007
4929 2565 65007
4929 4435 65007
2735 3427 6173
2735 3573 6173
3427 2735 6173
3427 4265 6173
3573 2735 6173
3573 4265 6173
4265 3427 6173
4265 3573 6173
1470 3479 2
1470 3521 2
3479 1470 2
3479 5530 2
3521 1470 2
3521 5530 2
5530 3479 2
5530 3521 2
1467 3480 2
1467 3520 2
3480 1467 2
3480 5533 2
3520 1467 2
3520 5533 2
5533 3480 2
5533 3520 2
2998 3064 25641
2998 3936 25641
3064 2998 25641
3064 4002 25641
3936 2998 25641
3936 4002 25641
4002 3064 25641
4002 3936 25641
3006 3062 15181
3006 3938 15181
3062 3006 15181
3062 3994 15181
3938 3006 15181
3938 3994 15181
3994 3062 15181
3994 3938 15181
975 2122 67635
975 4878 67635
2122 975 67635
2122 6025 67635
4878 975 67635
4878 6025 67635
6025 2122 67635
6025 4878 67635
1976 2970 6673
1976 4030 6673
2970 1976 6673
2970 5024 6673
4030 1976 6673
4030 5024 6673
5024 2970 6673
5024 4030 6673
1453 2917 16153
1453 4083 16153
2917 1453 16153
2917 5547 16153
4083 1453 16153
4083 5547 16153
5547 2917 16153
5547 4083 16153
990 2947 265212
990 4053 265212
2947 990 265212
2947 6010 265212
4053 990 265212
4053 6010 265212
6010 2947 265212
6010 4053 265212
1720 2306 50381
1720 4694 50381
2306 1720 50381
2306 5280 50381
4694 1720 50381
4694 5280 50381
5280 2306 50381
5280 4694 50381
2072 3302 87082
2072 3698 87082
3302 2072 87082
3302 4928 87082
3698 2072 87082
3698 4928 87082
4928 3302 87082
4928 3698 87082
2286 3453 90909
2286 3547 90909
3453 2286 90909
3453 4714 90909
3547 2286 90909
3547 4714 90909
4714 3453 90909
4714 3547 90909
1726 2313 305331
1726 4687 305331
2313 1726 305331
2313 5274 305331
4687 1726 305331
4687 5274 305331
5274 2313 305331
5274 4687 305331
1736 2675 95765
1736 4325 95765
2675 1736 95765
2675 5264 95765
4325 1736 95765
4325 5264 95765
5264 2675 95765
5264 4325 95765
995 1822 2
995 5178 2
1822 995 2
1822 6005 2
5178 995 2
5178 6005 2
6005 1822 2
6005 5178 2
2529 2780 16440
2529 4220 16440
2780 2529 16440
2780 4471 16440
4220 2529 16440
4220 4471 16440
4471 2780 16440
4471 4220 16440
889 2261 2
889 4739 2
2261 889 2
2261 6111 2
4739 889 2
4739 6111 2
6111 2261 2
6111 4739 2
1988 3210 142896
1988 3790 142896
3210 1988 142896
3210 5012 142896
3790 1988 142896
3790 5012 142896
5012 3210 142896
5012 3790 142896
2632 3161 42060
2632 3839 42060
3161 2632 42060
3161 4368 42060
3839 2632 42060
3839 4368 42060
4368 3161 42060
4368 3839 42060
2572 3365 2
2572 3635 2
3365 2572 2
3365 4428 2
3635 2572 2
3635 4428 2
4428 3365 2
4428 3635 2
1089 3011 39704
1089 3989 39704
3011 1089 39704
3011 5911 39704
3989 1089 39704
3989 5911 39704
5911 3011 39704
5911 3989 39704
2148 3357 11903
2148 3643 11903
3357 2148 11903
3357 4852 11903
3643 2148 11903
3643 4852 11903
4852 3357 11903
4852 3643 11903
937 3328 30995
937 3672 30995
3328 937 30995
3328 6063 30995
3672 937 30995
3672 6063 30995
6063 3328 30995
6063 3672 30995
930 2640 54666
930 4360 54666
2640 930 54666
2640 6070 54666
4360 930 54666
4360 6070 54666
6070 2640 54666
6070 4360 54666
983 1806 6608
983 5194 6608
1806 983 6608
1806 6017 6608
5194 983 6608
5194 6017 6608
6017 1806 6608
6017 5194 6608
2726 3493 2
2726 3507 2
3493 2726 2
3493 4274 2
3507 2726 2
3507 4274 2
4274 3493 2
4274 3507 2
2590 3358 32421
2590 3642 32421
3358 2590 32421
3358 4410 32421
3642 2590 32421
3642 4410 32421
4410 3358 32421
4410 3642 32421
2589 3358 2
2589 3642 2
3358 2589 2
3358 4411 2
3642 2589 2
3642 4411 2
4411 3358 2
4411 3642 2
967 1789 34985
967 5211 34985
1789 967 34985
1789 6033 34985
5211 967 34985
5211 6033 34985
6033 1789 34985
6033 5211 34985
2689 2922 2
2689 4078 2
2922 2689 2
2922 4311 2
4078 2689 2
4078 4311 2
4311 2922 2
4311 4078 2
1325 3030 116064
1325 3970 116064
3030 1325 116064
3030 5675 116064
3970 1325 116064
3970 5675 116064
5675 3030 116064
5675 3970 116064
3340 3350 3094
3340 3650 3094
3350 3340 3094
3350 3660 3094
3650 3340 3094
3650 3660 3094
3660 3350 3094
3660 3650 3094
3040 3360 35743
3040 3640 35743
3360 3040 35743
3360 3960 35743
3640 3040 35743
3640 3960 35743
3960 3360 35743
3960 3640 35743
997 1632 102312
997 5368 102312
1632 997 102312
1632 6003 102312
5368 997 102312
5368 6003 102312
6003 1632 102312
6003 5368 102312
1701 2325 67076
1701 4675 67076
2325 1701 67076
2325 5299 67076
4675 1701 67076
4675 5299 67076
5299 2325 67076
5299 4675 67076
985 2153 17867
985 4847 17867
2153 985 17867
2153 6015 17867
4847 985 17867
4847 6015 17867
6015 2153 17867
6015 4847 17867
947 2585 36671
947 4415 36671
2585 947 36671
2585 6053 36671
4415 947 36671
4415 6053 36671
6053 2585 36671
6053 4415 36671
1058 2998 134042
1058 4002 134042
2998 1058 134042
2998 5942 134042
4002 1058 134042
4002 5942 134042
5942 2998 134042
5942 4002 134042
1719 2322 103093
1719 4678 103093
2322 1719 103093
2322 5281 103093
4678 1719 103093
4678 5281 103093
5281 2322 103093
5281 4678 103093
947 2521 93061
947 4479 93061
2521 947 93061
2521 6053 93061
4479 947 93061
4479 6053 93061
6053 2521 93061
6053 4479 93061
947 2519 65123
947 4481 65123
2519 947 65123
2519 6053 65123
4481 947 65123
4481 6053 65123
6053 2519 65123
6053 4481 65123
2250 2555 2
2250 4445 2
2555 2250 2
2555 4750 2
4445 2250 2
4445 4750 2
4750 2555 2
4750 4445 2
948 1760 12795
948 5240 12795
1760 948 12795
1760 6052 12795
5240 948 12795
5240 6052 12795
6052 1760 12795
6052 5240 12795
962 2670 163984
962 4330 163984
2670 962 163984
2670 6038 163984
4330 962 163984
4330 6038 163984
6038 2670 163984
6038 4330 163984
1744 2342 326832
1744 4658 326832
2342 1744 326832
2342 5256 326832
4658 1744 326832
4658 5256 326832
5256 2342 326832
5256 4658 326832
1538 3120 2
1538 3880 2
3120 1538 2
3120 5462 2
3880 1538 2
3880 5462 2
5462 3120 2
5462 3880 2
991 3094 102457
991 3906 102457
3094 991 102457
3094 6009 102457
3906 991 102457
3906 6009 102457
6009 3094 102457
6009 3906 102457
2503 3241 45455
2503 3759 45455
3241 2503 45455
3241 4497 45455
3759 2503 45455
3759 4497 45455
4497 3241 45455
4497 3759 45455
2560 2750 2
2560 4250 2
2750 2560 2
2750 4440 2
4250 2560 2
4250 4440 2
4440 2750 2
4440 4250 2
989 3461 146463
989 3539 146463
3461 989 146463
3461 6011 146463
3539 989 146463
3539 6011 146463
6011 3461 146463
6011 3539 146463
950 2497 89856
950 4503 89856
2497 950 89856
2497 6050 89856
4503 950 89856
4503 6050 89856
6050 2497 89856
6050 4503 89856
1964 3301 105919
1964 3699 105919
3301 1964 105919
3301 5036 105919
3699 1964 105919
3699 5036 105919
5036 3301 105919
5036 3699 105919
1981 2120 27038
1981 4880 27038
2120 1981 27038
2120 5019 27038
4880 1981 27038
4880 5019 27038
5019 2120 27038
5019 4880 27038
2921 3374 46487
2921 3626 46487
3374 2921 46487
3374 4079 46487
3626 2921 46487
3626 4079 46487
4079 3374 46487
4079 3626 46487
2116 2627 42410
2116 4373 42410
2627 2116 42410
2627 4884 42410
4373 2116 42410
4373 4884 42410
4884 2627 42410
4884 4373 42410
3104 3397 24795
3104 3603 24795
3397 3104 24795
3397 3896 24795
3603 3104 24795
3603 3896 24795
3896 3397 24795
3896 3603 24795
990 3035 32690
990 3965 32690
3035 990 32690
3035 6010 32690
3965 990 32690
3965 6010 32690
6010 3035 32690
6010 3965 32690
1720 2202 2
1720 4798 2
2202 1720 2
2202 5280 2
4798 1720 2
4798 5280 2
5280 2202 2
5280 4798 2
2845 3497 10906
2845 3503 10906
3497 2845 10906
3497 4155 10906
3503 2845 10906
3503 4155 10906
4155 3497 10906
4155 3503 10906
1999 2979 27844
1999 4021 27844
2979 1999 27844
2979 5001 27844
4021 1999 27844
4021 5001 27844
5001 2979 27844
5001 4021 27844
1506 2861 65917
1506 4139 65917
2861 1506 65917
2861 5494 65917
4139 1506 65917
4139 5494 65917
5494 2861 65917
5494 4139 65917
1930 1959 2
1930 5041 2
1959 1930 2
1959 5070 2
5041 1930 2
5041 5070 2
5070 1959 2
5070 5041 2
3102 3428 17920
3102 3572 17920
3428 3102 17920
3428 3898 17920
3572 3102 17920
3572 3898 17920
3898 3428 17920
3898 3572 17920
2132 2645 125919
2132 4355 125919
2645 2132 125919
2645 4868 125919
4355 2132 125919
4355 4868 125919
4868 2645 125919
4868 4355 125919
1635 2137 128815
1635 4863 128815
2137 1635 128815
2137 5365 128815
4863 1635 128815
4863 5365 128815
5365 2137 128815
5365 4863 128815
1606 2783 261690
1606 4217 261690
2783 1606 261690
2783 5394 261690
4217 1606 261690
4217 5394 261690
5394 2783 261690
5394 4217 261690
1604 2780 2
1604 4220 2
2780 1604 2
2780 5396 2
4220 1604 2
4220 5396 2
5396 2780 2
5396 4220 2
957 1691 2
957 5309 2
1691 957 2
1691 6043 2
5309 957 2
5309 6043 2
6043 1691 2
6043 5309 2
2839 3324 2
2839 3676 2
3324 2839 2
3324 4161 2
3676 2839 2
3676 4161 2
4161 3324 2
4161 3676 2
2447 3059 17424
2447 3941 17424
3059 2447 17424
3059 4553 17424
3941 2447 17424
3941 4553 17424
4553 3059 17424
4553 3941 17424
3120 3322 56002
3120 3678 56002
3322 3120 56002
3322 3880 56002
3678 3120 56002
3678 3880 56002
3880 3322 56002
3880 3678 56002
995 3468 2
995 3532 2
3468 995 2
3468 6005 2
3532 995 2
3532 6005 2
6005 3468 2
6005 3532 2
1887 2195 102778
1887 4805 102778
2195 1887 102778
2195 5113 102778
4805 1887 102778
4805 5113 102778
5113 2195 102778
5113 4805 102778
922 3244 21794
922 3756 21794
3244 922 21794
3244 6078 21794
3756 922 21794
3756 6078 21794
6078 3244 21794
6078 3756 21794
3372 3419 138326
3372 3581 138326
3419 3372 138326
3419 3628 138326
3581 3372 138326
3581 3628 138326
3628 3419 138326
3628 3581 138326
1897 2206 4584
1897 4794 4584
2206 1897 4584
2206 5103 4584
4794 1897 4584
4794 5103 4584
5103 2206 4584
5103 4794 4584
1610 2780 2
1610 4220 2
2780 1610 2
2780 5390 2
4220 1610 2
4220 5390 2
5390 2780 2
5390 4220 2
1620 2207 2
1620 4793 2
2207 1620 2
2207 5380 2
4793 1620 2
4793 5380 2
5380 2207 2
5380 4793 2
974 1900 110554
974 5100 110554
1900 974 110554
1900 6026 110554
5100 974 110554
5100 6026 110554
6026 1900 110554
6026 5100 110554
965 2499 138490
965 4501 138490
2499 965 138490
2499 6035 138490
4501 965 138490
4501 6035 138490
6035 2499 138490
6035 4501 138490
953 3258 56433
953 3742 56433
3258 953 56433
3258 6047 56433
3742 953 56433
3742 6047 56433
6047 3258 56433
6047 3742 56433
863 1584 5756
863 5416 5756
1584 863 5756
1584 6137 5756
5416 863 5756
5416 6137 5756
6137 1584 5756
6137 5416 5756
871 1590 2
871 5410 2
1590 871 2
1590 6129 2
5410 871 2
5410 6129 2
6129 1590 2
6129 5410 2
1081 2516 2
1081 4484 2
2516 1081 2
2516 5919 2
4484 1081 2
4484 5919 2
5919 2516 2
5919 4484 2
1982 3217 95414
1982 3783 95414
3217 1982 95414
3217 5018 95414
3783 1982 95414
3783 5018 95414
5018 3217 95414
5018 3783 95414
817 3266 48772
817 3734 48772
3266 817 48772
3266 6183 48772
3734 817 48772
3734 6183 48772
6183 3266 48772
6183 3734 48772
2678 3296 46196
2678 3704 46196
3296 2678 46196
3296 4322 46196
3704 2678 46196
3704 4322 46196
4322 3296 46196
4322 3704 46196
2911 3305 13418
2911 3695 13418
3305 2911 13418
3305 4089 13418
3695 2911 13418
3695 4089 13418
4089 3305 13418
4089 3695 13418
2970 3233 9472
2970 3767 9472
3233 2970 9472
3233 4030 9472
3767 2970 9472
3767 4030 9472
4030 3233 9472
4030 3767 9472
878 1602 2
878 5398 2
1602 878 2
1602 6122 2
5398 878 2
5398 6122 2
6122 1602 2
6122 5398 2
2945 3314 2
2945 3686 2
3314 2945 2
3314 4055 2
3686 2945 2
3686 4055 2
4055 3314 2
4055 3686 2
1549 1832 277427
1549 5168 277427
1832 1549 277427
1832 5451 277427
5168 1549 277427
5168 5451 277427
5451 1832 277427
5451 5168 277427
1660 2470 2
1660 4530 2
2470 1660 2
2470 5340 2
4530 1660 2
4530 5340 2
5340 2470 2
5340 4530 2
2401 2401 2
2401 4599 2
4599 2401 2
4599 4599 2
943 1482 88777
943 5518 88777
1482 943 88777
1482 6057 88777
5518 943 88777
5518 6057 88777
6057 1482 88777
6057 5518 88777
873 2586 18033
873 4414 18033
2586 873 18033
2586 6127 18033
4414 873 18033
4414 6127 18033
6127 2586 18033
6127 4414 18033
999 1859 2
999 5141 2
1859 999 2
1859 6001 2
5141 999 2
5141 6001 2
6001 1859 2
6001 5141 2
2591 2610 2
2591 4390 2
2610 2591 2
2610 4409 2
4390 2591 2
4390 4409 2
4409 2610 2
4409 4390 2
995 3016 118842
995 3984 118842
3016 995 118842
3016 6005 118842
3984 995 118842
3984 6005 118842
6005 3016 118842
6005 3984 118842
2129 2988 21767
2129 4012 21767
2988 2129 21767
2988 4871 21767
4012 2129 21767
4012 4871 21767
4871 2988 21767
4871 4012 21767
2973 3008 24452
2973 3992 24452
3008 2973 24452
3008 4027 24452
3992 2973 24452
3992 4027 24452
4027 3008 24452
4027 3992 24452
1836 2901 2640
1836 4099 2640
2901 1836 2640
2901 5164 2640
4099 1836 2640
4099 5164 2640
5164 2901 2640
5164 4099 2640
1987 3067 62488
1987 3933 62488
3067 1987 62488
3067 5013 62488
3933 1987 62488
3933 5013 62488
5013 3067 62488
5013 3933 62488
3031 3301 2
3031 3699 2
3301 3031 2
3301 3969 2
3699 3031 2
3699 3969 2
3969 3301 2
3969 3699 2
1990 2994 45436
1990 4006 45436
2994 1990 45436
2994 5010 45436
4006 1990 45436
4006 5010 45436
5010 2994 45436
5010 4006 45436
2491 2923 80160
2491 4077 80160
2923 2491 80160
2923 4509 80160
4077 2491 80160
4077 4509 80160
4509 2923 80160
4509 4077 80160
3031 3295 26363
3031 3705 26363
3295 3031 26363
3295 3969 26363
3705 3031 26363
3705 3969 26363
3969 3295 26363
3969 3705 26363
2444 3100 13456
2444 3900 13456
3100 2444 13456
3100 4556 13456
3900 2444 13456
3900 4556 13456
4556 3100 13456
4556 3900 13456
2705 3500 39861
3500 2705 39861
3500 4295 39861
4295 3500 39861
2504 2908 454
2504 4092 454
2908 2504 454
2908 4496 454
4092 2504 454
4092 4496 454
4496 2908 454
4496 4092 454
2780 3422 2
2780 3578 2
3422 2780 2
3422 4220 2
3578 2780 2
3578 4220 2
4220 3422 2
4220 3578 2
2046 2746 38807
2046 4254 38807
2746 2046 38807
2746 4954 38807
4254 2046 38807
4254 4954 38807
4954 2746 38807
4954 4254 38807
2368 2599 56094
2368 4401 56094
2599 2368 56094
2599 4632 56094
4401 2368 56094
4401 4632 56094
4632 2599 56094
4632 4401 56094
2463 3115 2
2463 3885 2
3115 2463 2
3115 4537 2
3885 2463 2
3885 4537 2
4537 3115 2
4537 3885 2
1461 2929 60415
1461 4071 60415
2929 1461 60415
2929 5539 60415
4071 1461 60415
4071 5539 60415
5539 2929 60415
5539 4071 60415
2941 3287 8004
2941 3713 8004
3287 2941 8004
3287 4059 8004
3713 2941 8004
3713 4059 8004
4059 3287 8004
4059 3713 8004
883 1458 139595
883 5542 139595
1458 883 139595
1458 6117 139595
5542 883 139595
5542 6117 139595
6117 1458 139595
6117 5542 139595
896 1495 35558
896 5505 35558
1495 896 35558
1495 6104 35558
5505 896 35558
5505 6104 35558
6104 1495 35558
6104 5505 35558
890 1490 24547
890 5510 24547
1490 890 24547
1490 6110 24547
5510 890 24547
5510 6110 24547
6110 1490 24547
6110 5510 24547
888 1489 23410
888 5511 23410
1489 888 23410
1489 6112 23410
5511 888 23410
5511 6112 23410
6112 1489 23410
6112 5511 23410
2691 2952 58692
2691 4048 58692
2952 2691 58692
2952 4309 58692
4048 2691 58692
4048 4309 58692
4309 2952 58692
4309 4048 58692
1182 1999 23663
1182 5001 23663
1999 1182 23663
1999 5818 23663
5001 1182 23663
5001 5818 23663
5818 1999 23663
5818 5001 23663
1094 2995 111030
1094 4005 111030
2995 1094 111030
2995 5906 111030
4005 1094 111030
4005 5906 111030
5906 2995 111030
5906 4005 111030
3001 3011 17448
3001 3989 17448
3011 3001 17448
3011 3999 17448
3989 3001 17448
3989 3999 17448
3999 3011 17448
3999 3989 17448
2846 3477 84693
2846 3523 84693
3477 2846 84693
3477 4154 84693
3523 2846 84693
3523 4154 84693
4154 3477 84693
4154 3523 84693
2385 2385 2
2385 4615 2
4615 2385 2
4615 4615 2
2690 3162 15806
2690 3838 15806
3162 2690 15806
3162 4310 15806
3838 2690 15806
3838 4310 15806
4310 3162 15806
4310 3838 15806
1500 3078 53717
1500 3922 53717
3078 1500 53717
3078 5500 53717
3922 1500 53717
3922 5500 53717
5500 3078 53717
5500 3922 53717
951 2289 15700
951 4711 15700
2289 951 15700
2289 6049 15700
4711 951 15700
4711 6049 15700
6049 2289 15700
6049 4711 15700
2651 2859 2
2651 4141 2
2859 2651 2
2859 4349 2
4141 2651 2
4141 4349 2
4349 2859 2
4349 4141 2
2836 3469 2
2836 3531 2
3469 2836 2
3469 4164 2
3531 2836 2
3531 4164 2
4164 3469 2
4164 3531 2
969 3127 2
969 3873 2
3127 969 2
3127 6031 2
3873 969 2
3873 6031 2
6031 3127 2
6031 3873 2
895 3500 40027
3500 895 40027
3500 6105 40027
6105 3500 40027
900 3498 10607
900 3502 10607
3498 900 10607
3498 6100 10607
3502 900 10607
3502 6100 10607
6100 3498 10607
6100 3502 10607
1968 3180 13500
1968 3820 13500
3180 1968 13500
3180 5032 13500
3820 1968 13500
3820 5032 13500
5032 3180 13500
5032 3820 13500
2739 3173 2
2739 3827 2
3173 2739 2
3173 4261 2
3827 2739 2
3827 4261 2
4261 3173 2
4261 3827 2
2283 2663 2
2283 4337 2
2663 2283 2
2663 4717 2
4337 2283 2
4337 4717 2
4717 2663 2
4717 4337 2
911 2435 2
911 4565 2
2435 911 2
2435 6089 2
4565 911 2
4565 6089 2
6089 2435 2
6089 4565 2
2639 3123 85052
2639 3877 85052
3123 2639 85052
3123 4361 85052
3877 2639 85052
3877 4361 85052
4361 3123 85052
4361 3877 85052
1080 2507 67417
1080 4493 67417
2507 1080 67417
2507 5920 67417
4493 1080 67417
4493 5920 67417
5920 2507 67417
5920 4493 67417
933 2261 82694
933 4739 82694
2261 933 82694
2261 6067 82694
4739 933 82694
4739 6067 82694
6067 2261 82694
6067 4739 82694
2306 2483 12363
2306 4517 12363
2483 2306 12363
2483 4694 12363
4517 2306 12363
4517 4694 12363
4694 2483 12363
4694 4517 12363
2456 2631 204921
2456 4369 204921
2631 2456 204921
2631 4544 204921
4369 2456 204921
4369 4544 204921
4544 2631 204921
4544 4369 204921
3005 3039 23912
3005 3961 23912
3039 3005 23912
3039 3995 23912
3961 3005 23912
3961 3995 23912
3995 3039 23912
3995 3961 23912
2354 3500 93949
3500 2354 93949
3500 4646 93949
4646 3500 93949
1741 3170 27593
1741 3830 27593
3170 1741 27593
3170 5259 27593
3830 1741 27593
3830 5259 27593
5259 3170 27593
5259 3830 27593
2383 3441 23941
2383 3559 23941
3441 2383 23941
3441 4617 23941
3559 2383 23941
3559 4617 23941
4617 3441 23941
4617 3559 23941
1988 2914 25645
1988 4086 25645
2914 1988 25645
2914 5012 25645
4086 1988 25645
4086 5012 25645
5012 2914 25645
5012 4086 25645
2586 2744 76026
2586 4256 76026
2744 2586 76026
2744 4414 76026
4256 2586 76026
4256 4414 76026
4414 2744 76026
4414 4256 76026
1646 1762 26384
1646 5238 26384
1762 1646 26384
1762 5354 26384
5238 1646 26384
5238 5354 26384
5354 1762 26384
5354 5238 26384
2871 3272 2
2871 3728 2
3272 2871 2
3272 4129 2
3728 2871 2
3728 4129 2
4129 3272 2
4129 3728 2
2285 2691 2
2285 4309 2
2691 2285 2
2691 4715 2
4309 2285 2
4309 4715 2
4715 2691 2
4715 4309 2
1793 2827 224827
1793 4173 224827
2827 1793 224827
2827 5207 224827
4173 1793 224827
4173 5207 224827
5207 2827 224827
5207 4173 224827
2610 2771 26181
2610 4229 26181
2771 2610 26181
2771 4390 26181
4229 2610 26181
4229 4390 26181
4390 2771 26181
4390 4229 26181
2693 2847 2
2693 4153 2
2847 2693 2
2847 4307 2
4153 2693 2
4153 4307 2
4307 2847 2
4307 4153 2
919 2549 2
919 4451 2
2549 919 2
2549 6081 2
4451 919 2
4451 6081 2
6081 2549 2
6081 4451 2
2807 3431 7224
2807 3569 7224
3431 2807 7224
3431 4193 7224
3569 2807 7224
3569 4193 7224
4193 3431 7224
4193 3569 7224
2720 2940 92532
2720 4060 92532
2940 2720 92532
2940 4280 92532
4060 2720 92532
4060 4280 92532
4280 2940 92532
4280 4060 92532
2090 2525 83079
2090 4475 83079
2525 2090 83079
2525 4910 83079
4475 2090 83079
4475 4910 83079
4910 2525 83079
4910 4475 83079
985 1647 10842
985 5353 10842
1647 985 10842
1647 6015 10842
5353 985 10842
5353 6015 10842
6015 1647 10842
6015 5353 10842
1650 1760 516889
1650 5240 516889
1760 1650 516889
1760 5350 516889
5240 1650 516889
5240 5350 516889
5350 1760 516889
5350 5240 516889
908 2556 74320
908 4444 74320
2556 908 74320
2556 6092 74320
4444 908 74320
4444 6092 74320
6092 2556 74320
6092 4444 74320
954 2329 76552
954 4671 76552
2329 954 76552
2329 6046 76552
4671 954 76552
4671 6046 76552
6046 2329 76552
6046 4671 76552
2704 2971 2
2704 4029 2
2971 2704 2
2971 4296 2
4029 2704 2
4029 4296 2
4296 2971 2
4296 4029 2
1214 1617 186558
1214 5383 186558
1617 1214 186558
1617 5786 186558
5383 1214 186558
5383 5786 186558
5786 1617 186558
5786 5383 186558
862 2379 149554
862 4621 149554
2379 862 149554
2379 6138 149554
4621 862 149554
4621 6138 149554
6138 2379 149554
6138 4621 149554
3332 3464 88836
3332 3536 88836
3464 3332 88836
3464 3668 88836
3536 3332 88836
3536 3668 88836
3668 3464 88836
3668 3536 88836
2264 2667 156583
2264 4333 156583
2667 2264 156583
2667 4736 156583
4333 2264 156583
4333 4736 156583
4736 2667 156583
4736 4333 156583
918 2410 16677
918 4590 16677
2410 918 16677
2410 6082 16677
4590 918 16677
4590 6082 16677
6082 2410 16677
6082 4590 16677
2562 2721 63537
2562 4279 63537
2721 2562 63537
2721 4438 63537
4279 2562 63537
4279 4438 63537
4438 2721 63537
4438 4279 63537
1990 1990 60808
1990 5010 60808
5010 1990 60808
5010 5010 60808
1139 1996 50349
1139 5004 50349
1996 1139 50349
1996 5861 50349
5004 1139 50349
5004 5861 50349
5861 1996 50349
5861 5004 50349
1145 1980 38480
1145 5020 38480
1980 1145 38480
1980 5855 38480
5020 1145 38480
5020 5855 38480
5855 1980 38480
5855 5020 38480
1441 1901 6840
1441 5099 6840
1901 1441 6840
1901 5559 6840
5099 1441 6840
5099 5559 6840
5559 1901 6840
5559 5099 6840
1981 2992 30186
1981 4008 30186
2992 1981 30186
2992 5019 30186
4008 1981 30186
4008 5019 30186
5019 2992 30186
5019 4008 30186
2015 3199 13063
2015 3801 13063
3199 2015 13063
3199 4985 13063
3801 2015 13063
3801 4985 13063
4985 3199 13063
4985 3801 13063
2384 2955 78097
2384 4045 78097
2955 2384 78097
2955 4616 78097
4045 2384 78097
4045 4616 78097
4616 2955 78097
4616 4045 78097
1983 2982 89607
1983 4018 89607
2982 1983 89607
2982 5017 89607
4018 1983 89607
4018 5017 89607
5017 2982 89607
5017 4018 89607
1716 2854 27400
1716 4146 27400
2854 1716 27400
2854 5284 27400
4146 1716 27400
4146 5284 27400
5284 2854 27400
5284 4146 27400
2371 2960 18543
2371 4040 18543
2960 2371 18543
2960 4629 18543
4040 2371 18543
4040 4629 18543
4629 2960 18543
4629 4040 18543
999 1999 62800
999 5001 62800
1999 999 62800
1999 6001 62800
5001 999 62800
5001 6001 62800
6001 1999 62800
6001 5001 62800
955 3095 12
955 3905 12
3095 955 12
3095 6045 12
3905 955 12
3905 6045 12
6045 3095 12
6045 3905 12
1951 1984 10786
1951 5016 10786
1984 1951 10786
1984 5049 10786
5016 1951 10786
5016 5049 10786
5049 1984 10786
5049 5016 10786
2522 2918 2
2522 4082 2
2918 2522 2
2918 4478 2
4082 2522 2
4082 4478 2
4478 2918 2
4478 4082 2
2508 3073 92963
2508 3927 92963
3073 2508 92963
3073 4492 92963
3927 2508 92963
3927 4492 92963
4492 3073 92963
4492 3927 92963
2519 2918 2
2519 4082 2
2918 2519 2
2918 4481 2
4082 2519 2
4082 4481 2
4481 2918 2
4481 4082 2
2481 3065 23500
2481 3935 23500
3065 2481 23500
3065 4519 23500
3935 2481 23500
3935 4519 23500
4519 3065 23500
4519 3935 23500
2491 2789 21751
2491 4211 21751
2789 2491 21751
2789 4509 21751
4211 2491 21751
4211 4509 21751
4509 2789 21751
4509 4211 21751
2490 2790 14268
2490 4210 14268
2790 2490 14268
2790 4510 14268
4210 2490 14268
4210 4510 14268
4510 2790 14268
4510 4210 14268
2480 3065 23881
2480 3935 23881
3065 2480 23881
3065 4520 23881
3935 2480 23881
3935 4520 23881
4520 3065 23881
4520 3935 23881
1064 3020 62163
1064 3980 62163
3020 1064 62163
3020 5936 62163
3980 1064 62163
3980 5936 62163
5936 3020 62163
5936 3980 62163
1992 2265 2
1992 4735 2
2265 1992 2
2265 5008 2
4735 1992 2
4735 5008 2
5008 2265 2
5008 4735 2
1973 3033 2
1973 3967 2
3033 1973 2
3033 5027 2
3967 1973 2
3967 5027 2
5027 3033 2
5027 3967 2
1506 2872 106157
1506 4128 106157
2872 1506 106157
2872 5494 106157
4128 1506 106157
4128 5494 106157
5494 2872 106157
5494 4128 106157
1037 2997 52431
1037 4003 52431
2997 1037 52431
2997 5963 52431
4003 1037 52431
4003 5963 52431
5963 2997 52431
5963 4003 52431
1762 2843 27591
1762 4157 27591
2843 1762 27591
2843 5238 27591
4157 1762 27591
4157 5238 27591
5238 2843 27591
5238 4157 27591
2756 3500 2
3500 2756 2
3500 4244 2
4244 3500 2
2091 3313 102930
2091 3687 102930
3313 2091 102930
3313 4909 102930
3687 2091 102930
3687 4909 102930
4909 3313 102930
4909 3687 102930
1991 2761 121639
1991 4239 121639
2761 1991 121639
2761 5009 121639
4239 1991 121639
4239 5009 121639
5009 2761 121639
5009 4239 121639
1442 1919 7917
1442 5081 7917
1919 1442 7917
1919 5558 7917
5081 1442 7917
5081 5558 7917
5558 1919 7917
5558 5081 7917
2405 2421 131376
2405 4579 131376
2421 2405 131376
2421 4595 131376
4579 2405 131376
4579 4595 131376
4595 2421 131376
4595 4579 131376
2016 3210 26117
2016 3790 26117
3210 2016 26117
3210 4984 26117
3790 2016 26117
3790 4984 26117
4984 3210 26117
4984 3790 26117
1939 1964 28422
1939 5036 28422
1964 1939 28422
1964 5061 28422
5036 1939 28422
5036 5061 28422
5061 1964 28422
5061 5036 28422
891 3419 2
891 3581 2
3419 891 2
3419 6109 2
3581 891 2
3581 6109 2
6109 3419 2
6109 3581 2
1989 2272 53210
1989 4728 53210
2272 1989 53210
2272 5011 53210
4728 1989 53210
4728 5011 53210
5011 2272 53210
5011 4728 53210
1935 1948 29022
1935 5052 29022
1948 1935 29022
1948 5065 29022
5052 1935 29022
5052 5065 29022
5065 1948 29022
5065 5052 29022
1504 3141 129363
1504 3859 129363
3141 1504 129363
3141 5496 129363
3859 1504 129363
3859 5496 129363
5496 3141 129363
5496 3859 129363
812 3304 83328
812 3696 83328
3304 812 83328
3304 6188 83328
3696 812 83328
3696 6188 83328
6188 3304 83328
6188 3696 83328
810 3301 2
810 3699 2
3301 810 2
3301 6190 2
3699 810 2
3699 6190 2
6190 3301 2
6190 3699 2
981 2906 165186
981 4094 165186
2906 981 165186
2906 6019 165186
4094 981 165186
4094 6019 165186
6019 2906 165186
6019 4094 165186
1936 2773 130722
1936 4227 130722
2773 1936 130722
2773 5064 130722
4227 1936 130722
4227 5064 130722
5064 2773 130722
5064 4227 130722
2175 2582 2
2175 4418 2
2582 2175 2
2582 4825 2
4418 2175 2
4418 4825 2
4825 2582 2
4825 4418 2
2842 3293 2
2842 3707 2
3293 2842 2
3293 4158 2
3707 2842 2
3707 4158 2
4158 3293 2
4158 3707 2
1817 2829 2
1817 4171 2
2829 1817 2
2829 5183 2
4171 1817 2
4171 5183 2
5183 2829 2
5183 4171 2
2580 3071 2
2580 3929 2
3071 2580 2
3071 4420 2
3929 2580 2
3929 4420 2
4420 3071 2
4420 3929 2
2311 3435 2
2311 3565 2
3435 2311 2
3435 4689 2
3565 2311 2
3565 4689 2
4689 3435 2
4689 3565 2
2639 2748 41280
2639 4252 41280
2748 2639 41280
2748 4361 41280
4252 2639 41280
4252 4361 41280
4361 2748 41280
4361 4252 41280
2299 2448 66413
2299 4552 66413
2448 2299 66413
2448 4701 66413
4552 2299 66413
4552 4701 66413
4701 2448 66413
4701 4552 66413
847 2621 17558
847 4379 17558
2621 847 17558
2621 6153 17558
4379 847 17558
4379 6153 17558
6153 2621 17558
6153 4379 17558
808 2534 2
808 4466 2
2534 808 2
2534 6192 2
4466 808 2
4466 6192 2
6192 2534 2
6192 4466 2
2493 2870 66353
2493 4130 66353
2870 2493 66353
2870 4507 66353
4130 2493 66353
4130 4507 66353
4507 2870 66353
4507 4130 66353
820 2593 17941
820 4407 17941
2593 820 17941
2593 6180 17941
4407 820 17941
4407 6180 17941
6180 2593 17941
6180 4407 17941
986 2234 17073
986 4766 17073
2234 986 17073
2234 6014 17073
4766 986 17073
4766 6014 17073
6014 2234 17073
6014 4766 17073
2179 2569 2
2179 4431 2
2569 2179 2
2569 4821 2
4431 2179 2
4431 4821 2
4821 2569 2
4821 4431 2
1321 1734 48151
1321 5266 48151
1734 1321 48151
1734 5679 48151
5266 1321 48151
5266 5679 48151
5679 1734 48151
5679 5266 48151
907 2627 113276
907 4373 113276
2627 907 113276
2627 6093 113276
4373 907 113276
4373 6093 113276
6093 2627 113276
6093 4373 113276
870 2489 2
870 4511 2
2489 870 2
2489 6130 2
4511 870 2
4511 6130 2
6130 2489 2
6130 4511 2
978 2844 39592
978 4156 39592
2844 978 39592
2844 6022 39592
4156 978 39592
4156 6022 39592
6022 2844 39592
6022 4156 39592
2082 3477 78885
2082 3523 78885
3477 2082 78885
3477 4918 78885
3523 2082 78885
3523 4918 78885
4918 3477 78885
4918 3523 78885
1989 2781 137673
1989 4219 137673
2781 1989 137673
2781 5011 137673
4219 1989 137673
4219 5011 137673
5011 2781 137673
5011 4219 137673
2517 3259 90716
2517 3741 90716
3259 2517 90716
3259 4483 90716
3741 2517 90716
3741 4483 90716
4483 3259 90716
4483 3741 90716
687 2687 2
687 4313 2
2687 687 2
2687 6313 2
4313 687 2
4313 6313 2
6313 2687 2
6313 4313 2
2330 3440 7068
2330 3560 7068
3440 2330 7068
3440 4670 7068
3560 2330 7068
3560 4670 7068
4670 3440 7068
4670 3560 7068
985 1961 274845
985 5039 274845
1961 985 274845
1961 6015 274845
5039 985 274845
5039 6015 274845
6015 1961 274845
6015 5039 274845
1999 3005 7163
1999 3995 7163
3005 1999 7163
3005 5001 7163
3995 1999 7163
3995 5001 7163
5001 3005 7163
5001 3995 7163
3372 3372 2
3372 3628 2
3628 3372 2
3628 3628 2
2986 3207 103640
2986 3793 103640
3207 2986 103640
3207 4014 103640
3793 2986 103640
3793 4014 103640
4014 3207 103640
4014 3793 103640
2966 2990 22311
2966 4010 22311
2990 2966 22311
2990 4034 22311
4010 2966 22311
4010 4034 22311
4034 2990 22311
4034 4010 22311
2324 3500 27526
3500 2324 27526
3500 4676 27526
4676 3500 27526
977 2968 67116
977 4032 67116
2968 977 67116
2968 6023 67116
4032 977 67116
4032 6023 67116
6023 2968 67116
6023 4032 67116
3347 3389 12346
3347 3611 12346
3389 3347 12346
3389 3653 12346
3611 3347 12346
3611 3653 12346
3653 3389 12346
3653 3611 12346
1990 3051 23168
1990 3949 23168
3051 1990 23168
3051 5010 23168
3949 1990 23168
3949 5010 23168
5010 3051 23168
5010 3949 23168
2138 2656 4579
2138 4344 4579
2656 2138 4579
2656 4862 4579
4344 2138 4579
4344 4862 4579
4862 2656 4579
4862 4344 4579
2137 3351 117150
2137 3649 117150
3351 2137 117150
3351 4863 117150
3649 2137 117150
3649 4863 117150
4863 3351 117150
4863 3649 117150
1848 3154 23171
1848 3846 23171
3154 1848 23171
3154 5152 23171
3846 1848 23171
3846 5152 23171
5152 3154 23171
5152 3846 23171
2993 3027 48094
2993 3973 48094
3027 2993 48094
3027 4007 48094
3973 2993 48094
3973 4007 48094
4007 3027 48094
4007 3973 48094
3081 3294 2
3081 3706 2
3294 3081 2
3294 3919 2
3706 3081 2
3706 3919 2
3919 3294 2
3919 3706 2
2967 3011 45821
2967 3989 45821
3011 2967 45821
3011 4033 45821
3989 2967 45821
3989 4033 45821
4033 3011 45821
4033 3989 45821
1878 2141 2
1878 4859 2
2141 1878 2
2141 5122 2
4859 1878 2
4859 5122 2
5122 2141 2
5122 4859 2
908 3223 2
908 3777 2
3223 908 2
3223 6092 2
3777 908 2
3777 6092 2
6092 3223 2
6092 3777 2
3127 3368 12600
3127 3632 12600
3368 3127 12600
3368 3873 12600
3632 3127 12600
3632 3873 12600
3873 3368 12600
3873 3632 12600
2362 2451 81300
2362 4549 81300
2451 2362 81300
2451 4638 81300
4549 2362 81300
4549 4638 81300
4638 2451 81300
4638 4549 81300
2738 3500 2
3500 2738 2
3500 4262 2
4262 3500 2
2962 3274 13642
2962 3726 13642
3274 2962 13642
3274 4038 13642
3726 2962 13642
3726 4038 13642
4038 3274 13642
4038 3726 13642
3134 3381 35455
3134 3619 35455
3381 3134 35455
3381 3866 35455
3619 3134 35455
3619 3866 35455
3866 3381 35455
3866 3619 35455
2407 2581 101102
2407 4419 101102
2581 2407 101102
2581 4593 101102
4419 2407 101102
4419 4593 101102
4593 2581 101102
4593 4419 101102
2940 2974 18365
2940 4026 18365
2974 2940 18365
2974 4060 18365
4026 2940 18365
4026 4060 18365
4060 2974 18365
4060 4026 18365
2870 3500 16706
3500 2870 16706
3500 4130 16706
4130 3500 16706
1894 2559 2
1894 4441 2
2559 1894 2
2559 5106 2
4441 1894 2
4441 5106 2
5106 2559 2
5106 4441 2
903 2219 2
903 4781 2
2219 903 2
2219 6097 2
4781 903 2
4781 6097 2
6097 2219 2
6097 4781 2
1983 3270 92027
1983 3730 92027
3270 1983 92027
3270 5017 92027
3730 1983 92027
3730 5017 92027
5017 3270 92027
5017 3730 92027
3143 3315 42461
3143 3685 42461
3315 3143 42461
3315 3857 42461
3685 3143 42461
3685 3857 42461
3857 3315 42461
3857 3685 42461
2362 3071 65870
2362 3929 65870
3071 2362 65870
3071 4638 65870
3929 2362 65870
3929 4638 65870
4638 3071 65870
4638 3929 65870
1610 1792 281941
1610 5208 281941
1792 1610 281941
1792 5390 281941
5208 1610 281941
5208 5390 281941
5390 1792 281941
5390 5208 281941
1836 3150 2
1836 3850 2
3150 1836 2
3150 5164 2
3850 1836 2
3850 5164 2
5164 3150 2
5164 3850 2
995 2265 9428
995 4735 9428
2265 995 9428
2265 6005 9428
4735 995 9428
4735 6005 9428
6005 2265 9428
6005 4735 9428
2535 3409 2
2535 3591 2
3409 2535 2
3409 4465 2
3591 2535 2
3591 4465 2
4465 3409 2
4465 3591 2
2535 3410 2
2535 3590 2
3410 2535 2
3410 4465 2
3590 2535 2
3590 4465 2
4465 3410 2
4465 3590 2
930 3366 2
930 3634 2
3366 930 2
3366 6070 2
3634 930 2
3634 6070 2
6070 3366 2
6070 3634 2
2358 2552 2
2358 4448 2
2552 2358 2
2552 4642 2
4448 2358 2
4448 4642 2
4642 2552 2
4642 4448 2
923 3234 23350
923 3766 23350
3234 923 23350
3234 6077 23350
3766 923 23350
3766 6077 23350
6077 3234 23350
6077 3766 23350
1506 1861 339317
1506 5139 339317
1861 1506 339317
1861 5494 339317
5139 1506 339317
5139 5494 339317
5494 1861 339317
5494 5139 339317
2753 2967 48955
2753 4033 48955
2967 2753 48955
2967 4247 48955
4033 2753 48955
4033 4247 48955
4247 2967 48955
4247 4033 48955
912 3349 2
912 3651 2
3349 912 2
3349 6088 2
3651 912 2
3651 6088 2
6088 3349 2
6088 3651 2
2287 2510 85409
2287 4490 85409
2510 2287 85409
2510 4713 85409
4490 2287 85409
4490 4713 85409
4713 2510 85409
4713 4490 85409
2482 2856 2
2482 4144 2
2856 2482 2
2856 4518 2
4144 2482 2
4144 4518 2
4518 2856 2
4518 4144 2
2701 3031 84214
2701 3969 84214
3031 2701 84214
3031 4299 84214
3969 2701 84214
3969 4299 84214
4299 3031 84214
4299 3969 84214
947 2448 59424
947 4552 59424
2448 947 59424
2448 6053 59424
4552 947 59424
4552 6053 59424
6053 2448 59424
6053 4552 59424
949 3240 12640
949 3760 12640
3240 949 12640
3240 6051 12640
3760 949 12640
3760 6051 12640
6051 3240 12640
6051 3760 12640
900 3340 7959
900 3660 7959
3340 900 7959
3340 6100 7959
3660 900 7959
3660 6100 7959
6100 3340 7959
6100 3660 7959
2505 2846 54482
2505 4154 54482
2846 2505 54482
2846 4495 54482
4154 2505 54482
4154 4495 54482
4495 2846 54482
4495 4154 54482
2199 2599 142185
2199 4401 142185
2599 2199 142185
2599 4801 142185
4401 2199 142185
4401 4801 142185
4801 2599 142185
4801 4401 142185
795 3345 15262
795 3655 15262
3345 795 15262
3345 6205 15262
3655 795 15262
3655 6205 15262
6205 3345 15262
6205 3655 15262
2377 3447 325891
2377 3553 325891
3447 2377 325891
3447 4623 325891
3553 2377 325891
3553 4623 325891
4623 3447 325891
4623 3553 325891
2854 3342 95272
2854 3658 95272
3342 2854 95272
3342 4146 95272
3658 2854 95272
3658 4146 95272
4146 3342 95272
4146 3658 95272
2663 2900 61901
2663 4100 61901
2900 2663 61901
2900 4337 61901
4100 2663 61901
4100 4337 61901
4337 2900 61901
4337 4100 61901
951 1516 103971
951 5484 103971
1516 951 103971
1516 6049 103971
5484 951 103971
5484 6049 103971
6049 1516 103971
6049 5484 103971
949 1515 2
949 5485 2
1515 949 2
1515 6051 2
5485 949 2
5485 6051 2
6051 1515 2
6051 5485 2
1839 2540 765520
1839 4460 765520
2540 1839 765520
2540 5161 765520
4460 1839 765520
4460 5161 765520
5161 2540 765520
5161 4460 765520
901 1425 101621
901 5575 101621
1425 901 101621
1425 6099 101621
5575 901 101621
5575 6099 101621
6099 1425 101621
6099 5575 101621
787 2345 2
787 4655 2
2345 787 2
2345 6213 2
4655 787 2
4655 6213 2
6213 2345 2
6213 4655 2
2390 2600 1184
2390 4400 1184
2600 2390 1184
2600 4610 1184
4400 2390 1184
4400 4610 1184
4610 2600 1184
4610 4400 1184
2610 3111 2
2610 3889 2
3111 2610 2
3111 4390 2
3889 2610 2
3889 4390 2
4390 3111 2
4390 3889 2
2650 3401 2
2650 3599 2
3401 2650 2
3401 4350 2
3599 2650 2
3599 4350 2
4350 3401 2
4350 3599 2
949 2751 2
949 4249 2
2751 949 2
2751 6051 2
4249 949 2
4249 6051 2
6051 2751 2
6051 4249 2
966 3495 117464
966 3505 117464
3495 966 117464
3495 6034 117464
3505 966 117464
3505 6034 117464
6034 3495 117464
6034 3505 117464
2510 3400 153635
2510 3600 153635
3400 2510 153635
3400 4490 153635
3600 2510 153635
3600 4490 153635
4490 3400 153635
4490 3600 153635
778 3359 39766
778 3641 39766
3359 778 39766
3359 6222 39766
3641 778 39766
3641 6222 39766
6222 3359 39766
6222 3641 39766
779 3360 33911
779 3640 33911
3360 779 33911
3360 6221 33911
3640 779 33911
3640 6221 33911
6221 3360 33911
6221 3640 33911
1984 2271 108123
1984 4729 108123
2271 1984 108123
2271 5016 108123
4729 1984 108123
4729 5016 108123
5016 2271 108123
5016 4729 108123
3320 3498 48363
3320 3502 48363
3498 3320 48363
3498 3680 48363
3502 3320 48363
3502 3680 48363
3680 3498 48363
3680 3502 48363
963 2273 2
963 4727 2
2273 963 2
2273 6037 2
4727 963 2
4727 6037 2
6037 2273 2
6037 4727 2
863 2371 9584
863 4629 9584
2371 863 9584
2371 6137 9584
4629 863 9584
4629 6137 9584
6137 2371 9584
6137 4629 9584
2522 3298 2
2522 3702 2
3298 2522 2
3298 4478 2
3702 2522 2
3702 4478 2
4478 3298 2
4478 3702 2
2695 3344 2
2695 3656 2
3344 2695 2
3344 4305 2
3656 2695 2
3656 4305 2
4305 3344 2
4305 3656 2
812 3427 2
812 3573 2
3427 812 2
3427 6188 2
3573 812 2
3573 6188 2
6188 3427 2
6188 3573 2
965 2464 78518
965 4536 78518
2464 965 78518
2464 6035 78518
4536 965 78518
4536 6035 78518
6035 2464 78518
6035 4536 78518
869 2560 43907
869 4440 43907
2560 869 43907
2560 6131 43907
4440 869 43907
4440 6131 43907
6131 2560 43907
6131 4440 43907
1001 3140 3516
1001 3860 3516
3140 1001 3516
3140 5999 3516
3860 1001 3516
3860 5999 3516
5999 3140 3516
5999 3860 3516
2972 3004 23196
2972 3996 23196
3004 2972 23196
3004 4028 23196
3996 2972 23196
3996 4028 23196
4028 3004 23196
4028 3996 23196
1102 1999 16252
1102 5001 16252
1999 1102 16252
1999 5898 16252
5001 1102 16252
5001 5898 16252
5898 1999 16252
5898 5001 16252
1978 3006 21170
1978 3994 21170
3006 1978 21170
3006 5022 21170
3994 1978 21170
3994 5022 21170
5022 3006 21170
5022 3994 21170
2050 2418 19089
2050 4582 19089
2418 2050 19089
2418 4950 19089
4582 2050 19089
4582 4950 19089
4950 2418 19089
4950 4582 19089
1077 1999 8173
1077 5001 8173
1999 1077 8173
1999 5923 8173
5001 1077 8173
5001 5923 8173
5923 1999 8173
5923 5001 8173
3010 3036 30869
3010 3964 30869
3036 3010 30869
3036 3990 30869
3964 3010 30869
3964 3990 30869
3990 3036 30869
3990 3964 30869
3001 3050 2
3001 3950 2
3050 3001 2
3050 3999 2
3950 3001 2
3950 3999 2
3999 3050 2
3999 3950 2
1770 3363 211220
1770 3637 211220
3363 1770 211220
3363 5230 211220
3637 1770 211220
3637 5230 211220
5230 3363 211220
5230 3637 211220
1967 3012 41572
1967 3988 41572
3012 1967 41572
3012 5033 41572
3988 1967 41572
3988 5033 41572
5033 3012 41572
5033 3988 41572
1741 3331 420772
1741 3669 420772
3331 1741 420772
3331 5259 420772
3669 1741 420772
3669 5259 420772
5259 3331 420772
5259 3669 420772
2965 3020 19346
2965 3980 19346
3020 2965 19346
3020 4035 19346
3980 2965 19346
3980 4035 19346
4035 3020 19346
4035 3980 19346
1990 2967 52882
1990 4033 52882
2967 1990 52882
2967 5010 52882
4033 1990 52882
4033 5010 52882
5010 2967 52882
5010 4033 52882
2497 3080 58191
2497 3920 58191
3080 2497 58191
3080 4503 58191
3920 2497 58191
3920 4503 58191
4503 3080 58191
4503 3920 58191
1984 3233 37843
1984 3767 37843
3233 1984 37843
3233 5016 37843
3767 1984 37843
3767 5016 37843
5016 3233 37843
5016 3767 37843
2908 3386 5993
2908 3614 5993
3386 2908 5993
3386 4092 5993
3614 2908 5993
3614 4092 5993
4092 3386 5993
4092 3614 5993
819 2265 2
819 4735 2
2265 819 2
2265 6181 2
4735 819 2
4735 6181 2
6181 2265 2
6181 4735 2
820 2266 2
820 4734 2
2266 820 2
2266 6180 2
4734 820 2
4734 6180 2
6180 2266 2
6180 4734 2
1884 3500 2
3500 1884 2
3500 5116 2
5116 3500 2
1487 2886 122073
1487 4114 122073
2886 1487 122073
2886 5513 122073
4114 1487 122073
4114 5513 122073
5513 2886 122073
5513 4114 122073
1362 3038 9683
1362 3962 9683
3038 1362 9683
3038 5638 9683
3962 1362 9683
3962 5638 9683
5638 3038 9683
5638 3962 9683
1883 2941 40963
1883 4059 40963
2941 1883 40963
2941 5117 40963
4059 1883 40963
4059 5117 40963
5117 2941 40963
5117 4059 40963
1983 3245 61011
1983 3755 61011
3245 1983 61011
3245 5017 61011
3755 1983 61011
3755 5017 61011
5017 3245 61011
5017 3755 61011
2574 2772 125607
2574 4228 125607
2772 2574 125607
2772 4426 125607
4228 2574 125607
4228 4426 125607
4426 2772 125607
4426 4228 125607
994 2058 120631
994 4942 120631
2058 994 120631
2058 6006 120631
4942 994 120631
4942 6006 120631
6006 2058 120631
6006 4942 120631
2080 2649 2
2080 4351 2
2649 2080 2
2649 4920 2
4351 2080 2
4351 4920 2
4920 2649 2
4920 4351 2
2717 2975 159150
2717 4025 159150
2975 2717 159150
2975 4283 159150
4025 2717 159150
4025 4283 159150
4283 2975 159150
4283 4025 159150
2358 2572 891
2358 4428 891
2572 2358 891
2572 4642 891
4428 2358 891
4428 4642 891
4642 2572 891
4642 4428 891
1959 1961 10652
1959 5039 10652
1961 1959 10652
1961 5041 10652
5039 1959 10652
5039 5041 10652
5041 1961 10652
5041 5039 10652
2729 2953 144252
2729 4047 144252
2953 2729 144252
2953 4271 144252
4047 2729 144252
4047 4271 144252
4271 2953 144252
4271 4047 144252
985 2607 2
985 4393 2
2607 985 2
2607 6015 2
4393 985 2
4393 6015 2
6015 2607 2
6015 4393 2
1920 1944 49791
1920 5056 49791
1944 1920 49791
1944 5080 49791
5056 1920 49791
5056 5080 49791
5080 1944 49791
5080 5056 49791
964 2314 53944
964 4686 53944
2314 964 53944
2314 6036 53944
4686 964 53944
4686 6036 53944
6036 2314 53944
6036 4686 53944
1870 3488 95526
1870 3512 95526
3488 1870 95526
3488 5130 95526
3512 1870 95526
3512 5130 95526
5130 3488 95526
5130 3512 95526
2733 3472 2
2733 3528 2
3472 2733 2
3472 4267 2
3528 2733 2
3528 4267 2
4267 3472 2
4267 3528 2
3041 3301 26492
3041 3699 26492
3301 3041 26492
3301 3959 26492
3699 3041 26492
3699 3959 26492
3959 3301 26492
3959 3699 26492
2546 2735 83840
2546 4265 83840
2735 2546 83840
2735 4454 83840
4265 2546 83840
4265 4454 83840
4454 2735 83840
4454 4265 83840
1989 2743 86613
1989 4257 86613
2743 1989 86613
2743 5011 86613
4257 1989 86613
4257 5011 86613
5011 2743 86613
5011 4257 86613
2897 3324 8648
2897 3676 8648
3324 2897 8648
3324 4103 8648
3676 2897 8648
3676 4103 8648
4103 3324 8648
4103 3676 8648
2588 2797 168699
2588 4203 168699
2797 2588 168699
2797 4412 168699
4203 2588 168699
4203 4412 168699
4412 2797 168699
4412 4203 168699
981 2546 2
981 4454 2
2546 981 2
2546 6019 2
4454 981 2
4454 6019 2
6019 2546 2
6019 4454 2
2688 3069 148764
2688 3931 148764
3069 2688 148764
3069 4312 148764
3931 2688 148764
3931 4312 148764
4312 3069 148764
4312 3931 148764
2835 3259 2
2835 3741 2
3259 2835 2
3259 4165 2
3741 2835 2
3741 4165 2
4165 3259 2
4165 3741 2
3084 3500 143337
3500 3084 143337
3500 3916 143337
3916 3500 143337
2531 2717 56641
2531 4283 56641
2717 2531 56641
2717 4469 56641
4283 2531 56641
4283 4469 56641
4469 2717 56641
4469 4283 56641
989 3305 124535
989 3695 124535
3305 989 124535
3305 6011 124535
3695 989 124535
3695 6011 124535
6011 3305 124535
6011 3695 124535
1602 1793 27786
1602 5207 27786
1793 1602 27786
1793 5398 27786
5207 1602 27786
5207 5398 27786
5398 1793 27786
5398 5207 27786
2812 3421 37009
2812 3579 37009
3421 2812 37009
3421 4188 37009
3579 2812 37009
3579 4188 37009
4188 3421 37009
4188 3579 37009
902 1555 26038
902 5445 26038
1555 902 26038
1555 6098 26038
5445 902 26038
5445 6098 26038
6098 1555 26038
6098 5445 26038
1193 1593 1311
1193 5407 1311
1593 1193 1311
1593 5807 1311
5407 1193 1311
5407 5807 1311
5807 1593 1311
5807 5407 1311
995 3420 30626
995 3580 30626
3420 995 30626
3420 6005 30626
3580 995 30626
3580 6005 30626
6005 3420 30626
6005 3580 30626
1981 2258 80857
1981 4742 80857
2258 1981 80857
2258 5019 80857
4742 1981 80857
4742 5019 80857
5019 2258 80857
5019 4742 80857
1971 3271 106706
1971 3729 106706
3271 1971 106706
3271 5029 106706
3729 1971 106706
3729 5029 106706
5029 3271 106706
5029 3729 106706
2263 2507 40710
2263 4493 40710
2507 2263 40710
2507 4737 40710
4493 2263 40710
4493 4737 40710
4737 2507 40710
4737 4493 40710
2373 2923 46769
2373 4077 46769
2923 2373 46769
2923 4627 46769
4077 2373 46769
4077 4627 46769
4627 2923 46769
4627 4077 46769
1517 2854 102040
1517 4146 102040
2854 1517 102040
2854 5483 102040
4146 1517 102040
4146 5483 102040
5483 2854 102040
5483 4146 102040
2431 2626 35533
2431 4374 35533
2626 2431 35533
2626 4569 35533
4374 2431 35533
4374 4569 35533
4569 2626 35533
4569 4374 35533
2562 2781 2
2562 4219 2
2781 2562 2
2781 4438 2
4219 2562 2
4219 4438 2
4438 2781 2
4438 4219 2
2516 3274 78524
2516 3726 78524
3274 2516 78524
3274 4484 78524
3726 2516 78524
3726 4484 78524
4484 3274 78524
4484 3726 78524
2693 3399 9425
2693 3601 9425
3399 2693 9425
3399 4307 9425
3601 2693 9425
3601 4307 9425
4307 3399 9425
4307 3601 9425
2655 3500 123119
3500 2655 123119
3500 4345 123119
4345 3500 123119
1890 3150 2
1890 3850 2
3150 1890 2
3150 5110 2
3850 1890 2
3850 5110 2
5110 3150 2
5110 3850 2
2324 2945 6282
2324 4055 6282
2945 2324 6282
2945 4676 6282
4055 2324 6282
4055 4676 6282
4676 2945 6282
4676 4055 6282
907 3263 93017
907 3737 93017
3263 907 93017
3263 6093 93017
3737 907 93017
3737 6093 93017
6093 3263 93017
6093 3737 93017
2413 2650 120191
2413 4350 120191
2650 2413 120191
2650 4587 120191
4350 2413 120191
4350 4587 120191
4587 2650 120191
4587 4350 120191
2410 2650 7461
2410 4350 7461
2650 2410 7461
2650 4590 7461
4350 2410 7461
4350 4590 7461
4590 2650 7461
4590 4350 7461
839 2309 2
839 4691 2
2309 839 2
2309 6161 2
4691 839 2
4691 6161 2
6161 2309 2
6161 4691 2
2651 3120 20108
2651 3880 20108
3120 2651 20108
3120 4349 20108
3880 2651 20108
3880 4349 20108
4349 3120 20108
4349 3880 20108
2890 3448 14416
2890 3552 14416
3448 2890 14416
3448 4110 14416
3552 2890 14416
3552 4110 14416
4110 3448 14416
4110 3552 14416
2614 2614 2
2614 4386 2
4386 2614 2
4386 4386 2
1947 2701 159439
1947 4299 159439
2701 1947 159439
2701 5053 159439
4299 1947 159439
4299 5053 159439
5053 2701 159439
5053 4299 159439
2530 2720 2
2530 4280 2
2720 2530 2
2720 4470 2
4280 2530 2
4280 4470 2
4470 2720 2
4470 4280 2
885 2609 2
885 4391 2
2609 885 2
2609 6115 2
4391 885 2
4391 6115 2
6115 2609 2
6115 4391 2
1939 2679 90291
1939 4321 90291
2679 1939 90291
2679 5061 90291
4321 1939 90291
4321 5061 90291
5061 2679 90291
5061 4321 90291
990 1610 2
990 5390 2
1610 990 2
1610 6010 2
5390 990 2
5390 6010 2
6010 1610 2
6010 5390 2
973 2280 2
973 4720 2
2280 973 2
2280 6027 2
4720 973 2
4720 6027 2
6027 2280 2
6027 4720 2
2620 3320 12064
2620 3680 12064
3320 2620 12064
3320 4380 12064
3680 2620 12064
3680 4380 12064
4380 3320 12064
4380 3680 12064
1181 2939 2724
1181 4061 2724
2939 1181 2724
2939 5819 2724
4061 1181 2724
4061 5819 2724
5819 2939 2724
5819 4061 2724
3103 3328 14044
3103 3672 14044
3328 3103 14044
3328 3897 14044
3672 3103 14044
3672 3897 14044
3897 3328 14044
3897 3672 14044
946 1356 2
946 5644 2
1356 946 2
1356 6054 2
5644 946 2
5644 6054 2
6054 1356 2
6054 5644 2
874 1680 59547
874 5320 59547
1680 874 59547
1680 6126 59547
5320 874 59547
5320 6126 59547
6126 1680 59547
6126 5320 59547
987 1546 19863
987 5454 19863
1546 987 19863
1546 6013 19863
5454 987 19863
5454 6013 19863
6013 1546 19863
6013 5454 19863
2534 2743 120719
2534 4257 120719
2743 2534 120719
2743 4466 120719
4257 2534 120719
4257 4466 120719
4466 2743 120719
4466 4257 120719
815 2644 94160
815 4356 94160
2644 815 94160
2644 6185 94160
4356 815 94160
4356 6185 94160
6185 2644 94160
6185 4356 94160
1948 2710 77611
1948 4290 77611
2710 1948 77611
2710 5052 77611
4290 1948 77611
4290 5052 77611
5052 2710 77611
5052 4290 77611
1546 3254 6702
1546 3746 6702
3254 1546 6702
3254 5454 6702
3746 1546 6702
3746 5454 6702
5454 3254 6702
5454 3746 6702
899 2524 124841
899 4476 124841
2524 899 124841
2524 6101 124841
4476 899 124841
4476 6101 124841
6101 2524 124841
6101 4476 124841
1721 2602 81489
1721 4398 81489
2602 1721 81489
2602 5279 81489
4398 1721 81489
4398 5279 81489
5279 2602 81489
5279 4398 81489
863 1524 2
863 5476 2
1524 863 2
1524 6137 2
5476 863 2
5476 6137 2
6137 1524 2
6137 5476 2
923 1483 2
923 5517 2
1483 923 2
1483 6077 2
5517 923 2
5517 6077 2
6077 1483 2
6077 5517 2
1413 1979 2
1413 5021 2
1979 1413 2
1979 5587 2
5021 1413 2
5021 5587 2
5587 1979 2
5587 5021 2
1571 3238 2
1571 3762 2
3238 1571 2
3238 5429 2
3762 1571 2
3762 5429 2
5429 3238 2
5429 3762 2
2984 2998 7615
2984 4002 7615
2998 2984 7615
2998 4016 7615
4002 2984 7615
4002 4016 7615
4016 2998 7615
4016 4002 7615
1120 1999 48615
1120 5001 48615
1999 1120 48615
1999 5880 48615
5001 1120 48615
5001 5880 48615
5880 1999 48615
5880 5001 48615
1474 1880 414179
1474 5120 414179
1880 1474 414179
1880 5526 414179
5120 1474 414179
5120 5526 414179
5526 1880 414179
5526 5120 414179
2077 2491 47517
2077 4509 47517
2491 2077 47517
2491 4923 47517
4509 2077 47517
4509 4923 47517
4923 2491 47517
4923 4509 47517
2082 3305 43499
2082 3695 43499
3305 2082 43499
3305 4918 43499
3695 2082 43499
3695 4918 43499
4918 3305 43499
4918 3695 43499
975 3087 67196
975 3913 67196
3087 975 67196
3087 6025 67196
3913 975 67196
3913 6025 67196
6025 3087 67196
6025 3913 67196
2914 3495 2
2914 3505 2
3495 2914 2
3495 4086 2
3505 2914 2
3505 4086 2
4086 3495 2
4086 3505 2
3020 3204 62651
3020 3796 62651
3204 3020 62651
3204 3980 62651
3796 3020 62651
3796 3980 62651
3980 3204 62651
3980 3796 62651
2083 2397 6546
2083 4603 6546
2397 2083 6546
2397 4917 6546
4603 2083 6546
4603 4917 6546
4917 2397 6546
4917 4603 6546
2951 2988 15256
2951 4012 15256
2988 2951 15256
2988 4049 15256
4012 2951 15256
4012 4049 15256
4049 2988 15256
4049 4012 15256
2982 2985 6129
2982 4015 6129
2985 2982 6129
2985 4018 6129
4015 2982 6129
4015 4018 6129
4018 2985 6129
4018 4015 6129
2521 2849 8273
2521 4151 8273
2849 2521 8273
2849 4479 8273
4151 2521 8273
4151 4479 8273
4479 2849 8273
4479 4151 8273
984 3055 22413
984 3945 22413
3055 984 22413
3055 6016 22413
3945 984 22413
3945 6016 22413
6016 3055 22413
6016 3945 22413
1882 3457 21694
1882 3543 21694
3457 1882 21694
3457 5118 21694
3543 1882 21694
3543 5118 21694
5118 3457 21694
5118 3543 21694
2978 2983 52968
2978 4017 52968
2983 2978 52968
2983 4022 52968
4017 2978 52968
4017 4022 52968
4022 2983 52968
4022 4017 52968
2952 2978 55292
2952 4022 55292
2978 2952 55292
2978 4048 55292
4022 2952 55292
4022 4048 55292
4048 2978 55292
4048 4022 55292
2858 3490 131025
2858 3510 131025
3490 2858 131025
3490 4142 131025
3510 2858 131025
3510 4142 131025
4142 3490 131025
4142 3510 131025
2140 2626 6917
2140 4374 6917
2626 2140 6917
2626 4860 6917
4374 2140 6917
4374 4860 6917
4860 2626 6917
4860 4374 6917
2314 2495 76270
2314 4505 76270
2495 2314 76270
2495 4686 76270
4505 2314 76270
4505 4686 76270
4686 2495 76270
4686 4505 76270
2519 2851 73221
2519 4149 73221
2851 2519 73221
2851 4481 73221
4149 2519 73221
4149 4481 73221
4481 2851 73221
4481 4149 73221
1989 3029 40722
1989 3971 40722
3029 1989 40722
3029 5011 40722
3971 1989 40722
3971 5011 40722
5011 3029 40722
5011 3971 40722
1460 1959 31374
1460 5041 31374
1959 1460 31374
1959 5540 31374
5041 1460 31374
5041 5540 31374
5540 1959 31374
5540 5041 31374
2641 3149 22634
2641 3851 22634
3149 2641 22634
3149 4359 22634
3851 2641 22634
3851 4359 22634
4359 3149 22634
4359 3851 22634
1901 2772 44096
1901 4228 44096
2772 1901 44096
2772 5099 44096
4228 1901 44096
4228 5099 44096
5099 2772 44096
5099 4228 44096
1990 3023 16670
1990 3977 16670
3023 1990 16670
3023 5010 16670
3977 1990 16670
3977 5010 16670
5010 3023 16670
5010 3977 16670
2808 3450 2
2808 3550 2
3450 2808 2
3450 4192 2
3550 2808 2
3550 4192 2
4192 3450 2
4192 3550 2
990 2353 97337
990 4647 97337
2353 990 97337
2353 6010 97337
4647 990 97337
4647 6010 97337
6010 2353 97337
6010 4647 97337
1616 2780 68203
1616 4220 68203
2780 1616 68203
2780 5384 68203
4220 1616 68203
4220 5384 68203
5384 2780 68203
5384 4220 68203
2444 2896 29588
2444 4104 29588
2896 2444 29588
2896 4556 29588
4104 2444 29588
4104 4556 29588
4556 2896 29588
4556 4104 29588
962 3272 44663
962 3728 44663
3272 962 44663
3272 6038 44663
3728 962 44663
3728 6038 44663
6038 3272 44663
6038 3728 44663
831 2442 19954
831 4558 19954
2442 831 19954
2442 6169 19954
4558 831 19954
4558 6169 19954
6169 2442 19954
6169 4558 19954
911 3475 59154
911 3525 59154
3475 911 59154
3475 6089 59154
3525 911 59154
3525 6089 59154
6089 3475 59154
6089 3525 59154
1898 2758 156
1898 4242 156
2758 1898 156
2758 5102 156
4242 1898 156
4242 5102 156
5102 2758 156
5102 4242 156
1899 2760 175
1899 4240 175
2760 1899 175
2760 5101 175
4240 1899 175
4240 5101 175
5101 2760 175
5101 4240 175
792 2318 56938
792 4682 56938
2318 792 56938
2318 6208 56938
4682 792 56938
4682 6208 56938
6208 2318 56938
6208 4682 56938
921 3479 57661
921 3521 57661
3479 921 57661
3479 6079 57661
3521 921 57661
3521 6079 57661
6079 3479 57661
6079 3521 57661
921 3480 12562
921 3520 12562
3480 921 12562
3480 6079 12562
3520 921 12562
3520 6079 12562
6079 3480 12562
6079 3520 12562
927 2730 24046
927 4270 24046
2730 927 24046
2730 6073 24046
4270 927 24046
4270 6073 24046
6073 2730 24046
6073 4270 24046
840 2436 50824
840 4564 50824
2436 840 50824
2436 6160 50824
4564 840 50824
4564 6160 50824
6160 2436 50824
6160 4564 50824
852 2447 2
852 4553 2
2447 852 2
2447 6148 2
4553 852 2
4553 6148 2
6148 2447 2
6148 4553 2
1523 2088 21539
1523 4912 21539
2088 1523 21539
2088 5477 21539
4912 1523 21539
4912 5477 21539
5477 2088 21539
5477 4912 21539
2326 2588 18285
2326 4412 18285
2588 2326 18285
2588 4674 18285
4412 2326 18285
4412 4674 18285
4674 2588 18285
4674 4412 18285
804 3399 32137
804 3601 32137
3399 804 32137
3399 6196 32137
3601 804 32137
3601 6196 32137
6196 3399 32137
6196 3601 32137
1886 2772 2
1886 4228 2
2772 1886 2
2772 5114 2
4228 1886 2
4228 5114 2
5114 2772 2
5114 4228 2
2910 3242 911
2910 3758 911
3242 2910 911
3242 4090 911
3758 2910 911
3758 4090 911
4090 3242 911
4090 3758 911
977 1486 130884
977 5514 130884
1486 977 130884
1486 6023 130884
5514 977 130884
5514 6023 130884
6023 1486 130884
6023 5514 130884
934 2693 11256
934 4307 11256
2693 934 11256
2693 6066 11256
4307 934 11256
4307 6066 11256
6066 2693 11256
6066 4307 11256
1670 2482 20058
1670 4518 20058
2482 1670 20058
2482 5330 20058
4518 1670 20058
4518 5330 20058
5330 2482 20058
5330 4518 20058
2718 3443 130435
2718 3557 130435
3443 2718 130435
3443 4282 130435
3557 2718 130435
3557 4282 130435
4282 3443 130435
4282 3557 130435
952 2563 2
952 4437 2
2563 952 2
2563 6048 2
4437 952 2
4437 6048 2
6048 2563 2
6048 4437 2
952 2560 41807
952 4440 41807
2560 952 41807
2560 6048 41807
4440 952 41807
4440 6048 41807
6048 2560 41807
6048 4440 41807
1841 2806 198119
1841 4194 198119
2806 1841 198119
2806 5159 198119
4194 1841 198119
4194 5159 198119
5159 2806 198119
5159 4194 198119
802 2306 107033
802 4694 107033
2306 802 107033
2306 6198 107033
4694 802 107033
4694 6198 107033
6198 2306 107033
6198 4694 107033
2051 3283 7523
2051 3717 7523
3283 2051 7523
3283 4949 7523
3717 2051 7523
3717 4949 7523
4949 3283 7523
4949 3717 7523
681 2754 156381
681 4246 156381
2754 681 156381
2754 6319 156381
4246 681 156381
4246 6319 156381
6319 2754 156381
6319 4246 156381
889 2459 2
889 4541 2
2459 889 2
2459 6111 2
4541 889 2
4541 6111 2
6111 2459 2
6111 4541 2
797 2421 2
797 4579 2
2421 797 2
2421 6203 2
4579 797 2
4579 6203 2
6203 2421 2
6203 4579 2
2341 2654 54571
2341 4346 54571
2654 2341 54571
2654 4659 54571
4346 2341 54571
4346 4659 54571
4659 2654 54571
4659 4346 54571
3390 3414 2
3390 3586 2
3414 3390 2
3414 3610 2
3586 3390 2
3586 3610 2
3610 3414 2
3610 3586 2
3116 3420 19594
3116 3580 19594
3420 3116 19594
3420 3884 19594
3580 3116 19594
3580 3884 19594
3884 3420 19594
3884 3580 19594
1880 3500 53833
3500 1880 53833
3500 5120 53833
5120 3500 53833
913 3297 185361
913 3703 185361
3297 913 185361
3297 6087 185361
3703 913 185361
3703 6087 185361
6087 3297 185361
6087 3703 185361
945 2603 47924
945 4397 47924
2603 945 47924
2603 6055 47924
4397 945 47924
4397 6055 47924
6055 2603 47924
6055 4397 47924
935 2606 60689
935 4394 60689
2606 935 60689
2606 6065 60689
4394 935 60689
4394 6065 60689
6065 2606 60689
6065 4394 60689
1710 2509 2
1710 4491 2
2509 1710 2
2509 5290 2
4491 1710 2
4491 5290 2
5290 2509 2
5290 4491 2
2879 3466 2
2879 3534 2
3466 2879 2
3466 4121 2
3534 2879 2
3534 4121 2
4121 3466 2
4121 3534 2
1791 2547 2
1791 4453 2
2547 1791 2
2547 5209 2
4453 1791 2
4453 5209 2
5209 2547 2
5209 4453 2
846 1653 57185
846 5347 57185
1653 846 57185
1653 6154 57185
5347 846 57185
5347 6154 57185
6154 1653 57185
6154 5347 57185
1677 2280 155271
1677 4720 155271
2280 1677 155271
2280 5323 155271
4720 1677 155271
4720 5323 155271
5323 2280 155271
5323 4720 155271
1669 2280 2
1669 4720 2
2280 1669 2
2280 5331 2
4720 1669 2
4720 5331 2
5331 2280 2
5331 4720 2
900 2426 2
900 4574 2
2426 900 2
2426 6100 2
4574 900 2
4574 6100 2
6100 2426 2
6100 4574 2
836 1638 2
836 5362 2
1638 836 2
1638 6164 2
5362 836 2
5362 6164 2
6164 1638 2
6164 5362 2
894 1441 145431
894 5559 145431
1441 894 145431
1441 6106 145431
5559 894 145431
5559 6106 145431
6106 1441 145431
6106 5559 145431
1821 2563 350130
1821 4437 350130
2563 1821 350130
2563 5179 350130
4437 1821 350130
4437 5179 350130
5179 2563 350130
5179 4437 350130
1791 3413 499308
1791 3587 499308
3413 1791 499308
3413 5209 499308
3587 1791 499308
3587 5209 499308
5209 3413 499308
5209 3587 499308
1800 2528 2
1800 4472 2
2528 1800 2
2528 5200 2
4472 1800 2
4472 5200 2
5200 2528 2
5200 4472 2
876 2350 2
876 4650 2
2350 876 2
2350 6124 2
4650 876 2
4650 6124 2
6124 2350 2
6124 4650 2
1651 3470 2
1651 3530 2
3470 1651 2
3470 5349 2
3530 1651 2
3530 5349 2
5349 3470 2
5349 3530 2
1750 2531 278735
1750 4469 278735
2531 1750 278735
2531 5250 278735
4469 1750 278735
4469 5250 278735
5250 2531 278735
5250 4469 278735
1760 2532 2
1760 4468 2
2532 1760 2
2532 5240 2
4468 1760 2
4468 5240 2
5240 2532 2
5240 4468 2
1631 3479 74428
1631 3521 74428
3479 1631 74428
3479 5369 74428
3521 1631 74428
3521 5369 74428
5369 3479 74428
5369 3521 74428
1949 3295 153837
1949 3705 153837
3295 1949 153837
3295 5051 153837
3705 1949 153837
3705 5051 153837
5051 3295 153837
5051 3705 153837
1828 2550 492150
1828 4450 492150
2550 1828 492150
2550 5172 492150
4450 1828 492150
4450 5172 492150
5172 2550 492150
5172 4450 492150
1490 3476 2
1490 3524 2
3476 1490 2
3476 5510 2
3524 1490 2
3524 5510 2
5510 3476 2
5510 3524 2
1500 3472 227414
1500 3528 227414
3472 1500 227414
3472 5500 227414
3528 1500 227414
3528 5500 227414
5500 3472 227414
5500 3528 227414
819 2708 148393
819 4292 148393
2708 819 148393
2708 6181 148393
4292 819 148393
4292 6181 148393
6181 2708 148393
6181 4292 148393
854 3335 70311
854 3665 70311
3335 854 70311
3335 6146 70311
3665 854 70311
3665 6146 70311
6146 3335 70311
6146 3665 70311
912 2736 89749
912 4264 89749
2736 912 89749
2736 6088 89749
4264 912 89749
4264 6088 89749
6088 2736 89749
6088 4264 89749
920 2470 8571
920 4530 8571
2470 920 8571
2470 6080 8571
4530 920 8571
4530 6080 8571
6080 2470 8571
6080 4530 8571
927 2315 2
927 4685 2
2315 927 2
2315 6073 2
4685 927 2
4685 6073 2
6073 2315 2
6073 4685 2
939 3500 58065
3500 939 58065
3500 6061 58065
6061 3500 58065
954 2725 2
954 4275 2
2725 954 2
2725 6046 2
4275 954 2
4275 6046 2
6046 2725 2
6046 4275 2
959 2434 68866
959 4566 68866
2434 959 68866
2434 6041 68866
4566 959 68866
4566 6041 68866
6041 2434 68866
6041 4566 68866
988 2970 197897
988 4030 197897
2970 988 197897
2970 6012 197897
4030 988 197897
4030 6012 197897
6012 2970 197897
6012 4030 197897
1423 1908 37219
1423 5092 37219
1908 1423 37219
1908 5577 37219
5092 1423 37219
5092 5577 37219
5577 1908 37219
5577 5092 37219
1527 2150 10356
1527 4850 10356
2150 1527 10356
2150 5473 10356
4850 1527 10356
4850 5473 10356
5473 2150 10356
5473 4850 10356
1527 3150 131164
1527 3850 131164
3150 1527 131164
3150 5473 131164
3850 1527 131164
3850 5473 131164
5473 3150 131164
5473 3850 131164
1551 2909 13749
1551 4091 13749
2909 1551 13749
2909 5449 13749
4091 1551 13749
4091 5449 13749
5449 2909 13749
5449 4091 13749
1600 3201 2
1600 3799 2
3201 1600 2
3201 5400 2
3799 1600 2
3799 5400 2
5400 3201 2
5400 3799 2
1891 2550 72164
1891 4450 72164
2550 1891 72164
2550 5109 72164
4450 1891 72164
4450 5109 72164
5109 2550 72164
5109 4450 72164
2500 2681 85846
2500 4319 85846
2681 2500 85846
2681 4500 85846
4319 2500 85846
4319 4500 85846
4500 2681 85846
4500 4319 85846
3239 3499 47375
3239 3501 47375
3499 3239 47375
3499 3761 47375
3501 3239 47375
3501 3761 47375
3761 3499 47375
3761 3501 47375
3400 3497 2
3400 3503 2
3497 3400 2
3497 3600 2
3503 3400 2
3503 3600 2
3600 3497 2
3600 3503 2
3398 3460 85126
3398 3540 85126
3460 3398 85126
3460 3602 85126
3540 3398 85126
3540 3602 85126
3602 3460 85126
3602 3540 85126
3379 3490 40954
3379 3510 40954
3490 3379 40954
3490 3621 40954
3510 3379 40954
3510 3621 40954
3621 3490 40954
3621 3510 40954
2640 3499 41358
2640 3501 41358
3499 2640 41358
3499 4360 41358
3501 2640 41358
3501 4360 41358
4360 3499 41358
4360 3501 41358
2525 3430 176056
2525 3570 176056
3430 2525 176056
3430 4475 176056
3570 2525 176056
3570 4475 176056
4475 3430 176056
4475 3570 176056
3376 3448 89505
3376 3552 89505
3448 3376 89505
3448 3624 89505
3552 3376 89505
3552 3624 89505
3624 3448 89505
3624 3552 89505
2450 3434 2
2450 3566 2
3434 2450 2
3434 4550 2
3566 2450 2
3566 4550 2
4550 3434 2
4550 3566 2
2411 3470 131346
2411 3530 131346
3470 2411 131346
3470 4589 131346
3530 2411 131346
3530 4589 131346
4589 3470 131346
4589 3530 131346
2369 2548 124562
2369 4452 124562
2548 2369 124562
2548 4631 124562
4452 2369 124562
4452 4631 124562
4631 2548 124562
4631 4452 124562
1246 1999 41004
1246 5001 41004
1999 1246 41004
1999 5754 41004
5001 1246 41004
5001 5754 41004
5754 1999 41004
5754 5001 41004
1940 3174 1489
1940 3826 1489
3174 1940 1489
3174 5060 1489
3826 1940 1489
3826 5060 1489
5060 3174 1489
5060 3826 1489
1884 3168 84677
1884 3832 84677
3168 1884 84677
3168 5116 84677
3832 1884 84677
3832 5116 84677
5116 3168 84677
5116 3832 84677
690 1963 21719
690 5037 21719
1963 690 21719
1963 6310 21719
5037 690 21719
5037 6310 21719
6310 1963 21719
6310 5037 21719
681 1964 15528
681 5036 15528
1964 681 15528
1964 6319 15528
5036 681 15528
5036 6319 15528
6319 1964 15528
6319 5036 15528
2090 3484 2
2090 3516 2
3484 2090 2
3484 4910 2
3516 2090 2
3516 4910 2
4910 3484 2
4910 3516 2
2345 3429 56324
2345 3571 56324
3429 2345 56324
3429 4655 56324
3571 2345 56324
3571 4655 56324
4655 3429 56324
4655 3571 56324
880 2229 45606
880 4771 45606
2229 880 45606
2229 6120 45606
4771 880 45606
4771 6120 45606
6120 2229 45606
6120 4771 45606
761 2588 2
761 4412 2
2588 761 2
2588 6239 2
4412 761 2
4412 6239 2
6239 2588 2
6239 4412 2
976 2923 206802
976 4077 206802
2923 976 206802
2923 6024 206802
4077 976 206802
4077 6024 206802
6024 2923 206802
6024 4077 206802
1989 2946 29430
1989 4054 29430
2946 1989 29430
2946 5011 29430
4054 1989 29430
4054 5011 29430
5011 2946 29430
5011 4054 29430
3003 3019 42203
3003 3981 42203
3019 3003 42203
3019 3997 42203
3981 3003 42203
3981 3997 42203
3997 3019 42203
3997 3981 42203
2660 3323 2
2660 3677 2
3323 2660 2
3323 4340 2
3677 2660 2
3677 4340 2
4340 3323 2
4340 3677 2
3139 3348 86547
3139 3652 86547
3348 3139 86547
3348 3861 86547
3652 3139 86547
3652 3861 86547
3861 3348 86547
3861 3652 86547
3009 3189 14231
3009 3811 14231
3189 3009 14231
3189 3991 14231
3811 3009 14231
3811 3991 14231
3991 3189 14231
3991 3811 14231
3011 3195 81412
3011 3805 81412
3195 3011 81412
3195 3989 81412
3805 3011 81412
3805 3989 81412
3989 3195 81412
3989 3805 81412
1128 3500 2
3500 1128 2
3500 5872 2
5872 3500 2
2440 3364 2
2440 3636 2
3364 2440 2
3364 4560 2
3636 2440 2
3636 4560 2
4560 3364 2
4560 3636 2
1889 3449 4892
1889 3551 4892
3449 1889 4892
3449 5111 4892
3551 1889 4892
3551 5111 4892
5111 3449 4892
5111 3551 4892
946 1810 2
946 5190 2
1810 946 2
1810 6054 2
5190 946 2
5190 6054 2
6054 1810 2
6054 5190 2
1530 2094 130970
1530 4906 130970
2094 1530 130970
2094 5470 130970
4906 1530 130970
4906 5470 130970
5470 2094 130970
5470 4906 130970
550 1992 5530
550 5008 5530
1992 550 5530
1992 6450 5530
5008 550 5530
5008 6450 5530
6450 1992 5530
6450 5008 5530
994 2077 26188
994 4923 26188
2077 994 26188
2077 6006 26188
4923 994 26188
4923 6006 26188
6006 2077 26188
6006 4923 26188
2467 2884 30587
2467 4116 30587
2884 2467 30587
2884 4533 30587
4116 2467 30587
4116 4533 30587
4533 2884 30587
4533 4116 30587
2573 2753 76888
2573 4247 76888
2753 2573 76888
2753 4427 76888
4247 2573 76888
4247 4427 76888
4427 2753 76888
4427 4247 76888
1834 2553 19486
1834 4447 19486
2553 1834 19486
2553 5166 19486
4447 1834 19486
4447 5166 19486
5166 2553 19486
5166 4447 19486
1729 2678 188969
1729 4322 188969
2678 1729 188969
2678 5271 188969
4322 1729 188969
4322 5271 188969
5271 2678 188969
5271 4322 188969
1750 2660 187310
1750 4340 187310
2660 1750 187310
2660 5250 187310
4340 1750 187310
4340 5250 187310
5250 2660 187310
5250 4340 187310
1737 2324 68496
1737 4676 68496
2324 1737 68496
2324 5263 68496
4676 1737 68496
4676 5263 68496
5263 2324 68496
5263 4676 68496
919 3320 43855
919 3680 43855
3320 919 43855
3320 6081 43855
3680 919 43855
3680 6081 43855
6081 3320 43855
6081 3680 43855
2248 2557 93926
2248 4443 93926
2557 2248 93926
2557 4752 93926
4443 2248 93926
4443 4752 93926
4752 2557 93926
4752 4443 93926
2252 2549 43575
2252 4451 43575
2549 2252 43575
2549 4748 43575
4451 2252 43575
4451 4748 43575
4748 2549 43575
4748 4451 43575
914 2285 27194
914 4715 27194
2285 914 27194
2285 6086 27194
4715 914 27194
4715 6086 27194
6086 2285 27194
6086 4715 27194
987 2888 91007
987 4112 91007
2888 987 91007
2888 6013 91007
4112 987 91007
4112 6013 91007
6013 2888 91007
6013 4112 91007
954 2825 51244
954 4175 51244
2825 954 51244
2825 6046 51244
4175 954 51244
4175 6046 51244
6046 2825 51244
6046 4175 51244
1993 2080 42716
1993 4920 42716
2080 1993 42716
2080 5007 42716
4920 1993 42716
4920 5007 42716
5007 2080 42716
5007 4920 42716
854 2598 2
854 4402 2
2598 854 2
2598 6146 2
4402 854 2
4402 6146 2
6146 2598 2
6146 4402 2
1569 3177 48475
1569 3823 48475
3177 1569 48475
3177 5431 48475
3823 1569 48475
3823 5431 48475
5431 3177 48475
5431 3823 48475
2491 2541 5884
2491 4459 5884
2541 2491 5884
2541 4509 5884
4459 2491 5884
4459 4509 5884
4509 2541 5884
4509 4459 5884
992 3056 83207
992 3944 83207
3056 992 83207
3056 6008 83207
3944 992 83207
3944 6008 83207
6008 3056 83207
6008 3944 83207
1992 2968 26488
1992 4032 26488
2968 1992 26488
2968 5008 26488
4032 1992 26488
4032 5008 26488
5008 2968 26488
5008 4032 26488
1650 3119 3534
1650 3881 3534
3119 1650 3534
3119 5350 3534
3881 1650 3534
3881 5350 3534
5350 3119 3534
5350 3881 3534
2448 3111 2
2448 3889 2
3111 2448 2
3111 4552 2
3889 2448 2
3889 4552 2
4552 3111 2
4552 3889 2
2085 2560 34503
2085 4440 34503
2560 2085 34503
2560 4915 34503
4440 2085 34503
4440 4915 34503
4915 2560 34503
4915 4440 34503
2129 2571 2
2129 4429 2
2571 2129 2
2571 4871 2
4429 2129 2
4429 4871 2
4871 2571 2
4871 4429 2
2450 3111 12990
2450 3889 12990
3111 2450 12990
3111 4550 12990
3889 2450 12990
3889 4550 12990
4550 3111 12990
4550 3889 12990
2560 3093 48359
2560 3907 48359
3093 2560 48359
3093 4440 48359
3907 2560 48359
3907 4440 48359
4440 3093 48359
4440 3907 48359
2689 3482 75057
2689 3518 75057
3482 2689 75057
3482 4311 75057
3518 2689 75057
3518 4311 75057
4311 3482 75057
4311 3518 75057
918 1514 8164
918 5486 8164
1514 918 8164
1514 6082 8164
5486 918 8164
5486 6082 8164
6082 1514 8164
6082 5486 8164
916 1510 4949
916 5490 4949
1510 916 4949
1510 6084 4949
5490 916 4949
5490 6084 4949
6084 1510 4949
6084 5490 4949
1989 3014 102086
1989 3986 102086
3014 1989 102086
3014 5011 102086
3986 1989 102086
3986 5011 102086
5011 3014 102086
5011 3986 102086
996 2934 91984
996 4066 91984
2934 996 91984
2934 6004 91984
4066 996 91984
4066 6004 91984
6004 2934 91984
6004 4066 91984
1094 2549 21215
1094 4451 21215
2549 1094 21215
2549 5906 21215
4451 1094 21215
4451 5906 21215
5906 2549 21215
5906 4451 21215
831 2735 81719
831 4265 81719
2735 831 81719
2735 6169 81719
4265 831 81719
4265 6169 81719
6169 2735 81719
6169 4265 81719
2799 3188 80230
2799 3812 80230
3188 2799 80230
3188 4201 80230
3812 2799 80230
3812 4201 80230
4201 3188 80230
4201 3812 80230
2399 3491 51230
2399 3509 51230
3491 2399 51230
3491 4601 51230
3509 2399 51230
3509 4601 51230
4601 3491 51230
4601 3509 51230
1944 2410 70276
1944 4590 70276
2410 1944 70276
2410 5056 70276
4590 1944 70276
4590 5056 70276
5056 2410 70276
5056 4590 70276
804 3352 40823
804 3648 40823
3352 804 40823
3352 6196 40823
3648 804 40823
3648 6196 40823
6196 3352 40823
6196 3648 40823
910 2458 32509
910 4542 32509
2458 910 32509
2458 6090 32509
4542 910 32509
4542 6090 32509
6090 2458 32509
6090 4542 32509
2124 2997 7194
2124 4003 7194
2997 2124 7194
2997 4876 7194
4003 2124 7194
4003 4876 7194
4876 2997 7194
4876 4003 7194
1828 3438 95881
1828 3562 95881
3438 1828 95881
3438 5172 95881
3562 1828 95881
3562 5172 95881
5172 3438 95881
5172 3562 95881
1502 3070 57536
1502 3930 57536
3070 1502 57536
3070 5498 57536
3930 1502 57536
3930 5498 57536
5498 3070 57536
5498 3930 57536
2488 2874 84953
2488 4126 84953
2874 2488 84953
2874 4512 84953
4126 2488 84953
4126 4512 84953
4512 2874 84953
4512 4126 84953
907 3416 21606
907 3584 21606
3416 907 21606
3416 6093 21606
3584 907 21606
3584 6093 21606
6093 3416 21606
6093 3584 21606
1478 3120 101301
1478 3880 101301
3120 1478 101301
3120 5522 101301
3880 1478 101301
3880 5522 101301
5522 3120 101301
5522 3880 101301
853 2356 38380
853 4644 38380
2356 853 38380
2356 6147 38380
4644 853 38380
4644 6147 38380
6147 2356 38380
6147 4644 38380
2733 3323 2
2733 3677 2
3323 2733 2
3323 4267 2
3677 2733 2
3677 4267 2
4267 3323 2
4267 3677 2
1987 3039 9828
1987 3961 9828
3039 1987 9828
3039 5013 9828
3961 1987 9828
3961 5013 9828
5013 3039 9828
5013 3961 9828
1173 1993 17820
1173 5007 17820
1993 1173 17820
1993 5827 17820
5007 1173 17820
5007 5827 17820
5827 1993 17820
5827 5007 17820
2778 3099 2
2778 3901 2
3099 2778 2
3099 4222 2
3901 2778 2
3901 4222 2
4222 3099 2
4222 3901 2
2083 2675 46486
2083 4325 46486
2675 2083 46486
2675 4917 46486
4325 2083 46486
4325 4917 46486
4917 2675 46486
4917 4325 46486
996 3095 58774
996 3905 58774
3095 996 58774
3095 6004 58774
3905 996 58774
3905 6004 58774
6004 3095 58774
6004 3905 58774
3071 3321 871
3071 3679 871
3321 3071 871
3321 3929 871
3679 3071 871
3679 3929 871
3929 3321 871
3929 3679 871
918 3366 36004
918 3634 36004
3366 918 36004
3366 6082 36004
3634 918 36004
3634 6082 36004
6082 3366 36004
6082 3634 36004
945 2737 61416
945 4263 61416
2737 945 61416
2737 6055 61416
4263 945 61416
4263 6055 61416
6055 2737 61416
6055 4263 61416
2270 3451 47165
2270 3549 47165
3451 2270 47165
3451 4730 47165
3549 2270 47165
3549 4730 47165
4730 3451 47165
4730 3549 47165
1575 2818 206612
1575 4182 206612
2818 1575 206612
2818 5425 206612
4182 1575 206612
4182 5425 206612
5425 2818 206612
5425 4182 206612
1733 3320 278772
1733 3680 278772
3320 1733 278772
3320 5267 278772
3680 1733 278772
3680 5267 278772
5267 3320 278772
5267 3680 278772
1462 1896 81935
1462 5104 81935
1896 1462 81935
1896 5538 81935
5104 1462 81935
5104 5538 81935
5538 1896 81935
5538 5104 81935
998 2236 2
998 4764 2
2236 998 2
2236 6002 2
4764 998 2
4764 6002 2
6002 2236 2
6002 4764 2
2807 3201 3705
2807 3799 3705
3201 2807 3705
3201 4193 3705
3799 2807 3705
3799 4193 3705
4193 3201 3705
4193 3799 3705
976 2481 94751
976 4519 94751
2481 976 94751
2481 6024 94751
4519 976 94751
4519 6024 94751
6024 2481 94751
6024 4519 94751
2236 3414 2
2236 3586 2
3414 2236 2
3414 4764 2
3586 2236 2
3586 4764 2
4764 3414 2
4764 3586 2
2700 3466 61002
2700 3534 61002
3466 2700 61002
3466 4300 61002
3534 2700 61002
3534 4300 61002
4300 3466 61002
4300 3534 61002
829 2569 2
829 4431 2
2569 829 2
2569 6171 2
4431 829 2
4431 6171 2
6171 2569 2
6171 4431 2
906 1468 95918
906 5532 95918
1468 906 95918
1468 6094 95918
5532 906 95918
5532 6094 95918
6094 1468 95918
6094 5532 95918
862 3363 22552
862 3637 22552
3363 862 22552
3363 6138 22552
3637 862 22552
3637 6138 22552
6138 3363 22552
6138 3637 22552
1733 2321 2
1733 4679 2
2321 1733 2
2321 5267 2
4679 1733 2
4679 5267 2
5267 2321 2
5267 4679 2
982 2097 14657
982 4903 14657
2097 982 14657
2097 6018 14657
4903 982 14657
4903 6018 14657
6018 2097 14657
6018 4903 14657
1427 1936 112054
1427 5064 112054
1936 1427 112054
1936 5573 112054
5064 1427 112054
5064 5573 112054
5573 1936 112054
5573 5064 112054
1629 2777 382582
1629 4223 382582
2777 1629 382582
2777 5371 382582
4223 1629 382582
4223 5371 382582
5371 2777 382582
5371 4223 382582
1634 2773 75117
1634 4227 75117
2773 1634 75117
2773 5366 75117
4227 1634 75117
4227 5366 75117
5366 2773 75117
5366 4227 75117
2507 2871 2
2507 4129 2
2871 2507 2
2871 4493 2
4129 2507 2
4129 4493 2
4493 2871 2
4493 4129 2
1574 3183 108816
1574 3817 108816
3183 1574 108816
3183 5426 108816
3817 1574 108816
3817 5426 108816
5426 3183 108816
5426 3817 108816
2697 3314 42171
2697 3686 42171
3314 2697 42171
3314 4303 42171
3686 2697 42171
3686 4303 42171
4303 3314 42171
4303 3686 42171
2501 2910 85563
2501 4090 85563
2910 2501 85563
2910 4499 85563
4090 2501 85563
4090 4499 85563
4499 2910 85563
4499 4090 85563
1838 3455 139178
1838 3545 139178
3455 1838 139178
3455 5162 139178
3545 1838 139178
3545 5162 139178
5162 3455 139178
5162 3545 139178
1650 2237 2
1650 4763 2
2237 1650 2
2237 5350 2
4763 1650 2
4763 5350 2
5350 2237 2
5350 4763 2
820 2280 97129
820 4720 97129
2280 820 97129
2280 6180 97129
4720 820 97129
4720 6180 97129
6180 2280 97129
6180 4720 97129
1554 3500 275147
3500 1554 275147
3500 5446 275147
5446 3500 275147
1710 2520 14059
1710 4480 14059
2520 1710 14059
2520 5290 14059
4480 1710 14059
4480 5290 14059
5290 2520 14059
5290 4480 14059
1709 2520 13162
1709 4480 13162
2520 1709 13162
2520 5291 13162
4480 1709 13162
4480 5291 13162
5291 2520 13162
5291 4480 13162
2328 2965 40693
2328 4035 40693
2965 2328 40693
2965 4672 40693
4035 2328 40693
4035 4672 40693
4672 2965 40693
4672 4035 40693
2653 3331 39124
2653 3669 39124
3331 2653 39124
3331 4347 39124
3669 2653 39124
3669 4347 39124
4347 3331 39124
4347 3669 39124
1730 2530 40432
1730 4470 40432
2530 1730 40432
2530 5270 40432
4470 1730 40432
4470 5270 40432
5270 2530 40432
5270 4470 40432
1108 1994 113967
1108 5006 113967
1994 1108 113967
1994 5892 113967
5006 1108 113967
5006 5892 113967
5892 1994 113967
5892 5006 113967
1420 3084 2
1420 3916 2
3084 1420 2
3084 5580 2
3916 1420 2
3916 5580 2
5580 3084 2
5580 3916 2
997 3026 32120
997 3974 32120
3026 997 32120
3026 6003 32120
3974 997 32120
3974 6003 32120
6003 3026 32120
6003 3974 32120
2872 3446 2
2872 3554 2
3446 2872 2
3446 4128 2
3554 2872 2
3554 4128 2
4128 3446 2
4128 3554 2
2538 3083 104206
2538 3917 104206
3083 2538 104206
3083 4462 104206
3917 2538 104206
3917 4462 104206
4462 3083 104206
4462 3917 104206
933 2750 23684
933 4250 23684
2750 933 23684
2750 6067 23684
4250 933 23684
4250 6067 23684
6067 2750 23684
6067 4250 23684
2999 3122 12801
2999 3878 12801
3122 2999 12801
3122 4001 12801
3878 2999 12801
3878 4001 12801
4001 3122 12801
4001 3878 12801
2123 2657 18455
2123 4343 18455
2657 2123 18455
2657 4877 18455
4343 2123 18455
4343 4877 18455
4877 2657 18455
4877 4343 18455
2651 3107 85704
2651 3893 85704
3107 2651 85704
3107 4349 85704
3893 2651 85704
3893 4349 85704
4349 3107 85704
4349 3893 85704
1891 2451 151815
1891 4549 151815
2451 1891 151815
2451 5109 151815
4549 1891 151815
4549 5109 151815
5109 2451 151815
5109 4549 151815
630 2855 88880
630 4145 88880
2855 630 88880
2855 6370 88880
4145 630 88880
4145 6370 88880
6370 2855 88880
6370 4145 88880
1983 2944 2
1983 4056 2
2944 1983 2
2944 5017 2
4056 1983 2
4056 5017 2
5017 2944 2
5017 4056 2
2312 2678 2
2312 4322 2
2678 2312 2
2678 4688 2
4322 2312 2
4322 4688 2
4688 2678 2
4688 4322 2
2292 2600 105353
2292 4400 105353
2600 2292 105353
2600 4708 105353
4400 2292 105353
4400 4708 105353
4708 2600 105353
4708 4400 105353
1498 2868 22431
1498 4132 22431
2868 1498 22431
2868 5502 22431
4132 1498 22431
4132 5502 22431
5502 2868 22431
5502 4132 22431
1932 3500 37268
3500 1932 37268
3500 5068 37268
5068 3500 37268
2963 3263 2
2963 3737 2
3263 2963 2
3263 4037 2
3737 2963 2
3737 4037 2
4037 3263 2
4037 3737 2
987 3081 168415
987 3919 168415
3081 987 168415
3081 6013 168415
3919 987 168415
3919 6013 168415
6013 3081 168415
6013 3919 168415
906 2202 722
906 4798 722
2202 906 722
2202 6094 722
4798 906 722
4798 6094 722
6094 2202 722
6094 4798 722
1804 2594 186556
1804 4406 186556
2594 1804 186556
2594 5196 186556
4406 1804 186556
4406 5196 186556
5196 2594 186556
5196 4406 186556
1060 3499 18385
1060 3501 18385
3499 1060 18385
3499 5940 18385
3501 1060 18385
3501 5940 18385
5940 3499 18385
5940 3501 18385
640 2858 2
640 4142 2
2858 640 2
2858 6360 2
4142 640 2
4142 6360 2
6360 2858 2
6360 4142 2
2382 3464 2
2382 3536 2
3464 2382 2
3464 4618 2
3536 2382 2
3536 4618 2
4618 3464 2
4618 3536 2
2500 3135 38972
2500 3865 38972
3135 2500 38972
3135 4500 38972
3865 2500 38972
3865 4500 38972
4500 3135 38972
4500 3865 38972
2382 2433 156380
2382 4567 156380
2433 2382 156380
2433 4618 156380
4567 2382 156380
4567 4618 156380
4618 2433 156380
4618 4567 156380
1789 2587 158256
1789 4413 158256
2587 1789 158256
2587 5211 158256
4413 1789 158256
4413 5211 158256
5211 2587 158256
5211 4413 158256
3223 3389 60426
3223 3611 60426
3389 3223 60426
3389 3777 60426
3611 3223 60426
3611 3777 60426
3777 3389 60426
3777 3611 60426
944 3239 2
944 3761 2
3239 944 2
3239 6056 2
3761 944 2
3761 6056 2
6056 3239 2
6056 3761 2
991 2050 68225
991 4950 68225
2050 991 68225
2050 6009 68225
4950 991 68225
4950 6009 68225
6009 2050 68225
6009 4950 68225
2270 2456 133899
2270 4544 133899
2456 2270 133899
2456 4730 133899
4544 2270 133899
4544 4730 133899
4730 2456 133899
4730 4544 133899
1719 2850 2983
1719 4150 2983
2850 1719 2983
2850 5281 2983
4150 1719 2983
4150 5281 2983
5281 2850 2983
5281 4150 2983
1778 3373 141356
1778 3627 141356
3373 1778 141356
3373 5222 141356
3627 1778 141356
3627 5222 141356
5222 3373 141356
5222 3627 141356
3285 3432 2
3285 3568 2
3432 3285 2
3432 3715 2
3568 3285 2
3568 3715 2
3715 3432 2
3715 3568 2
850 2404 2
850 4596 2
2404 850 2
2404 6150 2
4596 850 2
4596 6150 2
6150 2404 2
6150 4596 2
1370 1774 280038
1370 5226 280038
1774 1370 280038
1774 5630 280038
5226 1370 280038
5226 5630 280038
5630 1774 280038
5630 5226 280038
969 2819 49766
969 4181 49766
2819 969 49766
2819 6031 49766
4181 969 49766
4181 6031 49766
6031 2819 49766
6031 4181 49766
928 2674 99607
928 4326 99607
2674 928 99607
2674 6072 99607
4326 928 99607
4326 6072 99607
6072 2674 99607
6072 4326 99607
1780 2580 15668
1780 4420 15668
2580 1780 15668
2580 5220 15668
4420 1780 15668
4420 5220 15668
5220 2580 15668
5220 4420 15668
1868 2495 2
1868 4505 2
2495 1868 2
2495 5132 2
4505 1868 2
4505 5132 2
5132 2495 2
5132 4505 2
2300 2660 2
2300 4340 2
2660 2300 2
2660 4700 2
4340 2300 2
4340 4700 2
4700 2660 2
4700 4340 2
2217 3409 40258
2217 3591 40258
3409 2217 40258
3409 4783 40258
3591 2217 40258
3591 4783 40258
4783 3409 40258
4783 3591 40258
969 2292 30851
969 4708 30851
2292 969 30851
2292 6031 30851
4708 969 30851
4708 6031 30851
6031 2292 30851
6031 4708 30851
920 2740 11357
920 4260 11357
2740 920 11357
2740 6080 11357
4260 920 11357
4260 6080 11357
6080 2740 11357
6080 4260 11357
977 1686 262764
977 5314 262764
1686 977 262764
1686 6023 262764
5314 977 262764
5314 6023 262764
6023 1686 262764
6023 5314 262764
1460 3498 64158
1460 3502 64158
3498 1460 64158
3498 5540 64158
3502 1460 64158
3502 5540 64158
5540 3498 64158
5540 3502 64158
999 2116 66150
999 4884 66150
2116 999 66150
2116 6001 66150
4884 999 66150
4884 6001 66150
6001 2116 66150
6001 4884 66150
2636 3131 196338
2636 3869 196338
3131 2636 196338
3131 4364 196338
3869 2636 196338
3869 4364 196338
4364 3131 196338
4364 3869 196338
890 2697 77752
890 4303 77752
2697 890 77752
2697 6110 77752
4303 890 77752
4303 6110 77752
6110 2697 77752
6110 4303 77752
2326 2436 64561
2326 4564 64561
2436 2326 64561
2436 4674 64561
4564 2326 64561
4564 4674 64561
4674 2436 64561
4674 4564 64561
997 2221 80361
997 4779 80361
2221 997 80361
2221 6003 80361
4779 997 80361
4779 6003 80361
6003 2221 80361
6003 4779 80361
2651 3364 8792
2651 3636 8792
3364 2651 8792
3364 4349 8792
3636 2651 8792
3636 4349 8792
4349 3364 8792
4349 3636 8792
1700 2649 2
1700 4351 2
2649 1700 2
2649 5300 2
4351 1700 2
4351 5300 2
5300 2649 2
5300 4351 2
1690 2645 2
1690 4355 2
2645 1690 2
2645 5310 2
4355 1690 2
4355 5310 2
5310 2645 2
5310 4355 2
3350 3485 171181
3350 3515 171181
3485 3350 171181
3485 3650 171181
3515 3350 171181
3515 3650 171181
3650 3485 171181
3650 3515 171181
2422 3452 2
2422 3548 2
3452 2422 2
3452 4578 2
3548 2422 2
3548 4578 2
4578 3452 2
4578 3548 2
3070 3499 13334
3070 3501 13334
3499 3070 13334
3499 3930 13334
3501 3070 13334
3501 3930 13334
3930 3499 13334
3930 3501 13334
942 2477 2
942 4523 2
2477 942 2
2477 6058 2
4523 942 2
4523 6058 2
6058 2477 2
6058 4523 2
1995 2977 13326
1995 4023 13326
2977 1995 13326
2977 5005 13326
4023 1995 13326
4023 5005 13326
5005 2977 13326
5005 4023 13326
2768 3418 10561
2768 3582 10561
3418 2768 10561
3418 4232 10561
3582 2768 10561
3582 4232 10561
4232 3418 10561
4232 3582 10561
829 2309 95275
829 4691 95275
2309 829 95275
2309 6171 95275
4691 829 95275
4691 6171 95275
6171 2309 95275
6171 4691 95275
959 3310 112741
959 3690 112741
3310 959 112741
3310 6041 112741
3690 959 112741
3690 6041 112741
6041 3310 112741
6041 3690 112741
1961 3280 63036
1961 3720 63036
3280 1961 63036
3280 5039 63036
3720 1961 63036
3720 5039 63036
5039 3280 63036
5039 3720 63036
928 1993 126296
928 5007 126296
1993 928 126296
1993 6072 126296
5007 928 126296
5007 6072 126296
6072 1993 126296
6072 5007 126296
1138 1999 739
1138 5001 739
1999 1138 739
1999 5862 739
5001 1138 739
5001 5862 739
5862 1999 739
5862 5001 739
2995 3035 25186
2995 3965 25186
3035 2995 25186
3035 4005 25186
3965 2995 25186
3965 4005 25186
4005 3035 25186
4005 3965 25186
996 2980 28800
996 4020 28800
2980 996 28800
2980 6004 28800
4020 996 28800
4020 6004 28800
6004 2980 28800
6004 4020 28800
2065 2522 97063
2065 4478 97063
2522 2065 97063
2522 4935 97063
4478 2065 97063
4478 4935 97063
4935 2522 97063
4935 4478 97063
1554 1829 64615
1554 5171 64615
1829 1554 64615
1829 5446 64615
5171 1554 64615
5171 5446 64615
5446 1829 64615
5446 5171 64615
1985 2994 2
1985 4006 2
2994 1985 2
2994 5015 2
4006 1985 2
4006 5015 2
5015 2994 2
5015 4006 2
961 3108 60483
961 3892 60483
3108 961 60483
3108 6039 60483
3892 961 60483
3892 6039 60483
6039 3108 60483
6039 3892 60483
1471 2912 72102
1471 4088 72102
2912 1471 72102
2912 5529 72102
4088 1471 72102
4088 5529 72102
5529 2912 72102
5529 4088 72102
2081 3310 49526
2081 3690 49526
3310 2081 49526
3310 4919 49526
3690 2081 49526
3690 4919 49526
4919 3310 49526
4919 3690 49526
979 2344 53373
979 4656 53373
2344 979 53373
2344 6021 53373
4656 979 53373
4656 6021 53373
6021 2344 53373
6021 4656 53373
1518 2896 42261
1518 4104 42261
2896 1518 42261
2896 5482 42261
4104 1518 42261
4104 5482 42261
5482 2896 42261
5482 4104 42261
2539 3074 92622
2539 3926 92622
3074 2539 92622
3074 4461 92622
3926 2539 92622
3926 4461 92622
4461 3074 92622
4461 3926 92622
1176 1567 97660
1176 5433 97660
1567 1176 97660
1567 5824 97660
5433 1176 97660
5433 5824 97660
5824 1567 97660
5824 5433 97660
2379 2446 35003
2379 4554 35003
2446 2379 35003
2446 4621 35003
4554 2379 35003
4554 4621 35003
4621 2446 35003
4621 4554 35003
997 2922 54496
997 4078 54496
2922 997 54496
2922 6003 54496
4078 997 54496
4078 6003 54496
6003 2922 54496
6003 4078 54496
1450 2927 6789
1450 4073 6789
2927 1450 6789
2927 5550 6789
4073 1450 6789
4073 5550 6789
5550 2927 6789
5550 4073 6789
2704 2920 103329
2704 4080 103329
2920 2704 103329
2920 4296 103329
4080 2704 103329
4080 4296 103329
4296 2920 103329
4296 4080 103329
2191 2595 140685
2191 4405 140685
2595 2191 140685
2595 4809 140685
4405 2191 140685
4405 4809 140685
4809 2595 140685
4809 4405 140685
989 2320 32780
989 4680 32780
2320 989 32780
2320 6011 32780
4680 989 32780
4680 6011 32780
6011 2320 32780
6011 4680 32780
2706 2960 60929
2706 4040 60929
2960 2706 60929
2960 4294 60929
4040 2706 60929
4040 4294 60929
4294 2960 60929
4294 4040 60929
2507 2828 132613
2507 4172 132613
2828 2507 132613
2828 4493 132613
4172 2507 132613
4172 4493 132613
4493 2828 132613
4493 4172 132613
981 2654 63352
981 4346 63352
2654 981 63352
2654 6019 63352
4346 981 63352
4346 6019 63352
6019 2654 63352
6019 4346 63352
945 1379 79250
945 5621 79250
1379 945 79250
1379 6055 79250
5621 945 79250
5621 6055 79250
6055 1379 79250
6055 5621 79250
1873 2511 34313
1873 4489 34313
2511 1873 34313
2511 5127 34313
4489 1873 34313
4489 5127 34313
5127 2511 34313
5127 4489 34313
2413 3049 39659
2413 3951 39659
3049 2413 39659
3049 4587 39659
3951 2413 39659
3951 4587 39659
4587 3049 39659
4587 3951 39659
1439 1898 217484
1439 5102 217484
1898 1439 217484
1898 5561 217484
5102 1439 217484
5102 5561 217484
5561 1898 217484
5561 5102 217484
879 2219 24649
879 4781 24649
2219 879 24649
2219 6121 24649
4781 879 24649
4781 6121 24649
6121 2219 24649
6121 4781 24649
2320 2490 106714
2320 4510 106714
2490 2320 106714
2490 4680 106714
4510 2320 106714
4510 4680 106714
4680 2490 106714
4680 4510 106714
2785 3385 52626
2785 3615 52626
3385 2785 52626
3385 4215 52626
3615 2785 52626
3615 4215 52626
4215 3385 52626
4215 3615 52626
969 3465 36834
969 3535 36834
3465 969 36834
3465 6031 36834
3535 969 36834
3535 6031 36834
6031 3465 36834
6031 3535 36834
828 2523 71647
828 4477 71647
2523 828 71647
2523 6172 71647
4477 828 71647
4477 6172 71647
6172 2523 71647
6172 4477 71647
830 2522 108231
830 4478 108231
2522 830 108231
2522 6170 108231
4478 830 108231
4478 6170 108231
6170 2522 108231
6170 4478 108231
1611 3140 25492
1611 3860 25492
3140 1611 25492
3140 5389 25492
3860 1611 25492
3860 5389 25492
5389 3140 25492
5389 3860 25492
878 3306 27741
878 3694 27741
3306 878 27741
3306 6122 27741
3694 878 27741
3694 6122 27741
6122 3306 27741
6122 3694 27741
2314 3460 14737
2314 3540 14737
3460 2314 14737
3460 4686 14737
3540 2314 14737
3540 4686 14737
4686 3460 14737
4686 3540 14737
990 2090 119457
990 4910 119457
2090 990 119457
2090 6010 119457
4910 990 119457
4910 6010 119457
6010 2090 119457
6010 4910 119457
1881 2529 199056
1881 4471 199056
2529 1881 199056
2529 5119 199056
4471 1881 199056
4471 5119 199056
5119 2529 199056
5119 4471 199056
2746 2822 38384
2746 4178 38384
2822 2746 38384
2822 4254 38384
4178 2746 38384
4178 4254 38384
4254 2822 38384
4254 4178 38384
747 3240 86992
747 3760 86992
3240 747 86992
3240 6253 86992
3760 747 86992
3760 6253 86992
6253 3240 86992
6253 3760 86992
2488 2667 186700
2488 4333 186700
2667 2488 186700
2667 4512 186700
4333 2488 186700
4333 4512 186700
4512 2667 186700
4512 4333 186700
1686 3281 151805
1686 3719 151805
3281 1686 151805
3281 5314 151805
3719 1686 151805
3719 5314 151805
5314 3281 151805
5314 3719 151805
2793 2805 132271
2793 4195 132271
2805 2793 132271
2805 4207 132271
4195 2793 132271
4195 4207 132271
4207 2805 132271
4207 4195 132271
1631 1775 729201
1631 5225 729201
1775 1631 729201
1775 5369 729201
5225 1631 729201
5225 5369 729201
5369 1775 729201
5369 5225 729201
765 2620 78789
765 4380 78789
2620 765 78789
2620 6235 78789
4380 765 78789
4380 6235 78789
6235 2620 78789
6235 4380 78789
2459 2932 64208
2459 4068 64208
2932 2459 64208
2932 4541 64208
4068 2459 64208
4068 4541 64208
4541 2932 64208
4541 4068 64208
1653 3302 44009
1653 3698 44009
3302 1653 44009
3302 5347 44009
3698 1653 44009
3698 5347 44009
5347 3302 44009
5347 3698 44009
870 3452 70524
870 3548 70524
3452 870 70524
3452 6130 70524
3548 870 70524
3548 6130 70524
6130 3452 70524
6130 3548 70524
1648 3305 2
1648 3695 2
3305 1648 2
3305 5352 2
3695 1648 2
3695 5352 2
5352 3305 2
5352 3695 2
987 1604 96139
987 5396 96139
1604 987 96139
1604 6013 96139
5396 987 96139
5396 6013 96139
6013 1604 96139
6013 5396 96139
2508 3305 55186
2508 3695 55186
3305 2508 55186
3305 4492 55186
3695 2508 55186
3695 4492 55186
4492 3305 55186
4492 3695 55186
952 1449 9571
952 5551 9571
1449 952 9571
1449 6048 9571
5551 952 9571
5551 6048 9571
6048 1449 9571
6048 5551 9571
1680 2307 2
1680 4693 2
2307 1680 2
2307 5320 2
4693 1680 2
4693 5320 2
5320 2307 2
5320 4693 2
2371 3397 67097
2371 3603 67097
3397 2371 67097
3397 4629 67097
3603 2371 67097
3603 4629 67097
4629 3397 67097
4629 3603 67097
982 1719 107966
982 5281 107966
1719 982 107966
1719 6018 107966
5281 982 107966
5281 6018 107966
6018 1719 107966
6018 5281 107966
1271 1684 98300
1271 5316 98300
1684 1271 98300
1684 5729 98300
5316 1271 98300
5316 5729 98300
5729 1684 98300
5729 5316 98300
2432 3350 6263
2432 3650 6263
3350 2432 6263
3350 4568 6263
3650 2432 6263
3650 4568 6263
4568 3350 6263
4568 3650 6263
879 2639 2
879 4361 2
2639 879 2
2639 6121 2
4361 879 2
4361 6121 2
6121 2639 2
6121 4361 2
949 2319 80842
949 4681 80842
2319 949 80842
2319 6051 80842
4681 949 80842
4681 6051 80842
6051 2319 80842
6051 4681 80842
1630 3316 2
1630 3684 2
3316 1630 2
3316 5370 2
3684 1630 2
3684 5370 2
5370 3316 2
5370 3684 2
929 3450 102149
929 3550 102149
3450 929 102149
3450 6071 102149
3550 929 102149
3550 6071 102149
6071 3450 102149
6071 3550 102149
2504 2725 144033
2504 4275 144033
2725 2504 144033
2725 4496 144033
4275 2504 144033
4275 4496 144033
4496 2725 144033
4496 4275 144033
2417 3349 2
2417 3651 2
3349 2417 2
3349 4583 2
3651 2417 2
3651 4583 2
4583 3349 2
4583 3651 2
679 2889 71150
679 4111 71150
2889 679 71150
2889 6321 71150
4111 679 71150
4111 6321 71150
6321 2889 71150
6321 4111 71150
770 2570 61478
770 4430 61478
2570 770 61478
2570 6230 61478
4430 770 61478
4430 6230 61478
6230 2570 61478
6230 4430 61478
2977 2994 25174
2977 4006 25174
2994 2977 25174
2994 4023 25174
4006 2977 25174
4006 4023 25174
4023 2994 25174
4023 4006 25174
2960 3014 58869
2960 3986 58869
3014 2960 58869
3014 4040 58869
3986 2960 58869
3986 4040 58869
4040 3014 58869
4040 3986 58869
2987 3182 8298
2987 3818 8298
3182 2987 8298
3182 4013 8298
3818 2987 8298
3818 4013 8298
4013 3182 8298
4013 3818 8298
995 3021 23936
995 3979 23936
3021 995 23936
3021 6005 23936
3979 995 23936
3979 6005 23936
6005 3021 23936
6005 3979 23936
987 2061 8193
987 4939 8193
2061 987 8193
2061 6013 8193
4939 987 8193
4939 6013 8193
6013 2061 8193
6013 4939 8193
2980 2994 50039
2980 4006 50039
2994 2980 50039
2994 4020 50039
4006 2980 50039
4006 4020 50039
4020 2994 50039
4020 4006 50039
2992 3050 52319
2992 3950 52319
3050 2992 52319
3050 4008 52319
3950 2992 52319
3950 4008 52319
4008 3050 52319
4008 3950 52319
2779 3434 2
2779 3566 2
3434 2779 2
3434 4221 2
3566 2779 2
3566 4221 2
4221 3434 2
4221 3566 2
999 3077 80941
999 3923 80941
3077 999 80941
3077 6001 80941
3923 999 80941
3923 6001 80941
6001 3077 80941
6001 3923 80941
2488 3249 2
2488 3751 2
3249 2488 2
3249 4512 2
3751 2488 2
3751 4512 2
4512 3249 2
4512 3751 2
2862 3500 78267
3500 2862 78267
3500 4138 78267
4138 3500 78267
990 3104 2
990 3896 2
3104 990 2
3104 6010 2
3896 990 2
3896 6010 2
6010 3104 2
6010 3896 2
1580 2186 159563
1580 4814 159563
2186 1580 159563
2186 5420 159563
4814 1580 159563
4814 5420 159563
5420 2186 159563
5420 4814 159563
2999 3111 20849
2999 3889 20849
3111 2999 20849
3111 4001 20849
3889 2999 20849
3889 4001 20849
4001 3111 20849
4001 3889 20849
1974 2983 26964
1974 4017 26964
2983 1974 26964
2983 5026 26964
4017 1974 26964
4017 5026 26964
5026 2983 26964
5026 4017 26964
2576 2767 33226
2576 4233 33226
2767 2576 33226
2767 4424 33226
4233 2576 33226
4233 4424 33226
4424 2767 33226
4424 4233 33226
2793 3430 2
2793 3570 2
3430 2793 2
3430 4207 2
3570 2793 2
3570 4207 2
4207 3430 2
4207 3570 2
2370 3496 37543
2370 3504 37543
3496 2370 37543
3496 4630 37543
3504 2370 37543
3504 4630 37543
4630 3496 37543
4630 3504 37543
2292 2740 118339
2292 4260 118339
2740 2292 118339
2740 4708 118339
4260 2292 118339
4260 4708 118339
4708 2740 118339
4708 4260 118339
1633 3226 169365
1633 3774 169365
3226 1633 169365
3226 5367 169365
3774 1633 169365
3774 5367 169365
5367 3226 169365
5367 3774 169365
2346 2429 3493
2346 4571 3493
2429 2346 3493
2429 4654 3493
4571 2346 3493
4571 4654 3493
4654 2429 3493
4654 4571 3493
1356 3041 2
1356 3959 2
3041 1356 2
3041 5644 2
3959 1356 2
3959 5644 2
5644 3041 2
5644 3959 2
2402 2417 6822
2402 4583 6822
2417 2402 6822
2417 4598 6822
4583 2402 6822
4583 4598 6822
4598 2417 6822
4598 4583 6822
929 2515 92621
929 4485 92621
2515 929 92621
2515 6071 92621
4485 929 92621
4485 6071 92621
6071 2515 92621
6071 4485 92621
2352 3473 2
2352 3527 2
3473 2352 2
3473 4648 2
3527 2352 2
3527 4648 2
4648 3473 2
4648 3527 2
2281 3461 21001
2281 3539 21001
3461 2281 21001
3461 4719 21001
3539 2281 21001
3539 4719 21001
4719 3461 21001
4719 3539 21001
940 2710 99373
940 4290 99373
2710 940 99373
2710 6060 99373
4290 940 99373
4290 6060 99373
6060 2710 99373
6060 4290 99373
1974 3081 15107
1974 3919 15107
3081 1974 15107
3081 5026 15107
3919 1974 15107
3919 5026 15107
5026 3081 15107
5026 3919 15107
930 3240 2
930 3760 2
3240 930 2
3240 6070 2
3760 930 2
3760 6070 2
6070 3240 2
6070 3760 2
2634 3099 51075
2634 3901 51075
3099 2634 51075
3099 4366 51075
3901 2634 51075
3901 4366 51075
4366 3099 51075
4366 3901 51075
2567 2811 2
2567 4189 2
2811 2567 2
2811 4433 2
4189 2567 2
4189 4433 2
4433 2811 2
4433 4189 2
963 2705 2
963 4295 2
2705 963 2
2705 6037 2
4295 963 2
4295 6037 2
6037 2705 2
6037 4295 2
1092 3459 29673
1092 3541 29673
3459 1092 29673
3459 5908 29673
3541 1092 29673
3541 5908 29673
5908 3459 29673
5908 3541 29673
884 2300 2
884 4700 2
2300 884 2
2300 6116 2
4700 884 2
4700 6116 2
6116 2300 2
6116 4700 2
2899 3424 106559
2899 3576 106559
3424 2899 106559
3424 4101 106559
3576 2899 106559
3576 4101 106559
4101 3424 106559
4101 3576 106559
972 1633 68145
972 5367 68145
1633 972 68145
1633 6028 68145
5367 972 68145
5367 6028 68145
6028 1633 68145
6028 5367 68145
1252 1663 43997
1252 5337 43997
1663 1252 43997
1663 5748 43997
5337 1252 43997
5337 5748 43997
5748 1663 43997
5748 5337 43997
980 2579 45837
980 4421 45837
2579 980 45837
2579 6020 45837
4421 980 45837
4421 6020 45837
6020 2579 45837
6020 4421 45837
962 1623 156199
962 5377 156199
1623 962 156199
1623 6038 156199
5377 962 156199
5377 6038 156199
6038 1623 156199
6038 5377 156199
2523 2774 2
2523 4226 2
2774 2523 2
2774 4477 2
4226 2523 2
4226 4477 2
4477 2774 2
4477 4226 2
785 2655 37122
785 4345 37122
2655 785 37122
2655 6215 37122
4345 785 37122
4345 6215 37122
6215 2655 37122
6215 4345 37122
966 2647 49706
966 4353 49706
2647 966 49706
2647 6034 49706
4353 966 49706
4353 6034 49706
6034 2647 49706
6034 4353 49706
2261 2520 151340
2261 4480 151340
2520 2261 151340
2520 4739 151340
4480 2261 151340
4480 4739 151340
4739 2520 151340
4739 4480 151340
982 3344 71250
982 3656 71250
3344 982 71250
3344 6018 71250
3656 982 71250
3656 6018 71250
6018 3344 71250
6018 3656 71250
1474 2921 157910
1474 4079 157910
2921 1474 157910
2921 5526 157910
4079 1474 157910
4079 5526 157910
5526 2921 157910
5526 4079 157910
2297 2689 115617
2297 4311 115617
2689 2297 115617
2689 4703 115617
4311 2297 115617
4311 4703 115617
4703 2689 115617
4703 4311 115617
853 2330 50588
853 4670 50588
2330 853 50588
2330 6147 50588
4670 853 50588
4670 6147 50588
6147 2330 50588
6147 4670 50588
696 2730 43588
696 4270 43588
2730 696 43588
2730 6304 43588
4270 696 43588
4270 6304 43588
6304 2730 43588
6304 4270 43588
2558 2803 2
2558 4197 2
2803 2558 2
2803 4442 2
4197 2558 2
4197 4442 2
4442 2803 2
4442 4197 2
868 2973 152756
868 4027 152756
2973 868 152756
2973 6132 152756
4027 868 152756
4027 6132 152756
6132 2973 152756
6132 4027 152756
931 2559 70326
931 4441 70326
2559 931 70326
2559 6069 70326
4441 931 70326
4441 6069 70326
6069 2559 70326
6069 4441 70326
802 2646 41666
802 4354 41666
2646 802 41666
2646 6198 41666
4354 802 41666
4354 6198 41666
6198 2646 41666
6198 4354 41666
928 3416 114688
928 3584 114688
3416 928 114688
3416 6072 114688
3584 928 114688
3584 6072 114688
6072 3416 114688
6072 3584 114688
3380 3429 2592
3380 3571 2592
3429 3380 2592
3429 3620 2592
3571 3380 2592
3571 3620 2592
3620 3429 2592
3620 3571 2592
1814 2130 177108
1814 4870 177108
2130 1814 177108
2130 5186 177108
4870 1814 177108
4870 5186 177108
5186 2130 177108
5186 4870 177108
987 1641 80398
987 5359 80398
1641 987 80398
1641 6013 80398
5359 987 80398
5359 6013 80398
6013 1641 80398
6013 5359 80398
903 2579 15367
903 4421 15367
2579 903 15367
2579 6097 15367
4421 903 15367
4421 6097 15367
6097 2579 15367
6097 4421 15367
869 2527 21500
869 4473 21500
2527 869 21500
2527 6131 21500
4473 869 21500
4473 6131 21500
6131 2527 21500
6131 4473 21500
800 2668 94314
800 4332 94314
2668 800 94314
2668 6200 94314
4332 800 94314
4332 6200 94314
6200 2668 94314
6200 4332 94314
832 1643 25319
832 5357 25319
1643 832 25319
1643 6168 25319
5357 832 25319
5357 6168 25319
6168 1643 25319
6168 5357 25319
909 3460 14859
909 3540 14859
3460 909 14859
3460 6091 14859
3540 909 14859
3540 6091 14859
6091 3460 14859
6091 3540 14859
1852 3493 195963
1852 3507 195963
3493 1852 195963
3493 5148 195963
3507 1852 195963
3507 5148 195963
5148 3493 195963
5148 3507 195963
2668 3500 31722
3500 2668 31722
3500 4332 31722
4332 3500 31722
1754 3345 223625
1754 3655 223625
3345 1754 223625
3345 5246 223625
3655 1754 223625
3655 5246 223625
5246 3345 223625
5246 3655 223625
829 1640 1241
829 5360 1241
1640 829 1241
1640 6171 1241
5360 829 1241
5360 6171 1241
6171 1640 1241
6171 5360 1241
2485 2848 73246
2485 4152 73246
2848 2485 73246
2848 4515 73246
4152 2485 73246
4152 4515 73246
4515 2848 73246
4515 4152 73246
833 2479 140518
833 4521 140518
2479 833 140518
2479 6167 140518
4521 833 140518
4521 6167 140518
6167 2479 140518
6167 4521 140518
1662 1747 403266
1662 5253 403266
1747 1662 403266
1747 5338 403266
5253 1662 403266
5253 5338 403266
5338 1747 403266
5338 5253 403266
1605 2790 202273
1605 4210 202273
2790 1605 202273
2790 5395 202273
4210 1605 202273
4210 5395 202273
5395 2790 202273
5395 4210 202273
866 3383 120836
866 3617 120836
3383 866 120836
3383 6134 120836
3617 866 120836
3617 6134 120836
6134 3383 120836
6134 3617 120836
920 2595 2
920 4405 2
2595 920 2
2595 6080 2
4405 920 2
4405 6080 2
6080 2595 2
6080 4405 2
1886 2479 96621
1886 4521 96621
2479 1886 96621
2479 5114 96621
4521 1886 96621
4521 5114 96621
5114 2479 96621
5114 4521 96621
1609 3500 2
3500 1609 2
3500 5391 2
5391 3500 2
992 2923 2
992 4077 2
2923 992 2
2923 6008 2
4077 992 2
4077 6008 2
6008 2923 2
6008 4077 2
1911 2952 21553
1911 4048 21553
2952 1911 21553
2952 5089 21553
4048 1911 21553
4048 5089 21553
5089 2952 21553
5089 4048 21553
1909 2953 71158
1909 4047 71158
2953 1909 71158
2953 5091 71158
4047 1909 71158
4047 5091 71158
5091 2953 71158
5091 4047 71158
1987 2130 85080
1987 4870 85080
2130 1987 85080
2130 5013 85080
4870 1987 85080
4870 5013 85080
5013 2130 85080
5013 4870 85080
2530 2926 47514
2530 4074 47514
2926 2530 47514
2926 4470 47514
4074 2530 47514
4074 4470 47514
4470 2926 47514
4470 4074 47514
2931 3371 33212
2931 3629 33212
3371 2931 33212
3371 4069 33212
3629 2931 33212
3629 4069 33212
4069 3371 33212
4069 3629 33212
2756 3170 6189
2756 3830 6189
3170 2756 6189
3170 4244 6189
3830 2756 6189
3830 4244 6189
4244 3170 6189
4244 3830 6189
1068 3497 11552
1068 3503 11552
3497 1068 11552
3497 5932 11552
3503 1068 11552
3503 5932 11552
5932 3497 11552
5932 3503 11552
1988 3077 2
1988 3923 2
3077 1988 2
3077 5012 2
3923 1988 2
3923 5012 2
5012 3077 2
5012 3923 2
1901 3434 172468
1901 3566 172468
3434 1901 172468
3434 5099 172468
3566 1901 172468
3566 5099 172468
5099 3434 172468
5099 3566 172468
2940 3360 27543
2940 3640 27543
3360 2940 27543
3360 4060 27543
3640 2940 27543
3640 4060 27543
4060 3360 27543
4060 3640 27543
2779 3112 39587
2779 3888 39587
3112 2779 39587
3112 4221 39587
3888 2779 39587
3888 4221 39587
4221 3112 39587
4221 3888 39587
2908 3498 58542
2908 3502 58542
3498 2908 58542
3498 4092 58542
3502 2908 58542
3502 4092 58542
4092 3498 58542
4092 3502 58542
3073 3265 12629
3073 3735 12629
3265 3073 12629
3265 3927 12629
3735 3073 12629
3735 3927 12629
3927 3265 12629
3927 3735 12629
1749 2164 36814
1749 4836 36814
2164 1749 36814
2164 5251 36814
4836 1749 36814
4836 5251 36814
5251 2164 36814
5251 4836 36814
803 2675 120865
803 4325 120865
2675 803 120865
2675 6197 120865
4325 803 120865
4325 6197 120865
6197 2675 120865
6197 4325 120865
744 2317 16956
744 4683 16956
2317 744 16956
2317 6256 16956
4683 744 16956
4683 6256 16956
6256 2317 16956
6256 4683 16956
811 2686 31315
811 4314 31315
2686 811 31315
2686 6189 31315
4314 811 31315
4314 6189 31315
6189 2686 31315
6189 4314 31315
2090 3500 83860
3500 2090 83860
3500 4910 83860
4910 3500 83860
1833 3138 27172
1833 3862 27172
3138 1833 27172
3138 5167 27172
3862 1833 27172
3862 5167 27172
5167 3138 27172
5167 3862 27172
962 2940 16665
962 4060 16665
2940 962 16665
2940 6038 16665
4060 962 16665
4060 6038 16665
6038 2940 16665
6038 4060 16665
832 2789 2
832 4211 2
2789 832 2
2789 6168 2
4211 832 2
4211 6168 2
6168 2789 2
6168 4211 2
955 2238 76701
955 4762 76701
2238 955 76701
2238 6045 76701
4762 955 76701
4762 6045 76701
6045 2238 76701
6045 4762 76701
3077 3314 36347
3077 3686 36347
3314 3077 36347
3314 3923 36347
3686 3077 36347
3686 3923 36347
3923 3314 36347
3923 3686 36347
3086 3491 28402
3086 3509 28402
3491 3086 28402
3491 3914 28402
3509 3086 28402
3509 3914 28402
3914 3491 28402
3914 3509 28402
2601 3364 20058
2601 3636 20058
3364 2601 20058
3364 4399 20058
3636 2601 20058
3636 4399 20058
4399 3364 20058
4399 3636 20058
2666 3092 26499
2666 3908 26499
3092 2666 26499
3092 4334 26499
3908 2666 26499
3908 4334 26499
4334 3092 26499
4334 3908 26499
2250 2451 2
2250 4549 2
2451 2250 2
2451 4750 2
4549 2250 2
4549 4750 2
4750 2451 2
4750 4549 2
837 2718 15545
837 4282 15545
2718 837 15545
2718 6163 15545
4282 837 15545
4282 6163 15545
6163 2718 15545
6163 4282 15545
2389 2417 2
2389 4583 2
2417 2389 2
2417 4611 2
4583 2389 2
4583 4611 2
4611 2417 2
4611 4583 2
2251 2441 100840
2251 4559 100840
2441 2251 100840
2441 4749 100840
4559 2251 100840
4559 4749 100840
4749 2441 100840
4749 4559 100840
2702 2848 72483
2702 4152 72483
2848 2702 72483
2848 4298 72483
4152 2702 72483
4152 4298 72483
4298 2848 72483
4298 4152 72483
986 1649 154705
986 5351 154705
1649 986 154705
1649 6014 154705
5351 986 154705
5351 6014 154705
6014 1649 154705
6014 5351 154705
1116 2544 21328
1116 4456 21328
2544 1116 21328
2544 5884 21328
4456 1116 21328
4456 5884 21328
5884 2544 21328
5884 4456 21328
2788 3398 57193
2788 3602 57193
3398 2788 57193
3398 4212 57193
3602 2788 57193
3602 4212 57193
4212 3398 57193
4212 3602 57193
815 2690 2
815 4310 2
2690 815 2
2690 6185 2
4310 815 2
4310 6185 2
6185 2690 2
6185 4310 2
955 3094 9
955 3906 9
3094 955 9
3094 6045 9
3906 955 9
3906 6045 9
6045 3094 9
6045 3906 9
1231 1641 2
1231 5359 2
1641 1231 2
1641 5769 2
5359 1231 2
5359 5769 2
5769 1641 2
5769 5359 2
841 2723 135341
841 4277 135341
2723 841 135341
2723 6159 135341
4277 841 135341
4277 6159 135341
6159 2723 135341
6159 4277 135341
3149 3369 39103
3149 3631 39103
3369 3149 39103
3369 3851 39103
3631 3149 39103
3631 3851 39103
3851 3369 39103
3851 3631 39103
1898 3171 62004
1898 3829 62004
3171 1898 62004
3171 5102 62004
3829 1898 62004
3829 5102 62004
5102 3171 62004
5102 3829 62004
795 3334 71793
795 3666 71793
3334 795 71793
3334 6205 71793
3666 795 71793
3666 6205 71793
6205 3334 71793
6205 3666 71793
751 2327 2
751 4673 2
2327 751 2
2327 6249 2
4673 751 2
4673 6249 2
6249 2327 2
6249 4673 2
790 3336 84204
790 3664 84204
3336 790 84204
3336 6210 84204
3664 790 84204
3664 6210 84204
6210 3336 84204
6210 3664 84204
1912 3408 2
1912 3592 2
3408 1912 2
3408 5088 2
3592 1912 2
3592 5088 2
5088 3408 2
5088 3592 2
2917 3286 28308
2917 3714 28308
3286 2917 28308
3286 4083 28308
3714 2917 28308
3714 4083 28308
4083 3286 28308
4083 3714 28308
957 2268 4932
957 4732 4932
2268 957 4932
2268 6043 4932
4732 957 4932
4732 6043 4932
6043 2268 4932
6043 4732 4932
2636 3395 2
2636 3605 2
3395 2636 2
3395 4364 2
3605 2636 2
3605 4364 2
4364 3395 2
4364 3605 2
2189 2610 1559
2189 4390 1559
2610 2189 1559
2610 4811 1559
4390 2189 1559
4390 4811 1559
4811 2610 1559
4811 4390 1559
2610 3372 69176
2610 3628 69176
3372 2610 69176
3372 4390 69176
3628 2610 69176
3628 4390 69176
4390 3372 69176
4390 3628 69176
2298 3424 38214
2298 3576 38214
3424 2298 38214
3424 4702 38214
3576 2298 38214
3576 4702 38214
4702 3424 38214
4702 3576 38214
969 2923 53211
969 4077 53211
2923 969 53211
2923 6031 53211
4077 969 53211
4077 6031 53211
6031 2923 53211
6031 4077 53211
2720 3480 2
2720 3520 2
3480 2720 2
3480 4280 2
3520 2720 2
3520 4280 2
4280 3480 2
4280 3520 2
987 2387 111732
987 4613 111732
2387 987 111732
2387 6013 111732
4613 987 111732
4613 6013 111732
6013 2387 111732
6013 4613 111732
872 2302 10814
872 4698 10814
2302 872 10814
2302 6128 10814
4698 872 10814
4698 6128 10814
6128 2302 10814
6128 4698 10814
722 3331 83183
722 3669 83183
3331 722 83183
3331 6278 83183
3669 722 83183
3669 6278 83183
6278 3331 83183
6278 3669 83183
1628 2239 110845
1628 4761 110845
2239 1628 110845
2239 5372 110845
4761 1628 110845
4761 5372 110845
5372 2239 110845
5372 4761 110845
1466 1968 2
1466 5032 2
1968 1466 2
1968 5534 2
5032 1466 2
5032 5534 2
5534 1968 2
5534 5032 2
2966 3247 39602
2966 3753 39602
3247 2966 39602
3247 4034 39602
3753 2966 39602
3753 4034 39602
4034 3247 39602
4034 3753 39602
1996 2988 49907
1996 4012 49907
2988 1996 49907
2988 5004 49907
4012 1996 49907
4012 5004 49907
5004 2988 49907
5004 4012 49907
1459 1976 133133
1459 5024 133133
1976 1459 133133
1976 5541 133133
5024 1459 133133
5024 5541 133133
5541 1976 133133
5541 5024 133133
1160 1998 107364
1160 5002 107364
1998 1160 107364
1998 5840 107364
5002 1160 107364
5002 5840 107364
5840 1998 107364
5840 5002 107364
2968 3006 443
2968 3994 443
3006 2968 443
3006 4032 443
3994 2968 443
3994 4032 443
4032 3006 443
4032 3994 443
2976 3280 2
2976 3720 2
3280 2976 2
3280 4024 2
3720 2976 2
3720 4024 2
4024 3280 2
4024 3720 2
1279 1997 423019
1279 5003 423019
1997 1279 423019
1997 5721 423019
5003 1279 423019
5003 5721 423019
5721 1997 423019
5721 5003 423019
1879 3475 205677
1879 3525 205677
3475 1879 205677
3475 5121 205677
3525 1879 205677
3525 5121 205677
5121 3475 205677
5121 3525 205677
1449 2915 96770
1449 4085 96770
2915 1449 96770
2915 5551 96770
4085 1449 96770
4085 5551 96770
5551 2915 96770
5551 4085 96770
1091 2467 7404
1091 4533 7404
2467 1091 7404
2467 5909 7404
4533 1091 7404
4533 5909 7404
5909 2467 7404
5909 4533 7404
984 2952 72498
984 4048 72498
2952 984 72498
2952 6016 72498
4048 984 72498
4048 6016 72498
6016 2952 72498
6016 4048 72498
2203 2427 2
2203 4573 2
2427 2203 2
2427 4797 2
4573 2203 2
4573 4797 2
4797 2427 2
4797 4573 2
2657 2878 8890
2657 4122 8890
2878 2657 8890
2878 4343 8890
4122 2657 8890
4122 4343 8890
4343 2878 8890
4343 4122 8890
2205 2431 5107
2205 4569 5107
2431 2205 5107
2431 4795 5107
4569 2205 5107
4569 4795 5107
4795 2431 5107
4795 4569 5107
2022 2997 2
2022 4003 2
2997 2022 2
2997 4978 2
4003 2022 2
4003 4978 2
4978 2997 2
4978 4003 2
2356 2937 30575
2356 4063 30575
2937 2356 30575
2937 4644 30575
4063 2356 30575
4063 4644 30575
4644 2937 30575
4644 4063 30575
1450 1980 82253
1450 5020 82253
1980 1450 82253
1980 5550 82253
5020 1450 82253
5020 5550 82253
5550 1980 82253
5550 5020 82253
2865 3500 2
3500 2865 2
3500 4135 2
4135 3500 2
973 2908 125002
973 4092 125002
2908 973 125002
2908 6027 125002
4092 973 125002
4092 6027 125002
6027 2908 125002
6027 4092 125002
989 3046 49835
989 3954 49835
3046 989 49835
3046 6011 49835
3954 989 49835
3954 6011 49835
6011 3046 49835
6011 3954 49835
2794 3500 2
3500 2794 2
3500 4206 2
4206 3500 2
2970 3299 68652
2970 3701 68652
3299 2970 68652
3299 4030 68652
3701 2970 68652
3701 4030 68652
4030 3299 68652
4030 3701 68652
2985 3091 2
2985 3909 2
3091 2985 2
3091 4015 2
3909 2985 2
3909 4015 2
4015 3091 2
4015 3909 2
2252 2539 2
2252 4461 2
2539 2252 2
2539 4748 2
4461 2252 2
4461 4748 2
4748 2539 2
4748 4461 2
1988 2970 28380
1988 4030 28380
2970 1988 28380
2970 5012 28380
4030 1988 28380
4030 5012 28380
5012 2970 28380
5012 4030 28380
2709 3301 51855
2709 3699 51855
3301 2709 51855
3301 4291 51855
3699 2709 51855
3699 4291 51855
4291 3301 51855
4291 3699 51855
2780 3470 12238
2780 3530 12238
3470 2780 12238
3470 4220 12238
3530 2780 12238
3530 4220 12238
4220 3470 12238
4220 3530 12238
1999 2054 52361
1999 4946 52361
2054 1999 52361
2054 5001 52361
4946 1999 52361
4946 5001 52361
5001 2054 52361
5001 4946 52361
2827 3243 122309
2827 3757 122309
3243 2827 122309
3243 4173 122309
3757 2827 122309
3757 4173 122309
4173 3243 122309
4173 3757 122309
3149 3240 2
3149 3760 2
3240 3149 2
3240 3851 2
3760 3149 2
3760 3851 2
3851 3240 2
3851 3760 2
2885 3257 35379
2885 3743 35379
3257 2885 35379
3257 4115 35379
3743 2885 35379
3743 4115 35379
4115 3257 35379
4115 3743 35379
1893 2234 2
1893 4766 2
2234 1893 2
2234 5107 2
4766 1893 2
4766 5107 2
5107 2234 2
5107 4766 2
2760 3450 32671
2760 3550 32671
3450 2760 32671
3450 4240 32671
3550 2760 32671
3550 4240 32671
4240 3450 32671
4240 3550 32671
2648 2882 2
2648 4118 2
2882 2648 2
2882 4352 2
4118 2648 2
4118 4352 2
4352 2882 2
4352 4118 2
1575 2183 124534
1575 4817 124534
2183 1575 124534
2183 5425 124534
4817 1575 124534
4817 5425 124534
5425 2183 124534
5425 4817 124534
2544 3091 25312
2544 3909 25312
3091 2544 25312
3091 4456 25312
3909 2544 25312
3909 4456 25312
4456 3091 25312
4456 3909 25312
2456 3366 2
2456 3634 2
3366 2456 2
3366 4544 2
3634 2456 2
3634 4544 2
4544 3366 2
4544 3634 2
911 2701 2
911 4299 2
2701 911 2
2701 6089 2
4299 911 2
4299 6089 2
6089 2701 2
6089 4299 2
1900 2783 77503
1900 4217 77503
2783 1900 77503
2783 5100 77503
4217 1900 77503
4217 5100 77503
5100 2783 77503
5100 4217 77503
910 2699 82889
910 4301 82889
2699 910 82889
2699 6090 82889
4301 910 82889
4301 6090 82889
6090 2699 82889
6090 4301 82889
2852 3345 2
2852 3655 2
3345 2852 2
3345 4148 2
3655 2852 2
3655 4148 2
4148 3345 2
4148 3655 2
1508 2871 5406
1508 4129 5406
2871 1508 5406
2871 5492 5406
4129 1508 5406
4129 5492 5406
5492 2871 5406
5492 4129 5406
920 3211 89121
920 3789 89121
3211 920 89121
3211 6080 89121
3789 920 89121
3789 6080 89121
6080 3211 89121
6080 3789 89121
2608 2790 67564
2608 4210 67564
2790 2608 67564
2790 4392 67564
4210 2608 67564
4210 4392 67564
4392 2790 67564
4392 4210 67564
2670 3270 60974
2670 3730 60974
3270 2670 60974
3270 4330 60974
3730 2670 60974
3730 4330 60974
4330 3270 60974
4330 3730 60974
2542 2909 24621
2542 4091 24621
2909 2542 24621
2909 4458 24621
4091 2542 24621
4091 4458 24621
4458 2909 24621
4458 4091 24621
2682 2933 111365
2682 4067 111365
2933 2682 111365
2933 4318 111365
4067 2682 111365
4067 4318 111365
4318 2933 111365
4318 4067 111365
1559 2829 150810
1559 4171 150810
2829 1559 150810
2829 5441 150810
4171 1559 150810
4171 5441 150810
5441 2829 150810
5441 4171 150810
927 3261 141917
927 3739 141917
3261 927 141917
3261 6073 141917
3739 927 141917
3739 6073 141917
6073 3261 141917
6073 3739 141917
3310 3483 3
3310 3517 3
3483 3310 3
3483 3690 3
3517 3310 3
3517 3690 3
3690 3483 3
3690 3517 3
901 2687 43878
901 4313 43878
2687 901 43878
2687 6099 43878
4313 901 43878
4313 6099 43878
6099 2687 43878
6099 4313 43878
2282 2501 29735
2282 4499 29735
2501 2282 29735
2501 4718 29735
4499 2282 29735
4499 4718 29735
4718 2501 29735
4718 4499 29735
3287 3460 2
3287 3540 2
3460 3287 2
3460 3713 2
3540 3287 2
3540 3713 2
3713 3460 2
3713 3540 2
2540 2719 2
2540 4281 2
2719 2540 2
2719 4460 2
4281 2540 2
4281 4460 2
4460 2719 2
4460 4281 2
1923 3167 2
1923 3833 2
3167 1923 2
3167 5077 2
3833 1923 2
3833 5077 2
5077 3167 2
5077 3833 2
2882 3450 2
2882 3550 2
3450 2882 2
3450 4118 2
3550 2882 2
3550 4118 2
4118 3450 2
4118 3550 2
1759 2354 2
1759 4646 2
2354 1759 2
2354 5241 2
4646 1759 2
4646 5241 2
5241 2354 2
5241 4646 2
995 3072 18743
995 3928 18743
3072 995 18743
3072 6005 18743
3928 995 18743
3928 6005 18743
6005 3072 18743
6005 3928 18743
3077 3282 34520
3077 3718 34520
3282 3077 34520
3282 3923 34520
3718 3077 34520
3718 3923 34520
3923 3282 34520
3923 3718 34520
940 2257 2568
940 4743 2568
2257 940 2568
2257 6060 2568
4743 940 2568
4743 6060 2568
6060 2257 2568
6060 4743 2568
2477 2933 10179
2477 4067 10179
2933 2477 10179
2933 4523 10179
4067 2477 10179
4067 4523 10179
4523 2933 10179
4523 4067 10179
888 2631 4076
888 4369 4076
2631 888 4076
2631 6112 4076
4369 888 4076
4369 6112 4076
6112 2631 4076
6112 4369 4076
2850 3484 65664
2850 3516 65664
3484 2850 65664
3484 4150 65664
3516 2850 65664
3516 4150 65664
4150 3484 65664
4150 3516 65664
874 3415 95111
874 3585 95111
3415 874 95111
3415 6126 95111
3585 874 95111
3585 6126 95111
6126 3415 95111
6126 3585 95111
868 3413 28545
868 3587 28545
3413 868 28545
3413 6132 28545
3587 868 28545
3587 6132 28545
6132 3413 28545
6132 3587 28545
967 2575 88168
967 4425 88168
2575 967 88168
2575 6033 88168
4425 967 88168
4425 6033 88168
6033 2575 88168
6033 4425 88168
2486 2786 72519
2486 4214 72519
2786 2486 72519
2786 4514 72519
4214 2486 72519
4214 4514 72519
4514 2786 72519
4514 4214 72519
2348 2614 2
2348 4386 2
2614 2348 2
2614 4652 2
4386 2348 2
4386 4652 2
4652 2614 2
4652 4386 2
859 3410 23327
859 3590 23327
3410 859 23327
3410 6141 23327
3590 859 23327
3590 6141 23327
6141 3410 23327
6141 3590 23327
2673 2849 37183
2673 4151 37183
2849 2673 37183
2849 4327 37183
4151 2673 37183
4151 4327 37183
4327 2849 37183
4327 4151 37183
2292 2957 57757
2292 4043 57757
2957 2292 57757
2957 4708 57757
4043 2292 57757
4043 4708 57757
4708 2957 57757
4708 4043 57757
817 3495 22942
817 3505 22942
3495 817 22942
3495 6183 22942
3505 817 22942
3505 6183 22942
6183 3495 22942
6183 3505 22942
984 3091 66656
984 3909 66656
3091 984 66656
3091 6016 66656
3909 984 66656
3909 6016 66656
6016 3091 66656
6016 3909 66656
2140 2585 2
2140 4415 2
2585 2140 2
2585 4860 2
4415 2140 2
4415 4860 2
4860 2585 2
4860 4415 2
978 1866 2
978 5134 2
1866 978 2
1866 6022 2
5134 978 2
5134 6022 2
6022 1866 2
6022 5134 2
2230 3417 63952
2230 3583 63952
3417 2230 63952
3417 4770 63952
3583 2230 63952
3583 4770 63952
4770 3417 63952
4770 3583 63952
3347 3362 25651
3347 3638 25651
3362 3347 25651
3362 3653 25651
3638 3347 25651
3638 3653 25651
3653 3362 25651
3653 3638 25651
959 2345 7143
959 4655 7143
2345 959 7143
2345 6041 7143
4655 959 7143
4655 6041 7143
6041 2345 7143
6041 4655 7143
930 1420 31404
930 5580 31404
1420 930 31404
1420 6070 31404
5580 930 31404
5580 6070 31404
6070 1420 31404
6070 5580 31404
1748 2354 89845
1748 4646 89845
2354 1748 89845
2354 5252 89845
4646 1748 89845
4646 5252 89845
5252 2354 89845
5252 4646 89845
2498 3279 82786
2498 3721 82786
3279 2498 82786
3279 4502 82786
3721 2498 82786
3721 4502 82786
4502 3279 82786
4502 3721 82786
2498 3281 61288
2498 3719 61288
3281 2498 61288
3281 4502 61288
3719 2498 61288
3719 4502 61288
4502 3281 61288
4502 3719 61288
2141 2594 24530
2141 4406 24530
2594 2141 24530
2594 4859 24530
4406 2141 24530
4406 4859 24530
4859 2594 24530
4859 4406 24530
718 2740 2
718 4260 2
2740 718 2
2740 6282 2
4260 718 2
4260 6282 2
6282 2740 2
6282 4260 2
834 3451 102043
834 3549 102043
3451 834 102043
3451 6166 102043
3549 834 102043
3549 6166 102043
6166 3451 102043
6166 3549 102043
788 1997 2
788 5003 2
1997 788 2
1997 6212 2
5003 788 2
5003 6212 2
6212 1997 2
6212 5003 2
958 1339 102987
958 5661 102987
1339 958 102987
1339 6042 102987
5661 958 102987
5661 6042 102987
6042 1339 102987
6042 5661 102987
890 1506 2
890 5494 2
1506 890 2
1506 6110 2
5494 890 2
5494 6110 2
6110 1506 2
6110 5494 2
756 2647 3829
756 4353 3829
2647 756 3829
2647 6244 3829
4353 756 3829
4353 6244 3829
6244 2647 3829
6244 4353 3829
1730 2839 10514
1730 4161 10514
2839 1730 10514
2839 5270 10514
4161 1730 10514
4161 5270 10514
5270 2839 10514
5270 4161 10514
2270 2450 10236
2270 4550 10236
2450 2270 10236
2450 4730 10236
4550 2270 10236
4550 4730 10236
4730 2450 10236
4730 4550 10236
2678 3419 117142
2678 3581 117142
3419 2678 117142
3419 4322 117142
3581 2678 117142
3581 4322 117142
4322 3419 117142
4322 3581 117142
1782 2621 68307
1782 4379 68307
2621 1782 68307
2621 5218 68307
4379 1782 68307
4379 5218 68307
5218 2621 68307
5218 4379 68307
2041 3500 28027
3500 2041 28027
3500 4959 28027
4959 3500 28027
2028 3333 2
2028 3667 2
3333 2028 2
3333 4972 2
3667 2028 2
3667 4972 2
4972 3333 2
4972 3667 2
2029 3340 2
2029 3660 2
3340 2029 2
3340 4971 2
3660 2029 2
3660 4971 2
4971 3340 2
4971 3660 2
2058 3290 63718
2058 3710 63718
3290 2058 63718
3290 4942 63718
3710 2058 63718
3710 4942 63718
4942 3290 63718
4942 3710 63718
2080 2702 13878
2080 4298 13878
2702 2080 13878
2702 4920 13878
4298 2080 13878
4298 4920 13878
4920 2702 13878
4920 4298 13878
2252 3372 29375
2252 3628 29375
3372 2252 29375
3372 4748 29375
3628 2252 29375
3628 4748 29375
4748 3372 29375
4748 3628 29375
2129 2600 2
2129 4400 2
2600 2129 2
2600 4871 2
4400 2129 2
4400 4871 2
4871 2600 2
4871 4400 2
2012 3224 65468
2012 3776 65468
3224 2012 65468
3224 4988 65468
3776 2012 65468
3776 4988 65468
4988 3224 65468
4988 3776 65468
997 2095 40786
997 4905 40786
2095 997 40786
2095 6003 40786
4905 997 40786
4905 6003 40786
6003 2095 40786
6003 4905 40786
2739 2986 42750
2739 4014 42750
2986 2739 42750
2986 4261 42750
4014 2739 42750
4014 4261 42750
4261 2986 42750
4261 4014 42750
1920 1962 27021
1920 5038 27021
1962 1920 27021
1962 5080 27021
5038 1920 27021
5038 5080 27021
5080 1962 27021
5080 5038 27021
2643 3348 153362
2643 3652 153362
3348 2643 153362
3348 4357 153362
3652 2643 153362
3652 4357 153362
4357 3348 153362
4357 3652 153362
916 3246 22999
916 3754 22999
3246 916 22999
3246 6084 22999
3754 916 22999
3754 6084 22999
6084 3246 22999
6084 3754 22999
2630 3335 68229
2630 3665 68229
3335 2630 68229
3335 4370 68229
3665 2630 68229
3665 4370 68229
4370 3335 68229
4370 3665 68229
1989 2933 13626
1989 4067 13626
2933 1989 13626
2933 5011 13626
4067 1989 13626
4067 5011 13626
5011 2933 13626
5011 4067 13626
2666 2858 2
2666 4142 2
2858 2666 2
2858 4334 2
4142 2666 2
4142 4334 2
4334 2858 2
4334 4142 2
2668 3362 41351
2668 3638 41351
3362 2668 41351
3362 4332 41351
3638 2668 41351
3638 4332 41351
4332 3362 41351
4332 3638 41351
2663 3352 2
2663 3648 2
3352 2663 2
3352 4337 2
3648 2663 2
3648 4337 2
4337 3352 2
4337 3648 2
2241 3383 129631
2241 3617 129631
3383 2241 129631
3383 4759 129631
3617 2241 129631
3617 4759 129631
4759 3383 129631
4759 3617 129631
1082 1998 13860
1082 5002 13860
1998 1082 13860
1998 5918 13860
5002 1082 13860
5002 5918 13860
5918 1998 13860
5918 5002 13860
2059 2700 2
2059 4300 2
2700 2059 2
2700 4941 2
4300 2059 2
4300 4941 2
4941 2700 2
4941 4300 2
1704 1708 147583
1704 5292 147583
1708 1704 147583
1708 5296 147583
5292 1704 147583
5292 5296 147583
5296 1708 147583
5296 5292 147583
1697 1715 337334
1697 5285 337334
1715 1697 337334
1715 5303 337334
5285 1697 337334
5285 5303 337334
5303 1715 337334
5303 5285 337334
2675 3361 73729
2675 3639 73729
3361 2675 73729
3361 4325 73729
3639 2675 73729
3639 4325 73729
4325 3361 73729
4325 3639 73729
1688 1726 33602
1688 5274 33602
1726 1688 33602
1726 5312 33602
5274 1688 33602
5274 5312 33602
5312 1726 33602
5312 5274 33602
1978 2279 26184
1978 4721 26184
2279 1978 26184
2279 5022 26184
4721 1978 26184
4721 5022 26184
5022 2279 26184
5022 4721 26184
3134 3335 7719
3134 3665 7719
3335 3134 7719
3335 3866 7719
3665 3134 7719
3665 3866 7719
3866 3335 7719
3866 3665 7719
913 1380 86137
913 5620 86137
1380 913 86137
1380 6087 86137
5620 913 86137
5620 6087 86137
6087 1380 86137
6087 5620 86137
1874 2801 67568
1874 4199 67568
2801 1874 67568
2801 5126 67568
4199 1874 67568
4199 5126 67568
5126 2801 67568
5126 4199 67568
2716 3500 188914
3500 2716 188914
3500 4284 188914
4284 3500 188914
2114 2555 2
2114 4445 2
2555 2114 2
2555 4886 2
4445 2114 2
4445 4886 2
4886 2555 2
4886 4445 2
2726 2967 2
2726 4033 2
2967 2726 2
2967 4274 2
4033 2726 2
4033 4274 2
4274 2967 2
4274 4033 2
1545 2837 285263
1545 4163 285263
2837 1545 285263
2837 5455 285263
4163 1545 285263
4163 5455 285263
5455 2837 285263
5455 4163 285263
952 2282 29109
952 4718 29109
2282 952 29109
2282 6048 29109
4718 952 29109
4718 6048 29109
6048 2282 29109
6048 4718 29109
913 2244 6206
913 4756 6206
2244 913 6206
2244 6087 6206
4756 913 6206
4756 6087 6206
6087 2244 6206
6087 4756 6206
2333 3489 69987
2333 3511 69987
3489 2333 69987
3489 4667 69987
3511 2333 69987
3511 4667 69987
4667 3489 69987
4667 3511 69987
1759 2647 162971
1759 4353 162971
2647 1759 162971
2647 5241 162971
4353 1759 162971
4353 5241 162971
5241 2647 162971
5241 4353 162971
1965 3203 17658
1965 3797 17658
3203 1965 17658
3203 5035 17658
3797 1965 17658
3797 5035 17658
5035 3203 17658
5035 3797 17658
1744 2667 186798
1744 4333 186798
2667 1744 186798
2667 5256 186798
4333 1744 186798
4333 5256 186798
5256 2667 186798
5256 4333 186798
896 2666 2
896 4334 2
2666 896 2
2666 6104 2
4334 896 2
4334 6104 2
6104 2666 2
6104 4334 2
1680 3500 130527
3500 1680 130527
3500 5320 130527
5320 3500 130527
1740 2665 63519
1740 4335 63519
2665 1740 63519
2665 5260 63519
4335 1740 63519
4335 5260 63519
5260 2665 63519
5260 4335 63519
2161 2628 119169
2161 4372 119169
2628 2161 119169
2628 4839 119169
4372 2161 119169
4372 4839 119169
4839 2628 119169
4839 4372 119169
902 2471 146213
902 4529 146213
2471 902 146213
2471 6098 146213
4529 902 146213
4529 6098 146213
6098 2471 146213
6098 4529 146213
2695 3390 33199
2695 3610 33199
3390 2695 33199
3390 4305 33199
3610 2695 33199
3610 4305 33199
4305 3390 33199
4305 3610 33199
929 2370 19730
929 4630 19730
2370 929 19730
2370 6071 19730
4630 929 19730
4630 6071 19730
6071 2370 19730
6071 4630 19730
3305 3453 2
3305 3547 2
3453 3305 2
3453 3695 2
3547 3305 2
3547 3695 2
3695 3453 2
3695 3547 2
845 2360 70477
845 4640 70477
2360 845 70477
2360 6155 70477
4640 845 70477
4640 6155 70477
6155 2360 70477
6155 4640 70477
1657 2746 366281
1657 4254 366281
2746 1657 366281
2746 5343 366281
4254 1657 366281
4254 5343 366281
5343 2746 366281
5343 4254 366281
1170 1997 47768
1170 5003 47768
1997 1170 47768
1997 5830 47768
5003 1170 47768
5003 5830 47768
5830 1997 47768
5830 5003 47768
2490 2835 57502
2490 4165 57502
2835 2490 57502
2835 4510 57502
4165 2490 57502
4165 4510 57502
4510 2835 57502
4510 4165 57502
1923 2747 211171
1923 4253 211171
2747 1923 211171
2747 5077 211171
4253 1923 211171
4253 5077 211171
5077 2747 211171
5077 4253 211171
2594 3115 164
2594 3885 164
3115 2594 164
3115 4406 164
3885 2594 164
3885 4406 164
4406 3115 164
4406 3885 164
1921 2750 297
1921 4250 297
2750 1921 297
2750 5079 297
4250 1921 297
4250 5079 297
5079 2750 297
5079 4250 297
947 1416 110645
947 5584 110645
1416 947 110645
1416 6053 110645
5584 947 110645
5584 6053 110645
6053 1416 110645
6053 5584 110645
881 3289 89566
881 3711 89566
3289 881 89566
3289 6119 89566
3711 881 89566
3711 6119 89566
6119 3289 89566
6119 3711 89566
2509 2770 17450
2509 4230 17450
2770 2509 17450
2770 4491 17450
4230 2509 17450
4230 4491 17450
4491 2770 17450
4491 4230 17450
2393 3427 74469
2393 3573 74469
3427 2393 74469
3427 4607 74469
3573 2393 74469
3573 4607 74469
4607 3427 74469
4607 3573 74469
950 1422 2
950 5578 2
1422 950 2
1422 6050 2
5578 950 2
5578 6050 2
6050 1422 2
6050 5578 2
940 1403 24267
940 5597 24267
1403 940 24267
1403 6060 24267
5597 940 24267
5597 6060 24267
6060 1403 24267
6060 5597 24267
2374 3453 6438
2374 3547 6438
3453 2374 6438
3453 4626 6438
3547 2374 6438
3547 4626 6438
4626 3453 6438
4626 3547 6438
1649 2747 5212
1649 4253 5212
2747 1649 5212
2747 5351 5212
4253 1649 5212
4253 5351 5212
5351 2747 5212
5351 4253 5212
2359 3397 143345
2359 3603 143345
3397 2359 143345
3397 4641 143345
3603 2359 143345
3603 4641 143345
4641 3397 143345
4641 3603 143345
1638 2756 2
1638 4244 2
2756 1638 2
2756 5362 2
4244 1638 2
4244 5362 2
5362 2756 2
5362 4244 2
1628 2761 141625
1628 4239 141625
2761 1628 141625
2761 5372 141625
4239 1628 141625
4239 5372 141625
5372 2761 141625
5372 4239 141625
2493 3500 2
3500 2493 2
3500 4507 2
4507 3500 2
1431 3476 21613
1431 3524 21613
3476 1431 21613
3476 5569 21613
3524 1431 21613
3524 5569 21613
5569 3476 21613
5569 3524 21613
1430 3476 2
1430 3524 2
3476 1430 2
3476 5570 2
3524 1430 2
3524 5570 2
5570 3476 2
5570 3524 2
3369 3435 155677
3369 3565 155677
3435 3369 155677
3435 3631 155677
3565 3369 155677
3565 3631 155677
3631 3435 155677
3631 3565 155677
845 2464 2
845 4536 2
2464 845 2
2464 6155 2
4536 845 2
4536 6155 2
6155 2464 2
6155 4536 2
868 3249 80728
868 3751 80728
3249 868 80728
3249 6132 80728
3751 868 80728
3751 6132 80728
6132 3249 80728
6132 3751 80728
989 1458 2
989 5542 2
1458 989 2
1458 6011 2
5542 989 2
5542 6011 2
6011 1458 2
6011 5542 2
972 1745 305
972 5255 305
1745 972 305
1745 6028 305
5255 972 305
5255 6028 305
6028 1745 305
6028 5255 305
968 1738 134983
968 5262 134983
1738 968 134983
1738 6032 134983
5262 968 134983
5262 6032 134983
6032 1738 134983
6032 5262 134983
958 2848 2
958 4152 2
2848 958 2
2848 6042 2
4152 958 2
4152 6042 2
6042 2848 2
6042 4152 2
1951 2708 138215
1951 4292 138215
2708 1951 138215
2708 5049 138215
4292 1951 138215
4292 5049 138215
5049 2708 138215
5049 4292 138215
958 3296 2
958 3704 2
3296 958 2
3296 6042 2
3704 958 2
3704 6042 2
6042 3296 2
6042 3704 2
2932 3256 44499
2932 3744 44499
3256 2932 44499
3256 4068 44499
3744 2932 44499
3744 4068 44499
4068 3256 44499
4068 3744 44499
1481 3500 5169
3500 1481 5169
3500 5519 5169
5519 3500 5169
970 1424 52627
970 5576 52627
1424 970 52627
1424 6030 52627
5576 970 52627
5576 6030 52627
6030 1424 52627
6030 5576 52627
936 3471 3404
936 3529 3404
3471 936 3404
3471 6064 3404
3529 936 3404
3529 6064 3404
6064 3471 3404
6064 3529 3404
2438 2608 132501
2438 4392 132501
2608 2438 132501
2608 4562 132501
4392 2438 132501
4392 4562 132501
4562 2608 132501
4562 4392 132501
853 3306 16918
853 3694 16918
3306 853 16918
3306 6147 16918
3694 853 16918
3694 6147 16918
6147 3306 16918
6147 3694 16918
1851 2521 419450
1851 4479 419450
2521 1851 419450
2521 5149 419450
4479 1851 419450
4479 5149 419450
5149 2521 419450
5149 4479 419450
1949 2700 2
1949 4300 2
2700 1949 2
2700 5051 2
4300 1949 2
4300 5051 2
5051 2700 2
5051 4300 2
891 2318 2
891 4682 2
2318 891 2
2318 6109 2
4682 891 2
4682 6109 2
6109 2318 2
6109 4682 2
919 2341 2
919 4659 2
2341 919 2
2341 6081 2
4659 919 2
4659 6081 2
6081 2341 2
6081 4659 2
952 1692 7193
952 5308 7193
1692 952 7193
1692 6048 7193
5308 952 7193
5308 6048 7193
6048 1692 7193
6048 5308 7193
1626 3297 82215
1626 3703 82215
3297 1626 82215
3297 5374 82215
3703 1626 82215
3703 5374 82215
5374 3297 82215
5374 3703 82215
872 1674 66816
872 5326 66816
1674 872 66816
1674 6128 66816
5326 872 66816
5326 6128 66816
6128 1674 66816
6128 5326 66816
3332 3499 112496
3332 3501 112496
3499 3332 112496
3499 3668 112496
3501 3332 112496
3501 3668 112496
3668 3499 112496
3668 3501 112496
996 1982 394997
996 5018 394997
1982 996 394997
1982 6004 394997
5018 996 394997
5018 6004 394997
6004 1982 394997
6004 5018 394997
2295 3465 30468
2295 3535 30468
3465 2295 30468
3465 4705 30468
3535 2295 30468
3535 4705 30468
4705 3465 30468
4705 3535 30468
1791 3388 83236
1791 3612 83236
3388 1791 83236
3388 5209 83236
3612 1791 83236
3612 5209 83236
5209 3388 83236
5209 3612 83236
1787 3383 190181
1787 3617 190181
3383 1787 190181
3383 5213 190181
3617 1787 190181
3617 5213 190181
5213 3383 190181
5213 3617 190181
1785 3380 34154
1785 3620 34154
3380 1785 34154
3380 5215 34154
3620 1785 34154
3620 5215 34154
5215 3380 34154
5215 3620 34154
1980 2936 16106
1980 4064 16106
2936 1980 16106
2936 5020 16106
4064 1980 16106
4064 5020 16106
5020 2936 16106
5020 4064 16106
2979 2988 2
2979 4012 2
2988 2979 2
2988 4021 2
4012 2979 2
4012 4021 2
4021 2988 2
4021 4012 2
1901 2432 30183
1901 4568 30183
2432 1901 30183
2432 5099 30183
4568 1901 30183
4568 5099 30183
5099 2432 30183
5099 4568 30183
2092 2408 26226
2092 4592 26226
2408 2092 26226
2408 4908 26226
4592 2092 26226
4592 4908 26226
4908 2408 26226
4908 4592 26226
2296 3474 126799
2296 3526 126799
3474 2296 126799
3474 4704 126799
3526 2296 126799
3526 4704 126799
4704 3474 126799
4704 3526 126799
2988 3026 17079
2988 3974 17079
3026 2988 17079
3026 4012 17079
3974 2988 17079
3974 4012 17079
4012 3026 17079
4012 3974 17079
2277 2637 2
2277 4363 2
2637 2277 2
2637 4723 2
4363 2277 2
4363 4723 2
4723 2637 2
4723 4363 2
2538 2778 2
2538 4222 2
2778 2538 2
2778 4462 2
4222 2538 2
4222 4462 2
4462 2778 2
4462 4222 2
993 1961 2
993 5039 2
1961 993 2
1961 6007 2
5039 993 2
5039 6007 2
6007 1961 2
6007 5039 2
2445 2893 2
2445 4107 2
2893 2445 2
2893 4555 2
4107 2445 2
4107 4555 2
4555 2893 2
4555 4107 2
3006 3060 2
3006 3940 2
3060 3006 2
3060 3994 2
3940 3006 2
3940 3994 2
3994 3060 2
3994 3940 2
3081 3295 21577
3081 3705 21577
3295 3081 21577
3295 3919 21577
3705 3081 21577
3705 3919 21577
3919 3295 21577
3919 3705 21577
1454 1901 64992
1454 5099 64992
1901 1454 64992
1901 5546 64992
5099 1454 64992
5099 5546 64992
5546 1901 64992
5546 5099 64992
2472 3120 65437
2472 3880 65437
3120 2472 65437
3120 4528 65437
3880 2472 65437
3880 4528 65437
4528 3120 65437
4528 3880 65437
930 3284 75365
930 3716 75365
3284 930 75365
3284 6070 75365
3716 930 75365
3716 6070 75365
6070 3284 75365
6070 3716 75365
1985 2963 2833
1985 4037 2833
2963 1985 2833
2963 5015 2833
4037 1985 2833
4037 5015 2833
5015 2963 2833
5015 4037 2833
2176 2610 2
2176 4390 2
2610 2176 2
2610 4824 2
4390 2176 2
4390 4824 2
4824 2610 2
4824 4390 2
1979 3031 116562
1979 3969 116562
3031 1979 116562
3031 5021 116562
3969 1979 116562
3969 5021 116562
5021 3031 116562
5021 3969 116562
2836 3340 154
2836 3660 154
3340 2836 154
3340 4164 154
3660 2836 154
3660 4164 154
4164 3340 154
4164 3660 154
2836 3339 165
2836 3661 165
3339 2836 165
3339 4164 165
3661 2836 165
3661 4164 165
4164 3339 165
4164 3661 165
2141 2992 13048
2141 4008 13048
2992 2141 13048
2992 4859 13048
4008 2141 13048
4008 4859 13048
4859 2992 13048
4859 4008 13048
997 3286 2
997 3714 2
3286 997 2
3286 6003 2
3714 997 2
3714 6003 2
6003 3286 2
6003 3714 2
1635 2215 52721
1635 4785 52721
2215 1635 52721
2215 5365 52721
4785 1635 52721
4785 5365 52721
5365 2215 52721
5365 4785 52721
1722 2691 325867
1722 4309 325867
2691 1722 325867
2691 5278 325867
4309 1722 325867
4309 5278 325867
5278 2691 325867
5278 4309 325867
899 2202 36436
899 4798 36436
2202 899 36436
2202 6101 36436
4798 899 36436
4798 6101 36436
6101 2202 36436
6101 4798 36436
3251 3493 9939
3251 3507 9939
3493 3251 9939
3493 3749 9939
3507 3251 9939
3507 3749 9939
3749 3493 9939
3749 3507 9939
2277 2709 10028
2277 4291 10028
2709 2277 10028
2709 4723 10028
4291 2277 10028
4291 4723 10028
4723 2709 10028
4723 4291 10028
3331 3349 2
3331 3651 2
3349 3331 2
3349 3669 2
3651 3331 2
3651 3669 2
3669 3349 2
3669 3651 2
2590 2802 2
2590 4198 2
2802 2590 2
2802 4410 2
4198 2590 2
4198 4410 2
4410 2802 2
4410 4198 2
1771 3363 2
1771 3637 2
3363 1771 2
3363 5229 2
3637 1771 2
3637 5229 2
5229 3363 2
5229 3637 2
2342 3039 93557
2342 3961 93557
3039 2342 93557
3039 4658 93557
3961 2342 93557
3961 4658 93557
4658 3039 93557
4658 3961 93557
2209 3407 135097
2209 3593 135097
3407 2209 135097
3407 4791 135097
3593 2209 135097
3593 4791 135097
4791 3407 135097
4791 3593 135097
3040 3371 23743
3040 3629 23743
3371 3040 23743
3371 3960 23743
3629 3040 23743
3629 3960 23743
3960 3371 23743
3960 3629 23743
2573 3363 41559
2573 3637 41559
3363 2573 41559
3363 4427 41559
3637 2573 41559
3637 4427 41559
4427 3363 41559
4427 3637 41559
2693 2850 91469
2693 4150 91469
2850 2693 91469
2850 4307 91469
4150 2693 91469
4150 4307 91469
4307 2850 91469
4307 4150 91469
2910 3396 9763
2910 3604 9763
3396 2910 9763
3396 4090 9763
3604 2910 9763
3604 4090 9763
4090 3396 9763
4090 3604 9763
2104 2601 38414
2104 4399 38414
2601 2104 38414
2601 4896 38414
4399 2104 38414
4399 4896 38414
4896 2601 38414
4896 4399 38414
1890 2546 115120
1890 4454 115120
2546 1890 115120
2546 5110 115120
4454 1890 115120
4454 5110 115120
5110 2546 115120
5110 4454 115120
2774 3382 2
2774 3618 2
3382 2774 2
3382 4226 2
3618 2774 2
3618 4226 2
4226 3382 2
4226 3618 2
1091 2515 71009
1091 4485 71009
2515 1091 71009
2515 5909 71009
4485 1091 71009
4485 5909 71009
5909 2515 71009
5909 4485 71009
2247 2655 87648
2247 4345 87648
2655 2247 87648
2655 4753 87648
4345 2247 87648
4345 4753 87648
4753 2655 87648
4753 4345 87648
2736 2969 115354
2736 4031 115354
2969 2736 115354
2969 4264 115354
4031 2736 115354
4031 4264 115354
4264 2969 115354
4264 4031 115354
851 2472 65448
851 4528 65448
2472 851 65448
2472 6149 65448
4528 851 65448
4528 6149 65448
6149 2472 65448
6149 4528 65448
2348 2445 49732
2348 4555 49732
2445 2348 49732
2445 4652 49732
4555 2348 49732
4555 4652 49732
4652 2445 49732
4652 4555 49732
3416 3470 15233
3416 3530 15233
3470 3416 15233
3470 3584 15233
3530 3416 15233
3530 3584 15233
3584 3470 15233
3584 3530 15233
2567 3368 2
2567 3632 2
3368 2567 2
3368 4433 2
3632 2567 2
3632 4433 2
4433 3368 2
4433 3632 2
2680 2920 24941
2680 4080 24941
2920 2680 24941
2920 4320 24941
4080 2680 24941
4080 4320 24941
4320 2920 24941
4320 4080 24941
3442 3500 2
3500 3442 2
3500 3558 2
3558 3500 2
2502 2857 84714
2502 4143 84714
2857 2502 84714
2857 4498 84714
4143 2502 84714
4143 4498 84714
4498 2857 84714
4498 4143 84714
703 3322 14339
703 3678 14339
3322 703 14339
3322 6297 14339
3678 703 14339
3678 6297 14339
6297 3322 14339
6297 3678 14339
2517 2799 2
2517 4201 2
2799 2517 2
2799 4483 2
4201 2517 2
4201 4483 2
4483 2799 2
4483 4201 2
3480 3500 2
3500 3480 2
3500 3520 2
3520 3500 2
3490 3490 2
3490 3510 2
3510 3490 2
3510 3510 2
2769 3378 2
2769 3622 2
3378 2769 2
3378 4231 2
3622 2769 2
3622 4231 2
4231 3378 2
4231 3622 2
2760 3370 2
2760 3630 2
3370 2760 2
3370 4240 2
3630 2760 2
3630 4240 2
4240 3370 2
4240 3630 2
769 2659 2
769 4341 2
2659 769 2
2659 6231 2
4341 769 2
4341 6231 2
6231 2659 2
6231 4341 2
825 2761 2
825 4239 2
2761 825 2
2761 6175 2
4239 825 2
4239 6175 2
6175 2761 2
6175 4239 2
3423 3465 66388
3423 3535 66388
3465 3423 66388
3465 3577 66388
3535 3423 66388
3535 3577 66388
3577 3465 66388
3577 3535 66388
2538 3416 42890
2538 3584 42890
3416 2538 42890
3416 4462 42890
3584 2538 42890
3584 4462 42890
4462 3416 42890
4462 3584 42890
1768 3398 2
1768 3602 2
3398 1768 2
3398 5232 2
3602 1768 2
3602 5232 2
5232 3398 2
5232 3602 2
2517 3287 102942
2517 3713 102942
3287 2517 102942
3287 4483 102942
3713 2517 102942
3713 4483 102942
4483 3287 102942
4483 3713 102942
776 2675 124322
776 4325 124322
2675 776 124322
2675 6224 124322
4325 776 124322
4325 6224 124322
6224 2675 124322
6224 4325 124322
915 1488 124173
915 5512 124173
1488 915 124173
1488 6085 124173
5512 915 124173
5512 6085 124173
6085 1488 124173
6085 5512 124173
2663 3442 69061
2663 3558 69061
3442 2663 69061
3442 4337 69061
3558 2663 69061
3558 4337 69061
4337 3442 69061
4337 3558 69061
906 1444 2
906 5556 2
1444 906 2
1444 6094 2
5556 906 2
5556 6094 2
6094 1444 2
6094 5556 2
2955 3273 57408
2955 3727 57408
3273 2955 57408
3273 4045 57408
3727 2955 57408
3727 4045 57408
4045 3273 57408
4045 3727 57408
1613 1788 396634
1613 5212 396634
1788 1613 396634
1788 5387 396634
5212 1613 396634
5212 5387 396634
5387 1788 396634
5387 5212 396634
2671 3463 55193
2671 3537 55193
3463 2671 55193
3463 4329 55193
3537 2671 55193
3537 4329 55193
4329 3463 55193
4329 3537 55193
930 2738 22764
930 4262 22764
2738 930 22764
2738 6070 22764
4262 930 22764
4262 6070 22764
6070 2738 22764
6070 4262 22764
913 2257 2
913 4743 2
2257 913 2
2257 6087 2
4743 913 2
4743 6087 2
6087 2257 2
6087 4743 2
901 1588 25379
901 5412 25379
1588 901 25379
1588 6099 25379
5412 901 25379
5412 6099 25379
6099 1588 25379
6099 5412 25379
959 3479 29813
959 3521 29813
3479 959 29813
3479 6041 29813
3521 959 29813
3521 6041 29813
6041 3479 29813
6041 3521 29813
906 1480 80065
906 5520 80065
1480 906 80065
1480 6094 80065
5520 906 80065
5520 6094 80065
6094 1480 80065
6094 5520 80065
2900 3330 2
2900 3670 2
3330 2900 2
3330 4100 2
3670 2900 2
3670 4100 2
4100 3330 2
4100 3670 2
1605 3109 2
1605 3891 2
3109 1605 2
3109 5395 2
3891 1605 2
3891 5395 2
5395 3109 2
5395 3891 2
845 2556 120305
845 4444 120305
2556 845 120305
2556 6155 120305
4444 845 120305
4444 6155 120305
6155 2556 120305
6155 4444 120305
865 1538 96237
865 5462 96237
1538 865 96237
1538 6135 96237
5462 865 96237
5462 6135 96237
6135 1538 96237
6135 5462 96237
978 2609 2
978 4391 2
2609 978 2
2609 6022 2
4391 978 2
4391 6022 2
6022 2609 2
6022 4391 2
786 3323 2
786 3677 2
3323 786 2
3323 6214 2
3677 786 2
3677 6214 2
6214 3323 2
6214 3677 2
1695 2667 169129
1695 4333 169129
2667 1695 169129
2667 5305 169129
4333 1695 169129
4333 5305 169129
5305 2667 169129
5305 4333 169129
2440 2740 81639
2440 4260 81639
2740 2440 81639
2740 4560 81639
4260 2440 81639
4260 4560 81639
4560 2740 81639
4560 4260 81639
2479 3459 2
2479 3541 2
3459 2479 2
3459 4521 2
3541 2479 2
3541 4521 2
4521 3459 2
4521 3541 2
987 3079 29830
987 3921 29830
3079 987 29830
3079 6013 29830
3921 987 29830
3921 6013 29830
6013 3079 29830
6013 3921 29830
2546 2742 180742
2546 4258 180742
2742 2546 180742
2742 4454 180742
4258 2546 180742
4258 4454 180742
4454 2742 180742
4454 4258 180742
3004 3026 22650
3004 3974 22650
3026 3004 22650
3026 3996 22650
3974 3004 22650
3974 3996 22650
3996 3026 22650
3996 3974 22650
2968 2996 2
2968 4004 2
2996 2968 2
2996 4032 2
4004 2968 2
4004 4032 2
4032 2996 2
4032 4004 2
1444 1917 2
1444 5083 2
1917 1444 2
1917 5556 2
5083 1444 2
5083 5556 2
5556 1917 2
5556 5083 2
997 2950 82561
997 4050 82561
2950 997 82561
2950 6003 82561
4050 997 82561
4050 6003 82561
6003 2950 82561
6003 4050 82561
904 1633 111866
904 5367 111866
1633 904 111866
1633 6096 111866
5367 904 111866
5367 6096 111866
6096 1633 111866
6096 5367 111866
901 1629 150569
901 5371 150569
1629 901 150569
1629 6099 150569
5371 901 150569
5371 6099 150569
6099 1629 150569
6099 5371 150569
899 1626 86767
899 5374 86767
1626 899 86767
1626 6101 86767
5374 899 86767
5374 6101 86767
6101 1626 86767
6101 5374 86767
931 3224 2
931 3776 2
3224 931 2
3224 6069 2
3776 931 2
3776 6069 2
6069 3224 2
6069 3776 2
1993 3078 26963
1993 3922 26963
3078 1993 26963
3078 5007 26963
3922 1993 26963
3922 5007 26963
5007 3078 26963
5007 3922 26963
1968 2976 52055
1968 4024 52055
2976 1968 52055
2976 5032 52055
4024 1968 52055
4024 5032 52055
5032 2976 52055
5032 4024 52055
2959 3023 2
2959 3977 2
3023 2959 2
3023 4041 2
3977 2959 2
3977 4041 2
4041 3023 2
4041 3977 2
1650 2127 23998
1650 4873 23998
2127 1650 23998
2127 5350 23998
4873 1650 23998
4873 5350 23998
5350 2127 23998
5350 4873 23998
1480 1873 5
1480 5127 5
1873 1480 5
1873 5520 5
5127 1480 5
5127 5520 5
5520 1873 5
5520 5127 5
2743 2980 8374
2743 4020 8374
2980 2743 8374
2980 4257 8374
4020 2743 8374
4020 4257 8374
4257 2980 8374
4257 4020 8374
1889 3463 120176
1889 3537 120176
3463 1889 120176
3463 5111 120176
3537 1889 120176
3537 5111 120176
5111 3463 120176
5111 3537 120176
3002 3066 5676
3002 3934 5676
3066 3002 5676
3066 3998 5676
3934 3002 5676
3934 3998 5676
3998 3066 5676
3998 3934 5676
1515 1855 203882
1515 5145 203882
1855 1515 203882
1855 5485 203882
5145 1515 203882
5145 5485 203882
5485 1855 203882
5485 5145 203882
2499 3076 2
2499 3924 2
3076 2499 2
3076 4501 2
3924 2499 2
3924 4501 2
4501 3076 2
4501 3924 2
976 1674 5534
976 5326 5534
1674 976 5534
1674 6024 5534
5326 976 5534
5326 6024 5534
6024 1674 5534
6024 5326 5534
975 1670 206723
975 5330 206723
1670 975 206723
1670 6025 206723
5330 975 206723
5330 6025 206723
6025 1670 206723
6025 5330 206723
918 3266 71351
918 3734 71351
3266 918 71351
3266 6082 71351
3734 918 71351
3734 6082 71351
6082 3266 71351
6082 3734 71351
2084 2525 30242
2084 4475 30242
2525 2084 30242
2525 4916 30242
4475 2084 30242
4475 4916 30242
4916 2525 30242
4916 4475 30242
2556 2735 15936
2556 4265 15936
2735 2556 15936
2735 4444 15936
4265 2556 15936
4265 4444 15936
4444 2735 15936
4444 4265 15936
2436 3112 38212
2436 3888 38212
3112 2436 38212
3112 4564 38212
3888 2436 38212
3888 4564 38212
4564 3112 38212
4564 3888 38212
980 1678 141569
980 5322 141569
1678 980 141569
1678 6020 141569
5322 980 141569
5322 6020 141569
6020 1678 141569
6020 5322 141569
881 3202 33835
881 3798 33835
3202 881 33835
3202 6119 33835
3798 881 33835
3798 6119 33835
6119 3202 33835
6119 3798 33835
1718 2300 2
1718 4700 2
2300 1718 2
2300 5282 2
4700 1718 2
4700 5282 2
5282 2300 2
5282 4700 2
976 1660 727
976 5340 727
1660 976 727
1660 6024 727
5340 976 727
5340 6024 727
6024 1660 727
6024 5340 727
2712 2951 2
2712 4049 2
2951 2712 2
2951 4288 2
4049 2712 2
4049 4288 2
4288 2951 2
4288 4049 2
2974 2977 69443
2974 4023 69443
2977 2974 69443
2977 4026 69443
4023 2974 69443
4023 4026 69443
4026 2977 69443
4026 4023 69443
970 1660 2
970 5340 2
1660 970 2
1660 6030 2
5340 970 2
5340 6030 2
6030 1660 2
6030 5340 2
890 2340 25425
890 4660 25425
2340 890 25425
2340 6110 25425
4660 890 25425
4660 6110 25425
6110 2340 25425
6110 4660 25425
889 2340 2
889 4660 2
2340 889 2
2340 6111 2
4660 889 2
4660 6111 2
6111 2340 2
6111 4660 2
990 1682 78960
990 5318 78960
1682 990 78960
1682 6010 78960
5318 990 78960
5318 6010 78960
6010 1682 78960
6010 5318 78960
887 1609 2
887 5391 2
1609 887 2
1609 6113 2
5391 887 2
5391 6113 2
6113 1609 2
6113 5391 2
786 2644 47964
786 4356 47964
2644 786 47964
2644 6214 47964
4356 786 47964
4356 6214 47964
6214 2644 47964
6214 4356 47964
2720 3463 47640
2720 3537 47640
3463 2720 47640
3463 4280 47640
3537 2720 47640
3537 4280 47640
4280 3463 47640
4280 3537 47640
3385 3410 18231
3385 3590 18231
3410 3385 18231
3410 3615 18231
3590 3385 18231
3590 3615 18231
3615 3410 18231
3615 3590 18231
3168 3290 103717
3168 3710 103717
3290 3168 103717
3290 3832 103717
3710 3168 103717
3710 3832 103717
3832 3290 103717
3832 3710 103717
1584 3117 56131
1584 3883 56131
3117 1584 56131
3117 5416 56131
3883 1584 56131
3883 5416 56131
5416 3117 56131
5416 3883 56131
1709 2290 2
1709 4710 2
2290 1709 2
2290 5291 2
4710 1709 2
4710 5291 2
5291 2290 2
5291 4710 2
934 3248 45382
934 3752 45382
3248 934 45382
3248 6066 45382
3752 934 45382
3752 6066 45382
6066 3248 45382
6066 3752 45382
1934 2761 2
1934 4239 2
2761 1934 2
2761 5066 2
4239 1934 2
4239 5066 2
5066 2761 2
5066 4239 2
2556 2786 2
2556 4214 2
2786 2556 2
2786 4444 2
4214 2556 2
4214 4444 2
4444 2786 2
4444 4214 2
2591 2787 240281
2591 4213 240281
2787 2591 240281
2787 4409 240281
4213 2591 240281
4213 4409 240281
4409 2787 240281
4409 4213 240281
1920 3160 18493
1920 3840 18493
3160 1920 18493
3160 5080 18493
3840 1920 18493
3840 5080 18493
5080 3160 18493
5080 3840 18493
2699 3445 2
2699 3555 2
3445 2699 2
3445 4301 2
3555 2699 2
3555 4301 2
4301 3445 2
4301 3555 2
2919 3492 23727
2919 3508 23727
3492 2919 23727
3492 4081 23727
3508 2919 23727
3508 4081 23727
4081 3492 23727
4081 3508 23727
921 2297 54424
921 4703 54424
2297 921 54424
2297 6079 54424
4703 921 54424
4703 6079 54424
6079 2297 54424
6079 4703 54424
876 1593 2
876 5407 2
1593 876 2
1593 6124 2
5407 876 2
5407 6124 2
6124 1593 2
6124 5407 2
2371 2451 38820
2371 4549 38820
2451 2371 38820
2451 4629 38820
4549 2371 38820
4549 4629 38820
4629 2451 38820
4629 4549 38820
2333 2559 2176
2333 4441 2176
2559 2333 2176
2559 4667 2176
4441 2333 2176
4441 4667 2176
4667 2559 2176
4667 4441 2176
2491 3137 38448
2491 3863 38448
3137 2491 38448
3137 4509 38448
3863 2491 38448
3863 4509 38448
4509 3137 38448
4509 3863 38448
1997 2979 4675
1997 4021 4675
2979 1997 4675
2979 5003 4675
4021 1997 4675
4021 5003 4675
5003 2979 4675
5003 4021 4675
1991 2758 21696
1991 4242 21696
2758 1991 21696
2758 5009 21696
4242 1991 21696
4242 5009 21696
5009 2758 21696
5009 4242 21696
936 2280 2
936 4720 2
2280 936 2
2280 6064 2
4720 936 2
4720 6064 2
6064 2280 2
6064 4720 2
1480 2876 69738
1480 4124 69738
2876 1480 69738
2876 5520 69738
4124 1480 69738
4124 5520 69738
5520 2876 69738
5520 4124 69738
2516 3280 22799
2516 3720 22799
3280 2516 22799
3280 4484 22799
3720 2516 22799
3720 4484 22799
4484 3280 22799
4484 3720 22799
2196 2450 2
2196 4550 2
2450 2196 2
2450 4804 2
4550 2196 2
4550 4804 2
4804 2450 2
4804 4550 2
510 1997 279665
510 5003 279665
1997 510 279665
1997 6490 279665
5003 510 279665
5003 6490 279665
6490 1997 279665
6490 5003 279665
2388 2592 114489
2388 4408 114489
2592 2388 114489
2592 4612 114489
4408 2388 114489
4408 4612 114489
4612 2592 114489
4612 4408 114489
865 1476 74360
865 5524 74360
1476 865 74360
1476 6135 74360
5524 865 74360
5524 6135 74360
6135 1476 74360
6135 5524 74360
933 1445 2848
933 5555 2848
1445 933 2848
1445 6067 2848
5555 933 2848
5555 6067 2848
6067 1445 2848
6067 5555 2848
2653 3130 7632
2653 3870 7632
3130 2653 7632
3130 4347 7632
3870 2653 7632
3870 4347 7632
4347 3130 7632
4347 3870 7632
871 2728 10266
871 4272 10266
2728 871 10266
2728 6129 10266
4272 871 10266
4272 6129 10266
6129 2728 10266
6129 4272 10266
870 2727 151946
870 4273 151946
2727 870 151946
2727 6130 151946
4273 870 151946
4273 6130 151946
6130 2727 151946
6130 4273 151946
2635 2850 26328
2635 4150 26328
2850 2635 26328
2850 4365 26328
4150 2635 26328
4150 4365 26328
4365 2850 26328
4365 4150 26328
2390 2590 53915
2390 4410 53915
2590 2390 53915
2590 4610 53915
4410 2390 53915
4410 4610 53915
4610 2590 53915
4610 4410 53915
851 1605 49701
851 5395 49701
1605 851 49701
1605 6149 49701
5395 851 49701
5395 6149 49701
6149 1605 49701
6149 5395 49701
2409 3409 8237
2409 3591 8237
3409 2409 8237
3409 4591 8237
3591 2409 8237
3591 4591 8237
4591 3409 8237
4591 3591 8237
973 3332 63028
973 3668 63028
3332 973 63028
3332 6027 63028
3668 973 63028
3668 6027 63028
6027 3332 63028
6027 3668 63028
930 1444 156917
930 5556 156917
1444 930 156917
1444 6070 156917
5556 930 156917
5556 6070 156917
6070 1444 156917
6070 5556 156917
948 3348 81578
948 3652 81578
3348 948 81578
3348 6052 81578
3652 948 81578
3652 6052 81578
6052 3348 81578
6052 3652 81578
2656 2858 36894
2656 4142 36894
2858 2656 36894
2858 4344 36894
4142 2656 36894
4142 4344 36894
4344 2858 36894
4344 4142 36894
2624 3122 62318
2624 3878 62318
3122 2624 62318
3122 4376 62318
3878 2624 62318
3878 4376 62318
4376 3122 62318
4376 3878 62318
861 2331 2
861 4669 2
2331 861 2
2331 6139 2
4669 861 2
4669 6139 2
6139 2331 2
6139 4669 2
942 1462 164114
942 5538 164114
1462 942 164114
1462 6058 164114
5538 942 164114
5538 6058 164114
6058 1462 164114
6058 5538 164114
1697 2303 2
1697 4697 2
2303 1697 2
2303 5303 2
4697 1697 2
4697 5303 2
5303 2303 2
5303 4697 2
866 2328 58860
866 4672 58860
2328 866 58860
2328 6134 58860
4672 866 58860
4672 6134 58860
6134 2328 58860
6134 4672 58860
2738 2839 16089
2738 4161 16089
2839 2738 16089
2839 4262 16089
4161 2738 16089
4161 4262 16089
4262 2839 16089
4262 4161 16089
2783 3478 2
2783 3522 2
3478 2783 2
3478 4217 2
3522 2783 2
3522 4217 2
4217 3478 2
4217 3522 2
2192 2601 2
2192 4399 2
2601 2192 2
2601 4808 2
4399 2192 2
4399 4808 2
4808 2601 2
4808 4399 2
2568 2670 14347
2568 4330 14347
2670 2568 14347
2670 4432 14347
4330 2568 14347
4330 4432 14347
4432 2670 14347
4432 4330 14347
2765 3400 2
2765 3600 2
3400 2765 2
3400 4235 2
3600 2765 2
3600 4235 2
4235 3400 2
4235 3600 2
978 2676 102992
978 4324 102992
2676 978 102992
2676 6022 102992
4324 978 102992
4324 6022 102992
6022 2676 102992
6022 4324 102992
2951 3279 57182
2951 3721 57182
3279 2951 57182
3279 4049 57182
3721 2951 57182
3721 4049 57182
4049 3279 57182
4049 3721 57182
2501 2810 22691
2501 4190 22691
2810 2501 22691
2810 4499 22691
4190 2501 22691
4190 4499 22691
4499 2810 22691
4499 4190 22691
880 1498 14121
880 5502 14121
1498 880 14121
1498 6120 14121
5502 880 14121
5502 6120 14121
6120 1498 14121
6120 5502 14121
2278 3458 23599
2278 3542 23599
3458 2278 23599
3458 4722 23599
3542 2278 23599
3542 4722 23599
4722 3458 23599
4722 3542 23599
969 2305 61999
969 4695 61999
2305 969 61999
2305 6031 61999
4695 969 61999
4695 6031 61999
6031 2305 61999
6031 4695 61999
2377 3499 20124
2377 3501 20124
3499 2377 20124
3499 4623 20124
3501 2377 20124
3501 4623 20124
4623 3499 20124
4623 3501 20124
952 2709 19507
952 4291 19507
2709 952 19507
2709 6048 19507
4291 952 19507
4291 6048 19507
6048 2709 19507
6048 4291 19507
1207 1607 8568
1207 5393 8568
1607 1207 8568
1607 5793 8568
5393 1207 8568
5393 5793 8568
5793 1607 8568
5793 5393 8568
3309 3486 12241
3309 3514 12241
3486 3309 12241
3486 3691 12241
3514 3309 12241
3514 3691 12241
3691 3486 12241
3691 3514 12241
999 1539 2
999 5461 2
1539 999 2
1539 6001 2
5461 999 2
5461 6001 2
6001 1539 2
6001 5461 2
3288 3473 22266
3288 3527 22266
3473 3288 22266
3473 3712 22266
3527 3288 22266
3527 3712 22266
3712 3473 22266
3712 3527 22266
2288 2422 71376
2288 4578 71376
2422 2288 71376
2422 4712 71376
4578 2288 71376
4578 4712 71376
4712 2422 71376
4712 4578 71376
924 2692 36090
924 4308 36090
2692 924 36090
2692 6076 36090
4308 924 36090
4308 6076 36090
6076 2692 36090
6076 4308 36090
2326 2498 149092
2326 4502 149092
2498 2326 149092
2498 4674 149092
4502 2326 149092
4502 4674 149092
4674 2498 149092
4674 4502 149092
1714 3300 72328
1714 3700 72328
3300 1714 72328
3300 5286 72328
3700 1714 72328
3700 5286 72328
5286 3300 72328
5286 3700 72328
2543 2692 114091
2543 4308 114091
2692 2543 114091
2692 4457 114091
4308 2543 114091
4308 4457 114091
4457 2692 114091
4457 4308 114091
972 1472 43522
972 5528 43522
1472 972 43522
1472 6028 43522
5528 972 43522
5528 6028 43522
6028 1472 43522
6028 5528 43522
1454 3470 19909
1454 3530 19909
3470 1454 19909
3470 5546 19909
3530 1454 19909
3530 5546 19909
5546 3470 19909
5546 3530 19909
2843 3301 2
2843 3699 2
3301 2843 2
3301 4157 2
3699 2843 2
3699 4157 2
4157 3301 2
4157 3699 2
929 3410 75317
929 3590 75317
3410 929 75317
3410 6071 75317
3590 929 75317
3590 6071 75317
6071 3410 75317
6071 3590 75317
2490 2575 2
2490 4425 2
2575 2490 2
2575 4510 2
4425 2490 2
4425 4510 2
4510 2575 2
4510 4425 2
909 1569 18728
909 5431 18728
1569 909 18728
1569 6091 18728
5431 909 18728
5431 6091 18728
6091 1569 18728
6091 5431 18728
995 1270 125221
995 5730 125221
1270 995 125221
1270 6005 125221
5730 995 125221
5730 6005 125221
6005 1270 125221
6005 5730 125221
930 3372 2
930 3628 2
3372 930 2
3372 6070 2
3628 930 2
3628 6070 2
6070 3372 2
6070 3628 2
770 3390 10932
770 3610 10932
3390 770 10932
3390 6230 10932
3610 770 10932
3610 6230 10932
6230 3390 10932
6230 3610 10932
869 3351 49800
869 3649 49800
3351 869 49800
3351 6131 49800
3649 869 49800
3649 6131 49800
6131 3351 49800
6131 3649 49800
977 2998 115938
977 4002 115938
2998 977 115938
2998 6023 115938
4002 977 115938
4002 6023 115938
6023 2998 115938
6023 4002 115938
1541 1841 74427
1541 5159 74427
1841 1541 74427
1841 5459 74427
5159 1541 74427
5159 5459 74427
5459 1841 74427
5459 5159 74427
354 1996 8
354 5004 8
1996 354 8
1996 6646 8
5004 354 8
5004 6646 8
6646 1996 8
6646 5004 8
1522 2853 80795
1522 4147 80795
2853 1522 80795
2853 5478 80795
4147 1522 80795
4147 5478 80795
5478 2853 80795
5478 4147 80795
378 1996 8
378 5004 8
1996 378 8
1996 6622 8
5004 378 8
5004 6622 8
6622 1996 8
6622 5004 8
986 2977 63585
986 4023 63585
2977 986 63585
2977 6014 63585
4023 986 63585
4023 6014 63585
6014 2977 63585
6014 4023 63585
1511 2857 71965
1511 4143 71965
2857 1511 71965
2857 5489 71965
4143 1511 71965
4143 5489 71965
5489 2857 71965
5489 4143 71965
2968 2983 35762
2968 4017 35762
2983 2968 35762
2983 4032 35762
4017 2968 35762
4017 4032 35762
4032 2983 35762
4032 4017 35762
1702 2183 2664
1702 4817 2664
2183 1702 2664
2183 5298 2664
4817 1702 2664
4817 5298 2664
5298 2183 2664
5298 4817 2664
2060 3287 33139
2060 3713 33139
3287 2060 33139
3287 4940 33139
3713 2060 33139
3713 4940 33139
4940 3287 33139
4940 3713 33139
2991 3038 2
2991 3962 2
3038 2991 2
3038 4009 2
3962 2991 2
3962 4009 2
4009 3038 2
4009 3962 2
1921 2157 2
1921 4843 2
2157 1921 2
2157 5079 2
4843 1921 2
4843 5079 2
5079 2157 2
5079 4843 2
1933 2143 8130
1933 4857 8130
2143 1933 8130
2143 5067 8130
4857 1933 8130
4857 5067 8130
5067 2143 8130
5067 4857 8130
1358 1773 51175
1358 5227 51175
1773 1358 51175
1773 5642 51175
5227 1358 51175
5227 5642 51175
5642 1773 51175
5642 5227 51175
1974 3003 10822
1974 3997 10822
3003 1974 10822
3003 5026 10822
3997 1974 10822
3997 5026 10822
5026 3003 10822
5026 3997 10822
996 2030 23838
996 4970 23838
2030 996 23838
2030 6004 23838
4970 996 23838
4970 6004 23838
6004 2030 23838
6004 4970 23838
3110 3419 10629
3110 3581 10629
3419 3110 10629
3419 3890 10629
3581 3110 10629
3581 3890 10629
3890 3419 10629
3890 3581 10629
1967 2552 144527
1967 4448 144527
2552 1967 144527
2552 5033 144527
4448 1967 144527
4448 5033 144527
5033 2552 144527
5033 4448 144527
3110 3420 2
3110 3580 2
3420 3110 2
3420 3890 2
3580 3110 2
3580 3890 2
3890 3420 2
3890 3580 2
998 2943 2
998 4057 2
2943 998 2
2943 6002 2
4057 998 2
4057 6002 2
6002 2943 2
6002 4057 2
2277 2535 34477
2277 4465 34477
2535 2277 34477
2535 4723 34477
4465 2277 34477
4465 4723 34477
4723 2535 34477
4723 4465 34477
2665 3312 2
2665 3688 2
3312 2665 2
3312 4335 2
3688 2665 2
3688 4335 2
4335 3312 2
4335 3688 2
2816 3436 2
2816 3564 2
3436 2816 2
3436 4184 2
3564 2816 2
3564 4184 2
4184 3436 2
4184 3564 2
1753 2827 91061
1753 4173 91061
2827 1753 91061
2827 5247 91061
4173 1753 91061
4173 5247 91061
5247 2827 91061
5247 4173 91061
1365 1766 130114
1365 5234 130114
1766 1365 130114
1766 5635 130114
5234 1365 130114
5234 5635 130114
5635 1766 130114
5635 5234 130114
851 2285 14530
851 4715 14530
2285 851 14530
2285 6149 14530
4715 851 14530
4715 6149 14530
6149 2285 14530
6149 4715 14530
2789 3428 56918
2789 3572 56918
3428 2789 56918
3428 4211 56918
3572 2789 56918
3572 4211 56918
4211 3428 56918
4211 3572 56918
928 1553 66961
928 5447 66961
1553 928 66961
1553 6072 66961
5447 928 66961
5447 6072 66961
6072 1553 66961
6072 5447 66961
2460 2880 7520
2460 4120 7520
2880 2460 7520
2880 4540 7520
4120 2460 7520
4120 4540 7520
4540 2880 7520
4540 4120 7520
2775 3460 2
2775 3540 2
3460 2775 2
3460 4225 2
3540 2775 2
3540 4225 2
4225 3460 2
4225 3540 2
2850 3315 80507
2850 3685 80507
3315 2850 80507
3315 4150 80507
3685 2850 80507
3685 4150 80507
4150 3315 80507
4150 3685 80507
937 2451 48058
937 4549 48058
2451 937 48058
2451 6063 48058
4549 937 48058
4549 6063 48058
6063 2451 48058
6063 4549 48058
1964 3175 32236
1964 3825 32236
3175 1964 32236
3175 5036 32236
3825 1964 32236
3825 5036 32236
5036 3175 32236
5036 3825 32236
2920 3018 38117
2920 3982 38117
3018 2920 38117
3018 4080 38117
3982 2920 38117
3982 4080 38117
4080 3018 38117
4080 3982 38117
1909 2110 32941
1909 4890 32941
2110 1909 32941
2110 5091 32941
4890 1909 32941
4890 5091 32941
5091 2110 32941
5091 4890 32941
2370 2573 40995
2370 4427 40995
2573 2370 40995
2573 4630 40995
4427 2370 40995
4427 4630 40995
4630 2573 40995
4630 4427 40995
2389 3390 2
2389 3610 2
3390 2389 2
3390 4611 2
3610 2389 2
3610 4611 2
4611 3390 2
4611 3610 2
910 1538 35342
910 5462 35342
1538 910 35342
1538 6090 35342
5462 910 35342
5462 6090 35342
6090 1538 35342
6090 5462 35342
2670 3316 17362
2670 3684 17362
3316 2670 17362
3316 4330 17362
3684 2670 17362
3684 4330 17362
4330 3316 17362
4330 3684 17362
955 1606 2
955 5394 2
1606 955 2
1606 6045 2
5394 955 2
5394 6045 2
6045 1606 2
6045 5394 2
2693 3333 48316
2693 3667 48316
3333 2693 48316
3333 4307 48316
3667 2693 48316
3667 4307 48316
4307 3333 48316
4307 3667 48316
924 2273 33461
924 4727 33461
2273 924 33461
2273 6076 33461
4727 924 33461
4727 6076 33461
6076 2273 33461
6076 4727 33461
798 2507 3901
798 4493 3901
2507 798 3901
2507 6202 3901
4493 798 3901
4493 6202 3901
6202 2507 3901
6202 4493 3901
3249 3481 2
3249 3519 2
3481 3249 2
3481 3751 2
3519 3249 2
3519 3751 2
3751 3481 2
3751 3519 2
2782 3413 142282
2782 3587 142282
3413 2782 142282
3413 4218 142282
3587 2782 142282
3587 4218 142282
4218 3413 142282
4218 3587 142282
2707 3345 22643
2707 3655 22643
3345 2707 22643
3345 4293 22643
3655 2707 22643
3655 4293 22643
4293 3345 22643
4293 3655 22643
2469 2901 32171
2469 4099 32171
2901 2469 32171
2901 4531 32171
4099 2469 32171
4099 4531 32171
4531 2901 32171
4531 4099 32171
2830 3256 176047
2830 3744 176047
3256 2830 176047
3256 4170 176047
3744 2830 176047
3744 4170 176047
4170 3256 176047
4170 3744 176047
982 3322 52469
982 3678 52469
3322 982 52469
3322 6018 52469
3678 982 52469
3678 6018 52469
6018 3322 52469
6018 3678 52469
930 1554 7064
930 5446 7064
1554 930 7064
1554 6070 7064
5446 930 7064
5446 6070 7064
6070 1554 7064
6070 5446 7064
3158 3319 2
3158 3681 2
3319 3158 2
3319 3842 2
3681 3158 2
3681 3842 2
3842 3319 2
3842 3681 2
2331 2709 77188
2331 4291 77188
2709 2331 77188
2709 4669 77188
4291 2331 77188
4291 4669 77188
4669 2709 77188
4669 4291 77188
788 3362 7457
788 3638 7457
3362 788 7457
3362 6212 7457
3638 788 7457
3638 6212 7457
6212 3362 7457
6212 3638 7457
938 1360 3
938 5640 3
1360 938 3
1360 6062 3
5640 938 3
5640 6062 3
6062 1360 3
6062 5640 3
3166 3333 17927
3166 3667 17927
3333 3166 17927
3333 3834 17927
3667 3166 17927
3667 3834 17927
3834 3333 17927
3834 3667 17927
2369 3369 2
2369 3631 2
3369 2369 2
3369 4631 2
3631 2369 2
3631 4631 2
4631 3369 2
4631 3631 2
1901 2778 178836
1901 4222 178836
2778 1901 178836
2778 5099 178836
4222 1901 178836
4222 5099 178836
5099 2778 178836
5099 4222 178836
2426 3099 68074
2426 3901 68074
3099 2426 68074
3099 4574 68074
3901 2426 68074
3901 4574 68074
4574 3099 68074
4574 3901 68074
2084 2996 32154
2084 4004 32154
2996 2084 32154
2996 4916 32154
4004 2084 32154
4004 4916 32154
4916 2996 32154
4916 4004 32154
1900 3163 12603
1900 3837 12603
3163 1900 12603
3163 5100 12603
3837 1900 12603
3837 5100 12603
5100 3163 12603
5100 3837 12603
1664 2253 219703
1664 4747 219703
2253 1664 219703
2253 5336 219703
4747 1664 219703
4747 5336 219703
5336 2253 219703
5336 4747 219703
2409 3415 50702
2409 3585 50702
3415 2409 50702
3415 4591 50702
3585 2409 50702
3585 4591 50702
4591 3415 50702
4591 3585 50702
854 2280 451
854 4720 451
2280 854 451
2280 6146 451
4720 854 451
4720 6146 451
6146 2280 451
6146 4720 451
1582 3500 107013
3500 1582 107013
3500 5418 107013
5418 3500 107013
2528 3291 2
2528 3709 2
3291 2528 2
3291 4472 2
3709 2528 2
3709 4472 2
4472 3291 2
4472 3709 2
2131 2575 65286
2131 4425 65286
2575 2131 65286
2575 4869 65286
4425 2131 65286
4425 4869 65286
4869 2575 65286
4869 4425 65286
1564 1824 270484
1564 5176 270484
1824 1564 270484
1824 5436 270484
5176 1564 270484
5176 5436 270484
5436 1824 270484
5436 5176 270484
804 2382 189392
804 4618 189392
2382 804 189392
2382 6196 189392
4618 804 189392
4618 6196 189392
6196 2382 189392
6196 4618 189392
1880 2508 73127
1880 4492 73127
2508 1880 73127
2508 5120 73127
4492 1880 73127
4492 5120 73127
5120 2508 73127
5120 4492 73127
2835 3315 76466
2835 3685 76466
3315 2835 76466
3315 4165 76466
3685 2835 76466
3685 4165 76466
4165 3315 76466
4165 3685 76466
2853 3492 2
2853 3508 2
3492 2853 2
3492 4147 2
3508 2853 2
3508 4147 2
4147 3492 2
4147 3508 2
945 2469 43288
945 4531 43288
2469 945 43288
2469 6055 43288
4531 945 43288
4531 6055 43288
6055 2469 43288
6055 4531 43288
2421 2950 74608
2421 4050 74608
2950 2421 74608
2950 4579 74608
4050 2421 74608
4050 4579 74608
4579 2950 74608
4579 4050 74608
839 3377 2
839 3623 2
3377 839 2
3377 6161 2
3623 839 2
3623 6161 2
6161 3377 2
6161 3623 2
919 2476 49031
919 4524 49031
2476 919 49031
2476 6081 49031
4524 919 49031
4524 6081 49031
6081 2476 49031
6081 4524 49031
786 2606 2
786 4394 2
2606 786 2
2606 6214 2
4394 786 2
4394 6214 2
6214 2606 2
6214 4394 2
1844 2802 2
1844 4198 2
2802 1844 2
2802 5156 2
4198 1844 2
4198 5156 2
5156 2802 2
5156 4198 2
1562 2825 147275
1562 4175 147275
2825 1562 147275
2825 5438 147275
4175 1562 147275
4175 5438 147275
5438 2825 147275
5438 4175 147275
2918 3393 73836
2918 3607 73836
3393 2918 73836
3393 4082 73836
3607 2918 73836
3607 4082 73836
4082 3393 73836
4082 3607 73836
975 3314 11286
975 3686 11286
3314 975 11286
3314 6025 11286
3686 975 11286
3686 6025 11286
6025 3314 11286
6025 3686 11286
3105 3310 103315
3105 3690 103315
3310 3105 103315
3310 3895 103315
3690 3105 103315
3690 3895 103315
3895 3310 103315
3895 3690 103315
980 3367 64599
980 3633 64599
3367 980 64599
3367 6020 64599
3633 980 64599
3633 6020 64599
6020 3367 64599
6020 3633 64599
917 2625 15735
917 4375 15735
2625 917 15735
2625 6083 15735
4375 917 15735
4375 6083 15735
6083 2625 15735
6083 4375 15735
1706 2707 10844
1706 4293 10844
2707 1706 10844
2707 5294 10844
4293 1706 10844
4293 5294 10844
5294 2707 10844
5294 4293 10844
922 2461 72382
922 4539 72382
2461 922 72382
2461 6078 72382
4539 922 72382
4539 6078 72382
6078 2461 72382
6078 4539 72382
1788 2614 294520
1788 4386 294520
2614 1788 294520
2614 5212 294520
4386 1788 294520
4386 5212 294520
5212 2614 294520
5212 4386 294520
904 2517 51803
904 4483 51803
2517 904 51803
2517 6096 51803
4483 904 51803
4483 6096 51803
6096 2517 51803
6096 4483 51803
906 1511 2
906 5489 2
1511 906 2
1511 6094 2
5489 906 2
5489 6094 2
6094 1511 2
6094 5489 2
1685 3381 2
1685 3619 2
3381 1685 2
3381 5315 2
3619 1685 2
3619 5315 2
5315 3381 2
5315 3619 2
1690 3380 2
1690 3620 2
3380 1690 2
3380 5310 2
3620 1690 2
3620 5310 2
5310 3380 2
5310 3620 2
2381 3380 62669
2381 3620 62669
3380 2381 62669
3380 4619 62669
3620 2381 62669
3620 4619 62669
4619 3380 62669
4619 3620 62669
801 3437 2
801 3563 2
3437 801 2
3437 6199 2
3563 801 2
3563 6199 2
6199 3437 2
6199 3563 2
978 3373 2
978 3627 2
3373 978 2
3373 6022 2
3627 978 2
3627 6022 2
6022 3373 2
6022 3627 2
834 2491 2
834 4509 2
2491 834 2
2491 6166 2
4509 834 2
4509 6166 2
6166 2491 2
6166 4509 2
941 1541 35517
941 5459 35517
1541 941 35517
1541 6059 35517
5459 941 35517
5459 6059 35517
6059 1541 35517
6059 5459 35517
928 2408 45381
928 4592 45381
2408 928 45381
2408 6072 45381
4592 928 45381
4592 6072 45381
6072 2408 45381
6072 4592 45381
812 2359 123503
812 4641 123503
2359 812 123503
2359 6188 123503
4641 812 123503
4641 6188 123503
6188 2359 123503
6188 4641 123503
948 3294 47149
948 3706 47149
3294 948 47149
3294 6052 47149
3706 948 47149
3706 6052 47149
6052 3294 47149
6052 3706 47149
1640 1763 388694
1640 5237 388694
1763 1640 388694
1763 5360 388694
5237 1640 388694
5237 5360 388694
5360 1763 388694
5360 5237 388694
1650 1755 41670
1650 5245 41670
1755 1650 41670
1755 5350 41670
5245 1650 41670
5245 5350 41670
5350 1755 41670
5350 5245 41670
854 1676 2
854 5324 2
1676 854 2
1676 6146 2
5324 854 2
5324 6146 2
6146 1676 2
6146 5324 2
847 1667 60916
847 5333 60916
1667 847 60916
1667 6153 60916
5333 847 60916
5333 6153 60916
6153 1667 60916
6153 5333 60916
1957 3286 5697
1957 3714 5697
3286 1957 5697
3286 5043 5697
3714 1957 5697
3714 5043 5697
5043 3286 5697
5043 3714 5697
2249 2528 2
2249 4472 2
2528 2249 2
2528 4751 2
4472 2249 2
4472 4751 2
4751 2528 2
4751 4472 2
1802 3449 273461
1802 3551 273461
3449 1802 273461
3449 5198 273461
3551 1802 273461
3551 5198 273461
5198 3449 273461
5198 3551 273461
2599 3112 63502
2599 3888 63502
3112 2599 63502
3112 4401 63502
3888 2599 63502
3888 4401 63502
4401 3112 63502
4401 3888 63502
1583 1809 345080
1583 5191 345080
1809 1583 345080
1809 5417 345080
5191 1583 345080
5191 5417 345080
5417 1809 345080
5417 5191 345080
842 3500 73573
3500 842 73573
3500 6158 73573
6158 3500 73573
991 1635 191781
991 5365 191781
1635 991 191781
1635 6009 191781
5365 991 191781
5365 6009 191781
6009 1635 191781
6009 5365 191781
2556 2630 2
2556 4370 2
2630 2556 2
2630 4444 2
4370 2556 2
4370 4444 2
4444 2630 2
4444 4370 2
979 2653 128137
979 4347 128137
2653 979 128137
2653 6021 128137
4347 979 128137
4347 6021 128137
6021 2653 128137
6021 4347 128137
2775 2832 8628
2775 4168 8628
2832 2775 8628
2832 4225 8628
4168 2775 8628
4168 4225 8628
4225 2832 8628
4225 4168 8628
2372 3426 24933
2372 3574 24933
3426 2372 24933
3426 4628 24933
3574 2372 24933
3574 4628 24933
4628 3426 24933
4628 3574 24933
1669 2627 2601
1669 4373 2601
2627 1669 2601
2627 5331 2601
4373 1669 2601
4373 5331 2601
5331 2627 2601
5331 4373 2601
3283 3459 73510
3283 3541 73510
3459 3283 73510
3459 3717 73510
3541 3283 73510
3541 3717 73510
3717 3459 73510
3717 3541 73510
2488 3297 2
2488 3703 2
3297 2488 2
3297 4512 2
3703 2488 2
3703 4512 2
4512 3297 2
4512 3703 2
938 1726 179457
938 5274 179457
1726 938 179457
1726 6062 179457
5274 938 179457
5274 6062 179457
6062 1726 179457
6062 5274 179457
1641 2644 20240
1641 4356 20240
2644 1641 20240
2644 5359 20240
4356 1641 20240
4356 5359 20240
5359 2644 20240
5359 4356 20240
877 2647 49707
877 4353 49707
2647 877 49707
2647 6123 49707
4353 877 49707
4353 6123 49707
6123 2647 49707
6123 4353 49707
723 2343 2
723 4657 2
2343 723 2
2343 6277 2
4657 723 2
4657 6277 2
6277 2343 2
6277 4657 2
1747 2541 121304
1747 4459 121304
2541 1747 121304
2541 5253 121304
4459 1747 121304
4459 5253 121304
5253 2541 121304
5253 4459 121304
1727 2534 72168
1727 4466 72168
2534 1727 72168
2534 5273 72168
4466 1727 72168
4466 5273 72168
5273 2534 72168
5273 4466 72168
1720 2530 35069
1720 4470 35069
2530 1720 35069
2530 5280 35069
4470 1720 35069
4470 5280 35069
5280 2530 35069
5280 4470 35069
1772 3458 2
1772 3542 2
3458 1772 2
3458 5228 2
3542 1772 2
3542 5228 2
5228 3458 2
5228 3542 2
1112 2998 38736
1112 4002 38736
2998 1112 38736
2998 5888 38736
4002 1112 38736
4002 5888 38736
5888 2998 38736
5888 4002 38736
2064 2551 71647
2064 4449 71647
2551 2064 71647
2551 4936 71647
4449 2064 71647
4449 4936 71647
4936 2551 71647
4936 4449 71647
2997 3031 38840
2997 3969 38840
3031 2997 38840
3031 4003 38840
3969 2997 38840
3969 4003 38840
4003 3031 38840
4003 3969 38840
1559 3099 39084
1559 3901 39084
3099 1559 39084
3099 5441 39084
3901 1559 39084
3901 5441 39084
5441 3099 39084
5441 3901 39084
1074 2481 2
1074 4519 2
2481 1074 2
2481 5926 2
4519 1074 2
4519 5926 2
5926 2481 2
5926 4519 2
2979 3004 16073
2979 3996 16073
3004 2979 16073
3004 4021 16073
3996 2979 16073
3996 4021 16073
4021 3004 16073
4021 3996 16073
974 3115 102089
974 3885 102089
3115 974 102089
3115 6026 102089
3885 974 102089
3885 6026 102089
6026 3115 102089
6026 3885 102089
2981 3003 21419
2981 3997 21419
3003 2981 21419
3003 4019 21419
3997 2981 21419
3997 4019 21419
4019 3003 21419
4019 3997 21419
2994 3015 2
2994 3985 2
3015 2994 2
3015 4006 2
3985 2994 2
3985 4006 2
4006 3015 2
4006 3985 2
1483 2880 111157
1483 4120 111157
2880 1483 111157
2880 5517 111157
4120 1483 111157
4120 5517 111157
5517 2880 111157
5517 4120 111157
973 3425 112844
973 3575 112844
3425 973 112844
3425 6027 112844
3575 973 112844
3575 6027 112844
6027 3425 112844
6027 3575 112844
1534 1843 307091
1534 5157 307091
1843 1534 307091
1843 5466 307091
5157 1534 307091
5157 5466 307091
5466 1843 307091
5466 5157 307091
1980 2969 9618
1980 4031 9618
2969 1980 9618
2969 5020 9618
4031 1980 9618
4031 5020 9618
5020 2969 9618
5020 4031 9618
1976 2733 2
1976 4267 2
2733 1976 2
2733 5024 2
4267 1976 2
4267 5024 2
5024 2733 2
5024 4267 2
827 3246 89395
827 3754 89395
3246 827 89395
3246 6173 89395
3754 827 89395
3754 6173 89395
6173 3246 89395
6173 3754 89395
2778 3445 72218
2778 3555 72218
3445 2778 72218
3445 4222 72218
3555 2778 72218
3555 4222 72218
4222 3445 72218
4222 3555 72218
2363 2460 37117
2363 4540 37117
2460 2363 37117
2460 4637 37117
4540 2363 37117
4540 4637 37117
4637 2460 37117
4637 4540 37117
1089 3447 100385
1089 3553 100385
3447 1089 100385
3447 5911 100385
3553 1089 100385
3553 5911 100385
5911 3447 100385
5911 3553 100385
3105 3412 72053
3105 3588 72053
3412 3105 72053
3412 3895 72053
3588 3105 72053
3588 3895 72053
3895 3412 72053
3895 3588 72053
2068 2996 38017
2068 4004 38017
2996 2068 38017
2996 4932 38017
4004 2068 38017
4004 4932 38017
4932 2996 38017
4932 4004 38017
2333 2489 2358
2333 4511 2358
2489 2333 2358
2489 4667 2358
4511 2333 2358
4511 4667 2358
4667 2489 2358
4667 4511 2358
2737 2857 2
2737 4143 2
2857 2737 2
2857 4263 2
4143 2737 2
4143 4263 2
4263 2857 2
4263 4143 2
2780 3443 2
2780 3557 2
3443 2780 2
3443 4220 2
3557 2780 2
3557 4220 2
4220 3443 2
4220 3557 2
2745 3337 10008
2745 3663 10008
3337 2745 10008
3337 4255 10008
3663 2745 10008
3663 4255 10008
4255 3337 10008
4255 3663 10008
2360 2462 103147
2360 4538 103147
2462 2360 103147
2462 4640 103147
4538 2360 103147
4538 4640 103147
4640 2462 103147
4640 4538 103147
1492 2073 61790
1492 4927 61790
2073 1492 61790
2073 5508 61790
4927 1492 61790
4927 5508 61790
5508 2073 61790
5508 4927 61790
1471 2082 128927
1471 4918 128927
2082 1471 128927
2082 5529 128927
4918 1471 128927
4918 5529 128927
5529 2082 128927
5529 4918 128927
2021 3277 12
2021 3723 12
3277 2021 12
3277 4979 12
3723 2021 12
3723 4979 12
4979 3277 12
4979 3723 12
1413 1934 35080
1413 5066 35080
1934 1413 35080
1934 5587 35080
5066 1413 35080
5066 5587 35080
5587 1934 35080
5587 5066 35080
1980 2765 68642
1980 4235 68642
2765 1980 68642
2765 5020 68642
4235 1980 68642
4235 5020 68642
5020 2765 68642
5020 4235 68642
1475 1875 2
1475 5125 2
1875 1475 2
1875 5525 2
5125 1475 2
5125 5525 2
5525 1875 2
5525 5125 2
2749 3381 3292
2749 3619 3292
3381 2749 3292
3381 4251 3292
3619 2749 3292
3619 4251 3292
4251 3381 3292
4251 3619 3292
991 2115 95493
991 4885 95493
2115 991 95493
2115 6009 95493
4885 991 95493
4885 6009 95493
6009 2115 95493
6009 4885 95493
2308 2512 63304
2308 4488 63304
2512 2308 63304
2512 4692 63304
4488 2308 63304
4488 4692 63304
4692 2512 63304
4692 4488 63304
3129 3355 103508
3129 3645 103508
3355 3129 103508
3355 3871 103508
3645 3129 103508
3645 3871 103508
3871 3355 103508
3871 3645 103508
1530 1837 15578
1530 5163 15578
1837 1530 15578
1837 5470 15578
5163 1530 15578
5163 5470 15578
5470 1837 15578
5470 5163 15578
1530 1840 18915
1530 5160 18915
1840 1530 18915
1840 5470 18915
5160 1530 18915
5160 5470 18915
5470 1840 18915
5470 5160 18915
3122 3469 1564
3122 3531 1564
3469 3122 1564
3469 3878 1564
3531 3122 1564
3531 3878 1564
3878 3469 1564
3878 3531 1564
2132 3353 12198
2132 3647 12198
3353 2132 12198
3353 4868 12198
3647 2132 12198
3647 4868 12198
4868 3353 12198
4868 3647 12198
1921 1933 30949
1921 5067 30949
1933 1921 30949
1933 5079 30949
5067 1921 30949
5067 5079 30949
5079 1933 30949
5079 5067 30949
951 2670 2
951 4330 2
2670 951 2
2670 6049 2
4330 951 2
4330 6049 2
6049 2670 2
6049 4330 2
3168 3247 4734
3168 3753 4734
3247 3168 4734
3247 3832 4734
3753 3168 4734
3753 3832 4734
3832 3247 4734
3832 3753 4734
3358 3415 2
3358 3585 2
3415 3358 2
3415 3642 2
3585 3358 2
3585 3642 2
3642 3415 2
3642 3585 2
2149 2603 25433
2149 4397 25433
2603 2149 25433
2603 4851 25433
4397 2149 25433
4397 4851 25433
4851 2603 25433
4851 4397 25433
960 2718 12665
960 4282 12665
2718 960 12665
2718 6040 12665
4282 960 12665
4282 6040 12665
6040 2718 12665
6040 4282 12665
3370 3400 91595
3370 3600 91595
3400 3370 91595
3400 3630 91595
3600 3370 91595
3600 3630 91595
3630 3400 91595
3630 3600 91595
2599 2798 127947
2599 4202 127947
2798 2599 127947
2798 4401 127947
4202 2599 127947
4202 4401 127947
4401 2798 127947
4401 4202 127947
3274 3451 125957
3274 3549 125957
3451 3274 125957
3451 3726 125957
3549 3274 125957
3549 3726 125957
3726 3451 125957
3726 3549 125957
1770 2365 568982
1770 4635 568982
2365 1770 568982
2365 5230 568982
4635 1770 568982
4635 5230 568982
5230 2365 568982
5230 4635 568982
2621 3354 70237
2621 3646 70237
3354 2621 70237
3354 4379 70237
3646 2621 70237
3646 4379 70237
4379 3354 70237
4379 3646 70237
899 2747 49071
899 4253 49071
2747 899 49071
2747 6101 49071
4253 899 49071
4253 6101 49071
6101 2747 49071
6101 4253 49071
1444 1901 53219
1444 5099 53219
1901 1444 53219
1901 5556 53219
5099 1444 53219
5099 5556 53219
5556 1901 53219
5556 5099 53219
1645 2233 76103
1645 4767 76103
2233 1645 76103
2233 5355 76103
4767 1645 76103
4767 5355 76103
5355 2233 76103
5355 4767 76103
945 2646 169843
945 4354 169843
2646 945 169843
2646 6055 169843
4354 945 169843
4354 6055 169843
6055 2646 169843
6055 4354 169843
988 3279 19931
988 3721 19931
3279 988 19931
3279 6012 19931
3721 988 19931
3721 6012 19931
6012 3279 19931
6012 3721 19931
946 2689 161622
946 4311 161622
2689 946 161622
2689 6054 161622
4311 946 161622
4311 6054 161622
6054 2689 161622
6054 4311 161622
2515 2695 235180
2515 4305 235180
2695 2515 235180
2695 4485 235180
4305 2515 235180
4305 4485 235180
4485 2695 235180
4485 4305 235180
3381 3388 9965
3381 3612 9965
3388 3381 9965
3388 3619 9965
3612 3381 9965
3612 3619 9965
3619 3388 9965
3619 3612 9965
918 2657 86968
918 4343 86968
2657 918 86968
2657 6082 86968
4343 918 86968
4343 6082 86968
6082 2657 86968
6082 4343 86968
3300 3474 125735
3300 3526 125735
3474 3300 125735
3474 3700 125735
3526 3300 125735
3526 3700 125735
3700 3474 125735
3700 3526 125735
930 1992 90636
930 5008 90636
1992 930 90636
1992 6070 90636
5008 930 90636
5008 6070 90636
6070 1992 90636
6070 5008 90636
918 1991 30644
918 5009 30644
1991 918 30644
1991 6082 30644
5009 918 30644
5009 6082 30644
6082 1991 30644
6082 5009 30644
2843 3378 2
2843 3622 2
3378 2843 2
3378 4157 2
3622 2843 2
3622 4157 2
4157 3378 2
4157 3622 2
1940 3168 2
1940 3832 2
3168 1940 2
3168 5060 2
3832 1940 2
3832 5060 2
5060 3168 2
5060 3832 2
2350 2660 2
2350 4340 2
2660 2350 2
2660 4650 2
4340 2350 2
4340 4650 2
4650 2660 2
4650 4340 2
977 3082 49140
977 3918 49140
3082 977 49140
3082 6023 49140
3918 977 49140
3918 6023 49140
6023 3082 49140
6023 3918 49140
944 2561 2
944 4439 2
2561 944 2
2561 6056 2
4439 944 2
4439 6056 2
6056 2561 2
6056 4439 2
2805 3228 2
2805 3772 2
3228 2805 2
3228 4195 2
3772 2805 2
3772 4195 2
4195 3228 2
4195 3772 2
2886 3334 2
2886 3666 2
3334 2886 2
3334 4114 2
3666 2886 2
3666 4114 2
4114 3334 2
4114 3666 2
2299 2478 41006
2299 4522 41006
2478 2299 41006
2478 4701 41006
4522 2299 41006
4522 4701 41006
4701 2478 41006
4701 4522 41006
927 2571 2
927 4429 2
2571 927 2
2571 6073 2
4429 927 2
4429 6073 2
6073 2571 2
6073 4429 2
827 2433 84408
827 4567 84408
2433 827 84408
2433 6173 84408
4567 827 84408
4567 6173 84408
6173 2433 84408
6173 4567 84408
2730 2835 124178
2730 4165 124178
2835 2730 124178
2835 4270 124178
4165 2730 124178
4165 4270 124178
4270 2835 124178
4270 4165 124178
2640 3163 6851
2640 3837 6851
3163 2640 6851
3163 4360 6851
3837 2640 6851
3837 4360 6851
4360 3163 6851
4360 3837 6851
1600 1796 237265
1600 5204 237265
1796 1600 237265
1796 5400 237265
5204 1600 237265
5204 5400 237265
5400 1796 237265
5400 5204 237265
2745 2840 29186
2745 4160 29186
2840 2745 29186
2840 4255 29186
4160 2745 29186
4160 4255 29186
4255 2840 29186
4255 4160 29186
2714 3027 39444
2714 3973 39444
3027 2714 39444
3027 4286 39444
3973 2714 39444
3973 4286 39444
4286 3027 39444
4286 3973 39444
961 1741 2
961 5259 2
1741 961 2
1741 6039 2
5259 961 2
5259 6039 2
6039 1741 2
6039 5259 2
960 1740 2
960 5260 2
1740 960 2
1740 6040 2
5260 960 2
5260 6040 2
6040 1740 2
6040 5260 2
950 1727 135499
950 5273 135499
1727 950 135499
1727 6050 135499
5273 950 135499
5273 6050 135499
6050 1727 135499
6050 5273 135499
2513 3412 128658
2513 3588 128658
3412 2513 128658
3412 4487 128658
3588 2513 128658
3588 4487 128658
4487 3412 128658
4487 3588 128658
2886 3424 74865
2886 3576 74865
3424 2886 74865
3424 4114 74865
3576 2886 74865
3576 4114 74865
4114 3424 74865
4114 3576 74865
2176 3384 68929
2176 3616 68929
3384 2176 68929
3384 4824 68929
3616 2176 68929
3616 4824 68929
4824 3384 68929
4824 3616 68929
2812 3222 103072
2812 3778 103072
3222 2812 103072
3222 4188 103072
3778 2812 103072
3778 4188 103072
4188 3222 103072
4188 3778 103072
932 2988 19837
932 4012 19837
2988 932 19837
2988 6068 19837
4012 932 19837
4012 6068 19837
6068 2988 19837
6068 4012 19837
978 2671 225358
978 4329 225358
2671 978 225358
2671 6022 225358
4329 978 225358
4329 6022 225358
6022 2671 225358
6022 4329 225358
1520 1848 398387
1520 5152 398387
1848 1520 398387
1848 5480 398387
5152 1520 398387
5152 5480 398387
5480 1848 398387
5480 5152 398387
1635 2154 62404
1635 4846 62404
2154 1635 62404
2154 5365 62404
4846 1635 62404
4846 5365 62404
5365 2154 62404
5365 4846 62404
877 2239 68621
877 4761 68621
2239 877 68621
2239 6123 68621
4761 877 68621
4761 6123 68621
6123 2239 68621
6123 4761 68621
2750 3420 84651
2750 3580 84651
3420 2750 84651
3420 4250 84651
3580 2750 84651
3580 4250 84651
4250 3420 84651
4250 3580 84651
2581 2808 78996
2581 4192 78996
2808 2581 78996
2808 4419 78996
4192 2581 78996
4192 4419 78996
4419 2808 78996
4419 4192 78996
2652 2919 122250
2652 4081 122250
2919 2652 122250
2919 4348 122250
4081 2652 122250
4081 4348 122250
4348 2919 122250
4348 4081 122250
2810 3447 78112
2810 3553 78112
3447 2810 78112
3447 4190 78112
3553 2810 78112
3553 4190 78112
4190 3447 78112
4190 3553 78112
2669 3155 2
2669 3845 2
3155 2669 2
3155 4331 2
3845 2669 2
3845 4331 2
4331 3155 2
4331 3845 2
3275 3438 31153
3275 3562 31153
3438 3275 31153
3438 3725 31153
3562 3275 31153
3562 3725 31153
3725 3438 31153
3725 3562 31153
2727 3346 77911
2727 3654 77911
3346 2727 77911
3346 4273 77911
3654 2727 77911
3654 4273 77911
4273 3346 77911
4273 3654 77911
1192 1590 174771
1192 5410 174771
1590 1192 174771
1590 5808 174771
5410 1192 174771
5410 5808 174771
5808 1590 174771
5808 5410 174771
900 2437 49215
900 4563 49215
2437 900 49215
2437 6100 49215
4563 900 49215
4563 6100 49215
6100 2437 49215
6100 4563 49215
848 3312 75750
848 3688 75750
3312 848 75750
3312 6152 75750
3688 848 75750
3688 6152 75750
6152 3312 75750
6152 3688 75750
1716 3314 388969
1716 3686 388969
3314 1716 388969
3314 5284 388969
3686 1716 388969
3686 5284 388969
5284 3314 388969
5284 3686 388969
1702 3324 5376
1702 3676 5376
3324 1702 5376
3324 5298 5376
3676 1702 5376
3676 5298 5376
5298 3324 5376
5298 3676 5376
1801 2545 2
1801 4455 2
2545 1801 2
2545 5199 2
4455 1801 2
4455 5199 2
5199 2545 2
5199 4455 2
2772 2820 218804
2772 4180 218804
2820 2772 218804
2820 4228 218804
4180 2772 218804
4180 4228 218804
4228 2820 218804
4228 4180 218804
2676 3433 2
2676 3567 2
3433 2676 2
3433 4324 2
3567 2676 2
3567 4324 2
4324 3433 2
4324 3567 2
819 2539 34388
819 4461 34388
2539 819 34388
2539 6181 34388
4461 819 34388
4461 6181 34388
6181 2539 34388
6181 4461 34388
978 3357 2
978 3643 2
3357 978 2
3357 6022 2
3643 978 2
3643 6022 2
6022 3357 2
6022 3643 2
861 2337 2
861 4663 2
2337 861 2
2337 6139 2
4663 861 2
4663 6139 2
6139 2337 2
6139 4663 2
3352 3360 576
3352 3640 576
3360 3352 576
3360 3648 576
3640 3352 576
3640 3648 576
3648 3360 576
3648 3640 576
836 2381 100783
836 4619 100783
2381 836 100783
2381 6164 100783
4619 836 100783
4619 6164 100783
6164 2381 100783
6164 4619 100783
2717 3454 2
2717 3546 2
3454 2717 2
3454 4283 2
3546 2717 2
3546 4283 2
4283 3454 2
4283 3546 2
896 1590 2
896 5410 2
1590 896 2
1590 6104 2
5410 896 2
5410 6104 2
6104 1590 2
6104 5410 2
2701 3440 2
2701 3560 2
3440 2701 2
3440 4299 2
3560 2701 2
3560 4299 2
4299 3440 2
4299 3560 2
2474 2770 2
2474 4230 2
2770 2474 2
2770 4526 2
4230 2474 2
4230 4526 2
4526 2770 2
4526 4230 2
881 3400 77902
881 3600 77902
3400 881 77902
3400 6119 77902
3600 881 77902
3600 6119 77902
6119 3400 77902
6119 3600 77902
854 3446 95823
854 3554 95823
3446 854 95823
3446 6146 95823
3554 854 95823
3554 6146 95823
6146 3446 95823
6146 3554 95823
428 1997 85816
428 5003 85816
1997 428 85816
1997 6572 85816
5003 428 85816
5003 6572 85816
6572 1997 85816
6572 5003 85816
2526 2784 30924
2526 4216 30924
2784 2526 30924
2784 4474 30924
4216 2526 30924
4216 4474 30924
4474 2784 30924
4474 4216 30924
909 1582 125900
909 5418 125900
1582 909 125900
1582 6091 125900
5418 909 125900
5418 6091 125900
6091 1582 125900
6091 5418 125900
877 2366 2928
877 4634 2928
2366 877 2928
2366 6123 2928
4634 877 2928
4634 6123 2928
6123 2366 2928
6123 4634 2928
882 2357 58963
882 4643 58963
2357 882 58963
2357 6118 58963
4643 882 58963
4643 6118 58963
6118 2357 58963
6118 4643 58963
860 2270 132531
860 4730 132531
2270 860 132531
2270 6140 132531
4730 860 132531
4730 6140 132531
6140 2270 132531
6140 4730 132531
929 2530 43434
929 4470 43434
2530 929 43434
2530 6071 43434
4470 929 43434
4470 6071 43434
6071 2530 43434
6071 4470 43434
2500 3254 55763
2500 3746 55763
3254 2500 55763
3254 4500 55763
3746 2500 55763
3746 4500 55763
4500 3254 55763
4500 3746 55763
1770 2627 71140
1770 4373 71140
2627 1770 71140
2627 5230 71140
4373 1770 71140
4373 5230 71140
5230 2627 71140
5230 4373 71140
857 2390 33549
857 4610 33549
2390 857 33549
2390 6143 33549
4610 857 33549
4610 6143 33549
6143 2390 33549
6143 4610 33549
2932 3281 33839
2932 3719 33839
3281 2932 33839
3281 4068 33839
3719 2932 33839
3719 4068 33839
4068 3281 33839
4068 3719 33839
2610 3380 71515
2610 3620 71515
3380 2610 71515
3380 4390 71515
3620 2610 71515
3620 4390 71515
4390 3380 71515
4390 3620 71515
2640 3081 53453
2640 3919 53453
3081 2640 53453
3081 4360 53453
3919 2640 53453
3919 4360 53453
4360 3081 53453
4360 3919 53453
2361 2575 89249
2361 4425 89249
2575 2361 89249
2575 4639 89249
4425 2361 89249
4425 4639 89249
4639 2575 89249
4639 4425 89249
1699 2295 115062
1699 4705 115062
2295 1699 115062
2295 5301 115062
4705 1699 115062
4705 5301 115062
5301 2295 115062
5301 4705 115062
2349 3418 65515
2349 3582 65515
3418 2349 65515
3418 4651 65515
3582 2349 65515
3582 4651 65515
4651 3418 65515
4651 3582 65515
1753 2530 2
1753 4470 2
2530 1753 2
2530 5247 2
4470 1753 2
4470 5247 2
5247 2530 2
5247 4470 2
1770 2538 2
1770 4462 2
2538 1770 2
2538 5230 2
4462 1770 2
4462 5230 2
5230 2538 2
5230 4462 2
1700 2512 9873
1700 4488 9873
2512 1700 9873
2512 5300 9873
4488 1700 9873
4488 5300 9873
5300 2512 9873
5300 4488 9873
1719 2518 20459
1719 4482 20459
2518 1719 20459
2518 5281 20459
4482 1719 20459
4482 5281 20459
5281 2518 20459
5281 4482 20459
977 1515 89853
977 5485 89853
1515 977 89853
1515 6023 89853
5485 977 89853
5485 6023 89853
6023 1515 89853
6023 5485 89853
1644 3284 10045
1644 3716 10045
3284 1644 10045
3284 5356 10045
3716 1644 10045
3716 5356 10045
5356 3284 10045
5356 3716 10045
3381 3500 179635
3500 3381 179635
3500 3619 179635
3619 3500 179635
1708 2305 284259
1708 4695 284259
2305 1708 284259
2305 5292 284259
4695 1708 284259
4695 5292 284259
5292 2305 284259
5292 4695 284259
901 1561 218116
901 5439 218116
1561 901 218116
1561 6099 218116
5439 901 218116
5439 6099 218116
6099 1561 218116
6099 5439 218116
1746 2550 33437
1746 4450 33437
2550 1746 33437
2550 5254 33437
4450 1746 33437
4450 5254 33437
5254 2550 33437
5254 4450 33437
1750 2552 32525
1750 4448 32525
2552 1750 32525
2552 5250 32525
4448 1750 32525
4448 5250 32525
5250 2552 32525
5250 4448 32525
1701 3340 70780
1701 3660 70780
3340 1701 70780
3340 5299 70780
3660 1701 70780
3660 5299 70780
5299 3340 70780
5299 3660 70780
3190 3330 8859
3190 3670 8859
3330 3190 8859
3330 3810 8859
3670 3190 8859
3670 3810 8859
3810 3330 8859
3810 3670 8859
1972 1988 64525
1972 5012 64525
1988 1972 64525
1988 5028 64525
5012 1972 64525
5012 5028 64525
5028 1988 64525
5028 5012 64525
1992 2112 28450
1992 4888 28450
2112 1992 28450
2112 5008 28450
4888 1992 28450
4888 5008 28450
5008 2112 28450
5008 4888 28450
1096 2487 2592
1096 4513 2592
2487 1096 2592
2487 5904 2592
4513 1096 2592
4513 5904 2592
5904 2487 2592
5904 4513 2592
2980 3055 5659
2980 3945 5659
3055 2980 5659
3055 4020 5659
3945 2980 5659
3945 4020 5659
4020 3055 5659
4020 3945 5659
1795 3131 52498
1795 3869 52498
3131 1795 52498
3131 5205 52498
3869 1795 52498
3869 5205 52498
5205 3131 52498
5205 3869 52498
3007 3051 30982
3007 3949 30982
3051 3007 30982
3051 3993 30982
3949 3007 30982
3949 3993 30982
3993 3051 30982
3993 3949 30982
2389 2404 114497
2389 4596 114497
2404 2389 114497
2404 4611 114497
4596 2389 114497
4596 4611 114497
4611 2404 114497
4611 4596 114497
1114 2998 42014
1114 4002 42014
2998 1114 42014
2998 5886 42014
4002 1114 42014
4002 5886 42014
5886 2998 42014
5886 4002 42014
2027 2285 16091
2027 4715 16091
2285 2027 16091
2285 4973 16091
4715 2027 16091
4715 4973 16091
4973 2285 16091
4973 4715 16091
2561 2750 181120
2561 4250 181120
2750 2561 181120
2750 4439 181120
4250 2561 181120
4250 4439 181120
4439 2750 181120
4439 4250 181120
1984 3223 74730
1984 3777 74730
3223 1984 74730
3223 5016 74730
3777 1984 74730
3777 5016 74730
5016 3223 74730
5016 3777 74730
2914 3310 48902
2914 3690 48902
3310 2914 48902
3310 4086 48902
3690 2914 48902
3690 4086 48902
4086 3310 48902
4086 3690 48902
2290 2447 2
2290 4553 2
2447 2290 2
2447 4710 2
4553 2290 2
4553 4710 2
4710 2447 2
4710 4553 2
2353 2569 2
2353 4431 2
2569 2353 2
2569 4647 2
4431 2353 2
4431 4647 2
4647 2569 2
4647 4431 2
985 3490 2
985 3510 2
3490 985 2
3490 6015 2
3510 985 2
3510 6015 2
6015 3490 2
6015 3510 2
2379 3076 28975
2379 3924 28975
3076 2379 28975
3076 4621 28975
3924 2379 28975
3924 4621 28975
4621 3076 28975
4621 3924 28975
2983 3039 11866
2983 3961 11866
3039 2983 11866
3039 4017 11866
3961 2983 11866
3961 4017 11866
4017 3039 11866
4017 3961 11866
2884 3443 39120
2884 3557 39120
3443 2884 39120
3443 4116 39120
3557 2884 39120
3557 4116 39120
4116 3443 39120
4116 3557 39120
1930 1941 2
1930 5059 2
1941 1930 2
1941 5070 2
5059 1930 2
5059 5070 2
5070 1941 2
5070 5059 2
1942 3223 11265
1942 3777 11265
3223 1942 11265
3223 5058 11265
3777 1942 11265
3777 5058 11265
5058 3223 11265
5058 3777 11265
896 1485 7075
896 5515 7075
1485 896 7075
1485 6104 7075
5515 896 7075
5515 6104 7075
6104 1485 7075
6104 5515 7075
1512 2860 33792
1512 4140 33792
2860 1512 33792
2860 5488 33792
4140 1512 33792
4140 5488 33792
5488 2860 33792
5488 4140 33792
2282 3444 2
2282 3556 2
3444 2282 2
3444 4718 2
3556 2282 2
3556 4718 2
4718 3444 2
4718 3556 2
952 2743 4068
952 4257 4068
2743 952 4068
2743 6048 4068
4257 952 4068
4257 6048 4068
6048 2743 4068
6048 4257 4068
2954 3030 11622
2954 3970 11622
3030 2954 11622
3030 4046 11622
3970 2954 11622
3970 4046 11622
4046 3030 11622
4046 3970 11622
2351 2571 2
2351 4429 2
2571 2351 2
2571 4649 2
4429 2351 2
4429 4649 2
4649 2571 2
4649 4429 2
2363 2602 23297
2363 4398 23297
2602 2363 23297
2602 4637 23297
4398 2363 23297
4398 4637 23297
4637 2602 23297
4637 4398 23297
1882 2499 22626
1882 4501 22626
2499 1882 22626
2499 5118 22626
4501 1882 22626
4501 5118 22626
5118 2499 22626
5118 4501 22626
2147 2620 53238
2147 4380 53238
2620 2147 53238
2620 4853 53238
4380 2147 53238
4380 4853 53238
4853 2620 53238
4853 4380 53238
1492 2871 95566
1492 4129 95566
2871 1492 95566
2871 5508 95566
4129 1492 95566
4129 5508 95566
5508 2871 95566
5508 4129 95566
1969 2743 204466
1969 4257 204466
2743 1969 204466
2743 5031 204466
4257 1969 204466
4257 5031 204466
5031 2743 204466
5031 4257 204466
986 1668 49212
986 5332 49212
1668 986 49212
1668 6014 49212
5332 986 49212
5332 6014 49212
6014 1668 49212
6014 5332 49212
2456 3273 2
2456 3727 2
3273 2456 2
3273 4544 2
3727 2456 2
3727 4544 2
4544 3273 2
4544 3727 2
892 1480 26863
892 5520 26863
1480 892 26863
1480 6108 26863
5520 892 26863
5520 6108 26863
6108 1480 26863
6108 5520 26863
890 1479 40682
890 5521 40682
1479 890 40682
1479 6110 40682
5521 890 40682
5521 6110 40682
6110 1479 40682
6110 5521 40682
2663 3341 6353
2663 3659 6353
3341 2663 6353
3341 4337 6353
3659 2663 6353
3659 4337 6353
4337 3341 6353
4337 3659 6353
2362 2600 39320
2362 4400 39320
2600 2362 39320
2600 4638 39320
4400 2362 39320
4400 4638 39320
4638 2600 39320
4638 4400 39320
2314 2969 15485
2314 4031 15485
2969 2314 15485
2969 4686 15485
4031 2314 15485
4031 4686 15485
4686 2969 15485
4686 4031 15485
2634 3152 55124
2634 3848 55124
3152 2634 55124
3152 4366 55124
3848 2634 55124
3848 4366 55124
4366 3152 55124
4366 3848 55124
1600 2181 2
1600 4819 2
2181 1600 2
2181 5400 2
4819 1600 2
4819 5400 2
5400 2181 2
5400 4819 2
1590 2802 176109
1590 4198 176109
2802 1590 176109
2802 5410 176109
4198 1590 176109
4198 5410 176109
5410 2802 176109
5410 4198 176109
1589 2802 66889
1589 4198 66889
2802 1589 66889
2802 5411 66889
4198 1589 66889
4198 5411 66889
5411 2802 66889
5411 4198 66889
2313 2695 48402
2313 4305 48402
2695 2313 48402
2695 4687 48402
4305 2313 48402
4305 4687 48402
4687 2695 48402
4687 4305 48402
901 3209 2
901 3791 2
3209 901 2
3209 6099 2
3791 901 2
3791 6099 2
6099 3209 2
6099 3791 2
2470 3268 2
2470 3732 2
3268 2470 2
3268 4530 2
3732 2470 2
3732 4530 2
4530 3268 2
4530 3732 2
2388 3040 18978
2388 3960 18978
3040 2388 18978
3040 4612 18978
3960 2388 18978
3960 4612 18978
4612 3040 18978
4612 3960 18978
967 2483 38191
967 4517 38191
2483 967 38191
2483 6033 38191
4517 967 38191
4517 6033 38191
6033 2483 38191
6033 4517 38191
2128 2652 3910
2128 4348 3910
2652 2128 3910
2652 4872 3910
4348 2128 3910
4348 4872 3910
4872 2652 3910
4872 4348 3910
2060 2440 82695
2060 4560 82695
2440 2060 82695
2440 4940 82695
4560 2060 82695
4560 4940 82695
4940 2440 82695
4940 4560 82695
1884 2775 2
1884 4225 2
2775 1884 2
2775 5116 2
4225 1884 2
4225 5116 2
5116 2775 2
5116 4225 2
967 2868 85126
967 4132 85126
2868 967 85126
2868 6033 85126
4132 967 85126
4132 6033 85126
6033 2868 85126
6033 4132 85126
1884 2782 43640
1884 4218 43640
2782 1884 43640
2782 5116 43640
4218 1884 43640
4218 5116 43640
5116 2782 43640
5116 4218 43640
931 2391 2
931 4609 2
2391 931 2
2391 6069 2
4609 931 2
4609 6069 2
6069 2391 2
6069 4609 2
969 3358 105
969 3642 105
3358 969 105
3358 6031 105
3642 969 105
3642 6031 105
6031 3358 105
6031 3642 105
2379 2572 2
2379 4428 2
2572 2379 2
2572 4621 2
4428 2379 2
4428 4621 2
4621 2572 2
4621 4428 2
2951 2969 2
2951 4031 2
2969 2951 2
2969 4049 2
4031 2951 2
4031 4049 2
4049 2969 2
4049 4031 2
1089 3477 2
1089 3523 2
3477 1089 2
3477 5911 2
3523 1089 2
3523 5911 2
5911 3477 2
5911 3523 2
2040 3500 26431
3500 2040 26431
3500 4960 26431
4960 3500 26431
2136 2647 45336
2136 4353 45336
2647 2136 45336
2647 4864 45336
4353 2136 45336
4353 4864 45336
4864 2647 45336
4864 4353 45336
977 3070 60849
977 3930 60849
3070 977 60849
3070 6023 60849
3930 977 60849
3930 6023 60849
6023 3070 60849
6023 3930 60849
1901 2185 2
1901 4815 2
2185 1901 2
2185 5099 2
4815 1901 2
4815 5099 2
5099 2185 2
5099 4815 2
2513 3247 2
2513 3753 2
3247 2513 2
3247 4487 2
3753 2513 2
3753 4487 2
4487 3247 2
4487 3753 2
1276 1990 2
1276 5010 2
1990 1276 2
1990 5724 2
5010 1276 2
5010 5724 2
5724 1990 2
5724 5010 2
2610 2746 34385
2610 4254 34385
2746 2610 34385
2746 4390 34385
4254 2610 34385
4254 4390 34385
4390 2746 34385
4390 4254 34385
2472 2850 67832
2472 4150 67832
2850 2472 67832
2850 4528 67832
4150 2472 67832
4150 4528 67832
4528 2850 67832
4528 4150 67832
2980 2988 9291
2980 4012 9291
2988 2980 9291
2988 4020 9291
4012 2980 9291
4012 4020 9291
4020 2988 9291
4020 4012 9291
930 2389 2
930 4611 2
2389 930 2
2389 6070 2
4611 930 2
4611 6070 2
6070 2389 2
6070 4611 2
3077 3500 82027
3500 3077 82027
3500 3923 82027
3923 3500 82027
2946 2971 2
2946 4029 2
2971 2946 2
2971 4054 2
4029 2946 2
4029 4054 2
4054 2971 2
4054 4029 2
1922 2970 32119
1922 4030 32119
2970 1922 32119
2970 5078 32119
4030 1922 32119
4030 5078 32119
5078 2970 32119
5078 4030 32119
3033 3307 1662
3033 3693 1662
3307 3033 1662
3307 3967 1662
3693 3033 1662
3693 3967 1662
3967 3307 1662
3967 3693 1662
2786 2826 12179
2786 4174 12179
2826 2786 12179
2826 4214 12179
4174 2786 12179
4174 4214 12179
4214 2826 12179
4214 4174 12179
3163 3347 38493
3163 3653 38493
3347 3163 38493
3347 3837 38493
3653 3163 38493
3653 3837 38493
3837 3347 38493
3837 3653 38493
973 3284 65719
973 3716 65719
3284 973 65719
3284 6027 65719
3716 973 65719
3716 6027 65719
6027 3284 65719
6027 3716 65719
2799 3152 45221
2799 3848 45221
3152 2799 45221
3152 4201 45221
3848 2799 45221
3848 4201 45221
4201 3152 45221
4201 3848 45221
2314 3412 32977
2314 3588 32977
3412 2314 32977
3412 4686 32977
3588 2314 32977
3588 4686 32977
4686 3412 32977
4686 3588 32977
2124 2483 42004
2124 4517 42004
2483 2124 42004
2483 4876 42004
4517 2124 42004
4517 4876 42004
4876 2483 42004
4876 4517 42004
2801 3422 95515
2801 3578 95515
3422 2801 95515
3422 4199 95515
3578 2801 95515
3578 4199 95515
4199 3422 95515
4199 3578 95515
980 1660 2
980 5340 2
1660 980 2
1660 6020 2
5340 980 2
5340 6020 2
6020 1660 2
6020 5340 2
982 2373 59944
982 4627 59944
2373 982 59944
2373 6018 59944
4627 982 59944
4627 6018 59944
6018 2373 59944
6018 4627 59944
865 1501 2
865 5499 2
1501 865 2
1501 6135 2
5499 865 2
5499 6135 2
6135 1501 2
6135 5499 2
2623 3346 54332
2623 3654 54332
3346 2623 54332
3346 4377 54332
3654 2623 54332
3654 4377 54332
4377 3346 54332
4377 3654 54332
910 2217 129710
910 4783 129710
2217 910 129710
2217 6090 129710
4783 910 129710
4783 6090 129710
6090 2217 129710
6090 4783 129710
923 3460 69073
923 3540 69073
3460 923 69073
3460 6077 69073
3540 923 69073
3540 6077 69073
6077 3460 69073
6077 3540 69073
1990 2927 2
1990 4073 2
2927 1990 2
2927 5010 2
4073 1990 2
4073 5010 2
5010 2927 2
5010 4073 2
1695 2189 29795
1695 4811 29795
2189 1695 29795
2189 5305 29795
4811 1695 29795
4811 5305 29795
5305 2189 29795
5305 4811 29795
2543 3425 68375
2543 3575 68375
3425 2543 68375
3425 4457 68375
3575 2543 68375
3575 4457 68375
4457 3425 68375
4457 3575 68375
878 3500 139789
3500 878 139789
3500 6122 139789
6122 3500 139789
2580 3340 21853
2580 3660 21853
3340 2580 21853
3340 4420 21853
3660 2580 21853
3660 4420 21853
4420 3340 21853
4420 3660 21853
868 2314 2
868 4686 2
2314 868 2
2314 6132 2
4686 868 2
4686 6132 2
6132 2314 2
6132 4686 2
2279 3450 104436
2279 3550 104436
3450 2279 104436
3450 4721 104436
3550 2279 104436
3550 4721 104436
4721 3450 104436
4721 3550 104436
766 3314 100291
766 3686 100291
3314 766 100291
3314 6234 100291
3686 766 100291
3686 6234 100291
6234 3314 100291
6234 3686 100291
861 1496 2
861 5504 2
1496 861 2
1496 6139 2
5504 861 2
5504 6139 2
6139 1496 2
6139 5504 2
2538 2720 153872
2538 4280 153872
2720 2538 153872
2720 4462 153872
4280 2538 153872
4280 4462 153872
4462 2720 153872
4462 4280 153872
870 3269 79249
870 3731 79249
3269 870 79249
3269 6130 79249
3731 870 79249
3731 6130 79249
6130 3269 79249
6130 3731 79249
917 2732 73758
917 4268 73758
2732 917 73758
2732 6083 73758
4268 917 73758
4268 6083 73758
6083 2732 73758
6083 4268 73758
2182 2605 39954
2182 4395 39954
2605 2182 39954
2605 4818 39954
4395 2182 39954
4395 4818 39954
4818 2605 39954
4818 4395 39954
1872 2525 241
1872 4475 241
2525 1872 241
2525 5128 241
4475 1872 241
4475 5128 241
5128 2525 241
5128 4475 241
2471 3272 2
2471 3728 2
3272 2471 2
3272 4529 2
3728 2471 2
3728 4529 2
4529 3272 2
4529 3728 2
3314 3500 90508
3500 3314 90508
3500 3686 90508
3686 3500 90508
3408 3488 2
3408 3512 2
3488 3408 2
3488 3592 2
3512 3408 2
3512 3592 2
3592 3488 2
3592 3512 2
849 2686 74897
849 4314 74897
2686 849 74897
2686 6151 74897
4314 849 74897
4314 6151 74897
6151 2686 74897
6151 4314 74897
1853 2481 547907
1853 4519 547907
2481 1853 547907
2481 5147 547907
4519 1853 547907
4519 5147 547907
5147 2481 547907
5147 4519 547907
954 2448 56314
954 4552 56314
2448 954 56314
2448 6046 56314
4552 954 56314
4552 6046 56314
6046 2448 56314
6046 4552 56314
2690 3479 49831
2690 3521 49831
3479 2690 49831
3479 4310 49831
3521 2690 49831
3521 4310 49831
4310 3479 49831
4310 3521 49831
2239 3393 2
2239 3607 2
3393 2239 2
3393 4761 2
3607 2239 2
3607 4761 2
4761 3393 2
4761 3607 2
896 1520 132584
896 5480 132584
1520 896 132584
1520 6104 132584
5480 896 132584
5480 6104 132584
6104 1520 132584
6104 5480 132584
2687 3333 56053
2687 3667 56053
3333 2687 56053
3333 4313 56053
3667 2687 56053
3667 4313 56053
4313 3333 56053
4313 3667 56053
854 3469 44383
854 3531 44383
3469 854 44383
3469 6146 44383
3531 854 44383
3531 6146 44383
6146 3469 44383
6146 3531 44383
845 2580 8307
845 4420 8307
2580 845 8307
2580 6155 8307
4420 845 8307
4420 6155 8307
6155 2580 8307
6155 4420 8307
2493 2862 70719
2493 4138 70719
2862 2493 70719
2862 4507 70719
4138 2493 70719
4138 4507 70719
4507 2862 70719
4507 4138 70719
877 1654 129121
877 5346 129121
1654 877 129121
1654 6123 129121
5346 877 129121
5346 6123 129121
6123 1654 129121
6123 5346 129121
760 2349 92582
760 4651 92582
2349 760 92582
2349 6240 92582
4651 760 92582
4651 6240 92582
6240 2349 92582
6240 4651 92582
2260 2487 26172
2260 4513 26172
2487 2260 26172
2487 4740 26172
4513 2260 26172
4513 4740 26172
4740 2487 26172
4740 4513 26172
871 2414 130092
871 4586 130092
2414 871 130092
2414 6129 130092
4586 871 130092
4586 6129 130092
6129 2414 130092
6129 4586 130092
3389 3411 2
3389 3589 2
3411 3389 2
3411 3611 2
3589 3389 2
3589 3611 2
3611 3411 2
3611 3589 2
995 2114 2
995 4886 2
2114 995 2
2114 6005 2
4886 995 2
4886 6005 2
6005 2114 2
6005 4886 2
2530 2789 65510
2530 4211 65510
2789 2530 65510
2789 4470 65510
4211 2530 65510
4211 4470 65510
4470 2789 65510
4470 4211 65510
1831 3445 2
1831 3555 2
3445 1831 2
3445 5169 2
3555 1831 2
3555 5169 2
5169 3445 2
5169 3555 2
2379 3349 2
2379 3651 2
3349 2379 2
3349 4621 2
3651 2379 2
3651 4621 2
4621 3349 2
4621 3651 2
1835 2526 462751
1835 4474 462751
2526 1835 462751
2526 5165 462751
4474 1835 462751
4474 5165 462751
5165 2526 462751
5165 4474 462751
3296 3463 2
3296 3537 2
3463 3296 2
3463 3704 2
3537 3296 2
3537 3704 2
3704 3463 2
3704 3537 2
2070 2557 12768
2070 4443 12768
2557 2070 12768
2557 4930 12768
4443 2070 12768
4443 4930 12768
4930 2557 12768
4930 4443 12768
891 1603 2
891 5397 2
1603 891 2
1603 6109 2
5397 891 2
5397 6109 2
6109 1603 2
6109 5397 2
889 1602 2
889 5398 2
1602 889 2
1602 6111 2
5398 889 2
5398 6111 2
6111 1602 2
6111 5398 2
1591 3202 3188
1591 3798 3188
3202 1591 3188
3202 5409 3188
3798 1591 3188
3798 5409 3188
5409 3202 3188
5409 3798 3188
1769 3371 48947
1769 3629 48947
3371 1769 48947
3371 5231 48947
3629 1769 48947
3629 5231 48947
5231 3371 48947
5231 3629 48947
1746 3343 113245
1746 3657 113245
3343 1746 113245
3343 5254 113245
3657 1746 113245
3657 5254 113245
5254 3343 113245
5254 3657 113245
2529 2724 168090
2529 4276 168090
2724 2529 168090
2724 4471 168090
4276 2529 168090
4276 4471 168090
4471 2724 168090
4471 4276 168090
1690 2276 89451
1690 4724 89451
2276 1690 89451
2276 5310 89451
4724 1690 89451
4724 5310 89451
5310 2276 89451
5310 4724 89451
976 1693 3585
976 5307 3585
1693 976 3585
1693 6024 3585
5307 976 3585
5307 6024 3585
6024 1693 3585
6024 5307 3585
842 3393 52826
842 3607 52826
3393 842 52826
3393 6158 52826
3607 842 52826
3607 6158 52826
6158 3393 52826
6158 3607 52826
2390 3458 6485
2390 3542 6485
3458 2390 6485
3458 4610 6485
3542 2390 6485
3542 4610 6485
4610 3458 6485
4610 3542 6485
3413 3490 2
3413 3510 2
3490 3413 2
3490 3587 2
3510 3413 2
3510 3587 2
3587 3490 2
3587 3510 2
2633 3111 30675
2633 3889 30675
3111 2633 30675
3111 4367 30675
3889 2633 30675
3889 4367 30675
4367 3111 30675
4367 3889 30675
1829 3442 90782
1829 3558 90782
3442 1829 90782
3442 5171 90782
3558 1829 90782
3558 5171 90782
5171 3442 90782
5171 3558 90782
3342 3367 2
3342 3633 2
3367 3342 2
3367 3658 2
3633 3342 2
3633 3658 2
3658 3367 2
3658 3633 2
2564 3500 2
3500 2564 2
3500 4436 2
4436 3500 2
1603 1793 62284
1603 5207 62284
1793 1603 62284
1793 5397 62284
5207 1603 62284
5207 5397 62284
5397 1793 62284
5397 5207 62284
838 3335 200346
838 3665 200346
3335 838 200346
3335 6162 200346
3665 838 200346
3665 6162 200346
6162 3335 200346
6162 3665 200346
949 2443 2145
949 4557 2145
2443 949 2145
2443 6051 2145
4557 949 2145
4557 6051 2145
6051 2443 2145
6051 4557 2145
898 2502 2
898 4498 2
2502 898 2
2502 6102 2
4498 898 2
4498 6102 2
6102 2502 2
6102 4498 2
2465 2645 2
2465 4355 2
2645 2465 2
2645 4535 2
4355 2465 2
4355 4535 2
4535 2645 2
4535 4355 2
910 2592 154479
910 4408 154479
2592 910 154479
2592 6090 154479
4408 910 154479
4408 6090 154479
6090 2592 154479
6090 4408 154479
930 1769 2
930 5231 2
1769 930 2
1769 6070 2
5231 930 2
5231 6070 2
6070 1769 2
6070 5231 2
1827 3439 2
1827 3561 2
3439 1827 2
3439 5173 2
3561 1827 2
3561 5173 2
5173 3439 2
5173 3561 2
2710 2828 48607
2710 4172 48607
2828 2710 48607
2828 4290 48607
4172 2710 48607
4172 4290 48607
4290 2828 48607
4290 4172 48607
2529 2790 33981
2529 4210 33981
2790 2529 33981
2790 4471 33981
4210 2529 33981
4210 4471 33981
4471 2790 33981
4471 4210 33981
3382 3440 158788
3382 3560 158788
3440 3382 158788
3440 3618 158788
3560 3382 158788
3560 3618 158788
3618 3440 158788
3618 3560 158788
2507 2747 69156
2507 4253 69156
2747 2507 69156
2747 4493 69156
4253 2507 69156
4253 4493 69156
4493 2747 69156
4493 4253 69156
1807 2410 637117
1807 4590 637117
2410 1807 637117
2410 5193 637117
4590 1807 637117
4590 5193 637117
5193 2410 637117
5193 4590 637117
3360 3470 2
3360 3530 2
3470 3360 2
3470 3640 2
3530 3360 2
3530 3640 2
3640 3470 2
3640 3530 2
1630 2697 273048
1630 4303 273048
2697 1630 273048
2697 5370 273048
4303 1630 273048
4303 5370 273048
5370 2697 273048
5370 4303 273048
997 2026 16310
997 4974 16310
2026 997 16310
2026 6003 16310
4974 997 16310
4974 6003 16310
6003 2026 16310
6003 4974 16310
1022 2999 180157
1022 4001 180157
2999 1022 180157
2999 5978 180157
4001 1022 180157
4001 5978 180157
5978 2999 180157
5978 4001 180157
1023 3005 5089
1023 3995 5089
3005 1023 5089
3005 5977 5089
3995 1023 5089
3995 5977 5089
5977 3005 5089
5977 3995 5089
999 2020 40021
999 4980 40021
2020 999 40021
2020 6001 40021
4980 999 40021
4980 6001 40021
6001 2020 40021
6001 4980 40021
2013 2999 113105
2013 4001 113105
2999 2013 113105
2999 4987 113105
4001 2013 113105
4001 4987 113105
4987 2999 113105
4987 4001 113105
1486 2928 49089
1486 4072 49089
2928 1486 49089
2928 5514 49089
4072 1486 49089
4072 5514 49089
5514 2928 49089
5514 4072 49089
1021 2990 2
1021 4010 2
2990 1021 2
2990 5979 2
4010 1021 2
4010 5979 2
5979 2990 2
5979 4010 2
1115 2992 59035
1115 4008 59035
2992 1115 59035
2992 5885 59035
4008 1115 59035
4008 5885 59035
5885 2992 59035
5885 4008 59035
1129 2988 106850
1129 4012 106850
2988 1129 106850
2988 5871 106850
4012 1129 106850
4012 5871 106850
5871 2988 106850
5871 4012 106850
1068 2446 5250
1068 4554 5250
2446 1068 5250
2446 5932 5250
4554 1068 5250
4554 5932 5250
5932 2446 5250
5932 4554 5250
1150 2984 19682
1150 4016 19682
2984 1150 19682
2984 5850 19682
4016 1150 19682
4016 5850 19682
5850 2984 19682
5850 4016 19682
1984 3007 73986
1984 3993 73986
3007 1984 73986
3007 5016 73986
3993 1984 73986
3993 5016 73986
5016 3007 73986
5016 3993 73986
1064 2474 2
1064 4526 2
2474 1064 2
2474 5936 2
4526 1064 2
4526 5936 2
5936 2474 2
5936 4526 2
1535 2932 27763
1535 4068 27763
2932 1535 27763
2932 5465 27763
4068 1535 27763
4068 5465 27763
5465 2932 27763
5465 4068 27763
1994 2038 33648
1994 4962 33648
2038 1994 33648
2038 5006 33648
4962 1994 33648
4962 5006 33648
5006 2038 33648
5006 4962 33648
1148 2968 93387
1148 4032 93387
2968 1148 93387
2968 5852 93387
4032 1148 93387
4032 5852 93387
5852 2968 93387
5852 4032 93387
1336 1761 215994
1336 5239 215994
1761 1336 215994
1761 5664 215994
5239 1336 215994
5239 5664 215994
5664 1761 215994
5664 5239 215994
1985 3094 119464
1985 3906 119464
3094 1985 119464
3094 5015 119464
3906 1985 119464
3906 5015 119464
5015 3094 119464
5015 3906 119464
2104 2988 2
2104 4012 2
2988 2104 2
2988 4896 2
4012 2104 2
4012 4896 2
4896 2988 2
4896 4012 2
1544 2933 37046
1544 4067 37046
2933 1544 37046
2933 5456 37046
4067 1544 37046
4067 5456 37046
5456 2933 37046
5456 4067 37046
2070 2689 23187
2070 4311 23187
2689 2070 23187
2689 4930 23187
4311 2070 23187
4311 4930 23187
4930 2689 23187
4930 4311 23187
1444 2922 146766
1444 4078 146766
2922 1444 146766
2922 5556 146766
4078 1444 146766
4078 5556 146766
5556 2922 146766
5556 4078 146766
1059 2439 29713
1059 4561 29713
2439 1059 29713
2439 5941 29713
4561 1059 29713
4561 5941 29713
5941 2439 29713
5941 4561 29713
2059 2526 92803
2059 4474 92803
2526 2059 92803
2526 4941 92803
4474 2059 92803
4474 4941 92803
4941 2526 92803
4941 4474 92803
1973 3018 49150
1973 3982 49150
3018 1973 49150
3018 5027 49150
3982 1973 49150
3982 5027 49150
5027 3018 49150
5027 3982 49150
2071 2696 1858
2071 4304 1858
2696 2071 1858
2696 4929 1858
4304 2071 1858
4304 4929 1858
4929 2696 1858
4929 4304 1858
1078 2484 124330
1078 4516 124330
2484 1078 124330
2484 5922 124330
4516 1078 124330
4516 5922 124330
5922 2484 124330
5922 4516 124330
1071 2449 13921
1071 4551 13921
2449 1071 13921
2449 5929 13921
4551 1071 13921
4551 5929 13921
5929 2449 13921
5929 4551 13921
1053 1999 53729
1053 5001 53729
1999 1053 53729
1999 5947 53729
5001 1053 53729
5001 5947 53729
5947 1999 53729
5947 5001 53729
1970 3019 25907
1970 3981 25907
3019 1970 25907
3019 5030 25907
3981 1970 25907
3981 5030 25907
5030 3019 25907
5030 3981 25907
1512 2907 77658
1512 4093 77658
2907 1512 77658
2907 5488 77658
4093 1512 77658
4093 5488 77658
5488 2907 77658
5488 4093 77658
1461 1888 267658
1461 5112 267658
1888 1461 267658
1888 5539 267658
5112 1461 267658
5112 5539 267658
5539 1888 267658
5539 5112 267658
1108 2482 25013
1108 4518 25013
2482 1108 25013
2482 5892 25013
4518 1108 25013
4518 5892 25013
5892 2482 25013
5892 4518 25013
1101 3434 19492
1101 3566 19492
3434 1101 19492
3434 5899 19492
3566 1101 19492
3566 5899 19492
5899 3434 19492
5899 3566 19492
1110 2484 3723
1110 4516 3723
2484 1110 3723
2484 5890 3723
4516 1110 3723
4516 5890 3723
5890 2484 3723
5890 4516 3723
1108 2480 2
1108 4520 2
2480 1108 2
2480 5892 2
4520 1108 2
4520 5892 2
5892 2480 2
5892 4520 2
1430 3059 16134
1430 3941 16134
3059 1430 16134
3059 5570 16134
3941 1430 16134
3941 5570 16134
5570 3059 16134
5570 3941 16134
2153 3366 163855
2153 3634 163855
3366 2153 163855
3366 4847 163855
3634 2153 163855
3634 4847 163855
4847 3366 163855
4847 3634 163855
2078 3295 26914
2078 3705 26914
3295 2078 26914
3295 4922 26914
3705 2078 26914
3705 4922 26914
4922 3295 26914
4922 3705 26914
922 3205 61547
922 3795 61547
3205 922 61547
3205 6078 61547
3795 922 61547
3795 6078 61547
6078 3205 61547
6078 3795 61547
1981 2955 101107
1981 4045 101107
2955 1981 101107
2955 5019 101107
4045 1981 101107
4045 5019 101107
5019 2955 101107
5019 4045 101107
2145 2993 26725
2145 4007 26725
2993 2145 26725
2993 4855 26725
4007 2145 26725
4007 4855 26725
4855 2993 26725
4855 4007 26725
995 3029 200742
995 3971 200742
3029 995 200742
3029 6005 200742
3971 995 200742
3971 6005 200742
6005 3029 200742
6005 3971 200742
1041 3019 38949
1041 3981 38949
3019 1041 38949
3019 5959 38949
3981 1041 38949
3981 5959 38949
5959 3019 38949
5959 3981 38949
2066 2734 16676
2066 4266 16676
2734 2066 16676
2734 4934 16676
4266 2066 16676
4266 4934 16676
4934 2734 16676
4934 4266 16676
1129 2549 11808
1129 4451 11808
2549 1129 11808
2549 5871 11808
4451 1129 11808
4451 5871 11808
5871 2549 11808
5871 4451 11808
1977 3094 18129
1977 3906 18129
3094 1977 18129
3094 5023 18129
3906 1977 18129
3906 5023 18129
5023 3094 18129
5023 3906 18129
1501 2927 27144
1501 4073 27144
2927 1501 27144
2927 5499 27144
4073 1501 27144
4073 5499 27144
5499 2927 27144
5499 4073 27144
1563 2173 125080
1563 4827 125080
2173 1563 125080
2173 5437 125080
4827 1563 125080
4827 5437 125080
5437 2173 125080
5437 4827 125080
2059 2532 11210
2059 4468 11210
2532 2059 11210
2532 4941 11210
4468 2059 11210
4468 4941 11210
4941 2532 11210
4941 4468 11210
1937 3477 62476
1937 3523 62476
3477 1937 62476
3477 5063 62476
3523 1937 62476
3523 5063 62476
5063 3477 62476
5063 3523 62476
2070 2609 45870
2070 4391 45870
2609 2070 45870
2609 4930 45870
4391 2070 45870
4391 4930 45870
4930 2609 45870
4930 4391 45870
1435 1907 146048
1435 5093 146048
1907 1435 146048
1907 5565 146048
5093 1435 146048
5093 5565 146048
5565 1907 146048
5565 5093 146048
1072 2520 42068
1072 4480 42068
2520 1072 42068
2520 5928 42068
4480 1072 42068
4480 5928 42068
5928 2520 42068
5928 4480 42068
1459 2901 2
1459 4099 2
2901 1459 2
2901 5541 2
4099 1459 2
4099 5541 2
5541 2901 2
5541 4099 2
996 3035 38675
996 3965 38675
3035 996 38675
3035 6004 38675
3965 996 38675
3965 6004 38675
6004 3035 38675
6004 3965 38675
1925 3489 54893
1925 3511 54893
3489 1925 54893
3489 5075 54893
3511 1925 54893
3511 5075 54893
5075 3489 54893
5075 3511 54893
1973 3246 131141
1973 3754 131141
3246 1973 131141
3246 5027 131141
3754 1973 131141
3754 5027 131141
5027 3246 131141
5027 3754 131141
907 2234 208884
907 4766 208884
2234 907 208884
2234 6093 208884
4766 907 208884
4766 6093 208884
6093 2234 208884
6093 4766 208884
1926 2850 3493
1926 4150 3493
2850 1926 3493
2850 5074 3493
4150 1926 3493
4150 5074 3493
5074 2850 3493
5074 4150 3493
2071 2700 30203
2071 4300 30203
2700 2071 30203
2700 4929 30203
4300 2071 30203
4300 4929 30203
4929 2700 30203
4929 4300 30203
2906 2980 46423
2906 4020 46423
2980 2906 46423
2980 4094 46423
4020 2906 46423
4020 4094 46423
4094 2980 46423
4094 4020 46423
1069 3485 26713
1069 3515 26713
3485 1069 26713
3485 5931 26713
3515 1069 26713
3515 5931 26713
5931 3485 26713
5931 3515 26713
1373 3049 130505
1373 3951 130505
3049 1373 130505
3049 5627 130505
3951 1373 130505
3951 5627 130505
5627 3049 130505
5627 3951 130505
1524 2909 48734
1524 4091 48734
2909 1524 48734
2909 5476 48734
4091 1524 48734
4091 5476 48734
5476 2909 48734
5476 4091 48734
1009 3190 2
1009 3810 2
3190 1009 2
3190 5991 2
3810 1009 2
3810 5991 2
5991 3190 2
5991 3810 2
2068 2670 60440
2068 4330 60440
2670 2068 60440
2670 4932 60440
4330 2068 60440
4330 4932 60440
4932 2670 60440
4932 4330 60440
1961 3497 9036
1961 3503 9036
3497 1961 9036
3497 5039 9036
3503 1961 9036
3503 5039 9036
5039 3497 9036
5039 3503 9036
1448 3060 44069
1448 3940 44069
3060 1448 44069
3060 5552 44069
3940 1448 44069
3940 5552 44069
5552 3060 44069
5552 3940 44069
2112 2482 53463
2112 4518 53463
2482 2112 53463
2482 4888 53463
4518 2112 53463
4518 4888 53463
4888 2482 53463
4888 4518 53463
1493 2079 38408
1493 4921 38408
2079 1493 38408
2079 5507 38408
4921 1493 38408
4921 5507 38408
5507 2079 38408
5507 4921 38408
1117 3481 98271
1117 3519 98271
3481 1117 98271
3481 5883 98271
3519 1117 98271
3519 5883 98271
5883 3481 98271
5883 3519 98271
1960 3020 61098
1960 3980 61098
3020 1960 61098
3020 5040 61098
3980 1960 61098
3980 5040 61098
5040 3020 61098
5040 3980 61098
2111 2477 47275
2111 4523 47275
2477 2111 47275
2477 4889 47275
4523 2111 47275
4523 4889 47275
4889 2477 47275
4889 4523 47275
2928 2977 97628
2928 4023 97628
2977 2928 97628
2977 4072 97628
4023 2928 97628
4023 4072 97628
4072 2977 97628
4072 4023 97628
1495 2909 130705
1495 4091 130705
2909 1495 130705
2909 5505 130705
4091 1495 130705
4091 5505 130705
5505 2909 130705
5505 4091 130705
1609 2151 12362
1609 4849 12362
2151 1609 12362
2151 5391 12362
4849 1609 12362
4849 5391 12362
5391 2151 12362
5391 4849 12362
1610 2151 5074
1610 4849 5074
2151 1610 5074
2151 5390 5074
4849 1610 5074
4849 5390 5074
5390 2151 5074
5390 4849 5074
1923 3466 59748
1923 3534 59748
3466 1923 59748
3466 5077 59748
3534 1923 59748
3534 5077 59748
5077 3466 59748
5077 3534 59748
1396 3042 86862
1396 3958 86862
3042 1396 86862
3042 5604 86862
3958 1396 86862
3958 5604 86862
5604 3042 86862
5604 3958 86862
2787 3500 36154
3500 2787 36154
3500 4213 36154
4213 3500 36154
2163 2990 87531
2163 4010 87531
2990 2163 87531
2990 4837 87531
4010 2163 87531
4010 4837 87531
4837 2990 87531
4837 4010 87531
1084 2448 59726
1084 4552 59726
2448 1084 59726
2448 5916 59726
4552 1084 59726
4552 5916 59726
5916 2448 59726
5916 4552 59726
1603 2143 34851
1603 4857 34851
2143 1603 34851
2143 5397 34851
4857 1603 34851
4857 5397 34851
5397 2143 34851
5397 4857 34851
1075 3475 62179
1075 3525 62179
3475 1075 62179
3475 5925 62179
3525 1075 62179
3525 5925 62179
5925 3475 62179
5925 3525 62179
2510 2922 155024
2510 4078 155024
2922 2510 155024
2922 4490 155024
4078 2510 155024
4078 4490 155024
4490 2922 155024
4490 4078 155024
1987 2991 20794
1987 4009 20794
2991 1987 20794
2991 5013 20794
4009 1987 20794
4009 5013 20794
5013 2991 20794
5013 4009 20794
1060 3479 55245
1060 3521 55245
3479 1060 55245
3479 5940 55245
3521 1060 55245
3521 5940 55245
5940 3479 55245
5940 3521 55245
1990 2245 61806
1990 4755 61806
2245 1990 61806
2245 5010 61806
4755 1990 61806
4755 5010 61806
5010 2245 61806
5010 4755 61806
2400 2408 2
2400 4592 2
2408 2400 2
2408 4600 2
4592 2400 2
4592 4600 2
4600 2408 2
4600 4592 2
1531 3117 195757
1531 3883 195757
3117 1531 195757
3117 5469 195757
3883 1531 195757
3883 5469 195757
5469 3117 195757
5469 3883 195757
2310 3487 111803
2310 3513 111803
3487 2310 111803
3487 4690 111803
3513 2310 111803
3513 4690 111803
4690 3487 111803
4690 3513 111803
1907 2552 28757
1907 4448 28757
2552 1907 28757
2552 5093 28757
4448 1907 28757
4448 5093 28757
5093 2552 28757
5093 4448 28757
979 3059 163286
979 3941 163286
3059 979 163286
3059 6021 163286
3941 979 163286
3941 6021 163286
6021 3059 163286
6021 3941 163286
1995 2959 43021
1995 4041 43021
2959 1995 43021
2959 5005 43021
4041 1995 43021
4041 5005 43021
5005 2959 43021
5005 4041 43021
2161 3380 103330
2161 3620 103330
3380 2161 103330
3380 4839 103330
3620 2161 103330
3620 4839 103330
4839 3380 103330
4839 3620 103330
1961 3191 143603
1961 3809 143603
3191 1961 143603
3191 5039 143603
3809 1961 143603
3809 5039 143603
5039 3191 143603
5039 3809 143603
1600 2148 21291
1600 4852 21291
2148 1600 21291
2148 5400 21291
4852 1600 21291
4852 5400 21291
5400 2148 21291
5400 4852 21291
991 2202 2
991 4798 2
2202 991 2
2202 6009 2
4798 991 2
4798 6009 2
6009 2202 2
6009 4798 2
1010 3203 3989
1010 3797 3989
3203 1010 3989
3203 5990 3989
3797 1010 3989
3797 5990 3989
5990 3203 3989
5990 3797 3989
1804 2118 57590
1804 4882 57590
2118 1804 57590
2118 5196 57590
4882 1804 57590
4882 5196 57590
5196 2118 57590
5196 4882 57590
1560 2950 2
1560 4050 2
2950 1560 2
2950 5440 2
4050 1560 2
4050 5440 2
5440 2950 2
5440 4050 2
3124 3279 2
3124 3721 2
3279 3124 2
3279 3876 2
3721 3124 2
3721 3876 2
3876 3279 2
3876 3721 2
2323 2431 131088
2323 4569 131088
2431 2323 131088
2431 4677 131088
4569 2323 131088
4569 4677 131088
4677 2431 131088
4677 4569 131088
3090 3291 10719
3090 3709 10719
3291 3090 10719
3291 3910 10719
3709 3090 10719
3709 3910 10719
3910 3291 10719
3910 3709 10719
2316 2427 70671
2316 4573 70671
2427 2316 70671
2427 4684 70671
4573 2316 70671
4573 4684 70671
4684 2427 70671
4684 4573 70671
1958 2201 140258
1958 4799 140258
2201 1958 140258
2201 5042 140258
4799 1958 140258
4799 5042 140258
5042 2201 140258
5042 4799 140258
2012 2185 18060
2012 4815 18060
2185 2012 18060
2185 4988 18060
4815 2012 18060
4815 4988 18060
4988 2185 18060
4988 4815 18060
1547 2163 100950
1547 4837 100950
2163 1547 100950
2163 5453 100950
4837 1547 100950
4837 5453 100950
5453 2163 100950
5453 4837 100950
856 2771 106599
856 4229 106599
2771 856 106599
2771 6144 106599
4229 856 106599
4229 6144 106599
6144 2771 106599
6144 4229 106599
957 2925 75400
957 4075 75400
2925 957 75400
2925 6043 75400
4075 957 75400
4075 6043 75400
6043 2925 75400
6043 4075 75400
2029 2333 3747
2029 4667 3747
2333 2029 3747
2333 4971 3747
4667 2029 3747
4667 4971 3747
4971 2333 3747
4971 4667 3747
1683 3160 63033
1683 3840 63033
3160 1683 63033
3160 5317 63033
3840 1683 63033
3840 5317 63033
5317 3160 63033
5317 3840 63033
1486 3126 97699
1486 3874 97699
3126 1486 97699
3126 5514 97699
3874 1486 97699
3874 5514 97699
5514 3126 97699
5514 3874 97699
1980 2490 23520
1980 4510 23520
2490 1980 23520
2490 5020 23520
4510 1980 23520
4510 5020 23520
5020 2490 23520
5020 4510 23520
3912
1000 100 1000 120 2
1000 6880 1000 6900 2
6000 100 6000 120 2
6000 6880 6000 6900 2
100 1000 120 1000 2
6880 1000 6900 1000 2
100 6000 120 6000 2
6880 6000 6900 6000 2
1000 120 1000 140 2
1000 6860 1000 6880 2
6000 120 6000 140 2
6000 6860 6000 6880 2
120 1000 140 1000 2
6860 1000 6880 1000 2
120 6000 140 6000 2
6860 6000 6880 6000 2
1000 140 1000 160 2
1000 6840 1000 6860 2
6000 140 6000 160 2
6000 6840 6000 6860 2
140 1000 160 1000 2
6840 1000 6860 1000 2
140 6000 160 6000 2
6840 6000 6860 6000 2
1000 160 1000 180 2
1000 6820 1000 6840 2
6000 160 6000 180 2
6000 6820 6000 6840 2
160 1000 180 1000 2
6820 1000 6840 1000 2
160 6000 180 6000 2
6820 6000 6840 6000 2
1000 180 1000 200 37618
1000 6800 1000 6820 37618
6000 180 6000 200 37618
6000 6800 6000 6820 37618
180 1000 200 1000 37618
6800 1000 6820 1000 37618
180 6000 200 6000 37618
6800 6000 6820 6000 37618
1000 200 1000 220 33030
1000 6780 1000 6800 33030
6000 200 6000 220 33030
6000 6780 6000 6800 33030
200 1000 220 1000 33030
6780 1000 6800 1000 33030
200 6000 220 6000 33030
6780 6000 6800 6000 33030
1000 220 1000 240 2
1000 6760 1000 6780 2
6000 220 6000 240 2
6000 6760 6000 6780 2
220 1000 240 1000 2
6760 1000 6780 1000 2
220 6000 240 6000 2
6760 6000 6780 6000 2
1000 240 1000 260 20328
1000 6740 1000 6760 20328
6000 240 6000 260 20328
6000 6740 6000 6760 20328
240 1000 260 1000 20328
6740 1000 6760 1000 20328
240 6000 260 6000 20328
6740 6000 6760 6000 20328
1000 260 1000 280 163881
1000 6720 1000 6740 163881
6000 260 6000 280 163881
6000 6720 6000 6740 163881
260 1000 280 1000 163881
6720 1000 6740 1000 163881
260 6000 280 6000 163881
6720 6000 6740 6000 163881
1000 280 1000 300 162559
1000 6700 1000 6720 162559
6000 280 6000 300 162559
6000 6700 6000 6720 162559
280 1000 300 1000 162559
6700 1000 6720 1000 162559
280 6000 300 6000 162559
6700 6000 6720 6000 162559
1000 300 1000 320 2
1000 6680 1000 6700 2
6000 300 6000 320 2
6000 6680 6000 6700 2
300 1000 320 1000 2
6680 1000 6700 1000 2
300 6000 320 6000 2
6680 6000 6700 6000 2
1000 320 1000 340 235927
1000 6660 1000 6680 235927
6000 320 6000 340 235927
6000 6660 6000 6680 235927
320 1000 340 1000 235927
6660 1000 6680 1000 235927
320 6000 340 6000 235927
6660 6000 6680 6000 235927
1000 340 1000 360 115744
1000 6640 1000 6660 115744
6000 340 6000 360 115744
6000 6640 6000 6660 115744
340 1000 360 1000 115744
6640 1000 6660 1000 115744
340 6000 360 6000 115744
6640 6000 6660 6000 115744
1000 360 1000 380 91088
1000 6620 1000 6640 91088
6000 360 6000 380 91088
6000 6620 6000 6640 91088
360 1000 380 1000 91088
6620 1000 6640 1000 91088
360 6000 380 6000 91088
6620 6000 6640 6000 91088
1000 380 1000 400 42015
1000 6600 1000 6620 42015
6000 380 6000 400 42015
6000 6600 6000 6620 42015
380 1000 400 1000 42015
6600 1000 6620 1000 42015
380 6000 400 6000 42015
6600 6000 6620 6000 42015
1000 400 1000 420 8
1000 6580 1000 6600 8
6000 400 6000 420 8
6000 6580 6000 6600 8
400 1000 420 1000 8
6580 1000 6600 1000 8
400 6000 420 6000 8
6580 6000 6600 6000 8
1000 420 1000 440 5
1000 6560 1000 6580 5
6000 420 6000 440 5
6000 6560 6000 6580 5
420 1000 440 1000 5
6560 1000 6580 1000 5
420 6000 440 6000 5
6560 6000 6580 6000 5
1000 440 1000 460 5
1000 6540 1000 6560 5
6000 440 6000 460 5
6000 6540 6000 6560 5
440 1000 460 1000 5
6540 1000 6560 1000 5
440 6000 460 6000 5
6540 6000 6560 6000 5
1000 460 1000 480 429029
1000 6520 1000 6540 429029
6000 460 6000 480 429029
6000 6520 6000 6540 429029
460 1000 480 1000 429029
6520 1000 6540 1000 429029
460 6000 480 6000 429029
6520 6000 6540 6000 429029
1000 480 1000 500 53280
1000 6500 1000 6520 53280
6000 480 6000 500 53280
6000 6500 6000 6520 53280
480 1000 500 1000 53280
6500 1000 6520 1000 53280
480 6000 500 6000 53280
6500 6000 6520 6000 53280
1000 500 1000 520 1031601
1000 6480 1000 6500 1031601
6000 500 6000 520 1031601
6000 6480 6000 6500 1031601
500 1000 520 1000 1031601
6480 1000 6500 1000 1031601
500 6000 520 6000 1031601
6480 6000 6500 6000 1031601
1000 520 1000 540 845036
1000 6460 1000 6480 845036
6000 520 6000 540 845036
6000 6460 6000 6480 845036
520 1000 540 1000 845036
6460 1000 6480 1000 845036
520 6000 540 6000 845036
6460 6000 6480 6000 845036
1000 540 1000 560 1767721
1000 6440 1000 6460 1767721
6000 540 6000 560 1767721
6000 6440 6000 6460 1767721
540 1000 560 1000 1767721
6440 1000 6460 1000 1767721
540 6000 560 6000 1767721
6440 6000 6460 6000 1767721
1000 560 1000 580 491757
1000 6420 1000 6440 491757
6000 560 6000 580 491757
6000 6420 6000 6440 491757
560 1000 580 1000 491757
6420 1000 6440 1000 491757
560 6000 580 6000 491757
6420 6000 6440 6000 491757
1000 580 1000 600 1176100
1000 6400 1000 6420 1176100
6000 580 6000 600 1176100
6000 6400 6000 6420 1176100
580 1000 600 1000 1176100
6400 1000 6420 1000 1176100
580 6000 600 6000 1176100
6400 6000 6420 6000 1176100
1000 600 1000 620 1347900
1000 6380 1000 6400 1347900
6000 600 6000 620 1347900
6000 6380 6000 6400 1347900
600 1000 620 1000 1347900
6380 1000 6400 1000 1347900
600 6000 620 6000 1347900
6380 6000 6400 6000 1347900
1000 620 1000 640 474778
1000 6360 1000 6380 474778
6000 620 6000 640 474778
6000 6360 6000 6380 474778
620 1000 640 1000 474778
6360 1000 6380 1000 474778
620 6000 640 6000 474778
6360 6000 6380 6000 474778
1000 640 1000 660 2084531
1000 6340 1000 6360 2084531
6000 640 6000 660 2084531
6000 6340 6000 6360 2084531
640 1000 660 1000 2084531
6340 1000 6360 1000 2084531
640 6000 660 6000 2084531
6340 6000 6360 6000 2084531
1000 660 1000 680 616859
1000 6320 1000 6340 616859
6000 660 6000 680 616859
6000 6320 6000 6340 616859
660 1000 680 1000 616859
6320 1000 6340 1000 616859
660 6000 680 6000 616859
6320 6000 6340 6000 616859
1000 680 1000 700 1560284
1000 6300 1000 6320 1560284
6000 680 6000 700 1560284
6000 6300 6000 6320 1560284
680 1000 700 1000 1560284
6300 1000 6320 1000 1560284
680 6000 700 6000 1560284
6300 6000 6320 6000 1560284
1000 700 1000 720 1563079
1000 6280 1000 6300 1563079
6000 700 6000 720 1563079
6000 6280 6000 6300 1563079
700 1000 720 1000 1563079
6280 1000 6300 1000 1563079
700 6000 720 6000 1563079
6280 6000 6300 6000 1563079
1000 720 1000 740 1793830
1000 6260 1000 6280 1793830
6000 720 6000 740 1793830
6000 6260 6000 6280 1793830
720 1000 740 1000 1793830
6260 1000 6280 1000 1793830
720 6000 740 6000 1793830
6260 6000 6280 6000 1793830
1000 740 1000 760 2212744
1000 6240 1000 6260 2212744
6000 740 6000 760 2212744
6000 6240 6000 6260 2212744
740 1000 760 1000 2212744
6240 1000 6260 1000 2212744
740 6000 760 6000 2212744
6240 6000 6260 6000 2212744
1000 760 1000 780 2490828
1000 6220 1000 6240 2490828
6000 760 6000 780 2490828
6000 6220 6000 6240 2490828
760 1000 780 1000 2490828
6220 1000 6240 1000 2490828
760 6000 780 6000 2490828
6220 6000 6240 6000 2490828
1000 780 1000 800 150274
1000 6200 1000 6220 150274
6000 780 6000 800 150274
6000 6200 6000 6220 150274
780 1000 800 1000 150274
6200 1000 6220 1000 150274
780 6000 800 6000 150274
6200 6000 6220 6000 150274
1000 800 1000 820 3582603
1000 6180 1000 6200 3582603
6000 800 6000 820 3582603
6000 6180 6000 6200 3582603
800 1000 820 1000 3582603
6180 1000 6200 1000 3582603
800 6000 820 6000 3582603
6180 6000 6200 6000 3582603
1000 820 1000 840 540722
1000 6160 1000 6180 540722
6000 820 6000 840 540722
6000 6160 6000 6180 540722
820 1000 840 1000 540722
6160 1000 6180 1000 540722
820 6000 840 6000 540722
6160 6000 6180 6000 540722
1000 840 1000 860 3177855
1000 6140 1000 6160 3177855
6000 840 6000 860 3177855
6000 6140 6000 6160 3177855
840 1000 860 1000 3177855
6140 1000 6160 1000 3177855
840 6000 860 6000 3177855
6140 6000 6160 6000 3177855
1000 860 1000 880 936148
1000 6120 1000 6140 936148
6000 860 6000 880 936148
6000 6120 6000 6140 936148
860 1000 880 1000 936148
6120 1000 6140 1000 936148
860 6000 880 6000 936148
6120 6000 6140 6000 936148
1000 880 1000 900 4535546
1000 6100 1000 6120 4535546
6000 880 6000 900 4535546
6000 6100 6000 6120 4535546
880 1000 900 1000 4535546
6100 1000 6120 1000 4535546
880 6000 900 6000 4535546
6100 6000 6120 6000 4535546
1000 900 1000 920 2092849
1000 6080 1000 6100 2092849
6000 900 6000 920 2092849
6000 6080 6000 6100 2092849
900 1000 920 1000 2092849
6080 1000 6100 1000 2092849
900 6000 920 6000 2092849
6080 6000 6100 6000 2092849
1000 920 1000 940 1056989
1000 6060 1000 6080 1056989
6000 920 6000 940 1056989
6000 6060 6000 6080 1056989
920 1000 940 1000 1056989
6060 1000 6080 1000 1056989
920 6000 940 6000 1056989
6060 6000 6080 6000 1056989
1000 940 1000 960 4172581
1000 6040 1000 6060 4172581
6000 940 6000 960 4172581
6000 6040 6000 6060 4172581
940 1000 960 1000 4172581
6040 1000 6060 1000 4172581
940 6000 960 6000 4172581
6040 6000 6060 6000 4172581
1000 960 1000 980 417384
1000 6020 1000 6040 417384
6000 960 6000 980 417384
6000 6020 6000 6040 417384
960 1000 980 1000 417384
6020 1000 6040 1000 417384
960 6000 980 6000 417384
6020 6000 6040 6000 417384
1000 980 1000 1000 9620524
1000 6000 1000 6020 9620524
6000 980 6000 1000 9620524
6000 6000 6000 6020 9620524
980 1000 1000 1000 9620524
6000 1000 6020 1000 9620524
980 6000 1000 6000 9620524
6000 6000 6020 6000 9620524
1000 1000 1000 1020 2
1000 5980 1000 6000 2
6000 1000 6000 1020 2
6000 5980 6000 6000 2
1000 1000 1020 1000 2
5980 1000 6000 1000 2
1000 6000 1020 6000 2
5980 6000 6000 6000 2
1000 1020 1000 1040 74547
1000 5960 1000 5980 74547
6000 1020 6000 1040 74547
6000 5960 6000 5980 74547
1020 1000 1040 1000 74547
5960 1000 5980 1000 74547
1020 6000 1040 6000 74547
5960 6000 5980 6000 74547
1000 1040 1000 1060 150628
1000 5940 1000 5960 150628
6000 1040 6000 1060 150628
6000 5940 6000 5960 150628
1040 1000 1060 1000 150628
5940 1000 5960 1000 150628
1040 6000 1060 6000 150628
5940 6000 5960 6000 150628
1000 1060 1000 1080 165506
1000 5920 1000 5940 165506
6000 1060 6000 1080 165506
6000 5920 6000 5940 165506
1060 1000 1080 1000 165506
5920 1000 5940 1000 165506
1060 6000 1080 6000 165506
5920 6000 5940 6000 165506
1000 1080 1000 1100 220971
1000 5900 1000 5920 220971
6000 1080 6000 1100 220971
6000 5900 6000 5920 220971
1080 1000 1100 1000 220971
5900 1000 5920 1000 220971
1080 6000 1100 6000 220971
5900 6000 5920 6000 220971
1000 1100 1000 1120 280352
1000 5880 1000 5900 280352
6000 1100 6000 1120 280352
6000 5880 6000 5900 280352
1100 1000 1120 1000 280352
5880 1000 5900 1000 280352
1100 6000 1120 6000 280352
5880 6000 5900 6000 280352
1000 1120 1000 1140 320436
1000 5860 1000 5880 320436
6000 1120 6000 1140 320436
6000 5860 6000 5880 320436
1120 1000 1140 1000 320436
5860 1000 5880 1000 320436
1120 6000 1140 6000 320436
5860 6000 5880 6000 320436
1000 1140 1000 1160 248964
1000 5840 1000 5860 248964
6000 1140 6000 1160 248964
6000 5840 6000 5860 248964
1140 1000 1160 1000 248964
5840 1000 5860 1000 248964
1140 6000 1160 6000 248964
5840 6000 5860 6000 248964
1000 1160 1000 1180 426266
1000 5820 1000 5840 426266
6000 1160 6000 1180 426266
6000 5820 6000 5840 426266
1160 1000 1180 1000 426266
5820 1000 5840 1000 426266
1160 6000 1180 6000 426266
5820 6000 5840 6000 426266
1000 1180 1000 1200 312456
1000 5800 1000 5820 312456
6000 1180 6000 1200 312456
6000 5800 6000 5820 312456
1180 1000 1200 1000 312456
5800 1000 5820 1000 312456
1180 6000 1200 6000 312456
5800 6000 5820 6000 312456
1000 1200 1000 1220 541059
1000 5780 1000 5800 541059
6000 1200 6000 1220 541059
6000 5780 6000 5800 541059
1200 1000 1220 1000 541059
5780 1000 5800 1000 541059
1200 6000 1220 6000 541059
5780 6000 5800 6000 541059
1000 1220 1000 1240 772856
1000 5760 1000 5780 772856
6000 1220 6000 1240 772856
6000 5760 6000 5780 772856
1220 1000 1240 1000 772856
5760 1000 5780 1000 772856
1220 6000 1240 6000 772856
5760 6000 5780 6000 772856
1000 1240 1000 1260 718879
1000 5740 1000 5760 718879
6000 1240 6000 1260 718879
6000 5740 6000 5760 718879
1240 1000 1260 1000 718879
5740 1000 5760 1000 718879
1240 6000 1260 6000 718879
5740 6000 5760 6000 718879
1000 1260 1000 1280 730940
1000 5720 1000 5740 730940
6000 1260 6000 1280 730940
6000 5720 6000 5740 730940
1260 1000 1280 1000 730940
5720 1000 5740 1000 730940
1260 6000 1280 6000 730940
5720 6000 5740 6000 730940
1000 1280 1000 1300 987277
1000 5700 1000 5720 987277
6000 1280 6000 1300 987277
6000 5700 6000 5720 987277
1280 1000 1300 1000 987277
5700 1000 5720 1000 987277
1280 6000 1300 6000 987277
5700 6000 5720 6000 987277
1000 1300 1000 1320 1472676
1000 5680 1000 5700 1472676
6000 1300 6000 1320 1472676
6000 5680 6000 5700 1472676
1300 1000 1320 1000 1472676
5680 1000 5700 1000 1472676
1300 6000 1320 6000 1472676
5680 6000 5700 6000 1472676
1000 1320 1000 1340 1228503
1000 5660 1000 5680 1228503
6000 1320 6000 1340 1228503
6000 5660 6000 5680 1228503
1320 1000 1340 1000 1228503
5660 1000 5680 1000 1228503
1320 6000 1340 6000 1228503
5660 6000 5680 6000 1228503
1000 1340 1000 1360 1113530
1000 5640 1000 5660 1113530
6000 1340 6000 1360 1113530
6000 5640 6000 5660 1113530
1340 1000 1360 1000 1113530
5640 1000 5660 1000 1113530
1340 6000 1360 6000 1113530
5640 6000 5660 6000 1113530
1000 1360 1000 1380 1234246
1000 5620 1000 5640 1234246
6000 1360 6000 1380 1234246
6000 5620 6000 5640 1234246
1360 1000 1380 1000 1234246
5620 1000 5640 1000 1234246
1360 6000 1380 6000 1234246
5620 6000 5640 6000 1234246
1000 1380 1000 1400 1287660
1000 5600 1000 5620 1287660
6000 1380 6000 1400 1287660
6000 5600 6000 5620 1287660
1380 1000 1400 1000 1287660
5600 1000 5620 1000 1287660
1380 6000 1400 6000 1287660
5600 6000 5620 6000 1287660
1000 1400 1000 1420 1220483
1000 5580 1000 5600 1220483
6000 1400 6000 1420 1220483
6000 5580 6000 5600 1220483
1400 1000 1420 1000 1220483
5580 1000 5600 1000 1220483
1400 6000 1420 6000 1220483
5580 6000 5600 6000 1220483
1000 1420 1000 1440 1307111
1000 5560 1000 5580 1307111
6000 1420 6000 1440 1307111
6000 5560 6000 5580 1307111
1420 1000 1440 1000 1307111
5560 1000 5580 1000 1307111
1420 6000 1440 6000 1307111
5560 6000 5580 6000 1307111
1000 1440 1000 1460 1181473
1000 5540 1000 5560 1181473
6000 1440 6000 1460 1181473
6000 5540 6000 5560 1181473
1440 1000 1460 1000 1181473
5540 1000 5560 1000 1181473
1440 6000 1460 6000 1181473
5540 6000 5560 6000 1181473
1000 1460 1000 1480 809941
1000 5520 1000 5540 809941
6000 1460 6000 1480 809941
6000 5520 6000 5540 809941
1460 1000 1480 1000 809941
5520 1000 5540 1000 809941
1460 6000 1480 6000 809941
5520 6000 5540 6000 809941
1000 1480 1000 1500 1180206
1000 5500 1000 5520 1180206
6000 1480 6000 1500 1180206
6000 5500 6000 5520 1180206
1480 1000 1500 1000 1180206
5500 1000 5520 1000 1180206
1480 6000 1500 6000 1180206
5500 6000 5520 6000 1180206
1000 1500 1000 1520 1011111
1000 5480 1000 5500 1011111
6000 1500 6000 1520 1011111
6000 5480 6000 5500 1011111
1500 1000 1520 1000 1011111
5480 1000 5500 1000 1011111
1500 6000 1520 6000 1011111
5480 6000 5500 6000 1011111
1000 1520 1000 1540 764304
1000 5460 1000 5480 764304
6000 1520 6000 1540 764304
6000 5460 6000 5480 764304
1520 1000 1540 1000 764304
5460 1000 5480 1000 764304
1520 6000 1540 6000 764304
5460 6000 5480 6000 764304
1000 1540 1000 1560 928704
1000 5440 1000 5460 928704
6000 1540 6000 1560 928704
6000 5440 6000 5460 928704
1540 1000 1560 1000 928704
5440 1000 5460 1000 928704
1540 6000 1560 6000 928704
5440 6000 5460 6000 928704
1000 1560 1000 1580 1155179
1000 5420 1000 5440 1155179
6000 1560 6000 1580 1155179
6000 5420 6000 5440 1155179
1560 1000 1580 1000 1155179
5420 1000 5440 1000 1155179
1560 6000 1580 6000 1155179
5420 6000 5440 6000 1155179
1000 1580 1000 1600 999141
1000 5400 1000 5420 999141
6000 1580 6000 1600 999141
6000 5400 6000 5420 999141
1580 1000 1600 1000 999141
5400 1000 5420 1000 999141
1580 6000 1600 6000 999141
5400 6000 5420 6000 999141
1000 1600 1000 1620 1055829
1000 5380 1000 5400 1055829
6000 1600 6000 1620 1055829
6000 5380 6000 5400 1055829
1600 1000 1620 1000 1055829
5380 1000 5400 1000 1055829
1600 6000 1620 6000 1055829
5380 6000 5400 6000 1055829
1000 1620 1000 1640 843557
1000 5360 1000 5380 843557
6000 1620 6000 1640 843557
6000 5360 6000 5380 843557
1620 1000 1640 1000 843557
5360 1000 5380 1000 843557
1620 6000 1640 6000 843557
5360 6000 5380 6000 843557
1000 1640 1000 1660 657174
1000 5340 1000 5360 657174
6000 1640 6000 1660 657174
6000 5340 6000 5360 657174
1640 1000 1660 1000 657174
5340 1000 5360 1000 657174
1640 6000 1660 6000 657174
5340 6000 5360 6000 657174
1000 1660 1000 1680 631370
1000 5320 1000 5340 631370
6000 1660 6000 1680 631370
6000 5320 6000 5340 631370
1660 1000 1680 1000 631370
5320 1000 5340 1000 631370
1660 6000 1680 6000 631370
5320 6000 5340 6000 631370
1000 1680 1000 1700 766561
1000 5300 1000 5320 766561
6000 1680 6000 1700 766561
6000 5300 6000 5320 766561
1680 1000 1700 1000 766561
5300 1000 5320 1000 766561
1680 6000 1700 6000 766561
5300 6000 5320 6000 766561
1000 1700 1000 1720 243788
1000 5280 1000 5300 243788
6000 1700 6000 1720 243788
6000 5280 6000 5300 243788
1700 1000 1720 1000 243788
5280 1000 5300 1000 243788
1700 6000 1720 6000 243788
5280 6000 5300 6000 243788
1000 1720 1000 1740 970772
1000 5260 1000 5280 970772
6000 1720 6000 1740 970772
6000 5260 6000 5280 970772
1720 1000 1740 1000 970772
5260 1000 5280 1000 970772
1720 6000 1740 6000 970772
5260 6000 5280 6000 970772
1000 1740 1000 1760 782952
1000 5240 1000 5260 782952
6000 1740 6000 1760 782952
6000 5240 6000 5260 782952
1740 1000 1760 1000 782952
5240 1000 5260 1000 782952
1740 6000 1760 6000 782952
5240 6000 5260 6000 782952
1000 1760 1000 1780 706618
1000 5220 1000 5240 706618
6000 1760 6000 1780 706618
6000 5220 6000 5240 706618
1760 1000 1780 1000 706618
5220 1000 5240 1000 706618
1760 6000 1780 6000 706618
5220 6000 5240 6000 706618
1000 1780 1000 1800 1152254
1000 5200 1000 5220 1152254
6000 1780 6000 1800 1152254
6000 5200 6000 5220 1152254
1780 1000 1800 1000 1152254
5200 1000 5220 1000 1152254
1780 6000 1800 6000 1152254
5200 6000 5220 6000 1152254
1000 1800 1000 1820 1095508
1000 5180 1000 5200 1095508
6000 1800 6000 1820 1095508
6000 5180 6000 5200 1095508
1800 1000 1820 1000 1095508
5180 1000 5200 1000 1095508
1800 6000 1820 6000 1095508
5180 6000 5200 6000 1095508
1000 1820 1000 1840 1249643
1000 5160 1000 5180 1249643
6000 1820 6000 1840 1249643
6000 5160 6000 5180 1249643
1820 1000 1840 1000 1249643
5160 1000 5180 1000 1249643
1820 6000 1840 6000 1249643
5160 6000 5180 6000 1249643
1000 1840 1000 1860 714575
1000 5140 1000 5160 714575
6000 1840 6000 1860 714575
6000 5140 6000 5160 714575
1840 1000 1860 1000 714575
5140 1000 5160 1000 714575
1840 6000 1860 6000 714575
5140 6000 5160 6000 714575
1000 1860 1000 1880 964948
1000 5120 1000 5140 964948
6000 1860 6000 1880 964948
6000 5120 6000 5140 964948
1860 1000 1880 1000 964948
5120 1000 5140 1000 964948
1860 6000 1880 6000 964948
5120 6000 5140 6000 964948
1000 1880 1000 1900 1024867
1000 5100 1000 5120 1024867
6000 1880 6000 1900 1024867
6000 5100 6000 5120 1024867
1880 1000 1900 1000 1024867
5100 1000 5120 1000 1024867
1880 6000 1900 6000 1024867
5100 6000 5120 6000 1024867
1000 1900 1000 1920 1065527
1000 5080 1000 5100 1065527
6000 1900 6000 1920 1065527
6000 5080 6000 5100 1065527
1900 1000 1920 1000 1065527
5080 1000 5100 1000 1065527
1900 6000 1920 6000 1065527
5080 6000 5100 6000 1065527
1000 1920 1000 1940 1117933
1000 5060 1000 5080 1117933
6000 1920 6000 1940 1117933
6000 5060 6000 5080 1117933
1920 1000 1940 1000 1117933
5060 1000 5080 1000 1117933
1920 6000 1940 6000 1117933
5060 6000 5080 6000 1117933
1000 1940 1000 1960 1061826
1000 5040 1000 5060 1061826
6000 1940 6000 1960 1061826
6000 5040 6000 5060 1061826
1940 1000 1960 1000 1061826
5040 1000 5060 1000 1061826
1940 6000 1960 6000 1061826
5040 6000 5060 6000 1061826
1000 1960 1000 1980 1023906
1000 5020 1000 5040 1023906
6000 1960 6000 1980 1023906
6000 5020 6000 5040 1023906
1960 1000 1980 1000 1023906
5020 1000 5040 1000 1023906
1960 6000 1980 6000 1023906
5020 6000 5040 6000 1023906
1000 1980 1000 2000 1120958
1000 5000 1000 5020 1120958
6000 1980 6000 2000 1120958
6000 5000 6000 5020 1120958
1980 1000 2000 1000 1120958
5000 1000 5020 1000 1120958
1980 6000 2000 6000 1120958
5000 6000 5020 6000 1120958
1000 2000 1000 2020 2
1000 4980 1000 5000 2
6000 2000 6000 2020 2
6000 4980 6000 5000 2
2000 1000 2020 1000 2
4980 1000 5000 1000 2
2000 6000 2020 6000 2
4980 6000 5000 6000 2
1000 2020 1000 2040 313982
1000 4960 1000 4980 313982
6000 2020 6000 2040 313982
6000 4960 6000 4980 313982
2020 1000 2040 1000 313982
4960 1000 4980 1000 313982
2020 6000 2040 6000 313982
4960 6000 4980 6000 313982
1000 2040 1000 2060 348226
1000 4940 1000 4960 348226
6000 2040 6000 2060 348226
6000 4940 6000 4960 348226
2040 1000 2060 1000 348226
4940 1000 4960 1000 348226
2040 6000 2060 6000 348226
4940 6000 4960 6000 348226
1000 2060 1000 2080 290762
1000 4920 1000 4940 290762
6000 2060 6000 2080 290762
6000 4920 6000 4940 290762
2060 1000 2080 1000 290762
4920 1000 4940 1000 290762
2060 6000 2080 6000 290762
4920 6000 4940 6000 290762
1000 2080 1000 2100 460499
1000 4900 1000 4920 460499
6000 2080 6000 2100 460499
6000 4900 6000 4920 460499
2080 1000 2100 1000 460499
4900 1000 4920 1000 460499
2080 6000 2100 6000 460499
4900 6000 4920 6000 460499
1000 2100 1000 2120 305470
1000 4880 1000 4900 305470
6000 2100 6000 2120 305470
6000 4880 6000 4900 305470
2100 1000 2120 1000 305470
4880 1000 4900 1000 305470
2100 6000 2120 6000 305470
4880 6000 4900 6000 305470
1000 2120 1000 2140 475021
1000 4860 1000 4880 475021
6000 2120 6000 2140 475021
6000 4860 6000 4880 475021
2120 1000 2140 1000 475021
4860 1000 4880 1000 475021
2120 6000 2140 6000 475021
4860 6000 4880 6000 475021
1000 2140 1000 2160 458672
1000 4840 1000 4860 458672
6000 2140 6000 2160 458672
6000 4840 6000 4860 458672
2140 1000 2160 1000 458672
4840 1000 4860 1000 458672
2140 6000 2160 6000 458672
4840 6000 4860 6000 458672
1000 2160 1000 2180 564705
1000 4820 1000 4840 564705
6000 2160 6000 2180 564705
6000 4820 6000 4840 564705
2160 1000 2180 1000 564705
4820 1000 4840 1000 564705
2160 6000 2180 6000 564705
4820 6000 4840 6000 564705
1000 2180 1000 2200 546583
1000 4800 1000 4820 546583
6000 2180 6000 2200 546583
6000 4800 6000 4820 546583
2180 1000 2200 1000 546583
4800 1000 4820 1000 546583
2180 6000 2200 6000 546583
4800 6000 4820 6000 546583
1000 2200 1000 2220 415917
1000 4780 1000 4800 415917
6000 2200 6000 2220 415917
6000 4780 6000 4800 415917
2200 1000 2220 1000 415917
4780 1000 4800 1000 415917
2200 6000 2220 6000 415917
4780 6000 4800 6000 415917
1000 2220 1000 2240 734167
1000 4760 1000 4780 734167
6000 2220 6000 2240 734167
6000 4760 6000 4780 734167
2220 1000 2240 1000 734167
4760 1000 4780 1000 734167
2220 6000 2240 6000 734167
4760 6000 4780 6000 734167
1000 2240 1000 2260 589481
1000 4740 1000 4760 589481
6000 2240 6000 2260 589481
6000 4740 6000 4760 589481
2240 1000 2260 1000 589481
4740 1000 4760 1000 589481
2240 6000 2260 6000 589481
4740 6000 4760 6000 589481
1000 2260 1000 2280 643554
1000 4720 1000 4740 643554
6000 2260 6000 2280 643554
6000 4720 6000 4740 643554
2260 1000 2280 1000 643554
4720 1000 4740 1000 643554
2260 6000 2280 6000 643554
4720 6000 4740 6000 643554
1000 2280 1000 2300 707388
1000 4700 1000 4720 707388
6000 2280 6000 2300 707388
6000 4700 6000 4720 707388
2280 1000 2300 1000 707388
4700 1000 4720 1000 707388
2280 6000 2300 6000 707388
4700 6000 4720 6000 707388
1000 2300 1000 2320 1021694
1000 4680 1000 4700 1021694
6000 2300 6000 2320 1021694
6000 4680 6000 4700 1021694
2300 1000 2320 1000 1021694
4680 1000 4700 1000 1021694
2300 6000 2320 6000 1021694
4680 6000 4700 6000 1021694
1000 2320 1000 2340 649964
1000 4660 1000 4680 649964
6000 2320 6000 2340 649964
6000 4660 6000 4680 649964
2320 1000 2340 1000 649964
4660 1000 4680 1000 649964
2320 6000 2340 6000 649964
4660 6000 4680 6000 649964
1000 2340 1000 2360 907007
1000 4640 1000 4660 907007
6000 2340 6000 2360 907007
6000 4640 6000 4660 907007
2340 1000 2360 1000 907007
4640 1000 4660 1000 907007
2340 6000 2360 6000 907007
4640 6000 4660 6000 907007
1000 2360 1000 2380 913593
1000 4620 1000 4640 913593
6000 2360 6000 2380 913593
6000 4620 6000 4640 913593
2360 1000 2380 1000 913593
4620 1000 4640 1000 913593
2360 6000 2380 6000 913593
4620 6000 4640 6000 913593
1000 2380 1000 2400 826325
1000 4600 1000 4620 826325
6000 2380 6000 2400 826325
6000 4600 6000 4620 826325
2380 1000 2400 1000 826325
4600 1000 4620 1000 826325
2380 6000 2400 6000 826325
4600 6000 4620 6000 826325
1000 2400 1000 2420 879125
1000 4580 1000 4600 879125
6000 2400 6000 2420 879125
6000 4580 6000 4600 879125
2400 1000 2420 1000 879125
4580 1000 4600 1000 879125
2400 6000 2420 6000 879125
4580 6000 4600 6000 879125
1000 2420 1000 2440 964732
1000 4560 1000 4580 964732
6000 2420 6000 2440 964732
6000 4560 6000 4580 964732
2420 1000 2440 1000 964732
4560 1000 4580 1000 964732
2420 6000 2440 6000 964732
4560 6000 4580 6000 964732
1000 2440 1000 2460 949910
1000 4540 1000 4560 949910
6000 2440 6000 2460 949910
6000 4540 6000 4560 949910
2440 1000 2460 1000 949910
4540 1000 4560 1000 949910
2440 6000 2460 6000 949910
4540 6000 4560 6000 949910
1000 2460 1000 2480 1025093
1000 4520 1000 4540 1025093
6000 2460 6000 2480 1025093
6000 4520 6000 4540 1025093
2460 1000 2480 1000 1025093
4520 1000 4540 1000 1025093
2460 6000 2480 6000 1025093
4520 6000 4540 6000 1025093
1000 2480 1000 2500 884352
1000 4500 1000 4520 884352
6000 2480 6000 2500 884352
6000 4500 6000 4520 884352
2480 1000 2500 1000 884352
4500 1000 4520 1000 884352
2480 6000 2500 6000 884352
4500 6000 4520 6000 884352
1000 2500 1000 2520 924405
1000 4480 1000 4500 924405
6000 2500 6000 2520 924405
6000 4480 6000 4500 924405
2500 1000 2520 1000 924405
4480 1000 4500 1000 924405
2500 6000 2520 6000 924405
4480 6000 4500 6000 924405
1000 2520 1000 2540 1112296
1000 4460 1000 4480 1112296
6000 2520 6000 2540 1112296
6000 4460 6000 4480 1112296
2520 1000 2540 1000 1112296
4460 1000 4480 1000 1112296
2520 6000 2540 6000 1112296
4460 6000 4480 6000 1112296
1000 2540 1000 2560 955149
1000 4440 1000 4460 955149
6000 2540 6000 2560 955149
6000 4440 6000 4460 955149
2540 1000 2560 1000 955149
4440 1000 4460 1000 955149
2540 6000 2560 6000 955149
4440 6000 4460 6000 955149
1000 2560 1000 2580 994038
1000 4420 1000 4440 994038
6000 2560 6000 2580 994038
6000 4420 6000 4440 994038
2560 1000 2580 1000 994038
4420 1000 4440 1000 994038
2560 6000 2580 6000 994038
4420 6000 4440 6000 994038
1000 2580 1000 2600 879259
1000 4400 1000 4420 879259
6000 2580 6000 2600 879259
6000 4400 6000 4420 879259
2580 1000 2600 1000 879259
4400 1000 4420 1000 879259
2580 6000 2600 6000 879259
4400 6000 4420 6000 879259
1000 2600 1000 2620 1096011
1000 4380 1000 4400 1096011
6000 2600 6000 2620 1096011
6000 4380 6000 4400 1096011
2600 1000 2620 1000 1096011
4380 1000 4400 1000 1096011
2600 6000 2620 6000 1096011
4380 6000 4400 6000 1096011
1000 2620 1000 2640 829637
1000 4360 1000 4380 829637
6000 2620 6000 2640 829637
6000 4360 6000 4380 829637
2620 1000 2640 1000 829637
4360 1000 4380 1000 829637
2620 6000 2640 6000 829637
4360 6000 4380 6000 829637
1000 2640 1000 2660 827039
1000 4340 1000 4360 827039
6000 2640 6000 2660 827039
6000 4340 6000 4360 827039
2640 1000 2660 1000 827039
4340 1000 4360 1000 827039
2640 6000 2660 6000 827039
4340 6000 4360 6000 827039
1000 2660 1000 2680 896535
1000 4320 1000 4340 896535
6000 2660 6000 2680 896535
6000 4320 6000 4340 896535
2660 1000 2680 1000 896535
4320 1000 4340 1000 896535
2660 6000 2680 6000 896535
4320 6000 4340 6000 896535
1000 2680 1000 2700 1158627
1000 4300 1000 4320 1158627
6000 2680 6000 2700 1158627
6000 4300 6000 4320 1158627
2680 1000 2700 1000 1158627
4300 1000 4320 1000 1158627
2680 6000 2700 6000 1158627
4300 6000 4320 6000 1158627
1000 2700 1000 2720 603079
1000 4280 1000 4300 603079
6000 2700 6000 2720 603079
6000 4280 6000 4300 603079
2700 1000 2720 1000 603079
4280 1000 4300 1000 603079
2700 6000 2720 6000 603079
4280 6000 4300 6000 603079
1000 2720 1000 2740 668255
1000 4260 1000 4280 668255
6000 2720 6000 2740 668255
6000 4260 6000 4280 668255
2720 1000 2740 1000 668255
4260 1000 4280 1000 668255
2720 6000 2740 6000 668255
4260 6000 4280 6000 668255
1000 2740 1000 2760 624366
1000 4240 1000 4260 624366
6000 2740 6000 2760 624366
6000 4240 6000 4260 624366
2740 1000 2760 1000 624366
4240 1000 4260 1000 624366
2740 6000 2760 6000 624366
4240 6000 4260 6000 624366
1000 2760 1000 2780 610443
1000 4220 1000 4240 610443
6000 2760 6000 2780 610443
6000 4220 6000 4240 610443
2760 1000 2780 1000 610443
4220 1000 4240 1000 610443
2760 6000 2780 6000 610443
4220 6000 4240 6000 610443
1000 2780 1000 2800 692014
1000 4200 1000 4220 692014
6000 2780 6000 2800 692014
6000 4200 6000 4220 692014
2780 1000 2800 1000 692014
4200 1000 4220 1000 692014
2780 6000 2800 6000 692014
4200 6000 4220 6000 692014
1000 2800 1000 2820 729564
1000 4180 1000 4200 729564
6000 2800 6000 2820 729564
6000 4180 6000 4200 729564
2800 1000 2820 1000 729564
4180 1000 4200 1000 729564
2800 6000 2820 6000 729564
4180 6000 4200 6000 729564
1000 2820 1000 2840 625510
1000 4160 1000 4180 625510
6000 2820 6000 2840 625510
6000 4160 6000 4180 625510
2820 1000 2840 1000 625510
4160 1000 4180 1000 625510
2820 6000 2840 6000 625510
4160 6000 4180 6000 625510
1000 2840 1000 2860 474749
1000 4140 1000 4160 474749
6000 2840 6000 2860 474749
6000 4140 6000 4160 474749
2840 1000 2860 1000 474749
4140 1000 4160 1000 474749
2840 6000 2860 6000 474749
4140 6000 4160 6000 474749
1000 2860 1000 2880 415502
1000 4120 1000 4140 415502
6000 2860 6000 2880 415502
6000 4120 6000 4140 415502
2860 1000 2880 1000 415502
4120 1000 4140 1000 415502
2860 6000 2880 6000 415502
4120 6000 4140 6000 415502
1000 2880 1000 2900 568338
1000 4100 1000 4120 568338
6000 2880 6000 2900 568338
6000 4100 6000 4120 568338
2880 1000 2900 1000 568338
4100 1000 4120 1000 568338
2880 6000 2900 6000 568338
4100 6000 4120 6000 568338
1000 2900 1000 2920 561405
1000 4080 1000 4100 561405
6000 2900 6000 2920 561405
6000 4080 6000 4100 561405
2900 1000 2920 1000 561405
4080 1000 4100 1000 561405
2900 6000 2920 6000 561405
4080 6000 4100 6000 561405
1000 2920 1000 2940 353889
1000 4060 1000 4080 353889
6000 2920 6000 2940 353889
6000 4060 6000 4080 353889
2920 1000 2940 1000 353889
4060 1000 4080 1000 353889
2920 6000 2940 6000 353889
4060 6000 4080 6000 353889
1000 2940 1000 2960 362249
1000 4040 1000 4060 362249
6000 2940 6000 2960 362249
6000 4040 6000 4060 362249
2940 1000 2960 1000 362249
4040 1000 4060 1000 362249
2940 6000 2960 6000 362249
4040 6000 4060 6000 362249
1000 2960 1000 2980 519583
1000 4020 1000 4040 519583
6000 2960 6000 2980 519583
6000 4020 6000 4040 519583
2960 1000 2980 1000 519583
4020 1000 4040 1000 519583
2960 6000 2980 6000 519583
4020 6000 4040 6000 519583
1000 2980 1000 3000 457773
1000 4000 1000 4020 457773
6000 2980 6000 3000 457773
6000 4000 6000 4020 457773
2980 1000 3000 1000 457773
4000 1000 4020 1000 457773
2980 6000 3000 6000 457773
4000 6000 4020 6000 457773
1000 3000 1000 3020 34689
1000 3980 1000 4000 34689
6000 3000 6000 3020 34689
6000 3980 6000 4000 34689
3000 1000 3020 1000 34689
3980 1000 4000 1000 34689
3000 6000 3020 6000 34689
3980 6000 4000 6000 34689
1000 3020 1000 3040 419848
1000 3960 1000 3980 419848
6000 3020 6000 3040 419848
6000 3960 6000 3980 419848
3020 1000 3040 1000 419848
3960 1000 3980 1000 419848
3020 6000 3040 6000 419848
3960 6000 3980 6000 419848
1000 3040 1000 3060 371748
1000 3940 1000 3960 371748
6000 3040 6000 3060 371748
6000 3940 6000 3960 371748
3040 1000 3060 1000 371748
3940 1000 3960 1000 371748
3040 6000 3060 6000 371748
3940 6000 3960 6000 371748
1000 3060 1000 3080 359785
1000 3920 1000 3940 359785
6000 3060 6000 3080 359785
6000 3920 6000 3940 359785
3060 1000 3080 1000 359785
3920 1000 3940 1000 359785
3060 6000 3080 6000 359785
3920 6000 3940 6000 359785
1000 3080 1000 3100 329801
1000 3900 1000 3920 329801
6000 3080 6000 3100 329801
6000 3900 6000 3920 329801
3080 1000 3100 1000 329801
3900 1000 3920 1000 329801
3080 6000 3100 6000 329801
3900 6000 3920 6000 329801
1000 3100 1000 3120 284798
1000 3880 1000 3900 284798
6000 3100 6000 3120 284798
6000 3880 6000 3900 284798
3100 1000 3120 1000 284798
3880 1000 3900 1000 284798
3100 6000 3120 6000 284798
3880 6000 3900 6000 284798
1000 3120 1000 3140 539800
1000 3860 1000 3880 539800
6000 3120 6000 3140 539800
6000 3860 6000 3880 539800
3120 1000 3140 1000 539800
3860 1000 3880 1000 539800
3120 6000 3140 6000 539800
3860 6000 3880 6000 539800
1000 3140 1000 3160 324406
1000 3840 1000 3860 324406
6000 3140 6000 3160 324406
6000 3840 6000 3860 324406
3140 1000 3160 1000 324406
3840 1000 3860 1000 324406
3140 6000 3160 6000 324406
3840 6000 3860 6000 324406
1000 3160 1000 3180 532361
1000 3820 1000 3840 532361
6000 3160 6000 3180 532361
6000 3820 6000 3840 532361
3160 1000 3180 1000 532361
3820 1000 3840 1000 532361
3160 6000 3180 6000 532361
3820 6000 3840 6000 532361
1000 3180 1000 3200 578921
1000 3800 1000 3820 578921
6000 3180 6000 3200 578921
6000 3800 6000 3820 578921
3180 1000 3200 1000 578921
3800 1000 3820 1000 578921
3180 6000 3200 6000 578921
3800 6000 3820 6000 578921
1000 3200 1000 3220 710772
1000 3780 1000 3800 710772
6000 3200 6000 3220 710772
6000 3780 6000 3800 710772
3200 1000 3220 1000 710772
3780 1000 3800 1000 710772
3200 6000 3220 6000 710772
3780 6000 3800 6000 710772
1000 3220 1000 3240 754194
1000 3760 1000 3780 754194
6000 3220 6000 3240 754194
6000 3760 6000 3780 754194
3220 1000 3240 1000 754194
3760 1000 3780 1000 754194
3220 6000 3240 6000 754194
3760 6000 3780 6000 754194
1000 3240 1000 3260 586227
1000 3740 1000 3760 586227
6000 3240 6000 3260 586227
6000 3740 6000 3760 586227
3240 1000 3260 1000 586227
3740 1000 3760 1000 586227
3240 6000 3260 6000 586227
3740 6000 3760 6000 586227
1000 3260 1000 3280 795737
1000 3720 1000 3740 795737
6000 3260 6000 3280 795737
6000 3720 6000 3740 795737
3260 1000 3280 1000 795737
3720 1000 3740 1000 795737
3260 6000 3280 6000 795737
3720 6000 3740 6000 795737
1000 3280 1000 3300 855430
1000 3700 1000 3720 855430
6000 3280 6000 3300 855430
6000 3700 6000 3720 855430
3280 1000 3300 1000 855430
3700 1000 3720 1000 855430
3280 6000 3300 6000 855430
3700 6000 3720 6000 855430
1000 3300 1000 3320 798091
1000 3680 1000 3700 798091
6000 3300 6000 3320 798091
6000 3680 6000 3700 798091
3300 1000 3320 1000 798091
3680 1000 3700 1000 798091
3300 6000 3320 6000 798091
3680 6000 3700 6000 798091
1000 3320 1000 3340 923677
1000 3660 1000 3680 923677
6000 3320 6000 3340 923677
6000 3660 6000 3680 923677
3320 1000 3340 1000 923677
3660 1000 3680 1000 923677
3320 6000 3340 6000 923677
3660 6000 3680 6000 923677
1000 3340 1000 3360 675543
1000 3640 1000 3660 675543
6000 3340 6000 3360 675543
6000 3640 6000 3660 675543
3340 1000 3360 1000 675543
3640 1000 3660 1000 675543
3340 6000 3360 6000 675543
3640 6000 3660 6000 675543
1000 3360 1000 3380 1018776
1000 3620 1000 3640 1018776
6000 3360 6000 3380 1018776
6000 3620 6000 3640 1018776
3360 1000 3380 1000 1018776
3620 1000 3640 1000 1018776
3360 6000 3380 6000 1018776
3620 6000 3640 6000 1018776
1000 3380 1000 3400 874308
1000 3600 1000 3620 874308
6000 3380 6000 3400 874308
6000 3600 6000 3620 874308
3380 1000 3400 1000 874308
3600 1000 3620 1000 874308
3380 6000 3400 6000 874308
3600 6000 3620 6000 874308
1000 3400 1000 3420 926030
1000 3580 1000 3600 926030
6000 3400 6000 3420 926030
6000 3580 6000 3600 926030
3400 1000 3420 1000 926030
3580 1000 3600 1000 926030
3400 6000 3420 6000 926030
3580 6000 3600 6000 926030
1000 3420 1000 3440 840351
1000 3560 1000 3580 840351
6000 3420 6000 3440 840351
6000 3560 6000 3580 840351
3420 1000 3440 1000 840351
3560 1000 3580 1000 840351
3420 6000 3440 6000 840351
3560 6000 3580 6000 840351
1000 3440 1000 3460 961069
1000 3540 1000 3560 961069
6000 3440 6000 3460 961069
6000 3540 6000 3560 961069
3440 1000 3460 1000 961069
3540 1000 3560 1000 961069
3440 6000 3460 6000 961069
3540 6000 3560 6000 961069
1000 3460 1000 3480 921678
1000 3520 1000 3540 921678
6000 3460 6000 3480 921678
6000 3520 6000 3540 921678
3460 1000 3480 1000 921678
3520 1000 3540 1000 921678
3460 6000 3480 6000 921678
3520 6000 3540 6000 921678
1000 3480 1000 3500 927803
1000 3500 1000 3520 927803
6000 3480 6000 3500 927803
6000 3500 6000 3520 927803
3480 1000 3500 1000 927803
3500 1000 3520 1000 927803
3480 6000 3500 6000 927803
3500 6000 3520 6000 927803
2000 300 2000 320 100436
2000 6680 2000 6700 100436
5000 300 5000 320 100436
5000 6680 5000 6700 100436
300 2000 320 2000 100436
6680 2000 6700 2000 100436
300 5000 320 5000 100436
6680 5000 6700 5000 100436
2000 320 2000 340 75768
2000 6660 2000 6680 75768
5000 320 5000 340 75768
5000 6660 5000 6680 75768
320 2000 340 2000 75768
6660 2000 6680 2000 75768
320 5000 340 5000 75768
6660 5000 6680 5000 75768
2000 340 2000 360 148455
2000 6640 2000 6660 148455
5000 340 5000 360 148455
5000 6640 5000 6660 148455
340 2000 360 2000 148455
6640 2000 6660 2000 148455
340 5000 360 5000 148455
6640 5000 6660 5000 148455
2000 360 2000 380 120318
2000 6620 2000 6640 120318
5000 360 5000 380 120318
5000 6620 5000 6640 120318
360 2000 380 2000 120318
6620 2000 6640 2000 120318
360 5000 380 5000 120318
6620 5000 6640 5000 120318
2000 380 2000 400 9
2000 6600 2000 6620 9
5000 380 5000 400 9
5000 6600 5000 6620 9
380 2000 400 2000 9
6600 2000 6620 2000 9
380 5000 400 5000 9
6600 5000 6620 5000 9
2000 400 2000 420 241908
2000 6580 2000 6600 241908
5000 400 5000 420 241908
5000 6580 5000 6600 241908
400 2000 420 2000 241908
6580 2000 6600 2000 241908
400 5000 420 5000 241908
6580 5000 6600 5000 241908
2000 420 2000 440 3465
2000 6560 2000 6580 3465
5000 420 5000 440 3465
5000 6560 5000 6580 3465
420 2000 440 2000 3465
6560 2000 6580 2000 3465
420 5000 440 5000 3465
6560 5000 6580 5000 3465
2000 440 2000 460 128688
2000 6540 2000 6560 128688
5000 440 5000 460 128688
5000 6540 5000 6560 128688
440 2000 460 2000 128688
6540 2000 6560 2000 128688
440 5000 460 5000 128688
6540 5000 6560 5000 128688
2000 460 2000 480 239440
2000 6520 2000 6540 239440
5000 460 5000 480 239440
5000 6520 5000 6540 239440
460 2000 480 2000 239440
6520 2000 6540 2000 239440
460 5000 480 5000 239440
6520 5000 6540 5000 239440
2000 480 2000 500 329825
2000 6500 2000 6520 329825
5000 480 5000 500 329825
5000 6500 5000 6520 329825
480 2000 500 2000 329825
6500 2000 6520 2000 329825
480 5000 500 5000 329825
6500 5000 6520 5000 329825
2000 500 2000 520 775516
2000 6480 2000 6500 775516
5000 500 5000 520 775516
5000 6480 5000 6500 775516
500 2000 520 2000 775516
6480 2000 6500 2000 775516
500 5000 520 5000 775516
6480 5000 6500 5000 775516
2000 520 2000 540 1112249
2000 6460 2000 6480 1112249
5000 520 5000 540 1112249
5000 6460 5000 6480 1112249
520 2000 540 2000 1112249
6460 2000 6480 2000 1112249
520 5000 540 5000 1112249
6460 5000 6480 5000 1112249
2000 540 2000 560 1764031
2000 6440 2000 6460 1764031
5000 540 5000 560 1764031
5000 6440 5000 6460 1764031
540 2000 560 2000 1764031
6440 2000 6460 2000 1764031
540 5000 560 5000 1764031
6440 5000 6460 5000 1764031
2000 560 2000 580 489230
2000 6420 2000 6440 489230
5000 560 5000 580 489230
5000 6420 5000 6440 489230
560 2000 580 2000 489230
6420 2000 6440 2000 489230
560 5000 580 5000 489230
6420 5000 6440 5000 489230
2000 580 2000 600 1180390
2000 6400 2000 6420 1180390
5000 580 5000 600 1180390
5000 6400 5000 6420 1180390
580 2000 600 2000 1180390
6400 2000 6420 2000 1180390
580 5000 600 5000 1180390
6400 5000 6420 5000 1180390
2000 600 2000 620 1028915
2000 6380 2000 6400 1028915
5000 600 5000 620 1028915
5000 6380 5000 6400 1028915
600 2000 620 2000 1028915
6380 2000 6400 2000 1028915
600 5000 620 5000 1028915
6380 5000 6400 5000 1028915
2000 620 2000 640 794128
2000 6360 2000 6380 794128
5000 620 5000 640 794128
5000 6360 5000 6380 794128
620 2000 640 2000 794128
6360 2000 6380 2000 794128
620 5000 640 5000 794128
6360 5000 6380 5000 794128
2000 640 2000 660 1829301
2000 6340 2000 6360 1829301
5000 640 5000 660 1829301
5000 6340 5000 6360 1829301
640 2000 660 2000 1829301
6340 2000 6360 2000 1829301
640 5000 660 5000 1829301
6340 5000 6360 5000 1829301
2000 660 2000 680 615890
2000 6320 2000 6340 615890
5000 660 5000 680 615890
5000 6320 5000 6340 615890
660 2000 680 2000 615890
6320 2000 6340 2000 615890
660 5000 680 5000 615890
6320 5000 6340 5000 615890
2000 680 2000 700 1385708
2000 6300 2000 6320 1385708
5000 680 5000 700 1385708
5000 6300 5000 6320 1385708
680 2000 700 2000 1385708
6300 2000 6320 2000 1385708
680 5000 700 5000 1385708
6300 5000 6320 5000 1385708
2000 700 2000 720 1713489
2000 6280 2000 6300 1713489
5000 700 5000 720 1713489
5000 6280 5000 6300 1713489
700 2000 720 2000 1713489
6280 2000 6300 2000 1713489
700 5000 720 5000 1713489
6280 5000 6300 5000 1713489
2000 720 2000 740 1438685
2000 6260 2000 6280 1438685
5000 720 5000 740 1438685
5000 6260 5000 6280 1438685
720 2000 740 2000 1438685
6260 2000 6280 2000 1438685
720 5000 740 5000 1438685
6260 5000 6280 5000 1438685
2000 740 2000 760 2074912
2000 6240 2000 6260 2074912
5000 740 5000 760 2074912
5000 6240 5000 6260 2074912
740 2000 760 2000 2074912
6240 2000 6260 2000 2074912
740 5000 760 5000 2074912
6240 5000 6260 5000 2074912
2000 760 2000 780 2709146
2000 6220 2000 6240 2709146
5000 760 5000 780 2709146
5000 6220 5000 6240 2709146
760 2000 780 2000 2709146
6220 2000 6240 2000 2709146
760 5000 780 5000 2709146
6220 5000 6240 5000 2709146
2000 780 2000 800 708756
2000 6200 2000 6220 708756
5000 780 5000 800 708756
5000 6200 5000 6220 708756
780 2000 800 2000 708756
6200 2000 6220 2000 708756
780 5000 800 5000 708756
6200 5000 6220 5000 708756
2000 800 2000 820 2484661
2000 6180 2000 6200 2484661
5000 800 5000 820 2484661
5000 6180 5000 6200 2484661
800 2000 820 2000 2484661
6180 2000 6200 2000 2484661
800 5000 820 5000 2484661
6180 5000 6200 5000 2484661
2000 820 2000 840 542883
2000 6160 2000 6180 542883
5000 820 5000 840 542883
5000 6160 5000 6180 542883
820 2000 840 2000 542883
6160 2000 6180 2000 542883
820 5000 840 5000 542883
6160 5000 6180 5000 542883
2000 840 2000 860 3175939
2000 6140 2000 6160 3175939
5000 840 5000 860 3175939
5000 6140 5000 6160 3175939
840 2000 860 2000 3175939
6140 2000 6160 2000 3175939
840 5000 860 5000 3175939
6140 5000 6160 5000 3175939
2000 860 2000 880 929126
2000 6120 2000 6140 929126
5000 860 5000 880 929126
5000 6120 5000 6140 929126
860 2000 880 2000 929126
6120 2000 6140 2000 929126
860 5000 880 5000 929126
6120 5000 6140 5000 929126
2000 880 2000 900 4557743
2000 6100 2000 6120 4557743
5000 880 5000 900 4557743
5000 6100 5000 6120 4557743
880 2000 900 2000 4557743
6100 2000 6120 2000 4557743
880 5000 900 5000 4557743
6100 5000 6120 5000 4557743
2000 900 2000 920 2083342
2000 6080 2000 6100 2083342
5000 900 5000 920 2083342
5000 6080 5000 6100 2083342
900 2000 920 2000 2083342
6080 2000 6100 2000 2083342
900 5000 920 5000 2083342
6080 5000 6100 5000 2083342
2000 920 2000 940 1046347
2000 6060 2000 6080 1046347
5000 920 5000 940 1046347
5000 6060 5000 6080 1046347
920 2000 940 2000 1046347
6060 2000 6080 2000 1046347
920 5000 940 5000 1046347
6060 5000 6080 5000 1046347
2000 940 2000 960 4175650
2000 6040 2000 6060 4175650
5000 940 5000 960 4175650
5000 6040 5000 6060 4175650
940 2000 960 2000 4175650
6040 2000 6060 2000 4175650
940 5000 960 5000 4175650
6040 5000 6060 5000 4175650
2000 960 2000 980 389138
2000 6020 2000 6040 389138
5000 960 5000 980 389138
5000 6020 5000 6040 389138
960 2000 980 2000 389138
6020 2000 6040 2000 389138
960 5000 980 5000 389138
6020 5000 6040 5000 389138
2000 980 2000 1000 9672320
2000 6000 2000 6020 9672320
5000 980 5000 1000 9672320
5000 6000 5000 6020 9672320
980 2000 1000 2000 9672320
6000 2000 6020 2000 9672320
980 5000 1000 5000 9672320
6000 5000 6020 5000 9672320
2000 1000 2000 1020 6197
2000 5980 2000 6000 6197
5000 1000 5000 1020 6197
5000 5980 5000 6000 6197
1000 2000 1020 2000 6197
5980 2000 6000 2000 6197
1000 5000 1020 5000 6197
5980 5000 6000 5000 6197
2000 1020 2000 1040 80512
2000 5960 2000 5980 80512
5000 1020 5000 1040 80512
5000 5960 5000 5980 80512
1020 2000 1040 2000 80512
5960 2000 5980 2000 80512
1020 5000 1040 5000 80512
5960 5000 5980 5000 80512
2000 1040 2000 1060 151050
2000 5940 2000 5960 151050
5000 1040 5000 1060 151050
5000 5940 5000 5960 151050
1040 2000 1060 2000 151050
5940 2000 5960 2000 151050
1040 5000 1060 5000 151050
5940 5000 5960 5000 151050
2000 1060 2000 1080 165875
2000 5920 2000 5940 165875
5000 1060 5000 1080 165875
5000 5920 5000 5940 165875
1060 2000 1080 2000 165875
5920 2000 5940 2000 165875
1060 5000 1080 5000 165875
5920 5000 5940 5000 165875
2000 1080 2000 1100 221560
2000 5900 2000 5920 221560
5000 1080 5000 1100 221560
5000 5900 5000 5920 221560
1080 2000 1100 2000 221560
5900 2000 5920 2000 221560
1080 5000 1100 5000 221560
5900 5000 5920 5000 221560
2000 1100 2000 1120 280855
2000 5880 2000 5900 280855
5000 1100 5000 1120 280855
5000 5880 5000 5900 280855
1100 2000 1120 2000 280855
5880 2000 5900 2000 280855
1100 5000 1120 5000 280855
5880 5000 5900 5000 280855
2000 1120 2000 1140 320241
2000 5860 2000 5880 320241
5000 1120 5000 1140 320241
5000 5860 5000 5880 320241
1120 2000 1140 2000 320241
5860 2000 5880 2000 320241
1120 5000 1140 5000 320241
5860 5000 5880 5000 320241
2000 1140 2000 1160 249570
2000 5840 2000 5860 249570
5000 1140 5000 1160 249570
5000 5840 5000 5860 249570
1140 2000 1160 2000 249570
5840 2000 5860 2000 249570
1140 5000 1160 5000 249570
5840 5000 5860 5000 249570
2000 1160 2000 1180 374472
2000 5820 2000 5840 374472
5000 1160 5000 1180 374472
5000 5820 5000 5840 374472
1160 2000 1180 2000 374472
5820 2000 5840 2000 374472
1160 5000 1180 5000 374472
5820 5000 5840 5000 374472
2000 1180 2000 1200 365430
2000 5800 2000 5820 365430
5000 1180 5000 1200 365430
5000 5800 5000 5820 365430
1180 2000 1200 2000 365430
5800 2000 5820 2000 365430
1180 5000 1200 5000 365430
5800 5000 5820 5000 365430
2000 1200 2000 1220 543170
2000 5780 2000 5800 543170
5000 1200 5000 1220 543170
5000 5780 5000 5800 543170
1200 2000 1220 2000 543170
5780 2000 5800 2000 543170
1200 5000 1220 5000 543170
5780 5000 5800 5000 543170
2000 1220 2000 1240 528956
2000 5760 2000 5780 528956
5000 1220 5000 1240 528956
5000 5760 5000 5780 528956
1220 2000 1240 2000 528956
5760 2000 5780 2000 528956
1220 5000 1240 5000 528956
5760 5000 5780 5000 528956
2000 1240 2000 1260 589118
2000 5740 2000 5760 589118
5000 1240 5000 1260 589118
5000 5740 5000 5760 589118
1240 2000 1260 2000 589118
5740 2000 5760 2000 589118
1240 5000 1260 5000 589118
5740 5000 5760 5000 589118
2000 1260 2000 1280 890414
2000 5720 2000 5740 890414
5000 1260 5000 1280 890414
5000 5720 5000 5740 890414
1260 2000 1280 2000 890414
5720 2000 5740 2000 890414
1260 5000 1280 5000 890414
5720 5000 5740 5000 890414
2000 1280 2000 1300 1208462
2000 5700 2000 5720 1208462
5000 1280 5000 1300 1208462
5000 5700 5000 5720 1208462
1280 2000 1300 2000 1208462
5700 2000 5720 2000 1208462
1280 5000 1300 5000 1208462
5700 5000 5720 5000 1208462
2000 1300 2000 1320 1203991
2000 5680 2000 5700 1203991
5000 1300 5000 1320 1203991
5000 5680 5000 5700 1203991
1300 2000 1320 2000 1203991
5680 2000 5700 2000 1203991
1300 5000 1320 5000 1203991
5680 5000 5700 5000 1203991
2000 1320 2000 1340 1086946
2000 5660 2000 5680 1086946
5000 1320 5000 1340 1086946
5000 5660 5000 5680 1086946
1320 2000 1340 2000 1086946
5660 2000 5680 2000 1086946
1320 5000 1340 5000 1086946
5660 5000 5680 5000 1086946
2000 1340 2000 1360 1107448
2000 5640 2000 5660 1107448
5000 1340 5000 1360 1107448
5000 5640 5000 5660 1107448
1340 2000 1360 2000 1107448
5640 2000 5660 2000 1107448
1340 5000 1360 5000 1107448
5640 5000 5660 5000 1107448
2000 1360 2000 1380 939439
2000 5620 2000 5640 939439
5000 1360 5000 1380 939439
5000 5620 5000 5640 939439
1360 2000 1380 2000 939439
5620 2000 5640 2000 939439
1360 5000 1380 5000 939439
5620 5000 5640 5000 939439
2000 1380 2000 1400 1182546
2000 5600 2000 5620 1182546
5000 1380 5000 1400 1182546
5000 5600 5000 5620 1182546
1380 2000 1400 2000 1182546
5600 2000 5620 2000 1182546
1380 5000 1400 5000 1182546
5600 5000 5620 5000 1182546
2000 1400 2000 1420 913195
2000 5580 2000 5600 913195
5000 1400 5000 1420 913195
5000 5580 5000 5600 913195
1400 2000 1420 2000 913195
5580 2000 5600 2000 913195
1400 5000 1420 5000 913195
5580 5000 5600 5000 913195
2000 1420 2000 1440 677501
2000 5560 2000 5580 677501
5000 1420 5000 1440 677501
5000 5560 5000 5580 677501
1420 2000 1440 2000 677501
5560 2000 5580 2000 677501
1420 5000 1440 5000 677501
5560 5000 5580 5000 677501
2000 1440 2000 1460 1010904
2000 5540 2000 5560 1010904
5000 1440 5000 1460 1010904
5000 5540 5000 5560 1010904
1440 2000 1460 2000 1010904
5540 2000 5560 2000 1010904
1440 5000 1460 5000 1010904
5540 5000 5560 5000 1010904
2000 1460 2000 1480 940611
2000 5520 2000 5540 940611
5000 1460 5000 1480 940611
5000 5520 5000 5540 940611
1460 2000 1480 2000 940611
5520 2000 5540 2000 940611
1460 5000 1480 5000 940611
5520 5000 5540 5000 940611
2000 1480 2000 1500 921333
2000 5500 2000 5520 921333
5000 1480 5000 1500 921333
5000 5500 5000 5520 921333
1480 2000 1500 2000 921333
5500 2000 5520 2000 921333
1480 5000 1500 5000 921333
5500 5000 5520 5000 921333
2000 1500 2000 1520 1091865
2000 5480 2000 5500 1091865
5000 1500 5000 1520 1091865
5000 5480 5000 5500 1091865
1500 2000 1520 2000 1091865
5480 2000 5500 2000 1091865
1500 5000 1520 5000 1091865
5480 5000 5500 5000 1091865
2000 1520 2000 1540 843774
2000 5460 2000 5480 843774
5000 1520 5000 1540 843774
5000 5460 5000 5480 843774
1520 2000 1540 2000 843774
5460 2000 5480 2000 843774
1520 5000 1540 5000 843774
5460 5000 5480 5000 843774
2000 1540 2000 1560 1060117
2000 5440 2000 5460 1060117
5000 1540 5000 1560 1060117
5000 5440 5000 5460 1060117
1540 2000 1560 2000 1060117
5440 2000 5460 2000 1060117
1540 5000 1560 5000 1060117
5440 5000 5460 5000 1060117
2000 1560 2000 1580 949257
2000 5420 2000 5440 949257
5000 1560 5000 1580 949257
5000 5420 5000 5440 949257
1560 2000 1580 2000 949257
5420 2000 5440 2000 949257
1560 5000 1580 5000 949257
5420 5000 5440 5000 949257
2000 1580 2000 1600 1063426
2000 5400 2000 5420 1063426
5000 1580 5000 1600 1063426
5000 5400 5000 5420 1063426
1580 2000 1600 2000 1063426
5400 2000 5420 2000 1063426
1580 5000 1600 5000 1063426
5400 5000 5420 5000 1063426
2000 1600 2000 1620 756212
2000 5380 2000 5400 756212
5000 1600 5000 1620 756212
5000 5380 5000 5400 756212
1600 2000 1620 2000 756212
5380 2000 5400 2000 756212
1600 5000 1620 5000 756212
5380 5000 5400 5000 756212
2000 1620 2000 1640 689058
2000 5360 2000 5380 689058
5000 1620 5000 1640 689058
5000 5360 5000 5380 689058
1620 2000 1640 2000 689058
5360 2000 5380 2000 689058
1620 5000 1640 5000 689058
5360 5000 5380 5000 689058
2000 1640 2000 1660 1273142
2000 5340 2000 5360 1273142
5000 1640 5000 1660 1273142
5000 5340 5000 5360 1273142
1640 2000 1660 2000 1273142
5340 2000 5360 2000 1273142
1640 5000 1660 5000 1273142
5340 5000 5360 5000 1273142
2000 1660 2000 1680 578031
2000 5320 2000 5340 578031
5000 1660 5000 1680 578031
5000 5320 5000 5340 578031
1660 2000 1680 2000 578031
5320 2000 5340 2000 578031
1660 5000 1680 5000 578031
5320 5000 5340 5000 578031
2000 1680 2000 1700 1181844
2000 5300 2000 5320 1181844
5000 1680 5000 1700 1181844
5000 5300 5000 5320 1181844
1680 2000 1700 2000 1181844
5300 2000 5320 2000 1181844
1680 5000 1700 5000 1181844
5300 5000 5320 5000 1181844
2000 1700 2000 1720 593053
2000 5280 2000 5300 593053
5000 1700 5000 1720 593053
5000 5280 5000 5300 593053
1700 2000 1720 2000 593053
5280 2000 5300 2000 593053
1700 5000 1720 5000 593053
5280 5000 5300 5000 593053
2000 1720 2000 1740 840550
2000 5260 2000 5280 840550
5000 1720 5000 1740 840550
5000 5260 5000 5280 840550
1720 2000 1740 2000 840550
5260 2000 5280 2000 840550
1720 5000 1740 5000 840550
5260 5000 5280 5000 840550
2000 1740 2000 1760 780755
2000 5240 2000 5260 780755
5000 1740 5000 1760 780755
5000 5240 5000 5260 780755
1740 2000 1760 2000 780755
5240 2000 5260 2000 780755
1740 5000 1760 5000 780755
5240 5000 5260 5000 780755
2000 1760 2000 1780 760287
2000 5220 2000 5240 760287
5000 1760 5000 1780 760287
5000 5220 5000 5240 760287
1760 2000 1780 2000 760287
5220 2000 5240 2000 760287
1760 5000 1780 5000 760287
5220 5000 5240 5000 760287
2000 1780 2000 1800 683902
2000 5200 2000 5220 683902
5000 1780 5000 1800 683902
5000 5200 5000 5220 683902
1780 2000 1800 2000 683902
5200 2000 5220 2000 683902
1780 5000 1800 5000 683902
5200 5000 5220 5000 683902
2000 1800 2000 1820 921874
2000 5180 2000 5200 921874
5000 1800 5000 1820 921874
5000 5180 5000 5200 921874
1800 2000 1820 2000 921874
5180 2000 5200 2000 921874
1800 5000 1820 5000 921874
5180 5000 5200 5000 921874
2000 1820 2000 1840 929042
2000 5160 2000 5180 929042
5000 1820 5000 1840 929042
5000 5160 5000 5180 929042
1820 2000 1840 2000 929042
5160 2000 5180 2000 929042
1820 5000 1840 5000 929042
5160 5000 5180 5000 929042
2000 1840 2000 1860 453858
2000 5140 2000 5160 453858
5000 1840 5000 1860 453858
5000 5140 5000 5160 453858
1840 2000 1860 2000 453858
5140 2000 5160 2000 453858
1840 5000 1860 5000 453858
5140 5000 5160 5000 453858
2000 1860 2000 1880 644863
2000 5120 2000 5140 644863
5000 1860 5000 1880 644863
5000 5120 5000 5140 644863
1860 2000 1880 2000 644863
5120 2000 5140 2000 644863
1860 5000 1880 5000 644863
5120 5000 5140 5000 644863
2000 1880 2000 1900 676511
2000 5100 2000 5120 676511
5000 1880 5000 1900 676511
5000 5100 5000 5120 676511
1880 2000 1900 2000 676511
5100 2000 5120 2000 676511
1880 5000 1900 5000 676511
5100 5000 5120 5000 676511
2000 1900 2000 1920 745270
2000 5080 2000 5100 745270
5000 1900 5000 1920 745270
5000 5080 5000 5100 745270
1900 2000 1920 2000 745270
5080 2000 5100 2000 745270
1900 5000 1920 5000 745270
5080 5000 5100 5000 745270
2000 1920 2000 1940 773898
2000 5060 2000 5080 773898
5000 1920 5000 1940 773898
5000 5060 5000 5080 773898
1920 2000 1940 2000 773898
5060 2000 5080 2000 773898
1920 5000 1940 5000 773898
5060 5000 5080 5000 773898
2000 1940 2000 1960 913253
2000 5040 2000 5060 913253
5000 1940 5000 1960 913253
5000 5040 5000 5060 913253
1940 2000 1960 2000 913253
5040 2000 5060 2000 913253
1940 5000 1960 5000 913253
5040 5000 5060 5000 913253
2000 1960 2000 1980 772947
2000 5020 2000 5040 772947
5000 1960 5000 1980 772947
5000 5020 5000 5040 772947
1960 2000 1980 2000 772947
5020 2000 5040 2000 772947
1960 5000 1980 5000 772947
5020 5000 5040 5000 772947
2000 1980 2000 2000 908039
2000 5000 2000 5020 908039
5000 1980 5000 2000 908039
5000 5000 5000 5020 908039
1980 2000 2000 2000 908039
5000 2000 5020 2000 908039
1980 5000 2000 5000 908039
5000 5000 5020 5000 908039
2000 2000 2000 2020 203006
2000 4980 2000 5000 203006
5000 2000 5000 2020 203006
5000 4980 5000 5000 203006
2000 2000 2020 2000 203006
4980 2000 5000 2000 203006
2000 5000 2020 5000 203006
4980 5000 5000 5000 203006
2000 2020 2000 2040 317886
2000 4960 2000 4980 317886
5000 2020 5000 2040 317886
5000 4960 5000 4980 317886
2020 2000 2040 2000 317886
4960 2000 4980 2000 317886
2020 5000 2040 5000 317886
4960 5000 4980 5000 317886
2000 2040 2000 2060 348081
2000 4940 2000 4960 348081
5000 2040 5000 2060 348081
5000 4940 5000 4960 348081
2040 2000 2060 2000 348081
4940 2000 4960 2000 348081
2040 5000 2060 5000 348081
4940 5000 4960 5000 348081
2000 2060 2000 2080 254631
2000 4920 2000 4940 254631
5000 2060 5000 2080 254631
5000 4920 5000 4940 254631
2060 2000 2080 2000 254631
4920 2000 4940 2000 254631
2060 5000 2080 5000 254631
4920 5000 4940 5000 254631
2000 2080 2000 2100 295418
2000 4900 2000 4920 295418
5000 2080 5000 2100 295418
5000 4900 5000 4920 295418
2080 2000 2100 2000 295418
4900 2000 4920 2000 295418
2080 5000 2100 5000 295418
4900 5000 4920 5000 295418
2000 2100 2000 2120 364554
2000 4880 2000 4900 364554
5000 2100 5000 2120 364554
5000 4880 5000 4900 364554
2100 2000 2120 2000 364554
4880 2000 4900 2000 364554
2100 5000 2120 5000 364554
4880 5000 4900 5000 364554
2000 2120 2000 2140 329047
2000 4860 2000 4880 329047
5000 2120 5000 2140 329047
5000 4860 5000 4880 329047
2120 2000 2140 2000 329047
4860 2000 4880 2000 329047
2120 5000 2140 5000 329047
4860 5000 4880 5000 329047
2000 2140 2000 2160 425524
2000 4840 2000 4860 425524
5000 2140 5000 2160 425524
5000 4840 5000 4860 425524
2140 2000 2160 2000 425524
4840 2000 4860 2000 425524
2140 5000 2160 5000 425524
4840 5000 4860 5000 425524
2000 2160 2000 2180 414275
2000 4820 2000 4840 414275
5000 2160 5000 2180 414275
5000 4820 5000 4840 414275
2160 2000 2180 2000 414275
4820 2000 4840 2000 414275
2160 5000 2180 5000 414275
4820 5000 4840 5000 414275
2000 2180 2000 2200 397795
2000 4800 2000 4820 397795
5000 2180 5000 2200 397795
5000 4800 5000 4820 397795
2180 2000 2200 2000 397795
4800 2000 4820 2000 397795
2180 5000 2200 5000 397795
4800 5000 4820 5000 397795
2000 2200 2000 2220 452168
2000 4780 2000 4800 452168
5000 2200 5000 2220 452168
5000 4780 5000 4800 452168
2200 2000 2220 2000 452168
4780 2000 4800 2000 452168
2200 5000 2220 5000 452168
4780 5000 4800 5000 452168
2000 2220 2000 2240 499974
2000 4760 2000 4780 499974
5000 2220 5000 2240 499974
5000 4760 5000 4780 499974
2220 2000 2240 2000 499974
4760 2000 4780 2000 499974
2220 5000 2240 5000 499974
4760 5000 4780 5000 499974
2000 2240 2000 2260 588490
2000 4740 2000 4760 588490
5000 2240 5000 2260 588490
5000 4740 5000 4760 588490
2240 2000 2260 2000 588490
4740 2000 4760 2000 588490
2240 5000 2260 5000 588490
4740 5000 4760 5000 588490
2000 2260 2000 2280 554746
2000 4720 2000 4740 554746
5000 2260 5000 2280 554746
5000 4720 5000 4740 554746
2260 2000 2280 2000 554746
4720 2000 4740 2000 554746
2260 5000 2280 5000 554746
4720 5000 4740 5000 554746
2000 2280 2000 2300 581519
2000 4700 2000 4720 581519
5000 2280 5000 2300 581519
5000 4700 5000 4720 581519
2280 2000 2300 2000 581519
4700 2000 4720 2000 581519
2280 5000 2300 5000 581519
4700 5000 4720 5000 581519
2000 2300 2000 2320 764234
2000 4680 2000 4700 764234
5000 2300 5000 2320 764234
5000 4680 5000 4700 764234
2300 2000 2320 2000 764234
4680 2000 4700 2000 764234
2300 5000 2320 5000 764234
4680 5000 4700 5000 764234
2000 2320 2000 2340 808226
2000 4660 2000 4680 808226
5000 2320 5000 2340 808226
5000 4660 5000 4680 808226
2320 2000 2340 2000 808226
4660 2000 4680 2000 808226
2320 5000 2340 5000 808226
4660 5000 4680 5000 808226
2000 2340 2000 2360 764234
2000 4640 2000 4660 764234
5000 2340 5000 2360 764234
5000 4640 5000 4660 764234
2340 2000 2360 2000 764234
4640 2000 4660 2000 764234
2340 5000 2360 5000 764234
4640 5000 4660 5000 764234
2000 2360 2000 2380 777130
2000 4620 2000 4640 777130
5000 2360 5000 2380 777130
5000 4620 5000 4640 777130
2360 2000 2380 2000 777130
4620 2000 4640 2000 777130
2360 5000 2380 5000 777130
4620 5000 4640 5000 777130
2000 2380 2000 2400 647849
2000 4600 2000 4620 647849
5000 2380 5000 2400 647849
5000 4600 5000 4620 647849
2380 2000 2400 2000 647849
4600 2000 4620 2000 647849
2380 5000 2400 5000 647849
4600 5000 4620 5000 647849
2000 2400 2000 2420 699016
2000 4580 2000 4600 699016
5000 2400 5000 2420 699016
5000 4580 5000 4600 699016
2400 2000 2420 2000 699016
4580 2000 4600 2000 699016
2400 5000 2420 5000 699016
4580 5000 4600 5000 699016
2000 2420 2000 2440 893667
2000 4560 2000 4580 893667
5000 2420 5000 2440 893667
5000 4560 5000 4580 893667
2420 2000 2440 2000 893667
4560 2000 4580 2000 893667
2420 5000 2440 5000 893667
4560 5000 4580 5000 893667
2000 2440 2000 2460 806751
2000 4540 2000 4560 806751
5000 2440 5000 2460 806751
5000 4540 5000 4560 806751
2440 2000 2460 2000 806751
4540 2000 4560 2000 806751
2440 5000 2460 5000 806751
4540 5000 4560 5000 806751
2000 2460 2000 2480 961094
2000 4520 2000 4540 961094
5000 2460 5000 2480 961094
5000 4520 5000 4540 961094
2460 2000 2480 2000 961094
4520 2000 4540 2000 961094
2460 5000 2480 5000 961094
4520 5000 4540 5000 961094
2000 2480 2000 2500 872049
2000 4500 2000 4520 872049
5000 2480 5000 2500 872049
5000 4500 5000 4520 872049
2480 2000 2500 2000 872049
4500 2000 4520 2000 872049
2480 5000 2500 5000 872049
4500 5000 4520 5000 872049
2000 2500 2000 2520 929196
2000 4480 2000 4500 929196
5000 2500 5000 2520 929196
5000 4480 5000 4500 929196
2500 2000 2520 2000 929196
4480 2000 4500 2000 929196
2500 5000 2520 5000 929196
4480 5000 4500 5000 929196
2000 2520 2000 2540 817431
2000 4460 2000 4480 817431
5000 2520 5000 2540 817431
5000 4460 5000 4480 817431
2520 2000 2540 2000 817431
4460 2000 4480 2000 817431
2520 5000 2540 5000 817431
4460 5000 4480 5000 817431
2000 2540 2000 2560 955144
2000 4440 2000 4460 955144
5000 2540 5000 2560 955144
5000 4440 5000 4460 955144
2540 2000 2560 2000 955144
4440 2000 4460 2000 955144
2540 5000 2560 5000 955144
4440 5000 4460 5000 955144
2000 2560 2000 2580 1100210
2000 4420 2000 4440 1100210
5000 2560 5000 2580 1100210
5000 4420 5000 4440 1100210
2560 2000 2580 2000 1100210
4420 2000 4440 2000 1100210
2560 5000 2580 5000 1100210
4420 5000 4440 5000 1100210
2000 2580 2000 2600 933333
2000 4400 2000 4420 933333
5000 2580 5000 2600 933333
5000 4400 5000 4420 933333
2580 2000 2600 2000 933333
4400 2000 4420 2000 933333
2580 5000 2600 5000 933333
4400 5000 4420 5000 933333
2000 2600 2000 2620 936460
2000 4380 2000 4400 936460
5000 2600 5000 2620 936460
5000 4380 5000 4400 936460
2600 2000 2620 2000 936460
4380 2000 4400 2000 936460
2600 5000 2620 5000 936460
4380 5000 4400 5000 936460
2000 2620 2000 2640 830830
2000 4360 2000 4380 830830
5000 2620 5000 2640 830830
5000 4360 5000 4380 830830
2620 2000 2640 2000 830830
4360 2000 4380 2000 830830
2620 5000 2640 5000 830830
4360 5000 4380 5000 830830
2000 2640 2000 2660 852631
2000 4340 2000 4360 852631
5000 2640 5000 2660 852631
5000 4340 5000 4360 852631
2640 2000 2660 2000 852631
4340 2000 4360 2000 852631
2640 5000 2660 5000 852631
4340 5000 4360 5000 852631
2000 2660 2000 2680 868966
2000 4320 2000 4340 868966
5000 2660 5000 2680 868966
5000 4320 5000 4340 868966
2660 2000 2680 2000 868966
4320 2000 4340 2000 868966
2660 5000 2680 5000 868966
4320 5000 4340 5000 868966
2000 2680 2000 2700 1159153
2000 4300 2000 4320 1159153
5000 2680 5000 2700 1159153
5000 4300 5000 4320 1159153
2680 2000 2700 2000 1159153
4300 2000 4320 2000 1159153
2680 5000 2700 5000 1159153
4300 5000 4320 5000 1159153
2000 2700 2000 2720 813932
2000 4280 2000 4300 813932
5000 2700 5000 2720 813932
5000 4280 5000 4300 813932
2700 2000 2720 2000 813932
4280 2000 4300 2000 813932
2700 5000 2720 5000 813932
4280 5000 4300 5000 813932
2000 2720 2000 2740 1205037
2000 4260 2000 4280 1205037
5000 2720 5000 2740 1205037
5000 4260 5000 4280 1205037
2720 2000 2740 2000 1205037
4260 2000 4280 2000 1205037
2720 5000 2740 5000 1205037
4260 5000 4280 5000 1205037
2000 2740 2000 2760 606010
2000 4240 2000 4260 606010
5000 2740 5000 2760 606010
5000 4240 5000 4260 606010
2740 2000 2760 2000 606010
4240 2000 4260 2000 606010
2740 5000 2760 5000 606010
4240 5000 4260 5000 606010
2000 2760 2000 2780 745811
2000 4220 2000 4240 745811
5000 2760 5000 2780 745811
5000 4220 5000 4240 745811
2760 2000 2780 2000 745811
4220 2000 4240 2000 745811
2760 5000 2780 5000 745811
4220 5000 4240 5000 745811
2000 2780 2000 2800 738009
2000 4200 2000 4220 738009
5000 2780 5000 2800 738009
5000 4200 5000 4220 738009
2780 2000 2800 2000 738009
4200 2000 4220 2000 738009
2780 5000 2800 5000 738009
4200 5000 4220 5000 738009
2000 2800 2000 2820 459862
2000 4180 2000 4200 459862
5000 2800 5000 2820 459862
5000 4180 5000 4200 459862
2800 2000 2820 2000 459862
4180 2000 4200 2000 459862
2800 5000 2820 5000 459862
4180 5000 4200 5000 459862
2000 2820 2000 2840 484971
2000 4160 2000 4180 484971
5000 2820 5000 2840 484971
5000 4160 5000 4180 484971
2820 2000 2840 2000 484971
4160 2000 4180 2000 484971
2820 5000 2840 5000 484971
4160 5000 4180 5000 484971
2000 2840 2000 2860 339439
2000 4140 2000 4160 339439
5000 2840 5000 2860 339439
5000 4140 5000 4160 339439
2840 2000 2860 2000 339439
4140 2000 4160 2000 339439
2840 5000 2860 5000 339439
4140 5000 4160 5000 339439
2000 2860 2000 2880 420256
2000 4120 2000 4140 420256
5000 2860 5000 2880 420256
5000 4120 5000 4140 420256
2860 2000 2880 2000 420256
4120 2000 4140 2000 420256
2860 5000 2880 5000 420256
4120 5000 4140 5000 420256
2000 2880 2000 2900 406552
2000 4100 2000 4120 406552
5000 2880 5000 2900 406552
5000 4100 5000 4120 406552
2880 2000 2900 2000 406552
4100 2000 4120 2000 406552
2880 5000 2900 5000 406552
4100 5000 4120 5000 406552
2000 2900 2000 2920 358618
2000 4080 2000 4100 358618
5000 2900 5000 2920 358618
5000 4080 5000 4100 358618
2900 2000 2920 2000 358618
4080 2000 4100 2000 358618
2900 5000 2920 5000 358618
4080 5000 4100 5000 358618
2000 2920 2000 2940 354297
2000 4060 2000 4080 354297
5000 2920 5000 2940 354297
5000 4060 5000 4080 354297
2920 2000 2940 2000 354297
4060 2000 4080 2000 354297
2920 5000 2940 5000 354297
4060 5000 4080 5000 354297
2000 2940 2000 2960 468758
2000 4040 2000 4060 468758
5000 2940 5000 2960 468758
5000 4040 5000 4060 468758
2940 2000 2960 2000 468758
4040 2000 4060 2000 468758
2940 5000 2960 5000 468758
4040 5000 4060 5000 468758
2000 2960 2000 2980 412279
2000 4020 2000 4040 412279
5000 2960 5000 2980 412279
5000 4020 5000 4040 412279
2960 2000 2980 2000 412279
4020 2000 4040 2000 412279
2960 5000 2980 5000 412279
4020 5000 4040 5000 412279
2000 2980 2000 3000 460456
2000 4000 2000 4020 460456
5000 2980 5000 3000 460456
5000 4000 5000 4020 460456
2980 2000 3000 2000 460456
4000 2000 4020 2000 460456
2980 5000 3000 5000 460456
4000 5000 4020 5000 460456
2000 3000 2000 3020 130688
2000 3980 2000 4000 130688
5000 3000 5000 3020 130688
5000 3980 5000 4000 130688
3000 2000 3020 2000 130688
3980 2000 4000 2000 130688
3000 5000 3020 5000 130688
3980 5000 4000 5000 130688
2000 3020 2000 3040 421262
2000 3960 2000 3980 421262
5000 3020 5000 3040 421262
5000 3960 5000 3980 421262
3020 2000 3040 2000 421262
3960 2000 3980 2000 421262
3020 5000 3040 5000 421262
3960 5000 3980 5000 421262
2000 3040 2000 3060 371508
2000 3940 2000 3960 371508
5000 3040 5000 3060 371508
5000 3940 5000 3960 371508
3040 2000 3060 2000 371508
3940 2000 3960 2000 371508
3040 5000 3060 5000 371508
3940 5000 3960 5000 371508
2000 3060 2000 3080 255878
2000 3920 2000 3940 255878
5000 3060 5000 3080 255878
5000 3920 5000 3940 255878
3060 2000 3080 2000 255878
3920 2000 3940 2000 255878
3060 5000 3080 5000 255878
3920 5000 3940 5000 255878
2000 3080 2000 3100 292060
2000 3900 2000 3920 292060
5000 3080 5000 3100 292060
5000 3900 5000 3920 292060
3080 2000 3100 2000 292060
3900 2000 3920 2000 292060
3080 5000 3100 5000 292060
3900 5000 3920 5000 292060
2000 3100 2000 3120 334867
2000 3880 2000 3900 334867
5000 3100 5000 3120 334867
5000 3880 5000 3900 334867
3100 2000 3120 2000 334867
3880 2000 3900 2000 334867
3100 5000 3120 5000 334867
3880 5000 3900 5000 334867
2000 3120 2000 3140 428018
2000 3860 2000 3880 428018
5000 3120 5000 3140 428018
5000 3860 5000 3880 428018
3120 2000 3140 2000 428018
3860 2000 3880 2000 428018
3120 5000 3140 5000 428018
3860 5000 3880 5000 428018
2000 3140 2000 3160 401834
2000 3840 2000 3860 401834
5000 3140 5000 3160 401834
5000 3840 5000 3860 401834
3140 2000 3160 2000 401834
3840 2000 3860 2000 401834
3140 5000 3160 5000 401834
3840 5000 3860 5000 401834
2000 3160 2000 3180 536315
2000 3820 2000 3840 536315
5000 3160 5000 3180 536315
5000 3820 5000 3840 536315
3160 2000 3180 2000 536315
3820 2000 3840 2000 536315
3160 5000 3180 5000 536315
3820 5000 3840 5000 536315
2000 3180 2000 3200 704515
2000 3800 2000 3820 704515
5000 3180 5000 3200 704515
5000 3800 5000 3820 704515
3180 2000 3200 2000 704515
3800 2000 3820 2000 704515
3180 5000 3200 5000 704515
3800 5000 3820 5000 704515
2000 3200 2000 3220 645086
2000 3780 2000 3800 645086
5000 3200 5000 3220 645086
5000 3780 5000 3800 645086
3200 2000 3220 2000 645086
3780 2000 3800 2000 645086
3200 5000 3220 5000 645086
3780 5000 3800 5000 645086
2000 3220 2000 3240 787824
2000 3760 2000 3780 787824
5000 3220 5000 3240 787824
5000 3760 5000 3780 787824
3220 2000 3240 2000 787824
3760 2000 3780 2000 787824
3220 5000 3240 5000 787824
3760 5000 3780 5000 787824
2000 3240 2000 3260 600756
2000 3740 2000 3760 600756
5000 3240 5000 3260 600756
5000 3740 5000 3760 600756
3240 2000 3260 2000 600756
3740 2000 3760 2000 600756
3240 5000 3260 5000 600756
3740 5000 3760 5000 600756
2000 3260 2000 3280 693141
2000 3720 2000 3740 693141
5000 3260 5000 3280 693141
5000 3720 5000 3740 693141
3260 2000 3280 2000 693141
3720 2000 3740 2000 693141
3260 5000 3280 5000 693141
3720 5000 3740 5000 693141
2000 3280 2000 3300 824199
2000 3700 2000 3720 824199
5000 3280 5000 3300 824199
5000 3700 5000 3720 824199
3280 2000 3300 2000 824199
3700 2000 3720 2000 824199
3280 5000 3300 5000 824199
3700 5000 3720 5000 824199
2000 3300 2000 3320 788820
2000 3680 2000 3700 788820
5000 3300 5000 3320 788820
5000 3680 5000 3700 788820
3300 2000 3320 2000 788820
3680 2000 3700 2000 788820
3300 5000 3320 5000 788820
3680 5000 3700 5000 788820
2000 3320 2000 3340 694085
2000 3660 2000 3680 694085
5000 3320 5000 3340 694085
5000 3660 5000 3680 694085
3320 2000 3340 2000 694085
3660 2000 3680 2000 694085
3320 5000 3340 5000 694085
3660 5000 3680 5000 694085
2000 3340 2000 3360 876129
2000 3640 2000 3660 876129
5000 3340 5000 3360 876129
5000 3640 5000 3660 876129
3340 2000 3360 2000 876129
3640 2000 3660 2000 876129
3340 5000 3360 5000 876129
3640 5000 3660 5000 876129
2000 3360 2000 3380 1016429
2000 3620 2000 3640 1016429
5000 3360 5000 3380 1016429
5000 3620 5000 3640 1016429
3360 2000 3380 2000 1016429
3620 2000 3640 2000 1016429
3360 5000 3380 5000 1016429
3620 5000 3640 5000 1016429
2000 3380 2000 3400 731686
2000 3600 2000 3620 731686
5000 3380 5000 3400 731686
5000 3600 5000 3620 731686
3380 2000 3400 2000 731686
3600 2000 3620 2000 731686
3380 5000 3400 5000 731686
3600 5000 3620 5000 731686
2000 3400 2000 3420 854162
2000 3580 2000 3600 854162
5000 3400 5000 3420 854162
5000 3580 5000 3600 854162
3400 2000 3420 2000 854162
3580 2000 3600 2000 854162
3400 5000 3420 5000 854162
3580 5000 3600 5000 854162
2000 3420 2000 3440 854790
2000 3560 2000 3580 854790
5000 3420 5000 3440 854790
5000 3560 5000 3580 854790
3420 2000 3440 2000 854790
3560 2000 3580 2000 854790
3420 5000 3440 5000 854790
3560 5000 3580 5000 854790
2000 3440 2000 3460 951844
2000 3540 2000 3560 951844
5000 3440 5000 3460 951844
5000 3540 5000 3560 951844
3440 2000 3460 2000 951844
3540 2000 3560 2000 951844
3440 5000 3460 5000 951844
3540 5000 3560 5000 951844
2000 3460 2000 3480 989505
2000 3520 2000 3540 989505
5000 3460 5000 3480 989505
5000 3520 5000 3540 989505
3460 2000 3480 2000 989505
3520 2000 3540 2000 989505
3460 5000 3480 5000 989505
3520 5000 3540 5000 989505
2000 3480 2000 3500 924896
2000 3500 2000 3520 924896
5000 3480 5000 3500 924896
5000 3500 5000 3520 924896
3480 2000 3500 2000 924896
3500 2000 3520 2000 924896
3480 5000 3500 5000 924896
3500 5000 3520 5000 924896
3000 300 3000 320 101349
3000 6680 3000 6700 101349
4000 300 4000 320 101349
4000 6680 4000 6700 101349
300 3000 320 3000 101349
6680 3000 6700 3000 101349
300 4000 320 4000 101349
6680 4000 6700 4000 101349
3000 320 3000 340 76017
3000 6660 3000 6680 76017
4000 320 4000 340 76017
4000 6660 4000 6680 76017
320 3000 340 3000 76017
6660 3000 6680 3000 76017
320 4000 340 4000 76017
6660 4000 6680 4000 76017
3000 340 3000 360 66433
3000 6640 3000 6660 66433
4000 340 4000 360 66433
4000 6640 4000 6660 66433
340 3000 360 3000 66433
6640 3000 6660 3000 66433
340 4000 360 4000 66433
6640 4000 6660 4000 66433
3000 360 3000 380 202165
3000 6620 3000 6640 202165
4000 360 4000 380 202165
4000 6620 4000 6640 202165
360 3000 380 3000 202165
6620 3000 6640 3000 202165
360 4000 380 4000 202165
6620 4000 6640 4000 202165
3000 380 3000 400 269
3000 6600 3000 6620 269
4000 380 4000 400 269
4000 6600 4000 6620 269
380 3000 400 3000 269
6600 3000 6620 3000 269
380 4000 400 4000 269
6600 4000 6620 4000 269
3000 400 3000 420 241862
3000 6580 3000 6600 241862
4000 400 4000 420 241862
4000 6580 4000 6600 241862
400 3000 420 3000 241862
6580 3000 6600 3000 241862
400 4000 420 4000 241862
6580 4000 6600 4000 241862
3000 420 3000 440 2759
3000 6560 3000 6580 2759
4000 420 4000 440 2759
4000 6560 4000 6580 2759
420 3000 440 3000 2759
6560 3000 6580 3000 2759
420 4000 440 4000 2759
6560 4000 6580 4000 2759
3000 440 3000 460 130059
3000 6540 3000 6560 130059
4000 440 4000 460 130059
4000 6540 4000 6560 130059
440 3000 460 3000 130059
6540 3000 6560 3000 130059
440 4000 460 4000 130059
6540 4000 6560 4000 130059
3000 460 3000 480 240484
3000 6520 3000 6540 240484
4000 460 4000 480 240484
4000 6520 4000 6540 240484
460 3000 480 3000 240484
6520 3000 6540 3000 240484
460 4000 480 4000 240484
6520 4000 6540 4000 240484
3000 480 3000 500 287027
3000 6500 3000 6520 287027
4000 480 4000 500 287027
4000 6500 4000 6520 287027
480 3000 500 3000 287027
6500 3000 6520 3000 287027
480 4000 500 4000 287027
6500 4000 6520 4000 287027
3000 500 3000 520 734744
3000 6480 3000 6500 734744
4000 500 4000 520 734744
4000 6480 4000 6500 734744
500 3000 520 3000 734744
6480 3000 6500 3000 734744
500 4000 520 4000 734744
6480 4000 6500 4000 734744
3000 520 3000 540 1133466
3000 6460 3000 6480 1133466
4000 520 4000 540 1133466
4000 6460 4000 6480 1133466
520 3000 540 3000 1133466
6460 3000 6480 3000 1133466
520 4000 540 4000 1133466
6460 4000 6480 4000 1133466
3000 540 3000 560 1759662
3000 6440 3000 6460 1759662
4000 540 4000 560 1759662
4000 6440 4000 6460 1759662
540 3000 560 3000 1759662
6440 3000 6460 3000 1759662
540 4000 560 4000 1759662
6440 4000 6460 4000 1759662
3000 560 3000 580 494851
3000 6420 3000 6440 494851
4000 560 4000 580 494851
4000 6420 4000 6440 494851
560 3000 580 3000 494851
6420 3000 6440 3000 494851
560 4000 580 4000 494851
6420 4000 6440 4000 494851
3000 580 3000 600 1184687
3000 6400 3000 6420 1184687
4000 580 4000 600 1184687
4000 6400 4000 6420 1184687
580 3000 600 3000 1184687
6400 3000 6420 3000 1184687
580 4000 600 4000 1184687
6400 4000 6420 4000 1184687
3000 600 3000 620 1016950
3000 6380 3000 6400 1016950
4000 600 4000 620 1016950
4000 6380 4000 6400 1016950
600 3000 620 3000 1016950
6380 3000 6400 3000 1016950
600 4000 620 4000 1016950
6380 4000 6400 4000 1016950
3000 620 3000 640 798203
3000 6360 3000 6380 798203
4000 620 4000 640 798203
4000 6360 4000 6380 798203
620 3000 640 3000 798203
6360 3000 6380 3000 798203
620 4000 640 4000 798203
6360 4000 6380 4000 798203
3000 640 3000 660 1799052
3000 6340 3000 6360 1799052
4000 640 4000 660 1799052
4000 6340 4000 6360 1799052
640 3000 660 3000 1799052
6340 3000 6360 3000 1799052
640 4000 660 4000 1799052
6340 4000 6360 4000 1799052
3000 660 3000 680 718707
3000 6320 3000 6340 718707
4000 660 4000 680 718707
4000 6320 4000 6340 718707
660 3000 680 3000 718707
6320 3000 6340 3000 718707
660 4000 680 4000 718707
6320 4000 6340 4000 718707
3000 680 3000 700 1299669
3000 6300 3000 6320 1299669
4000 680 4000 700 1299669
4000 6300 4000 6320 1299669
680 3000 700 3000 1299669
6300 3000 6320 3000 1299669
680 4000 700 4000 1299669
6300 4000 6320 4000 1299669
3000 700 3000 720 1748120
3000 6280 3000 6300 1748120
4000 700 4000 720 1748120
4000 6280 4000 6300 1748120
700 3000 720 3000 1748120
6280 3000 6300 3000 1748120
700 4000 720 4000 1748120
6280 4000 6300 4000 1748120
3000 720 3000 740 1421997
3000 6260 3000 6280 1421997
4000 720 4000 740 1421997
4000 6260 4000 6280 1421997
720 3000 740 3000 1421997
6260 3000 6280 3000 1421997
720 4000 740 4000 1421997
6260 4000 6280 4000 1421997
3000 740 3000 760 2084489
3000 6240 3000 6260 2084489
4000 740 4000 760 2084489
4000 6240 4000 6260 2084489
740 3000 760 3000 2084489
6240 3000 6260 3000 2084489
740 4000 760 4000 2084489
6240 4000 6260 4000 2084489
3000 760 3000 780 2715717
3000 6220 3000 6240 2715717
4000 760 4000 780 2715717
4000 6220 4000 6240 2715717
760 3000 780 3000 2715717
6220 3000 6240 3000 2715717
760 4000 780 4000 2715717
6220 4000 6240 4000 2715717
3000 780 3000 800 751004
3000 6200 3000 6220 751004
4000 780 4000 800 751004
4000 6200 4000 6220 751004
780 3000 800 3000 751004
6200 3000 6220 3000 751004
780 4000 800 4000 751004
6200 4000 6220 4000 751004
3000 800 3000 820 2411868
3000 6180 3000 6200 2411868
4000 800 4000 820 2411868
4000 6180 4000 6200 2411868
800 3000 820 3000 2411868
6180 3000 6200 3000 2411868
800 4000 820 4000 2411868
6180 4000 6200 4000 2411868
3000 820 3000 840 581358
3000 6160 3000 6180 581358
4000 820 4000 840 581358
4000 6160 4000 6180 581358
820 3000 840 3000 581358
6160 3000 6180 3000 581358
820 4000 840 4000 581358
6160 4000 6180 4000 581358
3000 840 3000 860 3160615
3000 6140 3000 6160 3160615
4000 840 4000 860 3160615
4000 6140 4000 6160 3160615
840 3000 860 3000 3160615
6140 3000 6160 3000 3160615
840 4000 860 4000 3160615
6140 4000 6160 4000 3160615
3000 860 3000 880 916737
3000 6120 3000 6140 916737
4000 860 4000 880 916737
4000 6120 4000 6140 916737
860 3000 880 3000 916737
6120 3000 6140 3000 916737
860 4000 880 4000 916737
6120 4000 6140 4000 916737
3000 880 3000 900 4537886
3000 6100 3000 6120 4537886
4000 880 4000 900 4537886
4000 6100 4000 6120 4537886
880 3000 900 3000 4537886
6100 3000 6120 3000 4537886
880 4000 900 4000 4537886
6100 4000 6120 4000 4537886
3000 900 3000 920 2095386
3000 6080 3000 6100 2095386
4000 900 4000 920 2095386
4000 6080 4000 6100 2095386
900 3000 920 3000 2095386
6080 3000 6100 3000 2095386
900 4000 920 4000 2095386
6080 4000 6100 4000 2095386
3000 920 3000 940 1043927
3000 6060 3000 6080 1043927
4000 920 4000 940 1043927
4000 6060 4000 6080 1043927
920 3000 940 3000 1043927
6060 3000 6080 3000 1043927
920 4000 940 4000 1043927
6060 4000 6080 4000 1043927
3000 940 3000 960 4178099
3000 6040 3000 6060 4178099
4000 940 4000 960 4178099
4000 6040 4000 6060 4178099
940 3000 960 3000 4178099
6040 3000 6060 3000 4178099
940 4000 960 4000 4178099
6040 4000 6060 4000 4178099
3000 960 3000 980 327134
3000 6020 3000 6040 327134
4000 960 4000 980 327134
4000 6020 4000 6040 327134
960 3000 980 3000 327134
6020 3000 6040 3000 327134
960 4000 980 4000 327134
6020 4000 6040 4000 327134
3000 980 3000 1000 9730382
3000 6000 3000 6020 9730382
4000 980 4000 1000 9730382
4000 6000 4000 6020 9730382
980 3000 1000 3000 9730382
6000 3000 6020 3000 9730382
980 4000 1000 4000 9730382
6000 4000 6020 4000 9730382
3000 1020 3000 1040 90152
3000 5960 3000 5980 90152
4000 1020 4000 1040 90152
4000 5960 4000 5980 90152
1020 3000 1040 3000 90152
5960 3000 5980 3000 90152
1020 4000 1040 4000 90152
5960 4000 5980 4000 90152
3000 1040 3000 1060 151429
3000 5940 3000 5960 151429
4000 1040 4000 1060 151429
4000 5940 4000 5960 151429
1040 3000 1060 3000 151429
5940 3000 5960 3000 151429
1040 4000 1060 4000 151429
5940 4000 5960 4000 151429
3000 1060 3000 1080 166247
3000 5920 3000 5940 166247
4000 1060 4000 1080 166247
4000 5920 4000 5940 166247
1060 3000 1080 3000 166247
5920 3000 5940 3000 166247
1060 4000 1080 4000 166247
5920 4000 5940 4000 166247
3000 1080 3000 1100 197018
3000 5900 3000 5920 197018
4000 1080 4000 1100 197018
4000 5900 4000 5920 197018
1080 3000 1100 3000 197018
5900 3000 5920 3000 197018
1080 4000 1100 4000 197018
5900 4000 5920 4000 197018
3000 1100 3000 1120 306612
3000 5880 3000 5900 306612
4000 1100 4000 1120 306612
4000 5880 4000 5900 306612
1100 3000 1120 3000 306612
5880 3000 5900 3000 306612
1100 4000 1120 4000 306612
5880 4000 5900 4000 306612
3000 1120 3000 1140 319927
3000 5860 3000 5880 319927
4000 1120 4000 1140 319927
4000 5860 4000 5880 319927
1120 3000 1140 3000 319927
5860 3000 5880 3000 319927
1120 4000 1140 4000 319927
5860 4000 5880 4000 319927
3000 1140 3000 1160 249885
3000 5840 3000 5860 249885
4000 1140 4000 1160 249885
4000 5840 4000 5860 249885
1140 3000 1160 3000 249885
5840 3000 5860 3000 249885
1140 4000 1160 4000 249885
5840 4000 5860 4000 249885
3000 1160 3000 1180 375038
3000 5820 3000 5840 375038
4000 1160 4000 1180 375038
4000 5820 4000 5840 375038
1160 3000 1180 3000 375038
5820 3000 5840 3000 375038
1160 4000 1180 4000 375038
5820 4000 5840 4000 375038
3000 1180 3000 1200 238530
3000 5800 3000 5820 238530
4000 1180 4000 1200 238530
4000 5800 4000 5820 238530
1180 3000 1200 3000 238530
5800 3000 5820 3000 238530
1180 4000 1200 4000 238530
5800 4000 5820 4000 238530
3000 1200 3000 1220 473094
3000 5780 3000 5800 473094
4000 1200 4000 1220 473094
4000 5780 4000 5800 473094
1200 3000 1220 3000 473094
5780 3000 5800 3000 473094
1200 4000 1220 4000 473094
5780 4000 5800 4000 473094
3000 1220 3000 1240 472535
3000 5760 3000 5780 472535
4000 1220 4000 1240 472535
4000 5760 4000 5780 472535
1220 3000 1240 3000 472535
5760 3000 5780 3000 472535
1220 4000 1240 4000 472535
5760 4000 5780 4000 472535
3000 1240 3000 1260 794212
3000 5740 3000 5760 794212
4000 1240 4000 1260 794212
4000 5740 4000 5760 794212
1240 3000 1260 3000 794212
5740 3000 5760 3000 794212
1240 4000 1260 4000 794212
5740 4000 5760 4000 794212
3000 1260 3000 1280 755739
3000 5720 3000 5740 755739
4000 1260 4000 1280 755739
4000 5720 4000 5740 755739
1260 3000 1280 3000 755739
5720 3000 5740 3000 755739
1260 4000 1280 4000 755739
5720 4000 5740 4000 755739
3000 1280 3000 1300 779441
3000 5700 3000 5720 779441
4000 1280 4000 1300 779441
4000 5700 4000 5720 779441
1280 3000 1300 3000 779441
5700 3000 5720 3000 779441
1280 4000 1300 4000 779441
5700 4000 5720 4000 779441
3000 1300 3000 1320 1613947
3000 5680 3000 5700 1613947
4000 1300 4000 1320 1613947
4000 5680 4000 5700 1613947
1300 3000 1320 3000 1613947
5680 3000 5700 3000 1613947
1300 4000 1320 4000 1613947
5680 4000 5700 4000 1613947
3000 1320 3000 1340 982907
3000 5660 3000 5680 982907
4000 1320 4000 1340 982907
4000 5660 4000 5680 982907
1320 3000 1340 3000 982907
5660 3000 5680 3000 982907
1320 4000 1340 4000 982907
5660 4000 5680 4000 982907
3000 1340 3000 1360 1067473
3000 5640 3000 5660 1067473
4000 1340 4000 1360 1067473
4000 5640 4000 5660 1067473
1340 3000 1360 3000 1067473
5640 3000 5660 3000 1067473
1340 4000 1360 4000 1067473
5640 4000 5660 4000 1067473
3000 1360 3000 1380 992829
3000 5620 3000 5640 992829
4000 1360 4000 1380 992829
4000 5620 4000 5640 992829
1360 3000 1380 3000 992829
5620 3000 5640 3000 992829
1360 4000 1380 4000 992829
5620 4000 5640 4000 992829
3000 1380 3000 1400 755938
3000 5600 3000 5620 755938
4000 1380 4000 1400 755938
4000 5600 4000 5620 755938
1380 3000 1400 3000 755938
5600 3000 5620 3000 755938
1380 4000 1400 4000 755938
5600 4000 5620 4000 755938
3000 1400 3000 1420 816270
3000 5580 3000 5600 816270
4000 1400 4000 1420 816270
4000 5580 4000 5600 816270
1400 3000 1420 3000 816270
5580 3000 5600 3000 816270
1400 4000 1420 4000 816270
5580 4000 5600 4000 816270
3000 1420 3000 1440 754682
3000 5560 3000 5580 754682
4000 1420 4000 1440 754682
4000 5560 4000 5580 754682
1420 3000 1440 3000 754682
5560 3000 5580 3000 754682
1420 4000 1440 4000 754682
5560 4000 5580 4000 754682
3000 1440 3000 1460 1060127
3000 5540 3000 5560 1060127
4000 1440 4000 1460 1060127
4000 5540 4000 5560 1060127
1440 3000 1460 3000 1060127
5540 3000 5560 3000 1060127
1440 4000 1460 4000 1060127
5540 4000 5560 4000 1060127
3000 1460 3000 1480 730097
3000 5520 3000 5540 730097
4000 1460 4000 1480 730097
4000 5520 4000 5540 730097
1460 3000 1480 3000 730097
5520 3000 5540 3000 730097
1460 4000 1480 4000 730097
5520 4000 5540 4000 730097
3000 1480 3000 1500 1285024
3000 5500 3000 5520 1285024
4000 1480 4000 1500 1285024
4000 5500 4000 5520 1285024
1480 3000 1500 3000 1285024
5500 3000 5520 3000 1285024
1480 4000 1500 4000 1285024
5500 4000 5520 4000 1285024
3000 1500 3000 1520 557725
3000 5480 3000 5500 557725
4000 1500 4000 1520 557725
4000 5480 4000 5500 557725
1500 3000 1520 3000 557725
5480 3000 5500 3000 557725
1500 4000 1520 4000 557725
5480 4000 5500 4000 557725
3000 1520 3000 1540 905613
3000 5460 3000 5480 905613
4000 1520 4000 1540 905613
4000 5460 4000 5480 905613
1520 3000 1540 3000 905613
5460 3000 5480 3000 905613
1520 4000 1540 4000 905613
5460 4000 5480 4000 905613
3000 1540 3000 1560 991796
3000 5440 3000 5460 991796
4000 1540 4000 1560 991796
4000 5440 4000 5460 991796
1540 3000 1560 3000 991796
5440 3000 5460 3000 991796
1540 4000 1560 4000 991796
5440 4000 5460 4000 991796
3000 1560 3000 1580 949249
3000 5420 3000 5440 949249
4000 1560 4000 1580 949249
4000 5420 4000 5440 949249
1560 3000 1580 3000 949249
5420 3000 5440 3000 949249
1560 4000 1580 4000 949249
5420 4000 5440 4000 949249
3000 1580 3000 1600 1062604
3000 5400 3000 5420 1062604
4000 1580 4000 1600 1062604
4000 5400 4000 5420 1062604
1580 3000 1600 3000 1062604
5400 3000 5420 3000 1062604
1580 4000 1600 4000 1062604
5400 4000 5420 4000 1062604
3000 1600 3000 1620 1109784
3000 5380 3000 5400 1109784
4000 1600 4000 1620 1109784
4000 5380 4000 5400 1109784
1600 3000 1620 3000 1109784
5380 3000 5400 3000 1109784
1600 4000 1620 4000 1109784
5380 4000 5400 4000 1109784
3000 1620 3000 1640 1137452
3000 5360 3000 5380 1137452
4000 1620 4000 1640 1137452
4000 5360 4000 5380 1137452
1620 3000 1640 3000 1137452
5360 3000 5380 3000 1137452
1620 4000 1640 4000 1137452
5360 4000 5380 4000 1137452
3000 1640 3000 1660 1181021
3000 5340 3000 5360 1181021
4000 1640 4000 1660 1181021
4000 5340 4000 5360 1181021
1640 3000 1660 3000 1181021
5340 3000 5360 3000 1181021
1640 4000 1660 4000 1181021
5340 4000 5360 4000 1181021
3000 1660 3000 1680 945155
3000 5320 3000 5340 945155
4000 1660 4000 1680 945155
4000 5320 4000 5340 945155
1660 3000 1680 3000 945155
5320 3000 5340 3000 945155
1660 4000 1680 4000 945155
5320 4000 5340 4000 945155
3000 1680 3000 1700 1188051
3000 5300 3000 5320 1188051
4000 1680 4000 1700 1188051
4000 5300 4000 5320 1188051
1680 3000 1700 3000 1188051
5300 3000 5320 3000 1188051
1680 4000 1700 4000 1188051
5300 4000 5320 4000 1188051
3000 1700 3000 1720 591382
3000 5280 3000 5300 591382
4000 1700 4000 1720 591382
4000 5280 4000 5300 591382
1700 3000 1720 3000 591382
5280 3000 5300 3000 591382
1700 4000 1720 4000 591382
5280 4000 5300 4000 591382
3000 1720 3000 1740 841492
3000 5260 3000 5280 841492
4000 1720 4000 1740 841492
4000 5260 4000 5280 841492
1720 3000 1740 3000 841492
5260 3000 5280 3000 841492
1720 4000 1740 4000 841492
5260 4000 5280 4000 841492
3000 1740 3000 1760 585474
3000 5240 3000 5260 585474
4000 1740 4000 1760 585474
4000 5240 4000 5260 585474
1740 3000 1760 3000 585474
5240 3000 5260 3000 585474
1740 4000 1760 4000 585474
5240 4000 5260 4000 585474
3000 1760 3000 1780 763762
3000 5220 3000 5240 763762
4000 1760 4000 1780 763762
4000 5220 4000 5240 763762
1760 3000 1780 3000 763762
5220 3000 5240 3000 763762
1760 4000 1780 4000 763762
5220 4000 5240 4000 763762
3000 1780 3000 1800 876603
3000 5200 3000 5220 876603
4000 1780 4000 1800 876603
4000 5200 4000 5220 876603
1780 3000 1800 3000 876603
5200 3000 5220 3000 876603
1780 4000 1800 4000 876603
5200 4000 5220 4000 876603
3000 1800 3000 1820 659107
3000 5180 3000 5200 659107
4000 1800 4000 1820 659107
4000 5180 4000 5200 659107
1800 3000 1820 3000 659107
5180 3000 5200 3000 659107
1800 4000 1820 4000 659107
5180 4000 5200 4000 659107
3000 1820 3000 1840 729895
3000 5160 3000 5180 729895
4000 1820 4000 1840 729895
4000 5160 4000 5180 729895
1820 3000 1840 3000 729895
5160 3000 5180 3000 729895
1820 4000 1840 4000 729895
5160 4000 5180 4000 729895
3000 1840 3000 1860 596485
3000 5140 3000 5160 596485
4000 1840 4000 1860 596485
4000 5140 4000 5160 596485
1840 3000 1860 3000 596485
5140 3000 5160 3000 596485
1840 4000 1860 4000 596485
5140 4000 5160 4000 596485
3000 1860 3000 1880 644811
3000 5120 3000 5140 644811
4000 1860 4000 1880 644811
4000 5120 4000 5140 644811
1860 3000 1880 3000 644811
5120 3000 5140 3000 644811
1860 4000 1880 4000 644811
5120 4000 5140 4000 644811
3000 1880 3000 1900 662430
3000 5100 3000 5120 662430
4000 1880 4000 1900 662430
4000 5100 4000 5120 662430
1880 3000 1900 3000 662430
5100 3000 5120 3000 662430
1880 4000 1900 4000 662430
5100 4000 5120 4000 662430
3000 1900 3000 1920 764561
3000 5080 3000 5100 764561
4000 1900 4000 1920 764561
4000 5080 4000 5100 764561
1900 3000 1920 3000 764561
5080 3000 5100 3000 764561
1900 4000 1920 4000 764561
5080 4000 5100 4000 764561
3000 1920 3000 1940 585585
3000 5060 3000 5080 585585
4000 1920 4000 1940 585585
4000 5060 4000 5080 585585
1920 3000 1940 3000 585585
5060 3000 5080 3000 585585
1920 4000 1940 4000 585585
5060 4000 5080 4000 585585
3000 1940 3000 1960 624410
3000 5040 3000 5060 624410
4000 1940 4000 1960 624410
4000 5040 4000 5060 624410
1940 3000 1960 3000 624410
5040 3000 5060 3000 624410
1940 4000 1960 4000 624410
5040 4000 5060 4000 624410
3000 1960 3000 1980 726982
3000 5020 3000 5040 726982
4000 1960 4000 1980 726982
4000 5020 4000 5040 726982
1960 3000 1980 3000 726982
5020 3000 5040 3000 726982
1960 4000 1980 4000 726982
5020 4000 5040 4000 726982
3000 1980 3000 2000 1007265
3000 5000 3000 5020 1007265
4000 1980 4000 2000 1007265
4000 5000 4000 5020 1007265
1980 3000 2000 3000 1007265
5000 3000 5020 3000 1007265
1980 4000 2000 4000 1007265
5000 4000 5020 4000 1007265
3000 2000 3000 2020 199950
3000 4980 3000 5000 199950
4000 2000 4000 2020 199950
4000 4980 4000 5000 199950
2000 3000 2020 3000 199950
4980 3000 5000 3000 199950
2000 4000 2020 4000 199950
4980 4000 5000 4000 199950
3000 2020 3000 2040 330046
3000 4960 3000 4980 330046
4000 2020 4000 2040 330046
4000 4960 4000 4980 330046
2020 3000 2040 3000 330046
4960 3000 4980 3000 330046
2020 4000 2040 4000 330046
4960 4000 4980 4000 330046
3000 2040 3000 2060 312455
3000 4940 3000 4960 312455
4000 2040 4000 2060 312455
4000 4940 4000 4960 312455
2040 3000 2060 3000 312455
4940 3000 4960 3000 312455
2040 4000 2060 4000 312455
4940 4000 4960 4000 312455
3000 2060 3000 2080 225096
3000 4920 3000 4940 225096
4000 2060 4000 2080 225096
4000 4920 4000 4940 225096
2060 3000 2080 3000 225096
4920 3000 4940 3000 225096
2060 4000 2080 4000 225096
4920 4000 4940 4000 225096
3000 2080 3000 2100 305172
3000 4900 3000 4920 305172
4000 2080 4000 2100 305172
4000 4900 4000 4920 305172
2080 3000 2100 3000 305172
4900 3000 4920 3000 305172
2080 4000 2100 4000 305172
4900 4000 4920 4000 305172
3000 2100 3000 2120 320539
3000 4880 3000 4900 320539
4000 2100 4000 2120 320539
4000 4880 4000 4900 320539
2100 3000 2120 3000 320539
4880 3000 4900 3000 320539
2100 4000 2120 4000 320539
4880 4000 4900 4000 320539
3000 2120 3000 2140 398622
3000 4860 3000 4880 398622
4000 2120 4000 2140 398622
4000 4860 4000 4880 398622
2120 3000 2140 3000 398622
4860 3000 4880 3000 398622
2120 4000 2140 4000 398622
4860 4000 4880 4000 398622
3000 2140 3000 2160 445345
3000 4840 3000 4860 445345
4000 2140 4000 2160 445345
4000 4840 4000 4860 445345
2140 3000 2160 3000 445345
4840 3000 4860 3000 445345
2140 4000 2160 4000 445345
4840 4000 4860 4000 445345
3000 2160 3000 2180 295488
3000 4820 3000 4840 295488
4000 2160 4000 2180 295488
4000 4820 4000 4840 295488
2160 3000 2180 3000 295488
4820 3000 4840 3000 295488
2160 4000 2180 4000 295488
4820 4000 4840 4000 295488
3000 2180 3000 2200 489250
3000 4800 3000 4820 489250
4000 2180 4000 2200 489250
4000 4800 4000 4820 489250
2180 3000 2200 3000 489250
4800 3000 4820 3000 489250
2180 4000 2200 4000 489250
4800 4000 4820 4000 489250
3000 2200 3000 2220 491130
3000 4780 3000 4800 491130
4000 2200 4000 2220 491130
4000 4780 4000 4800 491130
2200 3000 2220 3000 491130
4780 3000 4800 3000 491130
2200 4000 2220 4000 491130
4780 4000 4800 4000 491130
3000 2220 3000 2240 500473
3000 4760 3000 4780 500473
4000 2220 4000 2240 500473
4000 4760 4000 4780 500473
2220 3000 2240 3000 500473
4760 3000 4780 3000 500473
2220 4000 2240 4000 500473
4760 4000 4780 4000 500473
3000 2240 3000 2260 532897
3000 4740 3000 4760 532897
4000 2240 4000 2260 532897
4000 4740 4000 4760 532897
2240 3000 2260 3000 532897
4740 3000 4760 3000 532897
2240 4000 2260 4000 532897
4740 4000 4760 4000 532897
3000 2260 3000 2280 457562
3000 4720 3000 4740 457562
4000 2260 4000 2280 457562
4000 4720 4000 4740 457562
2260 3000 2280 3000 457562
4720 3000 4740 3000 457562
2260 4000 2280 4000 457562
4720 4000 4740 4000 457562
3000 2280 3000 2300 531114
3000 4700 3000 4720 531114
4000 2280 4000 2300 531114
4000 4700 4000 4720 531114
2280 3000 2300 3000 531114
4700 3000 4720 3000 531114
2280 4000 2300 4000 531114
4700 4000 4720 4000 531114
3000 2300 3000 2320 647288
3000 4680 3000 4700 647288
4000 2300 4000 2320 647288
4000 4680 4000 4700 647288
2300 3000 2320 3000 647288
4680 3000 4700 3000 647288
2300 4000 2320 4000 647288
4680 4000 4700 4000 647288
3000 2320 3000 2340 698703
3000 4660 3000 4680 698703
4000 2320 4000 2340 698703
4000 4660 4000 4680 698703
2320 3000 2340 3000 698703
4660 3000 4680 3000 698703
2320 4000 2340 4000 698703
4660 4000 4680 4000 698703
3000 2340 3000 2360 779445
3000 4640 3000 4660 779445
4000 2340 4000 2360 779445
4000 4640 4000 4660 779445
2340 3000 2360 3000 779445
4640 3000 4660 3000 779445
2340 4000 2360 4000 779445
4640 4000 4660 4000 779445
3000 2360 3000 2380 754860
3000 4620 3000 4640 754860
4000 2360 4000 2380 754860
4000 4620 4000 4640 754860
2360 3000 2380 3000 754860
4620 3000 4640 3000 754860
2360 4000 2380 4000 754860
4620 4000 4640 4000 754860
3000 2380 3000 2400 608053
3000 4600 3000 4620 608053
4000 2380 4000 2400 608053
4000 4600 4000 4620 608053
2380 3000 2400 3000 608053
4600 3000 4620 3000 608053
2380 4000 2400 4000 608053
4600 4000 4620 4000 608053
3000 2400 3000 2420 697591
3000 4580 3000 4600 697591
4000 2400 4000 2420 697591
4000 4580 4000 4600 697591
2400 3000 2420 3000 697591
4580 3000 4600 3000 697591
2400 4000 2420 4000 697591
4580 4000 4600 4000 697591
3000 2420 3000 2440 922548
3000 4560 3000 4580 922548
4000 2420 4000 2440 922548
4000 4560 4000 4580 922548
2420 3000 2440 3000 922548
4560 3000 4580 3000 922548
2420 4000 2440 4000 922548
4560 4000 4580 4000 922548
3000 2440 3000 2460 777113
3000 4540 3000 4560 777113
4000 2440 4000 2460 777113
4000 4540 4000 4560 777113
2440 3000 2460 3000 777113
4540 3000 4560 3000 777113
2440 4000 2460 4000 777113
4540 4000 4560 4000 777113
3000 2460 3000 2480 960788
3000 4520 3000 4540 960788
4000 2460 4000 2480 960788
4000 4520 4000 4540 960788
2460 3000 2480 3000 960788
4520 3000 4540 3000 960788
2460 4000 2480 4000 960788
4520 4000 4540 4000 960788
3000 2480 3000 2500 872191
3000 4500 3000 4520 872191
4000 2480 4000 2500 872191
4000 4500 4000 4520 872191
2480 3000 2500 3000 872191
4500 3000 4520 3000 872191
2480 4000 2500 4000 872191
4500 4000 4520 4000 872191
3000 2500 3000 2520 929513
3000 4480 3000 4500 929513
4000 2500 4000 2520 929513
4000 4480 4000 4500 929513
2500 3000 2520 3000 929513
4480 3000 4500 3000 929513
2500 4000 2520 4000 929513
4480 4000 4500 4000 929513
3000 2520 3000 2540 814799
3000 4460 3000 4480 814799
4000 2520 4000 2540 814799
4000 4460 4000 4480 814799
2520 3000 2540 3000 814799
4460 3000 4480 3000 814799
2520 4000 2540 4000 814799
4460 4000 4480 4000 814799
3000 2540 3000 2560 1443666
3000 4440 3000 4460 1443666
4000 2540 4000 2560 1443666
4000 4440 4000 4460 1443666
2540 3000 2560 3000 1443666
4440 3000 4460 3000 1443666
2540 4000 2560 4000 1443666
4440 4000 4460 4000 1443666
3000 2560 3000 2580 647524
3000 4420 3000 4440 647524
4000 2560 4000 2580 647524
4000 4420 4000 4440 647524
2560 3000 2580 3000 647524
4420 3000 4440 3000 647524
2560 4000 2580 4000 647524
4420 4000 4440 4000 647524
3000 2580 3000 2600 899468
3000 4400 3000 4420 899468
4000 2580 4000 2600 899468
4000 4400 4000 4420 899468
2580 3000 2600 3000 899468
4400 3000 4420 3000 899468
2580 4000 2600 4000 899468
4400 4000 4420 4000 899468
3000 2600 3000 2620 935867
3000 4380 3000 4400 935867
4000 2600 4000 2620 935867
4000 4380 4000 4400 935867
2600 3000 2620 3000 935867
4380 3000 4400 3000 935867
2600 4000 2620 4000 935867
4380 4000 4400 4000 935867
3000 2620 3000 2640 1045211
3000 4360 3000 4380 1045211
4000 2620 4000 2640 1045211
4000 4360 4000 4380 1045211
2620 3000 2640 3000 1045211
4360 3000 4380 3000 1045211
2620 4000 2640 4000 1045211
4360 4000 4380 4000 1045211
3000 2640 3000 2660 864534
3000 4340 3000 4360 864534
4000 2640 4000 2660 864534
4000 4340 4000 4360 864534
2640 3000 2660 3000 864534
4340 3000 4360 3000 864534
2640 4000 2660 4000 864534
4340 4000 4360 4000 864534
3000 2660 3000 2680 1064100
3000 4320 3000 4340 1064100
4000 2660 4000 2680 1064100
4000 4320 4000 4340 1064100
2660 3000 2680 3000 1064100
4320 3000 4340 3000 1064100
2660 4000 2680 4000 1064100
4320 4000 4340 4000 1064100
3000 2680 3000 2700 820115
3000 4300 3000 4320 820115
4000 2680 4000 2700 820115
4000 4300 4000 4320 820115
2680 3000 2700 3000 820115
4300 3000 4320 3000 820115
2680 4000 2700 4000 820115
4300 4000 4320 4000 820115
3000 2700 3000 2720 1218083
3000 4280 3000 4300 1218083
4000 2700 4000 2720 1218083
4000 4280 4000 4300 1218083
2700 3000 2720 3000 1218083
4280 3000 4300 3000 1218083
2700 4000 2720 4000 1218083
4280 4000 4300 4000 1218083
3000 2720 3000 2740 1201809
3000 4260 3000 4280 1201809
4000 2720 4000 2740 1201809
4000 4260 4000 4280 1201809
2720 3000 2740 3000 1201809
4260 3000 4280 3000 1201809
2720 4000 2740 4000 1201809
4260 4000 4280 4000 1201809
3000 2740 3000 2760 587011
3000 4240 3000 4260 587011
4000 2740 4000 2760 587011
4000 4240 4000 4260 587011
2740 3000 2760 3000 587011
4240 3000 4260 3000 587011
2740 4000 2760 4000 587011
4240 4000 4260 4000 587011
3000 2760 3000 2780 538389
3000 4220 3000 4240 538389
4000 2760 4000 2780 538389
4000 4220 4000 4240 538389
2760 3000 2780 3000 538389
4220 3000 4240 3000 538389
2760 4000 2780 4000 538389
4220 4000 4240 4000 538389
3000 2780 3000 2800 485179
3000 4200 3000 4220 485179
4000 2780 4000 2800 485179
4000 4200 4000 4220 485179
2780 3000 2800 3000 485179
4200 3000 4220 3000 485179
2780 4000 2800 4000 485179
4200 4000 4220 4000 485179
3000 2800 3000 2820 461041
3000 4180 3000 4200 461041
4000 2800 4000 2820 461041
4000 4180 4000 4200 461041
2800 3000 2820 3000 461041
4180 3000 4200 3000 461041
2800 4000 2820 4000 461041
4180 4000 4200 4000 461041
3000 2820 3000 2840 500209
3000 4160 3000 4180 500209
4000 2820 4000 2840 500209
4000 4160 4000 4180 500209
2820 3000 2840 3000 500209
4160 3000 4180 3000 500209
2820 4000 2840 4000 500209
4160 4000 4180 4000 500209
3000 2840 3000 2860 400603
3000 4140 3000 4160 400603
4000 2840 4000 2860 400603
4000 4140 4000 4160 400603
2840 3000 2860 3000 400603
4140 3000 4160 3000 400603
2840 4000 2860 4000 400603
4140 4000 4160 4000 400603
3000 2860 3000 2880 408261
3000 4120 3000 4140 408261
4000 2860 4000 2880 408261
4000 4120 4000 4140 408261
2860 3000 2880 3000 408261
4120 3000 4140 3000 408261
2860 4000 2880 4000 408261
4120 4000 4140 4000 408261
3000 2880 3000 2900 541160
3000 4100 3000 4120 541160
4000 2880 4000 2900 541160
4000 4100 4000 4120 541160
2880 3000 2900 3000 541160
4100 3000 4120 3000 541160
2880 4000 2900 4000 541160
4100 4000 4120 4000 541160
3000 2900 3000 2920 285954
3000 4080 3000 4100 285954
4000 2900 4000 2920 285954
4000 4080 4000 4100 285954
2900 3000 2920 3000 285954
4080 3000 4100 3000 285954
2900 4000 2920 4000 285954
4080 4000 4100 4000 285954
3000 2920 3000 2940 445403
3000 4060 3000 4080 445403
4000 2920 4000 2940 445403
4000 4060 4000 4080 445403
2920 3000 2940 3000 445403
4060 3000 4080 3000 445403
2920 4000 2940 4000 445403
4060 4000 4080 4000 445403
3000 2940 3000 2960 327757
3000 4040 3000 4060 327757
4000 2940 4000 2960 327757
4000 4040 4000 4060 327757
2940 3000 2960 3000 327757
4040 3000 4060 3000 327757
2940 4000 2960 4000 327757
4040 4000 4060 4000 327757
3000 2960 3000 2980 482377
3000 4020 3000 4040 482377
4000 2960 4000 2980 482377
4000 4020 4000 4040 482377
2960 3000 2980 3000 482377
4020 3000 4040 3000 482377
2960 4000 2980 4000 482377
4020 4000 4040 4000 482377
3000 2980 3000 3000 316454
3000 4000 3000 4020 316454
4000 2980 4000 3000 316454
4000 4000 4000 4020 316454
2980 3000 3000 3000 316454
4000 3000 4020 3000 316454
2980 4000 3000 4000 316454
4000 4000 4020 4000 316454
3000 3000 3000 3020 173210
3000 3980 3000 4000 173210
4000 3000 4000 3020 173210
4000 3980 4000 4000 173210
3000 3000 3020 3000 173210
3980 3000 4000 3000 173210
3000 4000 3020 4000 173210
3980 4000 4000 4000 173210
3000 3020 3000 3040 295725
3000 3960 3000 3980 295725
4000 3020 4000 3040 295725
4000 3960 4000 3980 295725
3020 3000 3040 3000 295725
3960 3000 3980 3000 295725
3020 4000 3040 4000 295725
3960 4000 3980 4000 295725
3000 3040 3000 3060 316920
3000 3940 3000 3960 316920
4000 3040 4000 3060 316920
4000 3940 4000 3960 316920
3040 3000 3060 3000 316920
3940 3000 3960 3000 316920
3040 4000 3060 4000 316920
3940 4000 3960 4000 316920
3000 3060 3000 3080 287239
3000 3920 3000 3940 287239
4000 3060 4000 3080 287239
4000 3920 4000 3940 287239
3060 3000 3080 3000 287239
3920 3000 3940 3000 287239
3060 4000 3080 4000 287239
3920 4000 3940 4000 287239
3000 3080 3000 3100 369542
3000 3900 3000 3920 369542
4000 3080 4000 3100 369542
4000 3900 4000 3920 369542
3080 3000 3100 3000 369542
3900 3000 3920 3000 369542
3080 4000 3100 4000 369542
3900 4000 3920 4000 369542
3000 3100 3000 3120 388941
3000 3880 3000 3900 388941
4000 3100 4000 3120 388941
4000 3880 4000 3900 388941
3100 3000 3120 3000 388941
3880 3000 3900 3000 388941
3100 4000 3120 4000 388941
3880 4000 3900 4000 388941
3000 3120 3000 3140 397587
3000 3860 3000 3880 397587
4000 3120 4000 3140 397587
4000 3860 4000 3880 397587
3120 3000 3140 3000 397587
3860 3000 3880 3000 397587
3120 4000 3140 4000 397587
3860 4000 3880 4000 397587
3000 3140 3000 3160 451578
3000 3840 3000 3860 451578
4000 3140 4000 3160 451578
4000 3840 4000 3860 451578
3140 3000 3160 3000 451578
3840 3000 3860 3000 451578
3140 4000 3160 4000 451578
3840 4000 3860 4000 451578
3000 3160 3000 3180 537604
3000 3820 3000 3840 537604
4000 3160 4000 3180 537604
4000 3820 4000 3840 537604
3160 3000 3180 3000 537604
3820 3000 3840 3000 537604
3160 4000 3180 4000 537604
3820 4000 3840 4000 537604
3000 3180 3000 3200 705133
3000 3800 3000 3820 705133
4000 3180 4000 3200 705133
4000 3800 4000 3820 705133
3180 3000 3200 3000 705133
3800 3000 3820 3000 705133
3180 4000 3200 4000 705133
3800 4000 3820 4000 705133
3000 3200 3000 3220 645468
3000 3780 3000 3800 645468
4000 3200 4000 3220 645468
4000 3780 4000 3800 645468
3200 3000 3220 3000 645468
3780 3000 3800 3000 645468
3200 4000 3220 4000 645468
3780 4000 3800 4000 645468
3000 3220 3000 3240 739068
3000 3760 3000 3780 739068
4000 3220 4000 3240 739068
4000 3760 4000 3780 739068
3220 3000 3240 3000 739068
3760 3000 3780 3000 739068
3220 4000 3240 4000 739068
3760 4000 3780 4000 739068
3000 3240 3000 3260 598175
3000 3740 3000 3760 598175
4000 3240 4000 3260 598175
4000 3740 4000 3760 598175
3240 3000 3260 3000 598175
3740 3000 3760 3000 598175
3240 4000 3260 4000 598175
3740 4000 3760 4000 598175
3000 3260 3000 3280 655696
3000 3720 3000 3740 655696
4000 3260 4000 3280 655696
4000 3720 4000 3740 655696
3260 3000 3280 3000 655696
3720 3000 3740 3000 655696
3260 4000 3280 4000 655696
3720 4000 3740 4000 655696
3000 3280 3000 3300 684249
3000 3700 3000 3720 684249
4000 3280 4000 3300 684249
4000 3700 4000 3720 684249
3280 3000 3300 3000 684249
3700 3000 3720 3000 684249
3280 4000 3300 4000 684249
3700 4000 3720 4000 684249
3000 3300 3000 3320 789465
3000 3680 3000 3700 789465
4000 3300 4000 3320 789465
4000 3680 4000 3700 789465
3300 3000 3320 3000 789465
3680 3000 3700 3000 789465
3300 4000 3320 4000 789465
3680 4000 3700 4000 789465
3000 3320 3000 3340 702882
3000 3660 3000 3680 702882
4000 3320 4000 3340 702882
4000 3660 4000 3680 702882
3320 3000 3340 3000 702882
3660 3000 3680 3000 702882
3320 4000 3340 4000 702882
3660 4000 3680 4000 702882
3000 3340 3000 3360 865165
3000 3640 3000 3660 865165
4000 3340 4000 3360 865165
4000 3640 4000 3660 865165
3340 3000 3360 3000 865165
3640 3000 3660 3000 865165
3340 4000 3360 4000 865165
3640 4000 3660 4000 865165
3000 3360 3000 3380 1029435
3000 3620 3000 3640 1029435
4000 3360 4000 3380 1029435
4000 3620 4000 3640 1029435
3360 3000 3380 3000 1029435
3620 3000 3640 3000 1029435
3360 4000 3380 4000 1029435
3620 4000 3640 4000 1029435
3000 3380 3000 3400 950962
3000 3600 3000 3620 950962
4000 3380 4000 3400 950962
4000 3600 4000 3620 950962
3380 3000 3400 3000 950962
3600 3000 3620 3000 950962
3380 4000 3400 4000 950962
3600 4000 3620 4000 950962
3000 3400 3000 3420 853649
3000 3580 3000 3600 853649
4000 3400 4000 3420 853649
4000 3580 4000 3600 853649
3400 3000 3420 3000 853649
3580 3000 3600 3000 853649
3400 4000 3420 4000 853649
3580 4000 3600 4000 853649
3000 3420 3000 3440 855279
3000 3560 3000 3580 855279
4000 3420 4000 3440 855279
4000 3560 4000 3580 855279
3420 3000 3440 3000 855279
3560 3000 3580 3000 855279
3420 4000 3440 4000 855279
3560 4000 3580 4000 855279
3000 3440 3000 3460 952557
3000 3540 3000 3560 952557
4000 3440 4000 3460 952557
4000 3540 4000 3560 952557
3440 3000 3460 3000 952557
3540 3000 3560 3000 952557
3440 4000 3460 4000 952557
3540 4000 3560 4000 952557
3000 3460 3000 3480 989396
3000 3520 3000 3540 989396
4000 3460 4000 3480 989396
4000 3520 4000 3540 989396
3460 3000 3480 3000 989396
3520 3000 3540 3000 989396
3460 4000 3480 4000 989396
3520 4000 3540 4000 989396
3000 3480 3000 3500 808481
3000 3500 3000 3520 808481
4000 3480 4000 3500 808481
4000 3500 4000 3520 808481
3480 3000 3500 3000 808481
3500 3000 3520 3000 808481
3480 4000 3500 4000 808481
3500 4000 3520 4000 808481
0
