199 50
784000
10000000
11892
771324 779284 138850
771324 2341036 138850
779284 771324 138850
779284 2348996 138850
2341036 771324 138850
2341036 2348996 138850
2348996 779284 138850
2348996 2341036 138850
782070 1062660 6070
782070 2057660 6070
1062660 782070 6070
1062660 2338250 6070
2057660 782070 6070
2057660 2338250 6070
2338250 1062660 6070
2338250 2057660 6070
782424 862400 13208
782424 2257920 13208
862400 782424 13208
862400 2337896 13208
2257920 782424 13208
2257920 2337896 13208
2337896 862400 13208
2337896 2257920 13208
901580 1559909 924
901580 1560411 924
1559909 901580 924
1559909 2218740 924
1560411 901580 924
1560411 2218740 924
2218740 1559909 924
2218740 1560411 924
1559367 1559889 3321
1559367 1560431 3321
1559889 1559367 3321
1559889 1560953 3321
1560431 1559367 3321
1560431 1560953 3321
1560953 1559889 3321
1560953 1560431 3321
611520 1559628 1250
611520 1560692 1250
1559628 611520 1250
1559628 2508800 1250
1560692 611520 1250
1560692 2508800 1250
2508800 1559628 1250
2508800 1560692 1250
781631 1094448 25886
781631 2025872 25886
1094448 781631 25886
1094448 2338689 25886
2025872 781631 25886
2025872 2338689 25886
2338689 1094448 25886
2338689 2025872 25886
783197 1554930 19034
783197 1565390 19034
1554930 783197 19034
1554930 2337123 19034
1565390 783197 19034
1565390 2337123 19034
2337123 1554930 19034
2337123 1565390 19034
1497691 1554669 2971
1497691 1565651 2971
1554669 1497691 2971
1554669 1622629 2971
1565651 1497691 2971
1565651 1622629 2971
1622629 1554669 2971
1622629 1565651 2971
1419040 1557279 1962
1419040 1563041 1962
1557279 1419040 1962
1557279 1701280 1962
1563041 1419040 1962
1563041 1701280 1962
1701280 1557279 1962
1701280 1563041 1962
627200 779804 7701
627200 2340516 7701
779804 627200 7701
779804 2493120 7701
2340516 627200 7701
2340516 2493120 7701
2493120 779804 7701
2493120 2340516 7701
780326 870220 15476
780326 2250100 15476
870220 780326 15476
870220 2339994 15476
2250100 780326 15476
2250100 2339994 15476
2339994 870220 15476
2339994 2250100 15476
777726 1536640 5128
777726 1583680 5128
1536640 777726 5128
1536640 2342594 5128
1583680 777726 5128
1583680 2342594 5128
2342594 1536640 5128
2342594 1583680 5128
1221976 1556496 4046
1221976 1563824 4046
1556496 1221976 4046
1556496 1898344 4046
1563824 1221976 4046
1563824 1898344 4046
1898344 1556496 4046
1898344 1563824 4046
783207 1324167 4164
783207 1796153 4164
1324167 783207 4164
1324167 2337113 4164
1796153 783207 4164
1796153 2337113 4164
2337113 1324167 4164
2337113 1796153 4164
1276856 1555181 11983
1276856 1565139 11983
1555181 1276856 11983
1555181 1843464 11983
1565139 1276856 11983
1565139 1843464 11983
1843464 1555181 11983
1843464 1565139 11983
781109 1246560 5913
781109 1873760 5913
1246560 781109 5913
1246560 2339211 5913
1873760 781109 5913
1873760 2339211 5913
2339211 1246560 5913
2339211 1873760 5913
875721 1560150 2415
875721 1560170 2415
1560150 875721 2415
1560150 2244599 2415
1560170 875721 2415
1560170 2244599 2415
2244599 1560150 2415
2244599 1560170 2415
783197 1042720 28533
783197 2077600 28533
1042720 783197 28533
1042720 2337123 28533
2077600 783197 28533
2077600 2337123 28533
2337123 1042720 28533
2337123 2077600 28533
1185928 1559889 16026
1185928 1560431 16026
1559889 1185928 16026
1559889 1934392 16026
1560431 1185928 16026
1560431 1934392 16026
1934392 1559889 16026
1934392 1560431 16026
689920 782675 185586
689920 2337645 185586
782675 689920 185586
782675 2430400 185586
2337645 689920 185586
2337645 2430400 185586
2430400 782675 185586
2430400 2337645 185586
782936 1301420 12927
782936 1818900 12927
1301420 782936 12927
1301420 2337384 12927
1818900 782936 12927
1818900 2337384 12927
2337384 1301420 12927
2337384 1818900 12927
778238 1223040 929
778238 1897280 929
1223040 778238 929
1223040 2342082 929
1897280 778238 929
1897280 2342082 929
2342082 1223040 929
2342082 1897280 929
953599 1559889 2471
953599 1560431 2471
1559889 953599 2471
1559889 2166721 2471
1560431 953599 2471
1560431 2166721 2471
2166721 1559889 2471
2166721 1560431 2471
1061793 1560150 734
1061793 1560170 734
1560150 1061793 734
1560150 2058527 734
1560170 1061793 734
1560170 2058527 734
2058527 1560150 734
2058527 1560170 734
783197 1049506 44083
783197 2070814 44083
1049506 783197 44083
1049506 2337123 44083
2070814 783197 44083
2070814 2337123 44083
2337123 1049506 44083
2337123 2070814 44083
783458 1442279 33122
783458 1678041 33122
1442279 783458 33122
1442279 2336862 33122
1678041 783458 33122
1678041 2336862 33122
2336862 1442279 33122
2336862 1678041 33122
783458 1089740 46421
783458 2030580 46421
1089740 783458 46421
1089740 2336862 46421
2030580 783458 46421
2030580 2336862 46421
2336862 1089740 46421
2336862 2030580 46421
1451695 1559889 2755
1451695 1560431 2755
1559889 1451695 2755
1559889 1668625 2755
1560431 1451695 2755
1560431 1668625 2755
1668625 1559889 2755
1668625 1560431 2755
682080 1557801 16693
682080 1562519 16693
1557801 682080 16693
1557801 2438240 16693
1562519 682080 16693
1562519 2438240 16693
2438240 1557801 16693
2438240 1562519 16693
666400 782414 42711
666400 2337906 42711
782414 666400 42711
782414 2453920 42711
2337906 666400 42711
2337906 2453920 42711
2453920 782414 42711
2453920 2337906 42711
674240 783458 133463
674240 2336862 133463
783458 674240 133463
783458 2446080 133463
2336862 674240 133463
2336862 2446080 133463
2446080 783458 133463
2446080 2336862 133463
1065447 1560150 2062
1065447 1560170 2062
1560150 1065447 2062
1560150 2054873 2062
1560170 1065447 2062
1560170 2054873 2062
2054873 1560150 2062
2054873 1560170 2062
775889 1269287 4811
775889 1851033 4811
1269287 775889 4811
1269287 2344431 4811
1851033 775889 4811
1851033 2344431 4811
2344431 1269287 4811
2344431 1851033 4811
782153 1356039 4426
782153 1764281 4426
1356039 782153 4426
1356039 2338167 4426
1764281 782153 4426
1764281 2338167 4426
2338167 1356039 4426
2338167 1764281 4426
774574 1293600 2791
774574 1826720 2791
1293600 774574 2791
1293600 2345746 2791
1826720 774574 2791
1826720 2345746 2791
2345746 1293600 2791
2345746 1826720 2791
1020766 1560150 3587
1020766 1560170 3587
1560150 1020766 3587
1560150 2099554 3587
1560170 1020766 3587
1560170 2099554 3587
2099554 1560150 3587
2099554 1560170 3587
777977 1154819 3708
777977 1965501 3708
1154819 777977 3708
1154819 2342343 3708
1965501 777977 3708
1965501 2342343 3708
2342343 1154819 3708
2342343 1965501 3708
540960 783197 126022
540960 2337123 126022
783197 540960 126022
783197 2579360 126022
2337123 540960 126022
2337123 2579360 126022
2579360 783197 126022
2579360 2337123 126022
772235 775367 152480
772235 2344953 152480
775367 772235 152480
775367 2348085 152480
2344953 772235 152480
2344953 2348085 152480
2348085 775367 152480
2348085 2344953 152480
1370685 1553886 8388
1370685 1566434 8388
1553886 1370685 8388
1553886 1749635 8388
1566434 1370685 8388
1566434 1749635 8388
1749635 1553886 8388
1749635 1566434 8388
735113 1212841 4667
735113 1907479 4667
1212841 735113 4667
1212841 2385207 4667
1907479 735113 4667
1907479 2385207 4667
2385207 1212841 4667
2385207 1907479 4667
1426087 1559889 3819
1426087 1560431 3819
1559889 1426087 3819
1559889 1694233 3819
1560431 1426087 3819
1560431 1694233 3819
1694233 1559889 3819
1694233 1560431 3819
1222247 1560150 4601
1222247 1560170 4601
1560150 1222247 4601
1560150 1898073 4601
1560170 1222247 4601
1560170 1898073 4601
1898073 1560150 4601
1898073 1560170 4601
779282 1368848 15602
779282 1751472 15602
1368848 779282 15602
1368848 2341038 15602
1751472 779282 15602
1751472 2341038 15602
2341038 1368848 15602
2341038 1751472 15602
705600 1556235 14656
705600 1564085 14656
1556235 705600 14656
1556235 2414720 14656
1564085 705600 14656
1564085 2414720 14656
2414720 1556235 14656
2414720 1564085 14656
782153 1393934 8172
782153 1726386 8172
1393934 782153 8172
1393934 2338167 8172
1726386 782153 8172
1726386 2338167 8172
2338167 1393934 8172
2338167 1726386 8172
781631 1222759 3942
781631 1897561 3942
1222759 781631 3942
1222759 2338689 3942
1897561 781631 3942
1897561 2338689 3942
2338689 1222759 3942
2338689 1897561 3942
1205523 1558865 8388
1205523 1561455 8388
1558865 1205523 8388
1558865 1914797 8388
1561455 1205523 8388
1561455 1914797 8388
1914797 1558865 8388
1914797 1561455 8388
1458240 1558323 9463
1458240 1561997 9463
1558323 1458240 9463
1558323 1662080 9463
1561997 1458240 9463
1561997 1662080 9463
1662080 1558323 9463
1662080 1561997 9463
783458 1152731 15176
783458 1967589 15176
1152731 783458 15176
1152731 2336862 15176
1967589 783458 15176
1967589 2336862 15176
2336862 1152731 15176
2336862 1967589 15176
1189582 1560150 4589
1189582 1560170 4589
1560150 1189582 4589
1560150 1930738 4589
1560170 1189582 4589
1560170 1930738 4589
1930738 1560150 4589
1930738 1560170 4589
782414 1272429 10057
782414 1847891 10057
1272429 782414 10057
1272429 2337906 10057
1847891 782414 10057
1847891 2337906 10057
2337906 1272429 10057
2337906 1847891 10057
782675 1434700 24712
782675 1685620 24712
1434700 782675 24712
1434700 2337645 24712
1685620 782675 24712
1685620 2337645 24712
2337645 1434700 24712
2337645 1685620 24712
774323 1246279 814
774323 1874041 814
1246279 774323 814
1246279 2345997 814
1874041 774323 814
1874041 2345997 814
2345997 1246279 814
2345997 1874041 814
1241852 1560150 4580
1241852 1560170 4580
1560150 1241852 4580
1560150 1878468 4580
1560170 1241852 4580
1560170 1878468 4580
1878468 1560150 4580
1878468 1560170 4580
927198 1237395 599
927198 1882925 599
1237395 927198 599
1237395 2193122 599
1882925 927198 599
1882925 2193122 599
2193122 1237395 599
2193122 1882925 599
760199 1467114 5688
760199 1653206 5688
1467114 760199 5688
1467114 2360121 5688
1653206 760199 5688
1653206 2360121 5688
2360121 1467114 5688
2360121 1653206 5688
1244984 1558845 10700
1244984 1561475 10700
1558845 1244984 10700
1558845 1875336 10700
1561475 1244984 10700
1561475 1875336 10700
1875336 1558845 10700
1875336 1561475 10700
1081639 1554669 9070
1081639 1565651 9070
1554669 1081639 9070
1554669 2038681 9070
1565651 1081639 9070
1565651 2038681 9070
2038681 1554669 9070
2038681 1565651 9070
783197 1317100 11652
783197 1803220 11652
1317100 783197 11652
1317100 2337123 11652
1803220 783197 11652
1803220 2337123 11652
2337123 1317100 11652
2337123 1803220 11652
1050560 1558845 4460
1050560 1561475 4460
1558845 1050560 4460
1558845 2069760 4460
1561475 1050560 4460
1561475 2069760 4460
2069760 1558845 4460
2069760 1561475 4460
718921 1553906 41516
718921 1566414 41516
1553906 718921 41516
1553906 2401399 41516
1566414 718921 41516
1566414 2401399 41516
2401399 1553906 41516
2401399 1566414 41516
781109 781631 19284
781109 2338689 19284
781631 781109 19284
781631 2339211 19284
2338689 781109 19284
2338689 2339211 19284
2339211 781631 19284
2339211 2338689 19284
1255695 1560150 1822
1255695 1560170 1822
1560150 1255695 1822
1560150 1864625 1822
1560170 1255695 1822
1560170 1864625 1822
1864625 1560150 1822
1864625 1560170 1822
734591 1558343 2519
734591 1561977 2519
1558343 734591 2519
1558343 2385729 2519
1561977 734591 2519
1561977 2385729 2519
2385729 1558343 2519
2385729 1561977 2519
1007435 1558845 6944
1007435 1561475 6944
1558845 1007435 6944
1558845 2112885 6944
1561475 1007435 6944
1561475 2112885 6944
2112885 1558845 6944
2112885 1561475 6944
1235829 1555713 2179
1235829 1564607 2179
1555713 1235829 2179
1555713 1884491 2179
1564607 1235829 2179
1564607 1884491 2179
1884491 1555713 2179
1884491 1564607 2179
861075 1560150 711
861075 1560170 711
1560150 861075 711
1560150 2259245 711
1560170 861075 711
1560170 2259245 711
2259245 1560150 711
2259245 1560170 711
1094709 1554930 9255
1094709 1565390 9255
1554930 1094709 9255
1554930 2025611 9255
1565390 1094709 9255
1565390 2025611 9255
2025611 1554930 9255
2025611 1565390 9255
626658 1554930 23814
626658 1565390 23814
1554930 626658 23814
1554930 2493662 23814
1565390 626658 23814
1565390 2493662 23814
2493662 1554930 23814
2493662 1565390 23814
642880 1560150 7369
642880 1560170 7369
1560150 642880 7369
1560150 2477440 7369
1560170 642880 7369
1560170 2477440 7369
2477440 1560150 7369
2477440 1560170 7369
603680 782153 30194
603680 2338167 30194
782153 603680 30194
782153 2516640 30194
2338167 603680 30194
2338167 2516640 30194
2516640 782153 30194
2516640 2338167 30194
1521994 1554398 5900
1521994 1565922 5900
1554398 1521994 5900
1554398 1598326 5900
1565922 1521994 5900
1565922 1598326 5900
1598326 1554398 5900
1598326 1565922 5900
779292 808303 5660
779292 2312017 5660
808303 779292 5660
808303 2341028 5660
2312017 779292 5660
2312017 2341028 5660
2341028 808303 5660
2341028 2312017 5660
782685 1397859 17001
782685 1722461 17001
1397859 782685 17001
1397859 2337635 17001
1722461 782685 17001
1722461 2337635 17001
2337635 1397859 17001
2337635 1722461 17001
777194 1517035 446
777194 1603285 446
1517035 777194 446
1517035 2343126 446
1603285 777194 446
1603285 2343126 446
2343126 1517035 446
2343126 1603285 446
979468 1555442 7169
979468 1564878 7169
1555442 979468 7169
1555442 2140852 7169
1564878 979468 7169
1564878 2140852 7169
2140852 1555442 7169
2140852 1564878 7169
752640 781641 38649
752640 2338679 38649
781641 752640 38649
781641 2367680 38649
2338679 752640 38649
2338679 2367680 38649
2367680 781641 38649
2367680 2338679 38649
624058 1560150 5058
624058 1560170 5058
1560150 624058 5058
1560150 2496262 5058
1560170 624058 5058
1560170 2496262 5058
2496262 1560150 5058
2496262 1560170 5058
1041666 1560150 8145
1041666 1560170 8145
1560150 1041666 8145
1560150 2078654 8145
1560170 1041666 8145
1560170 2078654 8145
2078654 1560150 8145
2078654 1560170 8145
783197 1097580 24992
783197 2022740 24992
1097580 783197 24992
1097580 2337123 24992
2022740 783197 24992
2022740 2337123 24992
2337123 1097580 24992
2337123 2022740 24992
779292 1078778 7417
779292 2041542 7417
1078778 779292 7417
1078778 2341028 7417
2041542 779292 7417
2041542 2341028 7417
2341028 1078778 7417
2341028 2041542 7417
470400 783468 118303
470400 2336852 118303
783468 470400 118303
783468 2649920 118303
2336852 470400 118303
2336852 2649920 118303
2649920 783468 118303
2649920 2336852 118303
779021 842524 17861
779021 2277796 17861
842524 779021 17861
842524 2341299 17861
2277796 779021 17861
2277796 2341299 17861
2341299 842524 17861
2341299 2277796 17861
1433405 1558062 108
1433405 1562258 108
1558062 1433405 108
1558062 1686915 108
1562258 1433405 108
1562258 1686915 108
1686915 1558062 108
1686915 1562258 108
773530 1348460 6834
773530 1771860 6834
1348460 773530 6834
1348460 2346790 6834
1771860 773530 6834
1771860 2346790 6834
2346790 1348460 6834
2346790 1771860 6834
782685 1460579 9503
782685 1659741 9503
1460579 782685 9503
1460579 2337635 9503
1659741 782685 9503
1659741 2337635 9503
2337635 1460579 9503
2337635 1659741 9503
970584 1560150 3667
970584 1560170 3667
1560150 970584 3667
1560150 2149736 3667
1560170 970584 3667
1560170 2149736 3667
2149736 1560150 3667
2149736 1560170 3667
1467114 1560150 642
1467114 1560170 642
1560150 1467114 642
1560150 1653206 642
1560170 1467114 642
1560170 1653206 642
1653206 1560150 642
1653206 1560170 642
588251 782163 82555
588251 2338157 82555
782163 588251 82555
782163 2532069 82555
2338157 588251 82555
2338157 2532069 82555
2532069 782163 82555
2532069 2338157 82555
783197 826061 3447
783197 2294259 3447
826061 783197 3447
826061 2337123 3447
2294259 783197 3447
2294259 2337123 3447
2337123 826061 3447
2337123 2294259 3447
1027040 1331475 129
1027040 1788845 129
1331475 1027040 129
1331475 2093280 129
1788845 1027040 129
1788845 2093280 129
2093280 1331475 129
2093280 1788845 129
916226 1559889 1436
916226 1560431 1436
1559889 916226 1436
1559889 2204094 1436
1560431 916226 1436
1560431 2204094 1436
2204094 1559889 1436
2204094 1560431 1436
780587 855333 4428
780587 2264987 4428
855333 780587 4428
855333 2339733 4428
2264987 780587 4428
2264987 2339733 4428
2339733 855333 4428
2339733 2264987 4428
763612 775096 8811
763612 2345224 8811
775096 763612 8811
775096 2356708 8811
2345224 763612 8811
2345224 2356708 8811
2356708 775096 8811
2356708 2345224 8811
1152480 1443343 7775
1152480 1676977 7775
1443343 1152480 7775
1443343 1967840 7775
1676977 1152480 7775
1676977 1967840 7775
1967840 1443343 7775
1967840 1676977 7775
750020 1214146 3010
750020 1906174 3010
1214146 750020 3010
1214146 2370300 3010
1906174 750020 3010
1906174 2370300 3010
2370300 1214146 3010
2370300 1906174 3010
1183840 1559628 6733
1183840 1560692 6733
1559628 1183840 6733
1559628 1936480 6733
1560692 1183840 6733
1560692 1936480 6733
1936480 1559628 6733
1936480 1560692 6733
1165791 1555713 6697
1165791 1564607 6697
1555713 1165791 6697
1555713 1954529 6697
1564607 1165791 6697
1564607 1954529 6697
1954529 1555713 6697
1954529 1564607 6697
783468 1133919 16906
783468 1986401 16906
1133919 783468 16906
1133919 2336852 16906
1986401 783468 16906
1986401 2336852 16906
2336852 1133919 16906
2336852 1986401 16906
713952 1122676 13656
713952 1997644 13656
1122676 713952 13656
1122676 2406368 13656
1997644 713952 13656
1997644 2406368 13656
2406368 1122676 13656
2406368 1997644 13656
782685 1313968 17918
782685 1806352 17918
1313968 782685 17918
1313968 2337635 17918
1806352 782685 17918
1806352 2337635 17918
2337635 1313968 17918
2337635 1806352 17918
778760 820058 5820
778760 2300262 5820
820058 778760 5820
820058 2341560 5820
2300262 778760 5820
2300262 2341560 5820
2341560 820058 5820
2341560 2300262 5820
650720 1142532 7984
650720 1977788 7984
1142532 650720 7984
1142532 2469600 7984
1977788 650720 7984
1977788 2469600 7984
2469600 1142532 7984
2469600 1977788 7984
725185 1117968 25930
725185 2002352 25930
1117968 725185 25930
1117968 2395135 25930
2002352 725185 25930
2002352 2395135 25930
2395135 1117968 25930
2395135 2002352 25930
782675 1377993 8785
782675 1742327 8785
1377993 782675 8785
1377993 2337645 8785
1742327 782675 8785
1742327 2337645 8785
2337645 1377993 8785
2337645 1742327 8785
768571 1354483 2665
768571 1765837 2665
1354483 768571 2665
1354483 2351749 2665
1765837 768571 2665
1765837 2351749 2665
2351749 1354483 2665
2351749 1765837 2665
1296722 1560140 6565
1296722 1560180 6565
1560140 1296722 6565
1560140 1823598 6565
1560180 1296722 6565
1560180 1823598 6565
1823598 1560140 6565
1823598 1560180 6565
779292 1235056 6799
779292 1885264 6799
1235056 779292 6799
1235056 2341028 6799
1885264 779292 6799
1885264 2341028 6799
2341028 1235056 6799
2341028 1885264 6799
446870 1555452 8364
446870 1564868 8364
1555452 446870 8364
1555452 2673450 8364
1564868 446870 8364
1564868 2673450 8364
2673450 1555452 8364
2673450 1564868 8364
780075 1212319 8890
780075 1908001 8890
1212319 780075 8890
1212319 2340245 8890
1908001 780075 8890
1908001 2340245 8890
2340245 1212319 8890
2340245 1908001 8890
435105 1556496 6571
435105 1563824 6571
1556496 435105 6571
1556496 2685215 6571
1563824 435105 6571
1563824 2685215 6571
2685215 1556496 6571
2685215 1563824 6571
1324689 1560140 5181
1324689 1560180 5181
1560140 1324689 5181
1560140 1795631 5181
1560180 1324689 5181
1560180 1795631 5181
1795631 1560140 5181
1795631 1560180 5181
879907 1560150 5227
879907 1560170 5227
1560150 879907 5227
1560150 2240413 5227
1560170 879907 5227
1560170 2240413 5227
2240413 1560150 5227
2240413 1560170 5227
783197 1129472 17256
783197 1990848 17256
1129472 783197 17256
1129472 2337123 17256
1990848 783197 17256
1990848 2337123 17256
2337123 1129472 17256
2337123 1990848 17256
782153 800724 551
782153 2319596 551
800724 782153 551
800724 2338167 551
2319596 782153 551
2319596 2338167 551
2338167 800724 551
2338167 2319596 551
887486 1559879 3478
887486 1560441 3478
1559879 887486 3478
1559879 2232834 3478
1560441 887486 3478
1560441 2232834 3478
2232834 1559879 3478
2232834 1560441 3478
1167889 1559628 9637
1167889 1560692 9637
1559628 1167889 9637
1559628 1952431 9637
1560692 1167889 9637
1560692 1952431 9637
1952431 1559628 9637
1952431 1560692 9637
783207 1102820 5375
783207 2017500 5375
1102820 783207 5375
1102820 2337113 5375
2017500 783207 5375
2017500 2337113 5375
2337113 1102820 5375
2337113 2017500 5375
783458 1106223 10587
783458 2014097 10587
1106223 783458 10587
1106223 2336862 10587
2014097 783458 10587
2014097 2336862 10587
2336862 1106223 10587
2336862 2014097 10587
1229816 1557821 2104
1229816 1562499 2104
1557821 1229816 2104
1557821 1890504 2104
1562499 1229816 2104
1562499 1890504 2104
1890504 1557821 2104
1890504 1562499 2104
595840 1559889 10006
595840 1560431 10006
1559889 595840 10006
1559889 2524480 10006
1560431 595840 10006
1560431 2524480 10006
2524480 1559889 10006
2524480 1560431 10006
758111 1469202 514
758111 1651118 514
1469202 758111 514
1469202 2362209 514
1651118 758111 514
1651118 2362209 514
2362209 1469202 514
2362209 1651118 514
628505 1560150 10772
628505 1560170 10772
1560150 628505 10772
1560150 2491815 10772
1560170 628505 10772
1560170 2491815 10772
2491815 1560150 10772
2491815 1560170 10772
1280008 1560150 4869
1280008 1560170 4869
1560150 1280008 4869
1560150 1840312 4869
1560170 1280008 4869
1560170 1840312 4869
1840312 1560150 4869
1840312 1560170 4869
992538 1557299 5470
992538 1563021 5470
1557299 992538 5470
1557299 2127782 5470
1563021 992538 5470
1563021 2127782 5470
2127782 1557299 5470
2127782 1563021 5470
718650 1119544 214
718650 2000776 214
1119544 718650 214
1119544 2401670 214
2000776 718650 214
2000776 2401670 214
2401670 1119544 214
2401670 2000776 214
781892 1205523 6081
781892 1914797 6081
1205523 781892 6081
1205523 2338428 6081
1914797 781892 6081
1914797 2338428 6081
2338428 1205523 6081
2338428 1914797 6081
1266667 1556496 4761
1266667 1563824 4761
1556496 1266667 4761
1556496 1853653 4761
1563824 1266667 4761
1563824 1853653 4761
1853653 1556496 4761
1853653 1563824 4761
754989 1317120 2551
754989 1803200 2551
1317120 754989 2551
1317120 2365331 2551
1803200 754989 2551
1803200 2365331 2551
2365331 1317120 2551
2365331 1803200 2551
386770 1560150 140
386770 1560170 140
1560150 386770 140
1560150 2733550 140
1560170 386770 140
1560170 2733550 140
2733550 1560150 140
2733550 1560170 140
1112738 1420335 2606
1112738 1699985 2606
1420335 1112738 2606
1420335 2007582 2606
1699985 1112738 2606
1699985 2007582 2606
2007582 1420335 2606
2007582 1699985 2606
1306138 1558584 1671
1306138 1561736 1671
1558584 1306138 1671
1558584 1814182 1671
1561736 1306138 1671
1561736 1814182 1671
1814182 1558584 1671
1814182 1561736 1671
783468 1062305 30952
783468 2058015 30952
1062305 783468 30952
1062305 2336852 30952
2058015 783468 30952
2058015 2336852 30952
2336852 1062305 30952
2336852 2058015 30952
782675 1149338 6202
782675 1970982 6202
1149338 782675 6202
1149338 2337645 6202
1970982 782675 6202
1970982 2337645 6202
2337645 1149338 6202
2337645 1970982 6202
777977 1113792 5410
777977 2006528 5410
1113792 777977 5410
1113792 2342343 5410
2006528 777977 5410
2006528 2342343 5410
2342343 1113792 5410
2342343 2006528 5410
890618 1558323 877
890618 1561997 877
1558323 890618 877
1558323 2229702 877
1561997 890618 877
1561997 2229702 877
2229702 1558323 877
2229702 1561997 877
777204 1140444 6395
777204 1979876 6395
1140444 777204 6395
1140444 2343116 6395
1979876 777204 6395
1979876 2343116 6395
2343116 1140444 6395
2343116 1979876 6395
1076168 1555442 2571
1076168 1564878 2571
1555442 1076168 2571
1555442 2044152 2571
1564878 1076168 2571
1564878 2044152 2571
2044152 1555442 2571
2044152 1564878 2571
611500 1554669 2137
611500 1565651 2137
1554669 611500 2137
1554669 2508820 2137
1565651 611500 2137
1565651 2508820 2137
2508820 1554669 2137
2508820 1565651 2137
776140 897143 2385
776140 2223177 2385
897143 776140 2385
897143 2344180 2385
2223177 776140 2385
2223177 2344180 2385
2344180 897143 2385
2344180 2223177 2385
777977 1422423 794
777977 1697897 794
1422423 777977 794
1422423 2342343 794
1697897 777977 794
1697897 2342343 794
2342343 1422423 794
2342343 1697897 794
1473920 1554428 4036
1473920 1565892 4036
1554428 1473920 4036
1554428 1646400 4036
1565892 1473920 4036
1565892 1646400 4036
1646400 1554428 4036
1646400 1565892 4036
1218583 1560150 7780
1218583 1560170 7780
1560150 1218583 7780
1560150 1901737 7780
1560170 1218583 7780
1560170 1901737 7780
1901737 1560150 7780
1901737 1560170 7780
927469 1234273 4509
927469 1886047 4509
1234273 927469 4509
1234273 2192851 4509
1886047 927469 4509
1886047 2192851 4509
2192851 1234273 4509
2192851 1886047 4509
768581 1200564 971
768581 1919756 971
1200564 768581 971
1200564 2351739 971
1919756 768581 971
1919756 2351739 971
2351739 1200564 971
2351739 1919756 971
687812 1131299 10138
687812 1989021 10138
1131299 687812 10138
1131299 2432508 10138
1989021 687812 10138
1989021 2432508 10138
2432508 1131299 10138
2432508 1989021 10138
754718 1466341 2763
754718 1653979 2763
1466341 754718 2763
1466341 2365602 2763
1653979 754718 2763
1653979 2365602 2763
2365602 1466341 2763
2365602 1653979 2763
1025203 1345850 637
1025203 1774470 637
1345850 1025203 637
1345850 2095117 637
1774470 1025203 637
1774470 2095117 637
2095117 1345850 637
2095117 1774470 637
780848 1260664 7687
780848 1859656 7687
1260664 780848 7687
1260664 2339472 7687
1859656 780848 7687
1859656 2339472 7687
2339472 1260664 7687
2339472 1859656 7687
1160842 1467636 487
1160842 1652684 487
1467636 1160842 487
1467636 1959478 487
1652684 1160842 487
1652684 1959478 487
1959478 1467636 487
1959478 1652684 487
780326 1377471 14326
780326 1742849 14326
1377471 780326 14326
1377471 2339994 14326
1742849 780326 14326
1742849 2339994 14326
2339994 1377471 14326
2339994 1742849 14326
767266 1375654 1152
767266 1744666 1152
1375654 767266 1152
1375654 2353054 1152
1744666 767266 1152
1744666 2353054 1152
2353054 1375654 1152
2353054 1744666 1152
1164747 1463711 5958
1164747 1656609 5958
1463711 1164747 5958
1463711 1955573 5958
1656609 1164747 5958
1656609 1955573 5958
1955573 1463711 5958
1955573 1656609 5958
1032260 1555452 7816
1032260 1564868 7816
1555452 1032260 7816
1555452 2088060 7816
1564868 1032260 7816
1564868 2088060 7816
2088060 1555452 7816
2088060 1564868 7816
760199 1202391 6147
760199 1917929 6147
1202391 760199 6147
1202391 2360121 6147
1917929 760199 6147
1917929 2360121 6147
2360121 1202391 6147
2360121 1917929 6147
778499 1253075 7894
778499 1867245 7894
1253075 778499 7894
1253075 2341821 7894
1867245 778499 7894
1867245 2341821 7894
2341821 1253075 7894
2341821 1867245 7894
775628 1233480 11861
775628 1886840 11861
1233480 775628 11861
1233480 2344692 11861
1886840 775628 11861
1886840 2344692 11861
2344692 1233480 11861
2344692 1886840 11861
1036968 1557801 9108
1036968 1562519 9108
1557801 1036968 9108
1557801 2083352 9108
1562519 1036968 9108
1562519 2083352 9108
2083352 1557801 9108
2083352 1562519 9108
780065 1546036 487
780065 1574284 487
1546036 780065 487
1546036 2340255 487
1574284 780065 487
1574284 2340255 487
2340255 1546036 487
2340255 1574284 487
865000 1559387 2833
865000 1560933 2833
1559387 865000 2833
1559387 2255320 2833
1560933 865000 2833
1560933 2255320 2833
2255320 1559387 2833
2255320 1560933 2833
1183308 1560150 2695
1183308 1560170 2695
1560150 1183308 2695
1560150 1937012 2695
1560170 1183308 2695
1560170 1937012 2695
1937012 1560150 2695
1937012 1560170 2695
1198205 1559909 2357
1198205 1560411 2357
1559909 1198205 2357
1559909 1922115 2357
1560411 1198205 2357
1560411 1922115 2357
1922115 1559909 2357
1922115 1560411 2357
775628 775889 41161
775628 2344431 41161
775889 775628 41161
775889 2344692 41161
2344431 775628 41161
2344431 2344692 41161
2344692 775889 41161
2344692 2344431 41161
769103 1094970 2238
769103 2025350 2238
1094970 769103 2238
1094970 2351217 2238
2025350 769103 2238
2025350 2351217 2238
2351217 1094970 2238
2351217 2025350 2238
782163 1033565 63997
782163 2086755 63997
1033565 782163 63997
1033565 2338157 63997
2086755 782163 63997
2086755 2338157 63997
2338157 1033565 63997
2338157 2086755 63997
781109 1195585 486
781109 1924735 486
1195585 781109 486
1195585 2339211 486
1924735 781109 486
1924735 2339211 486
2339211 1195585 486
2339211 1924735 486
1160581 1468690 5326
1160581 1651630 5326
1468690 1160581 5326
1468690 1959739 5326
1651630 1160581 5326
1651630 1959739 5326
1959739 1468690 5326
1959739 1651630 5326
1067806 1555974 10239
1067806 1564346 10239
1555974 1067806 10239
1555974 2052514 10239
1564346 1067806 10239
1564346 2052514 10239
2052514 1555974 10239
2052514 1564346 10239
751315 1475486 10199
751315 1644834 10199
1475486 751315 10199
1475486 2369005 10199
1644834 751315 10199
1644834 2369005 10199
2369005 1475486 10199
2369005 1644834 10199
985210 1560150 1654
985210 1560170 1654
1560150 985210 1654
1560150 2135110 1654
1560170 985210 1654
1560170 2135110 1654
2135110 1560150 1654
2135110 1560170 1654
1430534 1560150 3628
1430534 1560170 3628
1560150 1430534 3628
1560150 1689786 3628
1560170 1430534 3628
1560170 1689786 3628
1689786 1560150 3628
1689786 1560170 3628
774835 1262240 7155
774835 1858080 7155
1262240 774835 7155
1262240 2345485 7155
1858080 774835 7155
1858080 2345485 7155
2345485 1262240 7155
2345485 1858080 7155
368480 1559889 13263
368480 1560431 13263
1559889 368480 13263
1559889 2751840 13263
1560431 368480 13263
1560431 2751840 13263
2751840 1559889 13263
2751840 1560431 13263
1443865 1556496 3621
1443865 1563824 3621
1556496 1443865 3621
1556496 1676455 3621
1563824 1443865 3621
1563824 1676455 3621
1676455 1556496 3621
1676455 1563824 3621
714213 780587 18903
714213 2339733 18903
780587 714213 18903
780587 2406107 18903
2339733 714213 18903
2339733 2406107 18903
2406107 780587 18903
2406107 2339733 18903
1171804 1432090 2984
1171804 1688230 2984
1432090 1171804 2984
1432090 1948516 2984
1688230 1171804 2984
1688230 1948516 2984
1948516 1432090 2984
1948516 1688230 2984
1135475 1436798 4664
1135475 1683522 4664
1436798 1135475 4664
1436798 1984845 4664
1683522 1135475 4664
1683522 1984845 4664
1984845 1436798 4664
1984845 1683522 4664
677884 1133648 3915
677884 1986672 3915
1133648 677884 3915
1133648 2442436 3915
1986672 677884 3915
1986672 2442436 3915
2442436 1133648 3915
2442436 1986672 3915
914650 1559628 2665
914650 1560692 2665
1559628 914650 2665
1559628 2205670 2665
1560692 914650 2665
1560692 2205670 2665
2205670 1559628 2665
2205670 1560692 2665
780336 814567 14424
780336 2305753 14424
814567 780336 14424
814567 2339984 14424
2305753 780336 14424
2305753 2339984 14424
2339984 814567 14424
2339984 2305753 14424
895316 1554167 11781
895316 1566153 11781
1554167 895316 11781
1554167 2225004 11781
1566153 895316 11781
1566153 2225004 11781
2225004 1554167 11781
2225004 1566153 11781
782936 1426599 23015
782936 1693721 23015
1426599 782936 23015
1426599 2337384 23015
1693721 782936 23015
1693721 2337384 23015
2337384 1426599 23015
2337384 1693721 23015
783458 1297505 15956
783458 1822815 15956
1297505 783458 15956
1297505 2336862 15956
1822815 783458 15956
1822815 2336862 15956
2336862 1297505 15956
2336862 1822815 15956
783468 1072233 41391
783468 2048087 41391
1072233 783468 41391
1072233 2336852 41391
2048087 783468 41391
2048087 2336852 41391
2336852 1072233 41391
2336852 2048087 41391
782685 1111955 15647
782685 2008365 15647
1111955 782685 15647
1111955 2337635 15647
2008365 782685 15647
2008365 2337635 15647
2337635 1111955 15647
2337635 2008365 15647
1123459 1555211 6342
1123459 1565109 6342
1555211 1123459 6342
1555211 1996861 6342
1565109 1123459 6342
1565109 1996861 6342
1996861 1555211 6342
1996861 1565109 6342
838880 1558323 1528
838880 1561997 1528
1558323 838880 1528
1558323 2281440 1528
1561997 838880 1528
1561997 2281440 1528
2281440 1558323 1528
2281440 1561997 1528
782946 1096014 8011
782946 2024306 8011
1096014 782946 8011
1096014 2337374 8011
2024306 782946 8011
2024306 2337374 8011
2337374 1096014 8011
2337374 2024306 8011
776150 1241842 3844
776150 1878478 3844
1241842 776150 3844
1241842 2344170 3844
1878478 776150 3844
1878478 2344170 3844
2344170 1241842 3844
2344170 1878478 3844
774835 1238700 6070
774835 1881620 6070
1238700 774835 6070
1238700 2345485 6070
1881620 774835 6070
1881620 2345485 6070
2345485 1238700 6070
2345485 1881620 6070
782946 994877 19781
782946 2125443 19781
994877 782946 19781
994877 2337374 19781
2125443 782946 19781
2125443 2337374 19781
2337374 994877 19781
2337374 2125443 19781
783468 964320 71616
783468 2156000 71616
964320 783468 71616
964320 2336852 71616
2156000 783468 71616
2156000 2336852 71616
2336852 964320 71616
2336852 2156000 71616
779814 1190355 1592
779814 1929965 1592
1190355 779814 1592
1190355 2340506 1592
1929965 779814 1592
1929965 2340506 1592
2340506 1190355 1592
2340506 1929965 1592
1005598 1554147 13309
1005598 1566173 13309
1554147 1005598 13309
1554147 2114722 13309
1566173 1005598 13309
1566173 2114722 13309
2114722 1554147 13309
2114722 1566173 13309
1016319 1560150 2703
1016319 1560170 2703
1560150 1016319 2703
1560150 2104001 2703
1560170 1016319 2703
1560170 2104001 2703
2104001 1560150 2703
2104001 1560170 2703
1170499 1440462 1919
1170499 1679858 1919
1440462 1170499 1919
1440462 1949821 1919
1679858 1170499 1919
1679858 1949821 1919
1949821 1440462 1919
1949821 1679858 1919
738255 1441506 6807
738255 1678814 6807
1441506 738255 6807
1441506 2382065 6807
1678814 738255 6807
1678814 2382065 6807
2382065 1441506 6807
2382065 1678814 6807
783458 1310846 19090
783458 1809474 19090
1310846 783458 19090
1310846 2336862 19090
1809474 783458 19090
1809474 2336862 19090
2336862 1310846 19090
2336862 1809474 19090
782936 1419552 26685
782936 1700768 26685
1419552 782936 26685
1419552 2337384 26685
1700768 782936 26685
1700768 2337384 26685
2337384 1419552 26685
2337384 1700768 26685
776933 1538196 1472
776933 1582124 1472
1538196 776933 1472
1538196 2343387 1472
1582124 776933 1472
1582124 2343387 1472
2343387 1538196 1472
2343387 1582124 1472
736418 779282 11424
736418 2341038 11424
779282 736418 11424
779282 2383902 11424
2341038 736418 11424
2341038 2383902 11424
2383902 779282 11424
2383902 2341038 11424
760209 1460579 7202
760209 1659741 7202
1460579 760209 7202
1460579 2360111 7202
1659741 760209 7202
1659741 2360111 7202
2360111 1460579 7202
2360111 1659741 7202
617262 1559628 23436
617262 1560692 23436
1559628 617262 23436
1559628 2503058 23436
1560692 617262 23436
1560692 2503058 23436
2503058 1559628 23436
2503058 1560692 23436
635291 1560150 2517
635291 1560170 2517
1560150 635291 2517
1560150 2485029 2517
1560170 635291 2517
1560170 2485029 2517
2485029 1560150 2517
2485029 1560170 2517
717345 1121110 31665
717345 1999210 31665
1121110 717345 31665
1121110 2402975 31665
1999210 717345 31665
1999210 2402975 31665
2402975 1121110 31665
2402975 1999210 31665
1038012 1554689 10978
1038012 1565631 10978
1554689 1038012 10978
1554689 2082308 10978
1565631 1038012 10978
1565631 2082308 10978
2082308 1554689 10978
2082308 1565631 10978
657235 1140966 14748
657235 1979354 14748
1140966 657235 14748
1140966 2463085 14748
1979354 657235 14748
1979354 2463085 14748
2463085 1140966 14748
2463085 1979354 14748
652808 1554669 12432
652808 1565651 12432
1554669 652808 12432
1554669 2467512 12432
1565651 652808 12432
1565651 2467512 12432
2467512 1554669 12432
2467512 1565651 12432
781109 1254380 4868
781109 1865940 4868
1254380 781109 4868
1254380 2339211 4868
1865940 781109 4868
1865940 2339211 4868
2339211 1254380 4868
2339211 1865940 4868
774052 1214136 30799
774052 1906184 30799
1214136 774052 30799
1214136 2346268 30799
1906184 774052 30799
1906184 2346268 30799
2346268 1214136 30799
2346268 1906184 30799
735123 1207360 2055
735123 1912960 2055
1207360 735123 2055
1207360 2385197 2055
1912960 735123 2055
1912960 2385197 2055
2385197 1207360 2055
2385197 1912960 2055
1138366 1435493 2158
1138366 1684827 2158
1435493 1138366 2158
1435493 1981954 2158
1684827 1138366 2158
1684827 1981954 2158
1981954 1435493 2158
1981954 1684827 2158
1164757 1465799 2415
1164757 1654521 2415
1465799 1164757 2415
1465799 1955563 2415
1654521 1164757 2415
1654521 1955563 2415
1955563 1465799 2415
1955563 1654521 2415
666651 1138095 11450
666651 1982225 11450
1138095 666651 11450
1138095 2453669 11450
1982225 666651 11450
1982225 2453669 11450
2453669 1138095 11450
2453669 1982225 11450
884605 1560150 2189
884605 1560170 2189
1560150 884605 2189
1560150 2235715 2189
1560170 884605 2189
1560170 2235715 2189
2235715 1560150 2189
2235715 1560170 2189
1525397 1554408 3290
1525397 1565912 3290
1554408 1525397 3290
1554408 1594923 3290
1565912 1525397 3290
1565912 1594923 3290
1594923 1554408 3290
1594923 1565912 3290
1513100 1554669 803
1513100 1565651 803
1554669 1513100 803
1554669 1607220 803
1565651 1513100 803
1565651 1607220 803
1607220 1554669 803
1607220 1565651 803
548800 782414 44790
548800 2337906 44790
782414 548800 44790
782414 2571520 44790
2337906 548800 44790
2337906 2571520 44790
2571520 782414 44790
2571520 2337906 44790
650720 1560150 14404
650720 1560170 14404
1560150 650720 14404
1560150 2469600 14404
1560170 650720 14404
1560170 2469600 14404
2469600 1560150 14404
2469600 1560170 14404
782153 1367021 11793
782153 1753299 11793
1367021 782153 11793
1367021 2338167 11793
1753299 782153 11793
1753299 2338167 11793
2338167 1367021 11793
2338167 1753299 11793
726490 783458 22989
726490 2336862 22989
783458 726490 22989
783458 2393830 22989
2336862 726490 22989
2336862 2393830 22989
2393830 783458 22989
2393830 2336862 22989
977119 1559889 16263
977119 1560431 16263
1559889 977119 16263
1559889 2143201 16263
1560431 977119 16263
1560431 2143201 16263
2143201 1559889 16263
2143201 1560431 16263
754718 1477303 3299
754718 1643017 3299
1477303 754718 3299
1477303 2365602 3299
1643017 754718 3299
1643017 2365602 3299
2365602 1477303 3299
2365602 1643017 3299
1161354 1458491 487
1161354 1661829 487
1458491 1161354 487
1458491 1958966 487
1661829 1161354 487
1661829 1958966 487
1958966 1458491 487
1958966 1661829 487
611500 1555191 5963
611500 1565129 5963
1555191 611500 5963
1555191 2508820 5963
1565129 611500 5963
1565129 2508820 5963
2508820 1555191 5963
2508820 1565129 5963
1437581 1555452 2429
1437581 1564868 2429
1555452 1437581 2429
1555452 1682739 2429
1564868 1437581 2429
1564868 1682739 2429
1682739 1555452 2429
1682739 1564868 2429
400623 1555733 2455
400623 1564587 2455
1555733 400623 2455
1555733 2719697 2455
1564587 400623 2455
1564587 2719697 2455
2719697 1555733 2455
2719697 1564587 2455
781109 1243669 1237
781109 1876651 1237
1243669 781109 1237
1243669 2339211 1237
1876651 781109 1237
1876651 2339211 1237
2339211 1243669 1237
2339211 1876651 1237
1317110 1560150 11022
1317110 1560170 11022
1560150 1317110 11022
1560150 1803210 11022
1560170 1317110 11022
1560170 1803210 11022
1803210 1560150 11022
1803210 1560170 11022
771191 1206557 6469
771191 1913763 6469
1206557 771191 6469
1206557 2349129 6469
1913763 771191 6469
1913763 2349129 6469
2349129 1206557 6469
2349129 1913763 6469
525280 1554408 36134
525280 1565912 36134
1554408 525280 36134
1554408 2595040 36134
1565912 525280 36134
1565912 2595040 36134
2595040 1554408 36134
2595040 1565912 36134
777194 1264840 1368
777194 1855480 1368
1264840 777194 1368
1264840 2343126 1368
1855480 777194 1368
1855480 2343126 1368
2343126 1264840 1368
2343126 1855480 1368
713440 1227467 1639
713440 1892853 1639
1227467 713440 1639
1227467 2406880 1639
1892853 713440 1639
1892853 2406880 1639
2406880 1227467 1639
2406880 1892853 1639
782675 1053160 4217
782675 2067160 4217
1053160 782675 4217
1053160 2337645 4217
2067160 782675 4217
2067160 2337645 4217
2337645 1053160 4217
2337645 2067160 4217
783458 1319720 17054
783458 1800600 17054
1319720 783458 17054
1319720 2336862 17054
1800600 783458 17054
1800600 2336862 17054
2336862 1319720 17054
2336862 1800600 17054
780848 850635 6127
780848 2269685 6127
850635 780848 6127
850635 2339472 6127
2269685 780848 6127
2269685 2339472 6127
2339472 850635 6127
2339472 2269685 6127
1212048 1560150 1833
1212048 1560170 1833
1560150 1212048 1833
1560150 1908272 1833
1560170 1212048 1833
1560170 1908272 1833
1908272 1560150 1833
1908272 1560170 1833
775367 806466 7977
775367 2313854 7977
806466 775367 7977
806466 2344953 7977
2313854 775367 7977
2313854 2344953 7977
2344953 806466 7977
2344953 2313854 7977
775106 1532193 6426
775106 1588127 6426
1532193 775106 6426
1532193 2345214 6426
1588127 775106 6426
1588127 2345214 6426
2345214 1532193 6426
2345214 1588127 6426
774845 1513642 11701
774845 1606678 11701
1513642 774845 11701
1513642 2345475 11701
1606678 774845 11701
1606678 2345475 11701
2345475 1513642 11701
2345475 1606678 11701
948098 1558323 6196
948098 1561997 6196
1558323 948098 6196
1558323 2172222 6196
1561997 948098 6196
1561997 2172222 6196
2172222 1558323 6196
2172222 1561997 6196
1493254 1553906 4099
1493254 1566414 4099
1553906 1493254 4099
1553906 1627066 4099
1566414 1493254 4099
1566414 1627066 4099
1627066 1553906 4099
1627066 1566414 4099
783458 1277920 10744
783458 1842400 10744
1277920 783458 10744
1277920 2336862 10744
1842400 783458 10744
1842400 2336862 10744
2336862 1277920 10744
2336862 1842400 10744
783207 1017092 56071
783207 2103228 56071
1017092 783207 56071
1017092 2337113 56071
2103228 783207 56071
2103228 2337113 56071
2337113 1017092 56071
2337113 2103228 56071
925110 1558062 1051
925110 1562258 1051
1558062 925110 1051
1558062 2195210 1051
1562258 925110 1051
1562258 2195210 1051
2195210 1558062 1051
2195210 1562258 1051
731720 1114575 5393
731720 2005745 5393
1114575 731720 5393
1114575 2388600 5393
2005745 731720 5393
2005745 2388600 5393
2388600 1114575 5393
2388600 2005745 5393
729120 1553645 14417
729120 1566675 14417
1553645 729120 14417
1553645 2391200 14417
1566675 729120 14417
1566675 2391200 14417
2391200 1553645 14417
2391200 1566675 14417
782163 1004293 27049
782163 2116027 27049
1004293 782163 27049
1004293 2338157 27049
2116027 782163 27049
2116027 2338157 27049
2338157 1004293 27049
2338157 2116027 27049
674220 1557801 8503
674220 1562519 8503
1557801 674220 8503
1557801 2446100 8503
1562519 674220 8503
1562519 2446100 8503
2446100 1557801 8503
2446100 1562519 8503
1258837 1560150 4308
1258837 1560170 4308
1560150 1258837 4308
1560150 1861483 4308
1560170 1258837 4308
1560170 1861483 4308
1861483 1560150 4308
1861483 1560170 4308
717606 779282 2556
717606 2341038 2556
779282 717606 2556
779282 2402714 2556
2341038 717606 2556
2341038 2402714 2556
2402714 779282 2556
2402714 2341038 2556
709505 777194 9767
709505 2343126 9767
777194 709505 9767
777194 2410815 9767
2343126 709505 9767
2343126 2410815 9767
2410815 777194 9767
2410815 2343126 9767
781370 1228260 753
781370 1892060 753
1228260 781370 753
1228260 2338950 753
1892060 781370 753
1892060 2338950 753
2338950 1228260 753
2338950 1892060 753
751847 1205252 2220
751847 1915068 2220
1205252 751847 2220
1205252 2368473 2220
1915068 751847 2220
1915068 2368473 2220
2368473 1205252 2220
2368473 1915068 2220
1184613 1454305 1053
1184613 1666015 1053
1454305 1184613 1053
1454305 1935707 1053
1666015 1184613 1053
1666015 1935707 1053
1935707 1454305 1053
1935707 1666015 1053
745573 1109867 13109
745573 2010453 13109
1109867 745573 13109
1109867 2374747 13109
2010453 745573 13109
2010453 2374747 13109
2374747 1109867 13109
2374747 2010453 13109
702197 1125808 22911
702197 1994512 22911
1125808 702197 22911
1125808 2418123 22911
1994512 702197 22911
1994512 2418123 22911
2418123 1125808 22911
2418123 1994512 22911
1163713 1560140 3877
1163713 1560180 3877
1560140 1163713 3877
1560140 1956607 3877
1560180 1163713 3877
1560180 1956607 3877
1956607 1560140 3877
1956607 1560180 3877
781370 1123198 11880
781370 1997122 11880
1123198 781370 11880
1123198 2338950 11880
1997122 781370 11880
1997122 2338950 11880
2338950 1123198 11880
2338950 1997122 11880
781380 1079300 4521
781380 2041020 4521
1079300 781380 4521
1079300 2338940 4521
2041020 781380 4521
2041020 2338940 4521
2338940 1079300 4521
2338940 2041020 4521
781641 1385321 15421
781641 1734999 15421
1385321 781641 15421
1385321 2338679 15421
1734999 781641 15421
1734999 2338679 15421
2338679 1385321 15421
2338679 1734999 15421
783207 1387680 10331
783207 1732640 10331
1387680 783207 10331
1387680 2337113 10331
1732640 783207 10331
1732640 2337113 10331
2337113 1387680 10331
2337113 1732640 10331
857421 1560150 2502
857421 1560170 2502
1560150 857421 2502
1560150 2262899 2502
1560170 857421 2502
1560170 2262899 2502
2262899 1560150 2502
2262899 1560170 2502
1095502 1559367 6809
1095502 1560953 6809
1559367 1095502 6809
1559367 2024818 6809
1560953 1095502 6809
1560953 2024818 6809
2024818 1559367 6809
2024818 1560953 6809
496008 782675 11308
496008 2337645 11308
782675 496008 11308
782675 2624312 11308
2337645 496008 11308
2337645 2624312 11308
2624312 782675 11308
2624312 2337645 11308
736960 1297505 12
736960 1822815 12
1297505 736960 12
1297505 2383360 12
1822815 736960 12
1822815 2383360 12
2383360 1297505 12
2383360 1822815 12
775879 1284174 2856
775879 1836146 2856
1284174 775879 2856
1284174 2344441 2856
1836146 775879 2856
1836146 2344441 2856
2344441 1284174 2856
2344441 1836146 2856
759687 1455620 4631
759687 1664700 4631
1455620 759687 4631
1455620 2360633 4631
1664700 759687 4631
1664700 2360633 4631
2360633 1455620 4631
2360633 1664700 4631
1314196 1560160 13100
1560160 1314196 13100
1560160 1806124 13100
1806124 1560160 13100
853710 1558966 2682
853710 1561354 2682
1558966 853710 2682
1558966 2266610 2682
1561354 853710 2682
1561354 2266610 2682
2266610 1558966 2682
2266610 1561354 2682
778886 1555384 14161
778886 1564936 14161
1555384 778886 14161
1555384 2341434 14161
1564936 778886 14161
1564936 2341434 14161
2341434 1555384 14161
2341434 1564936 14161
883812 1558313 919
883812 1562007 919
1558313 883812 919
1558313 2236508 919
1562007 883812 919
1562007 2236508 919
2236508 1558313 919
2236508 1562007 919
782414 1556235 25703
782414 1564085 25703
1556235 782414 25703
1556235 2337906 25703
1564085 782414 25703
1564085 2337906 25703
2337906 1556235 25703
2337906 1564085 25703
563948 1554147 12394
563948 1566173 12394
1554147 563948 12394
1554147 2556372 12394
1566173 563948 12394
1566173 2556372 12394
2556372 1554147 12394
2556372 1566173 12394
782163 995680 26555
782163 2124640 26555
995680 782163 26555
995680 2338157 26555
2124640 782163 26555
2124640 2338157 26555
2338157 995680 26555
2338157 2124640 26555
1213624 1560150 4060
1213624 1560170 4060
1560150 1213624 4060
1560150 1906696 4060
1560170 1213624 4060
1560170 1906696 4060
1906696 1560150 4060
1906696 1560170 4060
635040 1557540 10754
635040 1562780 10754
1557540 635040 10754
1557540 2485280 10754
1562780 635040 10754
1562780 2485280 10754
2485280 1557540 10754
2485280 1562780 10754
782153 792101 2812
782153 2328219 2812
792101 782153 2812
792101 2338167 2812
2328219 782153 2812
2328219 2338167 2812
2338167 792101 2812
2338167 2328219 2812
924066 1560150 64
924066 1560170 64
1560150 924066 64
1560150 2196254 64
1560170 924066 64
1560170 2196254 64
2196254 1560150 64
2196254 1560170 64
783197 1117195 17003
783197 2003125 17003
1117195 783197 17003
1117195 2337123 17003
2003125 783197 17003
2003125 2337123 17003
2337123 1117195 17003
2337123 2003125 17003
1450400 1558835 10795
1450400 1561485 10795
1558835 1450400 10795
1558835 1669920 10795
1561485 1450400 10795
1561485 1669920 10795
1669920 1558835 10795
1669920 1561485 10795
589566 1554920 20780
589566 1565400 20780
1554920 589566 20780
1554920 2530754 20780
1565400 589566 20780
1565400 2530754 20780
2530754 1554920 20780
2530754 1565400 20780
1215973 1559628 4427
1215973 1560692 4427
1559628 1215973 4427
1559628 1904347 4427
1560692 1215973 4427
1560692 1904347 4427
1904347 1559628 4427
1904347 1560692 4427
782936 1296210 16726
782936 1824110 16726
1296210 782936 16726
1296210 2337384 16726
1824110 782936 16726
1824110 2337384 16726
2337384 1296210 16726
2337384 1824110 16726
1191680 1446204 1478
1191680 1674116 1478
1446204 1191680 1478
1446204 1928640 1478
1674116 1191680 1478
1674116 1928640 1478
1928640 1446204 1478
1928640 1674116 1478
760731 782936 14340
760731 2337384 14340
782936 760731 14340
782936 2359589 14340
2337384 760731 14340
2337384 2359589 14340
2359589 782936 14340
2359589 2337384 14340
782675 1284706 3899
782675 1835614 3899
1284706 782675 3899
1284706 2337645 3899
1835614 782675 3899
1835614 2337645 3899
2337645 1284706 3899
2337645 1835614 3899
1250475 1560150 4749
1250475 1560170 4749
1560150 1250475 4749
1560150 1869845 4749
1560170 1250475 4749
1560170 1869845 4749
1869845 1560150 4749
1869845 1560170 4749
783458 1113260 17649
783458 2007060 17649
1113260 783458 17649
1113260 2336862 17649
2007060 783458 17649
2007060 2336862 17649
2336862 1113260 17649
2336862 2007060 17649
775889 1537152 7553
775889 1583168 7553
1537152 775889 7553
1537152 2344431 7553
1583168 775889 7553
1583168 2344431 7553
2344431 1537152 7553
2344431 1583168 7553
1207360 1440713 10
1207360 1679607 10
1440713 1207360 10
1440713 1912960 10
1679607 1207360 10
1679607 1912960 10
1912960 1440713 10
1912960 1679607 10
652537 1559628 6027
652537 1560692 6027
1559628 652537 6027
1559628 2467783 6027
1560692 652537 6027
1560692 2467783 6027
2467783 1559628 6027
2467783 1560692 6027
418642 1558082 5659
418642 1562238 5659
1558082 418642 5659
1558082 2701678 5659
1562238 418642 5659
1562238 2701678 5659
2701678 1558082 5659
2701678 1562238 5659
782414 1483326 1683
782414 1636994 1683
1483326 782414 1683
1483326 2337906 1683
1636994 782414 1683
1636994 2337906 1683
2337906 1483326 1683
2337906 1636994 1683
782936 1140183 6197
782936 1980137 6197
1140183 782936 6197
1140183 2337384 6197
1980137 782936 6197
1980137 2337384 6197
2337384 1140183 6197
2337384 1980137 6197
898970 1554669 6021
898970 1565651 6021
1554669 898970 6021
1554669 2221350 6021
1565651 898970 6021
1565651 2221350 6021
2221350 1554669 6021
2221350 1565651 6021
1030172 1558584 4554
1030172 1561736 4554
1558584 1030172 4554
1558584 2090148 4554
1561736 1030172 4554
1561736 2090148 4554
2090148 1558584 4554
2090148 1561736 4554
1301430 1560150 3163
1301430 1560170 3163
1560150 1301430 3163
1560150 1818890 3163
1560170 1301430 3163
1560170 1818890 3163
1818890 1560150 3163
1818890 1560170 3163
781892 1107267 6418
781892 2013053 6418
1107267 781892 6418
1107267 2338428 6418
2013053 781892 6418
2013053 2338428 6418
2338428 1107267 6418
2338428 2013053 6418
1372000 1553906 5375
1372000 1566414 5375
1553906 1372000 5375
1553906 1748320 5375
1566414 1372000 5375
1566414 1748320 5375
1748320 1553906 5375
1748320 1566414 5375
692259 1356320 2407
692259 1764000 2407
1356320 692259 2407
1356320 2428061 2407
1764000 692259 2407
1764000 2428061 2407
2428061 1356320 2407
2428061 1764000 2407
1091326 1554669 8786
1091326 1565651 8786
1554669 1091326 8786
1554669 2028994 8786
1565651 1091326 8786
1565651 2028994 8786
2028994 1554669 8786
2028994 1565651 8786
668749 1560150 3286
668749 1560170 3286
1560150 668749 3286
1560150 2451571 3286
1560170 668749 3286
1560170 2451571 3286
2451571 1560150 3286
2451571 1560170 3286
779804 1269799 561
779804 1850521 561
1269799 779804 561
1269799 2340516 561
1850521 779804 561
1850521 2340516 561
2340516 1269799 561
2340516 1850521 561
780065 1204479 13644
780065 1915841 13644
1204479 780065 13644
1204479 2340255 13644
1915841 780065 13644
1915841 2340255 13644
2340255 1204479 13644
2340255 1915841 13644
732764 780587 12237
732764 2339733 12237
780587 732764 12237
780587 2387556 12237
2339733 732764 12237
2339733 2387556 12237
2387556 780587 12237
2387556 2339733 12237
1528800 1558062 6781
1528800 1562258 6781
1558062 1528800 6781
1558062 1591520 6781
1562258 1528800 6781
1562258 1591520 6781
1591520 1558062 6781
1591520 1562258 6781
459930 1555974 30253
459930 1564346 30253
1555974 459930 30253
1555974 2660390 30253
1564346 459930 30253
1564346 2660390 30253
2660390 1555974 30253
2660390 1564346 30253
770930 1214136 6680
770930 1906184 6680
1214136 770930 6680
1214136 2349390 6680
1906184 770930 6680
1906184 2349390 6680
2349390 1214136 6680
2349390 1906184 6680
1127374 1489600 7012
1127374 1630720 7012
1489600 1127374 7012
1489600 1992946 7012
1630720 1127374 7012
1630720 1992946 7012
1992946 1489600 7012
1992946 1630720 7012
776140 1254129 10256
776140 1866191 10256
1254129 776140 10256
1254129 2344180 10256
1866191 776140 10256
1866191 2344180 10256
2344180 1254129 10256
2344180 1866191 10256
1156907 1469202 622
1156907 1651118 622
1469202 1156907 622
1469202 1963413 622
1651118 1156907 622
1651118 1963413 622
1963413 1469202 622
1963413 1651118 622
779543 1380352 9069
779543 1739968 9069
1380352 779543 9069
1380352 2340777 9069
1739968 779543 9069
1739968 2340777 9069
2340777 1380352 9069
2340777 1739968 9069
871545 1560140 2078
871545 1560180 2078
1560140 871545 2078
1560140 2248775 2078
1560180 871545 2078
1560180 2248775 2078
2248775 1560140 2078
2248775 1560180 2078
776150 1531932 11581
776150 1588388 11581
1531932 776150 11581
1531932 2344170 11581
1588388 776150 11581
1588388 2344170 11581
2344170 1531932 11581
2344170 1588388 11581
777716 884344 4624
777716 2235976 4624
884344 777716 4624
884344 2342604 4624
2235976 777716 4624
2235976 2342604 4624
2342604 884344 4624
2342604 2235976 4624
1292807 1559106 10703
1292807 1561214 10703
1559106 1292807 10703
1559106 1827513 10703
1561214 1292807 10703
1561214 1827513 10703
1827513 1559106 10703
1827513 1561214 10703
1152460 1558313 6799
1152460 1562007 6799
1558313 1152460 6799
1558313 1967860 6799
1562007 1152460 6799
1562007 1967860 6799
1967860 1558313 6799
1967860 1562007 6799
773279 1514937 7770
773279 1605383 7770
1514937 773279 7770
1514937 2347041 7770
1605383 773279 7770
1605383 2347041 7770
2347041 1514937 7770
2347041 1605383 7770
1025986 1554669 9530
1025986 1565651 9530
1554669 1025986 9530
1554669 2094334 9530
1565651 1025986 9530
1565651 2094334 9530
2094334 1554669 9530
2094334 1565651 9530
781892 1273734 3545
781892 1846586 3545
1273734 781892 3545
1273734 2338428 3545
1846586 781892 3545
1846586 2338428 3545
2338428 1273734 3545
2338428 1846586 3545
1125035 1553886 11536
1125035 1566434 11536
1553886 1125035 11536
1553886 1995285 11536
1566434 1125035 11536
1566434 1995285 11536
1995285 1553886 11536
1995285 1566434 11536
1113792 1560150 341
1113792 1560170 341
1560150 1113792 341
1560150 2006528 341
1560170 1113792 341
1560170 2006528 341
2006528 1560150 341
2006528 1560170 341
783458 1334105 9801
783458 1786215 9801
1334105 783458 9801
1334105 2336862 9801
1786215 783458 9801
1786215 2336862 9801
2336862 1334105 9801
2336862 1786215 9801
771964 1245235 436
771964 1875085 436
1245235 771964 436
1245235 2348356 436
1875085 771964 436
1875085 2348356 436
2348356 1245235 436
2348356 1875085 436
1254400 1557279 9293
1254400 1563041 9293
1557279 1254400 9293
1557279 1865920 9293
1563041 1254400 9293
1563041 1865920 9293
1865920 1557279 9293
1865920 1563041 9293
1541850 1559096 5369
1541850 1561224 5369
1559096 1541850 5369
1559096 1578470 5369
1561224 1541850 5369
1561224 1578470 5369
1578470 1559096 5369
1578470 1561224 5369
829725 1560150 680
829725 1560170 680
1560150 829725 680
1560150 2290595 680
1560170 829725 680
1560170 2290595 680
2290595 1560150 680
2290595 1560170 680
779804 1341413 5397
779804 1778907 5397
1341413 779804 5397
1341413 2340516 5397
1778907 779804 5397
1778907 2340516 5397
2340516 1341413 5397
2340516 1778907 5397
1199520 1558835 5426
1199520 1561485 5426
1558835 1199520 5426
1558835 1920800 5426
1561485 1199520 5426
1561485 1920800 5426
1920800 1558835 5426
1920800 1561485 5426
1049767 1371719 1534
1049767 1748601 1534
1371719 1049767 1534
1371719 2070553 1534
1748601 1049767 1534
1748601 2070553 1534
2070553 1371719 1534
2070553 1748601 1534
1081920 1559357 10716
1081920 1560963 10716
1559357 1081920 10716
1559357 2038400 10716
1560963 1081920 10716
1560963 2038400 10716
2038400 1559357 10716
2038400 1560963 10716
877538 1560140 1102
877538 1560180 1102
1560140 877538 1102
1560140 2242782 1102
1560180 877538 1102
1560180 2242782 1102
2242782 1560140 1102
2242782 1560180 1102
781631 1332780 76
781631 1787540 76
1332780 781631 76
1332780 2338689 76
1787540 781631 76
1787540 2338689 76
2338689 1332780 76
2338689 1787540 76
702187 1123720 9047
702187 1996600 9047
1123720 702187 9047
1123720 2418133 9047
1996600 702187 9047
1996600 2418133 9047
2418133 1123720 9047
2418133 1996600 9047
765178 1169716 2411
765178 1950604 2411
1169716 765178 2411
1169716 2355142 2411
1950604 765178 2411
1950604 2355142 2411
2355142 1169716 2411
2355142 1950604 2411
781109 1144630 6532
781109 1975690 6532
1144630 781109 6532
1144630 2339211 6532
1975690 781109 6532
1975690 2339211 6532
2339211 1144630 6532
2339211 1975690 6532
1434720 1557018 10311
1434720 1563302 10311
1557018 1434720 10311
1557018 1685600 10311
1563302 1434720 10311
1563302 1685600 10311
1685600 1557018 10311
1685600 1563302 10311
758633 1100732 14437
758633 2019588 14437
1100732 758633 14437
1100732 2361687 14437
2019588 758633 14437
2019588 2361687 14437
2361687 1100732 14437
2361687 2019588 14437
399840 1559889 3014
399840 1560431 3014
1559889 399840 3014
1559889 2720480 3014
1560431 399840 3014
1560431 2720480 3014
2720480 1559889 3014
2720480 1560431 3014
1266145 1560150 3379
1266145 1560170 3379
1560150 1266145 3379
1560150 1854175 3379
1560170 1266145 3379
1560170 1854175 3379
1854175 1560150 3379
1854175 1560170 3379
742963 1445953 1650
742963 1674367 1650
1445953 742963 1650
1445953 2377357 1650
1674367 742963 1650
1674367 2377357 1650
2377357 1445953 1650
2377357 1674367 1650
862129 1559889 2646
862129 1560431 2646
1559889 862129 2646
1559889 2258191 2646
1560431 862129 2646
1560431 2258191 2646
2258191 1559889 2646
2258191 1560431 2646
415520 783468 8011
415520 2336852 8011
783468 415520 8011
783468 2704800 8011
2336852 415520 8011
2336852 2704800 8011
2704800 783468 8011
2704800 2336852 8011
782675 1121100 14111
782675 1999220 14111
1121100 782675 14111
1121100 2337645 14111
1999220 782675 14111
1999220 2337645 14111
2337645 1121100 14111
2337645 1999220 14111
1137051 1491939 971
1137051 1628381 971
1491939 1137051 971
1491939 1983269 971
1628381 1137051 971
1628381 1983269 971
1983269 1491939 971
1983269 1628381 971
782946 1451444 23175
782946 1668876 23175
1451444 782946 23175
1451444 2337374 23175
1668876 782946 23175
1668876 2337374 23175
2337374 1451444 23175
2337374 1668876 23175
740343 1419040 1176
740343 1701280 1176
1419040 740343 1176
1419040 2379977 1176
1701280 740343 1176
1701280 2379977 1176
2379977 1419040 1176
2379977 1701280 1176
717345 1413810 2637
717345 1706510 2637
1413810 717345 2637
1413810 2402975 2637
1706510 717345 2637
1706510 2402975 2637
2402975 1413810 2637
2402975 1706510 2637
1191409 1560150 12121
1191409 1560170 12121
1560150 1191409 12121
1560150 1928911 12121
1560170 1191409 12121
1560170 1928911 12121
1928911 1560150 12121
1928911 1560170 12121
1135746 1481760 3471
1135746 1638560 3471
1481760 1135746 3471
1481760 1984574 3471
1638560 1135746 3471
1638560 1984574 3471
1984574 1481760 3471
1984574 1638560 3471
1077985 1408841 538
1077985 1711479 538
1408841 1077985 538
1408841 2042335 538
1711479 1077985 538
1711479 2042335 538
2042335 1408841 538
2042335 1711479 538
754457 1435232 3308
754457 1685088 3308
1435232 754457 3308
1435232 2365863 3308
1685088 754457 3308
1685088 2365863 3308
2365863 1435232 3308
2365863 1685088 3308
1521994 1560150 1967
1521994 1560170 1967
1560150 1521994 1967
1560150 1598326 1967
1560170 1521994 1967
1560170 1598326 1967
1598326 1560150 1967
1598326 1560170 1967
689649 1324960 8223
689649 1795360 8223
1324960 689649 8223
1324960 2430671 8223
1795360 689649 8223
1795360 2430671 8223
2430671 1324960 8223
2430671 1795360 8223
1013960 1560150 3335
1013960 1560170 3335
1560150 1013960 3335
1560150 2106360 3335
1560170 1013960 3335
1560170 2106360 3335
2106360 1560150 3335
2106360 1560170 3335
781892 886954 6459
781892 2233366 6459
886954 781892 6459
886954 2338428 6459
2233366 781892 6459
2233366 2338428 6459
2338428 886954 6459
2338428 2233366 6459
783197 1264057 8630
783197 1856263 8630
1264057 783197 8630
1264057 2337123 8630
1856263 783197 8630
1856263 2337123 8630
2337123 1264057 8630
2337123 1856263 8630
329280 1558323 2192
329280 1561997 2192
1558323 329280 2192
1558323 2791040 2192
1561997 329280 2192
1561997 2791040 2192
2791040 1558323 2192
2791040 1561997 2192
776160 1161093 4751
776160 1959227 4751
1161093 776160 4751
1161093 2344160 4751
1959227 776160 4751
1959227 2344160 4751
2344160 1161093 4751
2344160 1959227 4751
1170509 1560140 6583
1170509 1560180 6583
1560140 1170509 6583
1560140 1949811 6583
1560180 1170509 6583
1560180 1949811 6583
1949811 1560140 6583
1949811 1560180 6583
776411 1540555 9013
776411 1579765 9013
1540555 776411 9013
1540555 2343909 9013
1579765 776411 9013
1579765 2343909 9013
2343909 1540555 9013
2343909 1579765 9013
782946 1077734 42081
782946 2042586 42081
1077734 782946 42081
1077734 2337374 42081
2042586 782946 42081
2042586 2337374 42081
2337374 1077734 42081
2337374 2042586 42081
1182786 1560150 2186
1182786 1560170 2186
1560150 1182786 2186
1560150 1937534 2186
1560170 1182786 2186
1560170 1937534 2186
1937534 1560150 2186
1937534 1560170 2186
770669 1519384 4007
770669 1600936 4007
1519384 770669 4007
1519384 2349651 4007
1600936 770669 4007
1600936 2349651 4007
2349651 1519384 4007
2349651 1600936 4007
627200 1560150 902
627200 1560170 902
1560150 627200 902
1560150 2493120 902
1560170 627200 902
1560170 2493120 902
2493120 1560150 902
2493120 1560170 902
359586 1560150 6345
359586 1560170 6345
1560150 359586 6345
1560150 2760734 6345
1560170 359586 6345
1560170 2760734 6345
2760734 1560150 6345
2760734 1560170 6345
783468 986786 40467
783468 2133534 40467
986786 783468 40467
986786 2336852 40467
2133534 783468 40467
2133534 2336852 40467
2336852 986786 40467
2336852 2133534 40467
768310 782675 12301
768310 2337645 12301
782675 768310 12301
782675 2352010 12301
2337645 768310 12301
2337645 2352010 12301
2352010 782675 12301
2352010 2337645 12301
1021810 1560150 8935
1021810 1560170 8935
1560150 1021810 8935
1560150 2098510 8935
1560170 1021810 8935
1560170 2098510 8935
2098510 1560150 8935
2098510 1560170 8935
776160 1179654 484
776160 1940666 484
1179654 776160 484
1179654 2344160 484
1940666 776160 484
1940666 2344160 484
2344160 1179654 484
2344160 1940666 484
1209448 1560140 6754
1209448 1560180 6754
1560140 1209448 6754
1560140 1910872 6754
1560180 1209448 6754
1560180 1910872 6754
1910872 1560140 6754
1910872 1560180 6754
780858 1380091 14643
780858 1740229 14643
1380091 780858 14643
1380091 2339462 14643
1740229 780858 14643
1740229 2339462 14643
2339462 1380091 14643
2339462 1740229 14643
650178 1142281 1370
650178 1978039 1370
1142281 650178 1370
1142281 2470142 1370
1978039 650178 1370
1978039 2470142 1370
2470142 1142281 1370
2470142 1978039 1370
1273202 1555964 6447
1273202 1564356 6447
1555964 1273202 6447
1555964 1847118 6447
1564356 1273202 6447
1564356 1847118 6447
1847118 1555964 6447
1847118 1564356 6447
768571 1356320 5099
768571 1764000 5099
1356320 768571 5099
1356320 2351749 5099
1764000 768571 5099
1764000 2351749 5099
2351749 1356320 5099
2351749 1764000 5099
1442560 1559618 6322
1442560 1560702 6322
1559618 1442560 6322
1559618 1677760 6322
1560702 1442560 6322
1560702 1677760 6322
1677760 1559618 6322
1677760 1560702 6322
1085825 1410668 2157
1085825 1709652 2157
1410668 1085825 2157
1410668 2034495 2157
1709652 1085825 2157
1709652 2034495 2157
2034495 1410668 2157
2034495 1709652 2157
767256 1355788 6629
767256 1764532 6629
1355788 767256 6629
1355788 2353064 6629
1764532 767256 6629
1764532 2353064 6629
2353064 1355788 6629
2353064 1764532 6629
676318 1134953 8944
676318 1985367 8944
1134953 676318 8944
1134953 2444002 8944
1985367 676318 8944
1985367 2444002 8944
2444002 1134953 8944
2444002 1985367 8944
878060 1559648 1438
878060 1560672 1438
1559648 878060 1438
1559648 2242260 1438
1560672 878060 1438
1560672 2242260 1438
2242260 1559648 1438
2242260 1560672 1438
775357 1128940 1484
775357 1991380 1484
1128940 775357 1484
1128940 2344963 1484
1991380 775357 1484
1991380 2344963 1484
2344963 1128940 1484
2344963 1991380 1484
503055 1169977 10776
503055 1950343 10776
1169977 503055 10776
1169977 2617265 10776
1950343 503055 10776
1950343 2617265 10776
2617265 1169977 10776
2617265 1950343 10776
850635 1560150 4134
850635 1560170 4134
1560150 850635 4134
1560150 2269685 4134
1560170 850635 4134
1560170 2269685 4134
2269685 1560150 4134
2269685 1560170 4134
777194 1144891 2709
777194 1975429 2709
1144891 777194 2709
1144891 2343126 2709
1975429 777194 2709
1975429 2343126 2709
2343126 1144891 2709
2343126 1975429 2709
1536620 1558604 6357
1536620 1561716 6357
1558604 1536620 6357
1558604 1583700 6357
1561716 1536620 6357
1561716 1583700 6357
1583700 1558604 6357
1583700 1561716 6357
773018 862400 5600
773018 2257920 5600
862400 773018 5600
862400 2347302 5600
2257920 773018 5600
2257920 2347302 5600
2347302 862400 5600
2347302 2257920 5600
773008 861868 1170
773008 2258452 1170
861868 773008 1170
861868 2347312 1170
2258452 773008 1170
2258452 2347312 1170
2347312 861868 1170
2347312 2258452 1170
772757 1525658 2578
772757 1594662 2578
1525658 772757 2578
1525658 2347563 2578
1594662 772757 2578
1594662 2347563 2578
2347563 1525658 2578
2347563 1594662 2578
736679 1113260 23059
736679 2007060 23059
1113260 736679 23059
1113260 2383641 23059
2007060 736679 23059
2007060 2383641 23059
2383641 1113260 23059
2383641 2007060 23059
735906 1114053 14014
735906 2006267 14014
1114053 735906 14014
1114053 2384414 14014
2006267 735906 14014
2006267 2384414 14014
2384414 1114053 14014
2384414 2006267 14014
769103 1183840 6734
769103 1936480 6734
1183840 769103 6734
1183840 2351217 6734
1936480 769103 6734
1936480 2351217 6734
2351217 1183840 6734
2351217 1936480 6734
779543 1514415 3212
779543 1605905 3212
1514415 779543 3212
1514415 2340777 3212
1605905 779543 3212
1605905 2340777 3212
2340777 1514415 3212
2340777 1605905 3212
721280 782675 8940
721280 2337645 8940
782675 721280 8940
782675 2399040 8940
2337645 721280 8940
2337645 2399040 8940
2399040 782675 8940
2399040 2337645 8940
783197 1332800 10481
783197 1787520 10481
1332800 783197 10481
1332800 2337123 10481
1787520 783197 10481
1787520 2337123 10481
2337123 1332800 10481
2337123 1787520 10481
1128940 1554428 4287
1128940 1565892 4287
1554428 1128940 4287
1554428 1991380 4287
1565892 1128940 4287
1565892 1991380 4287
1991380 1554428 4287
1991380 1565892 4287
775618 1191680 2939
775618 1928640 2939
1191680 775618 2939
1191680 2344702 2939
1928640 775618 2939
1928640 2344702 2939
2344702 1191680 2939
2344702 1928640 2939
756555 1464233 1295
756555 1656087 1295
1464233 756555 1295
1464233 2363765 1295
1656087 756555 1295
1656087 2363765 1295
2363765 1464233 1295
2363765 1656087 1295
1001161 1560150 2921
1001161 1560170 2921
1560150 1001161 2921
1560150 2119159 2921
1560170 1001161 2921
1560170 2119159 2921
2119159 1560150 2921
2119159 1560170 2921
1186179 1452739 5173
1186179 1667581 5173
1452739 1186179 5173
1452739 1934141 5173
1667581 1186179 5173
1667581 1934141 5173
1934141 1452739 5173
1934141 1667581 5173
746366 1201347 3945
746366 1918973 3945
1201347 746366 3945
1201347 2373954 3945
1918973 746366 3945
1918973 2373954 3945
2373954 1201347 3945
2373954 1918973 3945
418652 1560150 1467
418652 1560170 1467
1560150 418652 1467
1560150 2701668 1467
1560170 418652 1467
1560170 2701668 1467
2701668 1560150 1467
2701668 1560170 1467
1554408 1556255 18499
1554408 1564065 18499
1556255 1554408 18499
1556255 1565912 18499
1564065 1554408 18499
1564065 1565912 18499
1565912 1556255 18499
1565912 1564065 18499
1175990 1559387 4204
1175990 1560933 4204
1559387 1175990 4204
1559387 1944330 4204
1560933 1175990 4204
1560933 1944330 4204
1944330 1559387 4204
1944330 1560933 4204
1175197 1560150 3827
1175197 1560170 3827
1560150 1175197 3827
1560150 1945123 3827
1560170 1175197 3827
1560170 1945123 3827
1945123 1560150 3827
1945123 1560170 3827
1067796 1560150 2905
1067796 1560170 2905
1560150 1067796 2905
1560150 2052524 2905
1560170 1067796 2905
1560170 2052524 2905
2052524 1560150 2905
2052524 1560170 2905
773269 1154829 4582
773269 1965491 4582
1154829 773269 4582
1154829 2347051 4582
1965491 773269 4582
1965491 2347051 4582
2347051 1154829 4582
2347051 1965491 4582
780326 811957 11581
780326 2308363 11581
811957 780326 11581
811957 2339994 11581
2308363 780326 11581
2308363 2339994 11581
2339994 811957 11581
2339994 2308363 11581
779543 1543687 437
779543 1576633 437
1543687 779543 437
1543687 2340777 437
1576633 779543 437
1576633 2340777 437
2340777 1543687 437
2340777 1576633 437
1523309 1556757 5667
1523309 1563563 5667
1556757 1523309 5667
1556757 1597011 5667
1563563 1523309 5667
1563563 1597011 5667
1597011 1556757 5667
1597011 1563563 5667
1152460 1553645 9056
1152460 1566675 9056
1553645 1152460 9056
1553645 1967860 9056
1566675 1152460 9056
1566675 1967860 9056
1967860 1553645 9056
1967860 1566675 9056
697760 1127113 14193
697760 1993207 14193
1127113 697760 14193
1127113 2422560 14193
1993207 697760 14193
1993207 2422560 14193
2422560 1127113 14193
2422560 1993207 14193
1284184 1557540 5264
1284184 1562780 5264
1557540 1284184 5264
1557540 1836136 5264
1562780 1284184 5264
1562780 1836136 5264
1836136 1557540 5264
1836136 1562780 5264
1142281 1479391 2148
1142281 1640929 2148
1479391 1142281 2148
1479391 1978039 2148
1640929 1142281 2148
1640929 1978039 2148
1978039 1479391 2148
1978039 1640929 2148
771974 1525648 4199
771974 1594672 4199
1525648 771974 4199
1525648 2348346 4199
1594672 771974 4199
1594672 2348346 4199
2348346 1525648 4199
2348346 1594672 4199
846720 1559106 4401
846720 1561214 4401
1559106 846720 4401
1559106 2273600 4401
1561214 846720 4401
1561214 2273600 4401
2273600 1559106 4401
2273600 1561214 4401
748705 1414593 2182
748705 1705727 2182
1414593 748705 2182
1414593 2371615 2182
1705727 748705 2182
1705727 2371615 2182
2371615 1414593 2182
2371615 1705727 2182
775106 1276866 3011
775106 1843454 3011
1276866 775106 3011
1276866 2345214 3011
1843454 775106 3011
1843454 2345214 3011
2345214 1276866 3011
2345214 1843454 3011
394078 1559889 481
394078 1560431 481
1559889 394078 481
1559889 2726242 481
1560431 394078 481
1560431 2726242 481
2726242 1559889 481
2726242 1560431 481
779804 1388975 10803
779804 1731345 10803
1388975 779804 10803
1388975 2340516 10803
1731345 779804 10803
1731345 2340516 10803
2340516 1388975 10803
2340516 1731345 10803
762297 1254119 7109
762297 1866201 7109
1254119 762297 7109
1254119 2358023 7109
1866201 762297 7109
1866201 2358023 7109
2358023 1254119 7109
2358023 1866201 7109
740353 1367031 3339
740353 1753289 3339
1367031 740353 3339
1367031 2379967 3339
1753289 740353 3339
1753289 2379967 3339
2379967 1367031 3339
2379967 1753289 3339
1120578 1426338 5280
1120578 1693982 5280
1426338 1120578 5280
1426338 1999742 5280
1693982 1120578 5280
1693982 1999742 5280
1999742 1426338 5280
1999742 1693982 5280
783458 1108311 12457
783458 2012009 12457
1108311 783458 12457
1108311 2336862 12457
2012009 783458 12457
2012009 2336862 12457
2336862 1108311 12457
2336862 2012009 12457
877026 1559648 1851
877026 1560672 1851
1559648 877026 1851
1559648 2243294 1851
1560672 877026 1851
1560672 2243294 1851
2243294 1559648 1851
2243294 1560672 1851
824756 1560150 89
824756 1560170 89
1560150 824756 89
1560150 2295564 89
1560170 824756 89
1560170 2295564 89
2295564 1560150 89
2295564 1560170 89
783458 1457698 16429
783458 1662622 16429
1457698 783458 16429
1457698 2336862 16429
1662622 783458 16429
1662622 2336862 16429
2336862 1457698 16429
2336862 1662622 16429
771181 1150121 7469
771181 1970199 7469
1150121 771181 7469
1150121 2349139 7469
1970199 771181 7469
1970199 2349139 7469
2349139 1150121 7469
2349139 1970199 7469
776160 1045591 6413
776160 2074729 6413
1045591 776160 6413
1045591 2344160 6413
2074729 776160 6413
2074729 2344160 6413
2344160 1045591 6413
2344160 2074729 6413
781109 857943 3082
781109 2262377 3082
857943 781109 3082
857943 2339211 3082
2262377 781109 3082
2262377 2339211 3082
2339211 857943 3082
2339211 2262377 3082
777455 874145 5455
777455 2246175 5455
874145 777455 5455
874145 2342865 5455
2246175 777455 5455
2246175 2342865 5455
2342865 874145 5455
2342865 2246175 5455
1528800 1554689 4239
1528800 1565631 4239
1554689 1528800 4239
1554689 1591520 4239
1565631 1528800 4239
1565631 1591520 4239
1591520 1554689 4239
1591520 1565631 4239
1285489 1560150 4617
1285489 1560170 4617
1560150 1285489 4617
1560150 1834831 4617
1560170 1285489 4617
1560170 1834831 4617
1834831 1560150 4617
1834831 1560170 4617
766483 838880 2207
766483 2281440 2207
838880 766483 2207
838880 2353837 2207
2281440 766483 2207
2281440 2353837 2207
2353837 838880 2207
2353837 2281440 2207
1128950 1555974 7247
1128950 1564346 7247
1555974 1128950 7247
1555974 1991370 7247
1564346 1128950 7247
1564346 1991370 7247
1991370 1555974 7247
1991370 1564346 7247
782936 1496898 6459
782936 1623422 6459
1496898 782936 6459
1496898 2337384 6459
1623422 782936 6459
1623422 2337384 6459
2337384 1496898 6459
2337384 1623422 6459
1015526 1339576 2713
1015526 1780744 2713
1339576 1015526 2713
1339576 2104794 2713
1780744 1015526 2713
1780744 2104794 2713
2104794 1339576 2713
2104794 1780744 2713
627200 1148284 9098
627200 1972036 9098
1148284 627200 9098
1148284 2493120 9098
1972036 627200 9098
1972036 2493120 9098
2493120 1148284 9098
2493120 1972036 9098
775106 840175 1553
775106 2280145 1553
840175 775106 1553
840175 2345214 1553
2280145 775106 1553
2280145 2345214 1553
2345214 840175 1553
2345214 2280145 1553
783197 1340640 12833
783197 1779680 12833
1340640 783197 12833
1340640 2337123 12833
1779680 783197 12833
1779680 2337123 12833
2337123 1340640 12833
2337123 1779680 12833
1086879 1403360 13261
1086879 1716960 13261
1403360 1086879 13261
1403360 2033441 13261
1716960 1086879 13261
1716960 2033441 13261
2033441 1403360 13261
2033441 1716960 13261
782675 1281574 4251
782675 1838746 4251
1281574 782675 4251
1281574 2337645 4251
1838746 782675 4251
1838746 2337645 4251
2337645 1281574 4251
2337645 1838746 4251
1412766 1554669 5189
1412766 1565651 5189
1554669 1412766 5189
1554669 1707554 5189
1565651 1412766 5189
1565651 1707554 5189
1707554 1554669 5189
1707554 1565651 5189
1266406 1554147 10572
1266406 1566173 10572
1554147 1266406 10572
1554147 1853914 10572
1566173 1266406 10572
1566173 1853914 10572
1853914 1554147 10572
1853914 1566173 10572
657245 1556757 8968
657245 1563563 8968
1556757 657245 8968
1556757 2463075 8968
1563563 657245 8968
1563563 2463075 8968
2463075 1556757 8968
2463075 1563563 8968
956470 1558343 1787
956470 1561977 1787
1558343 956470 1787
1558343 2163850 1787
1561977 956470 1787
1561977 2163850 1787
2163850 1558343 1787
2163850 1561977 1787
674240 1349785 3856
674240 1770535 3856
1349785 674240 3856
1349785 2446080 3856
1770535 674240 3856
1770535 2446080 3856
2446080 1349785 3856
2446080 1770535 3856
1309009 1558062 11877
1309009 1562258 11877
1558062 1309009 11877
1558062 1811311 11877
1562258 1309009 11877
1562258 1811311 11877
1811311 1558062 11877
1811311 1562258 11877
779814 798365 4751
779814 2321955 4751
798365 779814 4751
798365 2340506 4751
2321955 779814 4751
2321955 2340506 4751
2340506 798365 4751
2340506 2321955 4751
878853 1559106 3313
878853 1561214 3313
1559106 878853 3313
1559106 2241467 3313
1561214 878853 3313
1561214 2241467 3313
2241467 1559106 3313
2241467 1561214 3313
1176261 1560150 6766
1176261 1560170 6766
1560150 1176261 6766
1560150 1944059 6766
1560170 1176261 6766
1560170 1944059 6766
1944059 1560150 6766
1944059 1560170 6766
782163 825810 9361
782163 2294510 9361
825810 782163 9361
825810 2338157 9361
2294510 782163 9361
2294510 2338157 9361
2338157 825810 9361
2338157 2294510 9361
1203696 1559106 8377
1203696 1561214 8377
1559106 1203696 8377
1559106 1916624 8377
1561214 1203696 8377
1561214 1916624 8377
1916624 1559106 8377
1916624 1561214 8377
775889 1534803 3533
775889 1585517 3533
1534803 775889 3533
1534803 2344431 3533
1585517 775889 3533
1585517 2344431 3533
2344431 1534803 3533
2344431 1585517 3533
783207 1074080 32636
783207 2046240 32636
1074080 783207 32636
1074080 2337113 32636
2046240 783207 32636
2046240 2337113 32636
2337113 1074080 32636
2337113 2046240 32636
1013177 1327821 87
1013177 1792499 87
1327821 1013177 87
1327821 2107143 87
1792499 1013177 87
1792499 2107143 87
2107143 1327821 87
2107143 1792499 87
1008730 1334878 420
1008730 1785442 420
1334878 1008730 420
1334878 2111590 420
1785442 1008730 420
1785442 2111590 420
2111590 1334878 420
2111590 1785442 420
833128 1560150 3044
833128 1560170 3044
1560150 833128 3044
1560150 2287192 3044
1560170 833128 3044
1560170 2287192 3044
2287192 1560150 3044
2287192 1560170 3044
783458 874928 2961
783458 2245392 2961
874928 783458 2961
874928 2336862 2961
2245392 783458 2961
2245392 2336862 2961
2336862 874928 2961
2336862 2245392 2961
1069101 1560150 5578
1069101 1560170 5578
1560150 1069101 5578
1560150 2051219 5578
1560170 1069101 5578
1560170 2051219 5578
2051219 1560150 5578
2051219 1560170 5578
782685 1102288 9368
782685 2018032 9368
1102288 782685 9368
1102288 2337635 9368
2018032 782685 9368
2018032 2337635 9368
2337635 1102288 9368
2337635 2018032 9368
780336 902373 9368
780336 2217947 9368
902373 780336 9368
902373 2339984 9368
2217947 780336 9368
2217947 2339984 9368
2339984 902373 9368
2339984 2217947 9368
633203 1560150 21799
633203 1560170 21799
1560150 633203 21799
1560150 2487117 21799
1560170 633203 21799
1560170 2487117 21799
2487117 1560150 21799
2487117 1560170 21799
778509 1014482 13571
778509 2105838 13571
1014482 778509 13571
1014482 2341811 13571
2105838 778509 13571
2105838 2341811 13571
2341811 1014482 13571
2341811 2105838 13571
778509 883300 1946
778509 2237020 1946
883300 778509 1946
883300 2341811 1946
2237020 778509 1946
2237020 2341811 1946
2341811 883300 1946
2341811 2237020 1946
1465548 1560150 2284
1465548 1560170 2284
1560150 1465548 2284
1560150 1654772 2284
1560170 1465548 2284
1560170 1654772 2284
1654772 1560150 2284
1654772 1560170 2284
771974 1282608 6695
771974 1837712 6695
1282608 771974 6695
1282608 2348346 6695
1837712 771974 6695
1837712 2348346 6695
2348346 1282608 6695
2348346 1837712 6695
781109 1221976 1966
781109 1898344 1966
1221976 781109 1966
1221976 2339211 1966
1898344 781109 1966
1898344 2339211 1966
2339211 1221976 1966
2339211 1898344 1966
783197 1205001 1132
783197 1915319 1132
1205001 783197 1132
1205001 2337123 1132
1915319 783197 1132
1915319 2337123 1132
2337123 1205001 1132
2337123 1915319 1132
782936 1204991 9098
782936 1915329 9098
1204991 782936 9098
1204991 2337384 9098
1915329 782936 9098
1915329 2337384 9098
2337384 1204991 9098
2337384 1915329 9098
1253868 1560150 1842
1253868 1560170 1842
1560150 1253868 1842
1560150 1866452 1842
1560170 1253868 1842
1560170 1866452 1842
1866452 1560150 1842
1866452 1560170 1842
754979 1207340 3356
754979 1912980 3356
1207340 754979 3356
1207340 2365341 3356
1912980 754979 3356
1912980 2365341 3356
2365341 1207340 3356
2365341 1912980 3356
781380 986515 13276
781380 2133805 13276
986515 781380 13276
986515 2338940 13276
2133805 781380 13276
2133805 2338940 13276
2338940 986515 13276
2338940 2133805 13276
676840 1134431 3478
676840 1985889 3478
1134431 676840 3478
1134431 2443480 3478
1985889 676840 3478
1985889 2443480 3478
2443480 1134431 3478
2443480 1985889 3478
422045 1560150 11760
422045 1560170 11760
1560150 422045 11760
1560150 2698275 11760
1560170 422045 11760
1560170 2698275 11760
2698275 1560150 11760
2698275 1560170 11760
695923 1555994 7519
695923 1564326 7519
1555994 695923 7519
1555994 2424397 7519
1564326 695923 7519
1564326 2424397 7519
2424397 1555994 7519
2424397 1564326 7519
868654 1560150 471
868654 1560170 471
1560150 868654 471
1560150 2251666 471
1560170 868654 471
1560170 2251666 471
2251666 1560150 471
2251666 1560170 471
1492200 1554147 3844
1492200 1566173 3844
1554147 1492200 3844
1554147 1628120 3844
1566173 1492200 3844
1566173 1628120 3844
1628120 1554147 3844
1628120 1566173 3844
1537935 1558584 1187
1537935 1561736 1187
1558584 1537935 1187
1558584 1582385 1187
1561736 1537935 1187
1561736 1582385 1187
1582385 1558584 1187
1582385 1561736 1187
773801 1504738 5059
773801 1615582 5059
1504738 773801 5059
1504738 2346519 5059
1615582 773801 5059
1615582 2346519 5059
2346519 1504738 5059
2346519 1615582 5059
773008 1403340 10325
773008 1716980 10325
1403340 773008 10325
1403340 2347312 10325
1716980 773008 10325
1716980 2347312 10325
2347312 1403340 10325
2347312 1716980 10325
775367 1527475 10717
775367 1592845 10717
1527475 775367 10717
1527475 2344953 10717
1592845 775367 10717
1592845 2344953 10717
2344953 1527475 10717
2344953 1592845 10717
1059444 1392629 901
1059444 1727691 901
1392629 1059444 901
1392629 2060876 901
1727691 1059444 901
1727691 2060876 901
2060876 1392629 901
2060876 1727691 901
780587 872589 8245
780587 2247731 8245
872589 780587 8245
872589 2339733 8245
2247731 780587 8245
2247731 2339733 8245
2339733 872589 8245
2339733 2247731 8245
1073548 1390541 202
1073548 1729779 202
1390541 1073548 202
1390541 2046772 202
1729779 1073548 202
1729779 2046772 202
2046772 1390541 202
2046772 1729779 202
336066 1560150 7914
336066 1560170 7914
1560150 336066 7914
1560150 2784254 7914
1560170 336066 7914
1560170 2784254 7914
2784254 1560150 7914
2784254 1560170 7914
724402 1118229 1390
724402 2002091 1390
1118229 724402 1390
1118229 2395918 1390
2002091 724402 1390
2002091 2395918 1390
2395918 1118229 1390
2395918 2002091 1390
598701 1559889 7567
598701 1560431 7567
1559889 598701 7567
1559889 2521619 7567
1560431 598701 7567
1560431 2521619 7567
2521619 1559889 7567
2521619 1560431 7567
635040 1146979 9733
635040 1973341 9733
1146979 635040 9733
1146979 2485280 9733
1973341 635040 9733
1973341 2485280 9733
2485280 1146979 9733
2485280 1973341 9733
774323 1197161 487
774323 1923159 487
1197161 774323 487
1197161 2345997 487
1923159 774323 487
1923159 2345997 487
2345997 1197161 487
2345997 1923159 487
762568 1468951 2781
762568 1651369 2781
1468951 762568 2781
1468951 2357752 2781
1651369 762568 2781
1651369 2357752 2781
2357752 1468951 2781
2357752 1651369 2781
776933 879646 833
776933 2240674 833
879646 776933 833
879646 2343387 833
2240674 776933 833
2240674 2343387 833
2343387 879646 833
2343387 2240674 833
1416420 1559889 5649
1416420 1560431 5649
1559889 1416420 5649
1559889 1703900 5649
1560431 1416420 5649
1560431 1703900 5649
1703900 1559889 5649
1703900 1560431 5649
733818 1204740 6532
733818 1915580 6532
1204740 733818 6532
1204740 2386502 6532
1915580 733818 6532
1915580 2386502 6532
2386502 1204740 6532
2386502 1915580 6532
1196107 1446465 510
1196107 1673855 510
1446465 1196107 510
1446465 1924213 510
1673855 1196107 510
1673855 1924213 510
1924213 1446465 510
1924213 1673855 510
664302 1555191 26468
664302 1565129 26468
1555191 664302 26468
1555191 2456018 26468
1565129 664302 26468
1565129 2456018 26468
2456018 1555191 26468
2456018 1565129 26468
934265 1246560 6212
934265 1873760 6212
1246560 934265 6212
1246560 2186055 6212
1873760 934265 6212
1873760 2186055 6212
2186055 1246560 6212
2186055 1873760 6212
1103603 1415115 9691
1103603 1705205 9691
1415115 1103603 9691
1415115 2016717 9691
1705205 1103603 9691
1705205 2016717 9691
2016717 1415115 9691
2016717 1705205 9691
1170499 1554930 4937
1170499 1565390 4937
1554930 1170499 4937
1554930 1949821 4937
1565390 1170499 4937
1565390 1949821 4937
1949821 1554930 4937
1949821 1565390 4937
782414 1119012 8814
782414 2001308 8814
1119012 782414 8814
1119012 2337906 8814
2001308 782414 8814
2001308 2337906 8814
2337906 1119012 8814
2337906 2001308 8814
910735 1560150 475
910735 1560170 475
1560150 910735 475
1560150 2209585 475
1560170 910735 475
1560170 2209585 475
2209585 1560150 475
2209585 1560170 475
782675 857160 976
782675 2263160 976
857160 782675 976
857160 2337645 976
2263160 782675 976
2263160 2337645 976
2337645 857160 976
2337645 2263160 976
1539501 1560150 668
1539501 1560170 668
1560150 1539501 668
1560150 1580819 668
1560170 1539501 668
1560170 1580819 668
1580819 1560150 668
1580819 1560170 668
1287838 1560150 1040
1287838 1560170 1040
1560150 1287838 1040
1560150 1832482 1040
1560170 1287838 1040
1560170 1832482 1040
1832482 1560150 1040
1832482 1560170 1040
1156907 1556496 11481
1156907 1563824 11481
1556496 1156907 11481
1556496 1963413 11481
1563824 1156907 11481
1563824 1963413 11481
1963413 1556496 11481
1963413 1563824 11481
775106 1524604 8494
775106 1595716 8494
1524604 775106 8494
1524604 2345214 8494
1595716 775106 8494
1595716 2345214 8494
2345214 1524604 8494
2345214 1595716 8494
1144891 1473920 3035
1144891 1646400 3035
1473920 1144891 3035
1473920 1975429 3035
1646400 1144891 3035
1646400 1975429 3035
1975429 1473920 3035
1975429 1646400 3035
1143847 1472866 20
1143847 1647454 20
1472866 1143847 20
1472866 1976473 20
1647454 1143847 20
1647454 1976473 20
1976473 1472866 20
1976473 1647454 20
771964 1387680 1052
771964 1732640 1052
1387680 771964 1052
1387680 2348356 1052
1732640 771964 1052
1732640 2348356 1052
2348356 1387680 1052
2348356 1732640 1052
1084530 1554669 7927
1084530 1565651 7927
1554669 1084530 7927
1554669 2035790 7927
1565651 1084530 7927
1565651 2035790 7927
2035790 1554669 7927
2035790 1565651 7927
390685 1560150 670
390685 1560170 670
1560150 390685 670
1560150 2729635 670
1560170 390685 670
1560170 2729635 670
2729635 1560150 670
2729635 1560170 670
697760 1127896 9477
697760 1992424 9477
1127896 697760 9477
1127896 2422560 9477
1992424 697760 9477
1992424 2422560 9477
2422560 1127896 9477
2422560 1992424 9477
852201 1560150 1490
852201 1560170 1490
1560150 852201 1490
1560150 2268119 1490
1560170 852201 1490
1560170 2268119 1490
2268119 1560150 1490
2268119 1560170 1490
779282 1362835 831
779282 1757485 831
1362835 779282 831
1362835 2341038 831
1757485 779282 831
1757485 2341038 831
2341038 1362835 831
2341038 1757485 831
931384 1242374 1229
931384 1877946 1229
1242374 931384 1229
1242374 2188936 1229
1877946 931384 1229
1877946 2188936 1229
2188936 1242374 1229
2188936 1877946 1229
1004554 1556255 14137
1004554 1564065 14137
1556255 1004554 14137
1556255 2115766 14137
1564065 1004554 14137
1564065 2115766 14137
2115766 1556255 14137
2115766 1564065 14137
772486 1354995 7963
772486 1765325 7963
1354995 772486 7963
1354995 2347834 7963
1765325 772486 7963
1765325 2347834 7963
2347834 1354995 7963
2347834 1765325 7963
680755 1133648 16316
680755 1986672 16316
1133648 680755 16316
1133648 2439565 16316
1986672 680755 16316
1986672 2439565 16316
2439565 1133648 16316
2439565 1986672 16316
729120 1560150 46418
729120 1560170 46418
1560150 729120 46418
1560150 2391200 46418
1560170 729120 46418
1560170 2391200 46418
2391200 1560150 46418
2391200 1560170 46418
1168421 1463450 12456
1168421 1656870 12456
1463450 1168421 12456
1463450 1951899 12456
1656870 1168421 12456
1656870 1951899 12456
1951899 1463450 12456
1951899 1656870 12456
1270060 1559367 2667
1270060 1560953 2667
1559367 1270060 2667
1559367 1850260 2667
1560953 1270060 2667
1560953 1850260 2667
1850260 1559367 2667
1850260 1560953 2667
1036185 1335149 1326
1036185 1785171 1326
1335149 1036185 1326
1335149 2084135 1326
1785171 1036185 1326
1785171 2084135 1326
2084135 1335149 1326
2084135 1785171 1326
670305 1137051 10387
670305 1983269 10387
1137051 670305 10387
1137051 2450015 10387
1983269 670305 10387
1983269 2450015 10387
2450015 1137051 10387
2450015 1983269 10387
754467 1203435 9422
754467 1916885 9422
1203435 754467 9422
1203435 2365853 9422
1916885 754467 9422
1916885 2365853 9422
2365853 1203435 9422
2365853 1916885 9422
1055248 1560150 4846
1055248 1560170 4846
1560150 1055248 4846
1560150 2065072 4846
1560170 1055248 4846
1560170 2065072 4846
2065072 1560150 4846
2065072 1560170 4846
1238981 1560150 12738
1238981 1560170 12738
1560150 1238981 12738
1560150 1881339 12738
1560170 1238981 12738
1560170 1881339 12738
1881339 1560150 12738
1881339 1560170 12738
752098 1434439 1049
752098 1685881 1049
1434439 752098 1049
1434439 2368222 1049
1685881 752098 1049
1685881 2368222 1049
2368222 1434439 1049
2368222 1685881 1049
783207 791569 7745
783207 2328751 7745
791569 783207 7745
791569 2337113 7745
2328751 783207 7745
2328751 2337113 7745
2337113 791569 7745
2337113 2328751 7745
869176 1559889 1848
869176 1560431 1848
1559889 869176 1848
1559889 2251144 1848
1560431 869176 1848
1560431 2251144 1848
2251144 1559889 1848
2251144 1560431 1848
783468 938441 25632
783468 2181879 25632
938441 783468 25632
938441 2336852 25632
2181879 783468 25632
2181879 2336852 25632
2336852 938441 25632
2336852 2181879 25632
1130004 1484370 8979
1130004 1635950 8979
1484370 1130004 8979
1484370 1990316 8979
1635950 1130004 8979
1635950 1990316 8979
1990316 1484370 8979
1990316 1635950 8979
1162930 1555191 13052
1162930 1565129 13052
1555191 1162930 13052
1555191 1957390 13052
1565129 1162930 13052
1565129 1957390 13052
1957390 1555191 13052
1957390 1565129 13052
885920 1560150 1061
885920 1560170 1061
1560150 885920 1061
1560150 2234400 1061
1560170 885920 1061
1560170 2234400 1061
2234400 1560150 1061
2234400 1560170 1061
773279 1504748 1770
773279 1615572 1770
1504748 773279 1770
1504748 2347041 1770
1615572 773279 1770
1615572 2347041 1770
2347041 1504748 1770
2347041 1615572 1770
772757 1395500 3378
772757 1724820 3378
1395500 772757 3378
1395500 2347563 3378
1724820 772757 3378
1724820 2347563 3378
2347563 1395500 3378
2347563 1724820 3378
775618 860302 2626
775618 2260018 2626
860302 775618 2626
860302 2344702 2626
2260018 775618 2626
2260018 2344702 2626
2344702 860302 2626
2344702 2260018 2626
774062 1374600 7943
774062 1745720 7943
1374600 774062 7943
1374600 2346258 7943
1745720 774062 7943
1745720 2346258 7943
2346258 1374600 7943
2346258 1745720 7943
783207 979729 42722
783207 2140591 42722
979729 783207 42722
979729 2337113 42722
2140591 783207 42722
2140591 2337113 42722
2337113 979729 42722
2337113 2140591 42722
772496 1371980 1162
772496 1748340 1162
1371980 772496 1162
1371980 2347824 1162
1748340 772496 1162
1748340 2347824 1162
2347824 1371980 1162
2347824 1748340 1162
757589 1480957 4422
757589 1639363 4422
1480957 757589 4422
1480957 2362731 4422
1639363 757589 4422
1639363 2362731 4422
2362731 1480957 4422
2362731 1639363 4422
782675 1359181 22293
782675 1761139 22293
1359181 782675 22293
1359181 2337645 22293
1761139 782675 22293
1761139 2337645 22293
2337645 1359181 22293
2337645 1761139 22293
779543 1217539 14748
779543 1902781 14748
1217539 779543 14748
1217539 2340777 14748
1902781 779543 14748
1902781 2340777 14748
2340777 1217539 14748
2340777 1902781 14748
780848 1269016 8882
780848 1851304 8882
1269016 780848 8882
1269016 2339472 8882
1851304 780848 8882
1851304 2339472 8882
2339472 1269016 8882
2339472 1851304 8882
778238 1215180 8510
778238 1905140 8510
1215180 778238 8510
1215180 2342082 8510
1905140 778238 8510
1905140 2342082 8510
2342082 1215180 8510
2342082 1905140 8510
1464755 1555472 754
1464755 1564848 754
1555472 1464755 754
1555472 1655565 754
1564848 1464755 754
1564848 1655565 754
1655565 1555472 754
1655565 1564848 754
771181 1296983 7042
771181 1823337 7042
1296983 771181 7042
1296983 2349139 7042
1823337 771181 7042
1823337 2349139 7042
2349139 1296983 7042
2349139 1823337 7042
749498 1434720 439
749498 1685600 439
1434720 749498 439
1434720 2370822 439
1685600 749498 439
1685600 2370822 439
2370822 1434720 439
2370822 1685600 439
781119 999585 10190
781119 2120735 10190
999585 781119 10190
999585 2339201 10190
2120735 781119 10190
2120735 2339201 10190
2339201 999585 10190
2339201 2120735 10190
775879 1258837 6398
775879 1861483 6398
1258837 775879 6398
1258837 2344441 6398
1861483 775879 6398
1861483 2344441 6398
2344441 1258837 6398
2344441 1861483 6398
767256 1310063 11209
767256 1810257 11209
1310063 767256 11209
1310063 2353064 11209
1810257 767256 11209
1810257 2353064 11209
2353064 1310063 11209
2353064 1810257 11209
1155351 1439157 10626
1155351 1681163 10626
1439157 1155351 10626
1439157 1964969 10626
1681163 1155351 10626
1681163 1964969 10626
1964969 1439157 10626
1964969 1681163 10626
780587 789732 10556
780587 2330588 10556
789732 780587 10556
789732 2339733 10556
2330588 780587 10556
2330588 2339733 10556
2339733 789732 10556
2339733 2330588 10556
807771 1557279 3873
807771 1563041 3873
1557279 807771 3873
1557279 2312549 3873
1563041 807771 3873
1563041 2312549 3873
2312549 1557279 3873
2312549 1563041 3873
778238 1477052 2014
778238 1643268 2014
1477052 778238 2014
1477052 2342082 2014
1643268 778238 2014
1643268 2342082 2014
2342082 1477052 2014
2342082 1643268 2014
1093143 1407787 3049
1093143 1712533 3049
1407787 1093143 3049
1407787 2027177 3049
1712533 1093143 3049
1712533 2027177 3049
2027177 1407787 3049
2027177 1712533 3049
772486 1534793 11157
772486 1585527 11157
1534793 772486 11157
1534793 2347834 11157
1585527 772486 11157
1585527 2347834 11157
2347834 1534793 11157
2347834 1585527 11157
730686 1301440 295
730686 1818880 295
1301440 730686 295
1301440 2389634 295
1818880 730686 295
1818880 2389634 295
2389634 1301440 295
2389634 1818880 295
1085835 1399164 1010
1085835 1721156 1010
1399164 1085835 1010
1399164 2034485 1010
1721156 1085835 1010
1721156 2034485 1010
2034485 1399164 1010
2034485 1721156 1010
686517 1345599 1860
686517 1774721 1860
1345599 686517 1860
1345599 2433803 1860
1774721 686517 1860
1774721 2433803 1860
2433803 1345599 1860
2433803 1774721 1860
556620 1559628 3455
556620 1560692 3455
1559628 556620 3455
1559628 2563700 3455
1560692 556620 3455
1560692 2563700 3455
2563700 1559628 3455
2563700 1560692 3455
547736 1560150 5748
547736 1560170 5748
1560150 547736 5748
1560150 2572584 5748
1560170 547736 5748
1560170 2572584 5748
2572584 1560150 5748
2572584 1560170 5748
435637 1560150 2934
435637 1560170 2934
1560150 435637 2934
1560150 2684683 2934
1560170 435637 2934
1560170 2684683 2934
2684683 1560150 2934
2684683 1560170 2934
782946 801236 2938
782946 2319084 2938
801236 782946 2938
801236 2337374 2938
2319084 782946 2938
2319084 2337374 2938
2337374 801236 2938
2337374 2319084 2938
1530878 1557540 1506
1530878 1562780 1506
1557540 1530878 1506
1557540 1589442 1506
1562780 1530878 1506
1562780 1589442 1506
1589442 1557540 1506
1589442 1562780 1506
774584 1491949 87
774584 1628371 87
1491949 774584 87
1491949 2345736 87
1628371 774584 87
1628371 2345736 87
2345736 1491949 87
2345736 1628371 87
1073538 1403340 2661
1073538 1716980 2661
1403340 1073538 2661
1403340 2046782 2661
1716980 1073538 2661
1716980 2046782 2661
2046782 1403340 2661
2046782 1716980 2661
906037 1560150 1839
906037 1560170 1839
1560150 906037 1839
1560150 2214283 1839
1560170 906037 1839
1560170 2214283 1839
2214283 1560150 1839
2214283 1560170 1839
921707 1224857 678
921707 1895463 678
1224857 921707 678
1224857 2198613 678
1895463 921707 678
1895463 2198613 678
2198613 1224857 678
2198613 1895463 678
892706 1559909 853
892706 1560411 853
1559909 892706 853
1559909 2227614 853
1560411 892706 853
1560411 2227614 853
2227614 1559909 853
2227614 1560411 853
1490122 1554659 3515
1490122 1565661 3515
1554659 1490122 3515
1554659 1630198 3515
1565661 1490122 3515
1565661 1630198 3515
1630198 1554659 3515
1630198 1565661 3515
1511012 1559879 1408
1511012 1560441 1408
1559879 1511012 1408
1559879 1609308 1408
1560441 1511012 1408
1560441 1609308 1408
1609308 1559879 1408
1609308 1560441 1408
771713 1529834 4958
771713 1590486 4958
1529834 771713 4958
1529834 2348607 4958
1590486 771713 4958
1590486 2348607 4958
2348607 1529834 4958
2348607 1590486 4958
783468 1040100 55950
783468 2080220 55950
1040100 783468 55950
1040100 2336852 55950
2080220 783468 55950
2080220 2336852 55950
2336852 1040100 55950
2336852 2080220 55950
1012133 1559889 3756
1012133 1560431 3756
1559889 1012133 3756
1559889 2108187 3756
1560431 1012133 3756
1560431 2108187 3756
2108187 1559889 3756
2108187 1560431 3756
721531 1368587 850
721531 1751733 850
1368587 721531 850
1368587 2398789 850
1751733 721531 850
1751733 2398789 850
2398789 1368587 850
2398789 1751733 850
1158734 1555191 2895
1158734 1565129 2895
1555191 1158734 2895
1555191 1961586 2895
1565129 1158734 2895
1565129 1961586 2895
1961586 1555191 2895
1961586 1565129 2895
781641 1059705 4937
781641 2060615 4937
1059705 781641 4937
1059705 2338679 4937
2060615 781641 4937
2060615 2338679 4937
2338679 1059705 4937
2338679 2060615 4937
718650 1355778 2372
718650 1764542 2372
1355778 718650 2372
1355778 2401670 2372
1764542 718650 2372
1764542 2401670 2372
2401670 1355778 2372
2401670 1764542 2372
925381 1230880 128
925381 1889440 128
1230880 925381 128
1230880 2194939 128
1889440 925381 128
1889440 2194939 128
2194939 1230880 128
2194939 1889440 128
749498 1272419 7923
749498 1847901 7923
1272419 749498 7923
1272419 2370822 7923
1847901 749498 7923
1847901 2370822 7923
2370822 1272419 7923
2370822 1847901 7923
761514 779814 13335
761514 2340506 13335
779814 761514 13335
779814 2358806 13335
2340506 761514 13335
2340506 2358806 13335
2358806 779814 13335
2358806 2340506 13335
1100983 1560150 996
1100983 1560170 996
1560150 1100983 996
1560150 2019337 996
1560170 1100983 996
1560170 2019337 996
2019337 1560150 996
2019337 1560170 996
753935 1199771 5405
753935 1920549 5405
1199771 753935 5405
1199771 2366385 5405
1920549 753935 5405
1920549 2366385 5405
2366385 1199771 5405
2366385 1920549 5405
706634 1338532 387
706634 1781788 387
1338532 706634 387
1338532 2413686 387
1781788 706634 387
1781788 2413686 387
2413686 1338532 387
2413686 1781788 387
722063 1249682 3243
722063 1870638 3243
1249682 722063 3243
1249682 2398257 3243
1870638 722063 3243
1870638 2398257 3243
2398257 1249682 3243
2398257 1870638 3243
763351 1223823 2077
763351 1896497 2077
1223823 763351 2077
1223823 2356969 2077
1896497 763351 2077
1896497 2356969 2077
2356969 1223823 2077
2356969 1896497 2077
742692 1266928 5502
742692 1853392 5502
1266928 742692 5502
1266928 2377628 5502
1853392 742692 5502
1853392 2377628 5502
2377628 1266928 5502
2377628 1853392 5502
1139400 1435503 3675
1139400 1684817 3675
1435503 1139400 3675
1435503 1980920 3675
1684817 1139400 3675
1684817 1980920 3675
1980920 1435503 3675
1980920 1684817 3675
779553 1238700 7839
779553 1881620 7839
1238700 779553 7839
1238700 2340767 7839
1881620 779553 7839
1881620 2340767 7839
2340767 1238700 7839
2340767 1881620 7839
754989 1348480 802
754989 1771840 802
1348480 754989 802
1348480 2365331 802
1771840 754989 802
1771840 2365331 802
2365331 1348480 802
2365331 1771840 802
1048974 1560150 2871
1048974 1560170 2871
1560150 1048974 2871
1560150 2071346 2871
1560170 1048974 2871
1560170 2071346 2871
2071346 1560150 2871
2071346 1560170 2871
774052 1329648 6363
774052 1790672 6363
1329648 774052 6363
1329648 2346268 6363
1790672 774052 6363
1790672 2346268 6363
2346268 1329648 6363
2346268 1790672 6363
446870 1560150 13015
446870 1560170 13015
1560150 446870 13015
1560150 2673450 13015
1560170 446870 13015
1560170 2673450 13015
2673450 1560150 13015
2673450 1560170 13015
735645 1433405 201
735645 1686915 201
1433405 735645 201
1433405 2384675 201
1686915 735645 201
1686915 2384675 201
2384675 1433405 201
2384675 1686915 201
439291 783458 43063
439291 2336862 43063
783458 439291 43063
783458 2681029 43063
2336862 439291 43063
2336862 2681029 43063
2681029 783458 43063
2681029 2336862 43063
506709 783458 123612
506709 2336862 123612
783458 506709 123612
783458 2613611 123612
2336862 506709 123612
2336862 2613611 123612
2613611 783458 123612
2613611 2336862 123612
873101 1560150 3431
873101 1560170 3431
1560150 873101 3431
1560150 2247219 3431
1560170 873101 3431
1560170 2247219 3431
2247219 1560150 3431
2247219 1560170 3431
533120 782675 71684
533120 2337645 71684
782675 533120 71684
782675 2587200 71684
2337645 533120 71684
2337645 2587200 71684
2587200 782675 71684
2587200 2337645 71684
498347 783197 38297
498347 2337123 38297
783197 498347 38297
783197 2621973 38297
2337123 498347 38297
2337123 2621973 38297
2621973 783197 38297
2621973 2337123 38297
780597 928242 3204
780597 2192078 3204
928242 780597 3204
928242 2339723 3204
2192078 780597 3204
2192078 2339723 3204
2339723 928242 3204
2339723 2192078 3204
776933 1480445 2818
776933 1639875 2818
1480445 776933 2818
1480445 2343387 2818
1639875 776933 2818
1639875 2343387 2818
2343387 1480445 2818
2343387 1639875 2818
1193236 1558584 1916
1193236 1561736 1916
1558584 1193236 1916
1558584 1927084 1916
1561736 1193236 1916
1561736 1927084 1916
1927084 1558584 1916
1927084 1561736 1916
896892 1560140 327
896892 1560180 327
1560140 896892 327
1560140 2223428 327
1560180 896892 327
1560180 2223428 327
2223428 1560140 327
2223428 1560180 327
1155873 1560150 1402
1155873 1560170 1402
1560150 1155873 1402
1560150 1964447 1402
1560170 1155873 1402
1560170 1964447 1402
1964447 1560150 1402
1964447 1560170 1402
735635 783458 7151
735635 2336862 7151
783458 735635 7151
783458 2384685 7151
2336862 735635 7151
2336862 2384685 7151
2384685 783458 7151
2384685 2336862 7151
1040622 1342196 3193
1040622 1778124 3193
1342196 1040622 3193
1342196 2079698 3193
1778124 1040622 3193
1778124 2079698 3193
2079698 1342196 3193
2079698 1778124 3193
737733 1220159 2143
737733 1900161 2143
1220159 737733 2143
1220159 2382587 2143
1900161 737733 2143
1900161 2382587 2143
2382587 1220159 2143
2382587 1900161 2143
776160 854550 15625
776160 2265770 15625
854550 776160 15625
854550 2344160 15625
2265770 776160 15625
2265770 2344160 15625
2344160 854550 15625
2344160 2265770 15625
925120 1234012 4521
925120 1886308 4521
1234012 925120 4521
1234012 2195200 4521
1886308 925120 4521
1886308 2195200 4521
2195200 1234012 4521
2195200 1886308 4521
732764 1390802 541
732764 1729518 541
1390802 732764 541
1390802 2387556 541
1729518 732764 541
1729518 2387556 541
2387556 1390802 541
2387556 1729518 541
1043232 1560150 2952
1043232 1560170 2952
1560150 1043232 2952
1560150 2077088 2952
1560170 1043232 2952
1560170 2077088 2952
2077088 1560150 2952
2077088 1560170 2952
935048 1246811 1183
935048 1873509 1183
1246811 935048 1183
1246811 2185272 1183
1873509 935048 1183
1873509 2185272 1183
2185272 1246811 1183
2185272 1873509 1183
1016319 1342196 4548
1016319 1778124 4548
1342196 1016319 4548
1342196 2104001 4548
1778124 1016319 4548
1778124 2104001 4548
2104001 1342196 4548
2104001 1778124 4548
941061 1254400 4824
941061 1865920 4824
1254400 941061 4824
1254400 2179259 4824
1865920 941061 4824
1865920 2179259 4824
2179259 1254400 4824
2179259 1865920 4824
705590 1347948 2128
705590 1772372 2128
1347948 705590 2128
1347948 2414730 2128
1772372 705590 2128
1772372 2414730 2128
2414730 1347948 2128
2414730 1772372 2128
752369 1364933 2733
752369 1755387 2733
1364933 752369 2733
1364933 2367951 2733
1755387 752369 2733
1755387 2367951 2733
2367951 1364933 2733
2367951 1755387 2733
779543 896892 2990
779543 2223428 2990
896892 779543 2990
896892 2340777 2990
2223428 779543 2990
2223428 2340777 2990
2340777 896892 2990
2340777 2223428 2990
1153524 1472073 709
1153524 1648247 709
1472073 1153524 709
1472073 1966796 709
1648247 1153524 709
1648247 1966796 709
1966796 1472073 709
1966796 1648247 709
757067 1372000 369
757067 1748320 369
1372000 757067 369
1372000 2363253 369
1748320 757067 369
1748320 2363253 369
2363253 1372000 369
2363253 1748320 369
734340 1446214 1183
734340 1674106 1183
1446214 734340 1183
1446214 2385980 1183
1674106 734340 1183
1674106 2385980 1183
2385980 1446214 1183
2385980 1674106 1183
768310 1519123 566
768310 1601197 566
1519123 768310 566
1519123 2352010 566
1601197 768310 566
1601197 2352010 566
2352010 1519123 566
2352010 1601197 566
564731 783458 11307
564731 2336862 11307
783458 564731 11307
783458 2555589 11307
2336862 564731 11307
2336862 2555589 11307
2555589 783458 11307
2555589 2336862 11307
995660 1559357 5542
995660 1560963 5542
1559357 995660 5542
1559357 2124660 5542
1560963 995660 5542
1560963 2124660 5542
2124660 1559357 5542
2124660 1560963 5542
1182776 1454054 9473
1182776 1666266 9473
1454054 1182776 9473
1454054 1937544 9473
1666266 1182776 9473
1666266 1937544 9473
1937544 1454054 9473
1937544 1666266 9473
764656 1272419 752
764656 1847901 752
1272419 764656 752
1272419 2355664 752
1847901 764656 752
1847901 2355664 752
2355664 1272419 752
2355664 1847901 752
752369 1395771 2066
752369 1724549 2066
1395771 752369 2066
1395771 2367951 2066
1724549 752369 2066
1724549 2367951 2066
2367951 1395771 2066
2367951 1724549 2066
553237 782153 16780
553237 2338167 16780
782153 553237 16780
782153 2567083 16780
2338167 553237 16780
2338167 2567083 16780
2567083 782153 16780
2567083 2338167 16780
609412 783458 111515
609412 2336862 111515
783458 609412 111515
783458 2510908 111515
2336862 609412 111515
2336862 2510908 111515
2510908 783458 111515
2510908 2336862 111515
1183840 1453261 6028
1183840 1667059 6028
1453261 1183840 6028
1453261 1936480 6028
1667059 1183840 6028
1667059 1936480 6028
1936480 1453261 6028
1936480 1667059 6028
775367 906298 2218
775367 2214022 2218
906298 775367 2218
906298 2344953 2218
2214022 775367 2218
2214022 2344953 2218
2344953 906298 2218
2344953 2214022 2218
751064 1244984 3408
751064 1875336 3408
1244984 751064 3408
1244984 2369256 3408
1875336 751064 3408
1875336 2369256 3408
2369256 1244984 3408
2369256 1875336 3408
979729 1559889 14252
979729 1560431 14252
1559889 979729 14252
1559889 2140591 14252
1560431 979729 14252
1560431 2140591 14252
2140591 1559889 14252
2140591 1560431 14252
463082 1560150 5803
463082 1560170 5803
1560150 463082 5803
1560150 2657238 5803
1560170 463082 5803
1560170 2657238 5803
2657238 1560150 5803
2657238 1560170 5803
1289665 1560140 2949
1289665 1560180 2949
1560140 1289665 2949
1560140 1830655 2949
1560180 1289665 2949
1560180 1830655 2949
1830655 1560140 2949
1830655 1560180 2949
731991 1365204 387
731991 1755116 387
1365204 731991 387
1365204 2388329 387
1755116 731991 387
1755116 2388329 387
2388329 1365204 387
2388329 1755116 387
730937 1429741 14476
730937 1690579 14476
1429741 730937 14476
1429741 2389383 14476
1690579 730937 14476
1690579 2389383 14476
2389383 1429741 14476
2389383 1690579 14476
765690 1233219 1037
765690 1887101 1037
1233219 765690 1037
1233219 2354630 1037
1887101 765690 1037
1887101 2354630 1037
2354630 1233219 1037
2354630 1887101 1037
771191 1244191 2702
771191 1876129 2702
1244191 771191 2702
1244191 2349129 2702
1876129 771191 2702
1876129 2349129 2702
2349129 1244191 2702
2349129 1876129 2702
774574 1343240 3069
774574 1777080 3069
1343240 774574 3069
1343240 2345746 3069
1777080 774574 3069
1777080 2345746 3069
2345746 1343240 3069
2345746 1777080 3069
781641 1232436 2218
781641 1887884 2218
1232436 781641 2218
1232436 2338679 2218
1887884 781641 2218
1887884 2338679 2218
2338679 1232436 2218
2338679 1887884 2218
682080 1560150 2599
682080 1560170 2599
1560150 682080 2599
1560150 2438240 2599
1560170 682080 2599
1560170 2438240 2599
2438240 1560150 2599
2438240 1560170 2599
681026 1560150 3710
681026 1560170 3710
1560150 681026 3710
1560150 2439294 3710
1560170 681026 3710
1560170 2439294 3710
2439294 1560150 3710
2439294 1560170 3710
1144640 1438886 2807
1144640 1681434 2807
1438886 1144640 2807
1438886 1975680 2807
1681434 1144640 2807
1681434 1975680 2807
1975680 1438886 2807
1975680 1681434 2807
1121110 1560150 2582
1121110 1560170 2582
1560150 1121110 2582
1560150 1999210 2582
1560170 1121110 2582
1560170 1999210 2582
1999210 1560150 2582
1999210 1560170 2582
1142010 1434700 4878
1142010 1685620 4878
1434700 1142010 4878
1434700 1978310 4878
1685620 1142010 4878
1685620 1978310 4878
1978310 1434700 4878
1978310 1685620 4878
722836 1555191 32498
722836 1565129 32498
1555191 722836 32498
1555191 2397484 32498
1565129 722836 32498
1565129 2397484 32498
2397484 1555191 32498
2397484 1565129 32498
714745 1243930 647
714745 1876390 647
1243930 714745 647
1243930 2405575 647
1876390 714745 647
1876390 2405575 647
2405575 1243930 647
2405575 1876390 647
782414 1213363 1857
782414 1906957 1857
1213363 782414 1857
1213363 2337906 1857
1906957 782414 1857
1906957 2337906 1857
2337906 1213363 1857
2337906 1906957 1857
654896 1560150 3530
654896 1560170 3530
1560150 654896 3530
1560150 2465424 3530
1560170 654896 3530
1560170 2465424 3530
2465424 1560150 3530
2465424 1560170 3530
783458 783458 39747
783458 2336862 39747
2336862 783458 39747
2336862 2336862 39747
782936 1553645 39747
782936 1566675 39747
1553645 782936 39747
1553645 2337384 39747
1566675 782936 39747
1566675 2337384 39747
2337384 1553645 39747
2337384 1566675 39747
775879 1553645 6027
775879 1566675 6027
1553645 775879 6027
1553645 2344441 6027
1566675 775879 6027
1566675 2344441 6027
2344441 1553645 6027
2344441 1566675 6027
783458 1023627 68004
783458 2096693 68004
1023627 783458 68004
1023627 2336862 68004
2096693 783458 68004
2096693 2336862 68004
2336862 1023627 68004
2336862 2096693 68004
768300 1553645 16068
768300 1566675 16068
1553645 768300 16068
1553645 2352020 16068
1566675 768300 16068
1566675 2352020 16068
2352020 1553645 16068
2352020 1566675 16068
780848 1121110 6918
780848 1999210 6918
1121110 780848 6918
1121110 2339472 6918
1999210 780848 6918
1999210 2339472 6918
2339472 1121110 6918
2339472 1999210 6918
782414 1406221 7697
782414 1714099 7697
1406221 782414 7697
1406221 2337906 7697
1714099 782414 7697
1714099 2337906 7697
2337906 1406221 7697
2337906 1714099 7697
882507 1560150 2593
882507 1560170 2593
1560150 882507 2593
1560150 2237813 2593
1560170 882507 2593
1560170 2237813 2593
2237813 1560150 2593
2237813 1560170 2593
783458 1470507 5065
783458 1649813 5065
1470507 783458 5065
1470507 2336862 5065
1649813 783458 5065
1649813 2336862 5065
2336862 1470507 5065
2336862 1649813 5065
744519 782414 23112
744519 2337906 23112
782414 744519 23112
782414 2375801 23112
2337906 744519 23112
2337906 2375801 23112
2375801 782414 23112
2375801 2337906 23112
783458 1301420 6956
783458 1818900 6956
1301420 783458 6956
1301420 2336862 6956
1818900 783458 6956
1818900 2336862 6956
2336862 1301420 6956
2336862 1818900 6956
1545263 1560150 1125
1545263 1560170 1125
1560150 1545263 1125
1560150 1575057 1125
1560170 1545263 1125
1560170 1575057 1125
1575057 1560150 1125
1575057 1560170 1125
900285 1554659 5447
900285 1565661 5447
1554659 900285 5447
1554659 2220035 5447
1565661 900285 5447
1565661 2220035 5447
2220035 1554659 5447
2220035 1565661 5447
1145413 1475215 1683
1145413 1645105 1683
1475215 1145413 1683
1475215 1974907 1683
1645105 1145413 1683
1645105 1974907 1683
1974907 1475215 1683
1974907 1645105 1683
1178871 1560140 10465
1178871 1560180 10465
1560140 1178871 10465
1560140 1941449 10465
1560180 1178871 10465
1560180 1941449 10465
1941449 1560140 10465
1941449 1560180 10465
608107 1560150 8686
608107 1560170 8686
1560150 608107 8686
1560150 2512213 8686
1560170 608107 8686
1560170 2512213 8686
2512213 1560150 8686
2512213 1560170 8686
780065 1403079 3974
780065 1717241 3974
1403079 780065 3974
1403079 2340255 3974
1717241 780065 3974
1717241 2340255 3974
2340255 1403079 3974
2340255 1717241 3974
1185406 1555964 2056
1185406 1564356 2056
1555964 1185406 2056
1555964 1934914 2056
1564356 1185406 2056
1564356 1934914 2056
1934914 1555964 2056
1934914 1564356 2056
1194290 1560140 5392
1194290 1560180 5392
1560140 1194290 5392
1560140 1926030 5392
1560180 1194290 5392
1560180 1926030 5392
1926030 1560140 5392
1926030 1560180 5392
1142793 1474703 2970
1142793 1645617 2970
1474703 1142793 2970
1474703 1977527 2970
1645617 1142793 2970
1645617 1977527 2970
1977527 1474703 2970
1977527 1645617 2970
783458 1432351 30914
783458 1687969 30914
1432351 783458 30914
1432351 2336862 30914
1687969 783458 30914
1687969 2336862 30914
2336862 1432351 30914
2336862 1687969 30914
1052116 1383494 75
1052116 1736826 75
1383494 1052116 75
1383494 2068204 75
1736826 1052116 75
1736826 2068204 75
2068204 1383494 75
2068204 1736826 75
908386 1211265 2467
908386 1909055 2467
1211265 908386 2467
1211265 2211934 2467
1909055 908386 2467
1909055 2211934 2467
2211934 1211265 2467
2211934 1909055 2467
1126330 1560140 4226
1126330 1560180 4226
1560140 1126330 4226
1560140 1993990 4226
1560180 1126330 4226
1560180 1993990 4226
1993990 1560140 4226
1993990 1560180 4226
769615 1389236 1840
769615 1731084 1840
1389236 769615 1840
1389236 2350705 1840
1731084 769615 1840
1731084 2350705 1840
2350705 1389236 1840
2350705 1731084 1840
1532183 1557560 4414
1532183 1562760 4414
1557560 1532183 4414
1557560 1588137 4414
1562760 1532183 4414
1562760 1588137 4414
1588137 1557560 4414
1588137 1562760 4414
1226423 1558313 10499
1226423 1562007 10499
1558313 1226423 10499
1558313 1893897 10499
1562007 1226423 10499
1562007 1893897 10499
1893897 1558313 10499
1893897 1562007 10499
755762 1357103 4751
755762 1763217 4751
1357103 755762 4751
1357103 2364558 4751
1763217 755762 4751
1763217 2364558 4751
2364558 1357103 4751
2364558 1763217 4751
660116 1294122 181
660116 1826198 181
1294122 660116 181
1294122 2460204 181
1826198 660116 181
1826198 2460204 181
2460204 1294122 181
2460204 1826198 181
474305 1559889 7619
474305 1560431 7619
1559889 474305 7619
1559889 2646015 7619
1560431 474305 7619
1560431 2646015 7619
2646015 1559889 7619
2646015 1560431 7619
783197 1253336 4806
783197 1866984 4806
1253336 783197 4806
1253336 2337123 4806
1866984 783197 4806
1866984 2337123 4806
2337123 1253336 4806
2337123 1866984 4806
1060217 1560150 1843
1060217 1560170 1843
1560150 1060217 1843
1560150 2060103 1843
1560170 1060217 1843
1560170 2060103 1843
2060103 1560150 1843
2060103 1560170 1843
748444 1354734 150
748444 1765586 150
1354734 748444 150
1354734 2371876 150
1765586 748444 150
1765586 2371876 150
2371876 1354734 150
2371876 1765586 150
729110 775367 33674
729110 2344953 33674
775367 729110 33674
775367 2391210 33674
2344953 729110 33674
2344953 2391210 33674
2391210 775367 33674
2391210 2344953 33674
1067023 1554408 2936
1067023 1565912 2936
1554408 1067023 2936
1554408 2053297 2936
1565912 1067023 2936
1565912 2053297 2936
2053297 1554408 2936
2053297 1565912 2936
1067023 1554398 3517
1067023 1565922 3517
1554398 1067023 3517
1554398 2053297 3517
1565922 1067023 3517
1565922 2053297 3517
2053297 1554398 3517
2053297 1565922 3517
698794 1555733 25659
698794 1564587 25659
1555733 698794 25659
1555733 2421526 25659
1564587 698794 25659
1564587 2421526 25659
2421526 1555733 25659
2421526 1564587 25659
781109 1293580 5072
781109 1826740 5072
1293580 781109 5072
1293580 2339211 5072
1826740 781109 5072
1826740 2339211 5072
2339211 1293580 5072
2339211 1826740 5072
752640 1312151 69
752640 1808169 69
1312151 752640 69
1312151 2367680 69
1808169 752640 69
1808169 2367680 69
2367680 1312151 69
2367680 1808169 69
909962 1209709 299
909962 1910611 299
1209709 909962 299
1209709 2210358 299
1910611 909962 299
1910611 2210358 299
2210358 1209709 299
2210358 1910611 299
758382 1434188 146
758382 1686132 146
1434188 758382 146
1434188 2361938 146
1686132 758382 146
1686132 2361938 146
2361938 1434188 146
2361938 1686132 146
771181 1416681 1670
771181 1703639 1670
1416681 771181 1670
1416681 2349139 1670
1703639 771181 1670
1703639 2349139 1670
2349139 1416681 1670
2349139 1703639 1670
720226 1234002 2411
720226 1886318 2411
1234002 720226 2411
1234002 2400094 2411
1886318 720226 2411
1886318 2400094 2411
2400094 1234002 2411
2400094 1886318 2411
743475 1439669 6759
743475 1680651 6759
1439669 743475 6759
1439669 2376845 6759
1680651 743475 6759
1680651 2376845 6759
2376845 1439669 6759
2376845 1680651 6759
1054204 1554920 15258
1054204 1565400 15258
1554920 1054204 15258
1554920 2066116 15258
1565400 1054204 15258
1565400 2066116 15258
2066116 1554920 15258
2066116 1565400 15258
1016058 1554659 2334
1016058 1565661 2334
1554659 1016058 2334
1554659 2104262 2334
1565661 1016058 2334
1565661 2104262 2334
2104262 1554659 2334
2104262 1565661 2334
782153 1348741 7739
782153 1771579 7739
1348741 782153 7739
1348741 2338167 7739
1771579 782153 7739
1771579 2338167 7739
2338167 1348741 7739
2338167 1771579 7739
782936 1309280 19744
782936 1811040 19744
1309280 782936 19744
1309280 2337384 19744
1811040 782936 19744
1811040 2337384 19744
2337384 1309280 19744
2337384 1811040 19744
757338 1319208 2322
757338 1801112 2322
1319208 757338 2322
1319208 2362982 2322
1801112 757338 2322
1801112 2362982 2322
2362982 1319208 2322
2362982 1801112 2322
770408 1386616 7509
770408 1733704 7509
1386616 770408 7509
1386616 2349912 7509
1733704 770408 7509
1733704 2349912 7509
2349912 1386616 7509
2349912 1733704 7509
682080 1553886 13218
682080 1566434 13218
1553886 682080 13218
1553886 2438240 13218
1566434 682080 13218
1566434 2438240 13218
2438240 1553886 13218
2438240 1566434 13218
768320 1268504 66
768320 1851816 66
1268504 768320 66
1268504 2352000 66
1851816 768320 66
1851816 2352000 66
2352000 1268504 66
2352000 1851816 66
685463 1322330 2702
685463 1797990 2702
1322330 685463 2702
1322330 2434857 2702
1797990 685463 2702
1797990 2434857 2702
2434857 1322330 2702
2434857 1797990 2702
418642 1554930 7483
418642 1565390 7483
1554930 418642 7483
1554930 2701678 7483
1565390 418642 7483
1565390 2701678 7483
2701678 1554930 7483
2701678 1565390 7483
636857 1310314 2943
636857 1810006 2943
1310314 636857 2943
1310314 2483463 2943
1810006 636857 2943
1810006 2483463 2943
2483463 1310314 2943
2483463 1810006 2943
743475 1347155 442
743475 1773165 442
1347155 743475 442
1347155 2376845 442
1773165 743475 442
1773165 2376845 442
2376845 1347155 442
2376845 1773165 442
721280 1395781 296
721280 1724539 296
1395781 721280 296
1395781 2399040 296
1724539 721280 296
1724539 2399040 296
2399040 1395781 296
2399040 1724539 296
720738 1395500 1857
720738 1724820 1857
1395500 720738 1857
1395500 2399582 1857
1724820 720738 1857
1724820 2399582 1857
2399582 1395500 1857
2399582 1724820 1857
656452 1141749 1892
656452 1978571 1892
1141749 656452 1892
1141749 2463868 1892
1978571 656452 1892
1978571 2463868 1892
2463868 1141749 1892
2463868 1978571 1892
780326 1200554 2551
780326 1919766 2551
1200554 780326 2551
1200554 2339994 2551
1919766 780326 2551
1919766 2339994 2551
2339994 1200554 2551
2339994 1919766 2551
1001683 1560150 3800
1001683 1560170 3800
1560150 1001683 3800
1560150 2118637 3800
1560170 1001683 3800
1560170 2118637 3800
2118637 1560150 3800
2118637 1560170 3800
777977 1228250 12347
777977 1892070 12347
1228250 777977 12347
1228250 2342343 12347
1892070 777977 12347
1892070 2342343 12347
2342343 1228250 12347
2342343 1892070 12347
706383 1379298 3844
706383 1741022 3844
1379298 706383 3844
1379298 2413937 3844
1741022 706383 3844
1741022 2413937 3844
2413937 1379298 3844
2413937 1741022 3844
764656 1336454 6036
764656 1783866 6036
1336454 764656 6036
1336454 2355664 6036
1783866 764656 6036
1783866 2355664 6036
2355664 1336454 6036
2355664 1783866 6036
1304572 1555703 10611
1304572 1564617 10611
1555703 1304572 10611
1555703 1815748 10611
1564617 1304572 10611
1564617 1815748 10611
1815748 1555703 10611
1815748 1564617 10611
1419823 1553645 7879
1419823 1566675 7879
1553645 1419823 7879
1553645 1700497 7879
1566675 1419823 7879
1566675 1700497 7879
1700497 1553645 7879
1700497 1566675 7879
773791 1194290 3002
773791 1926030 3002
1194290 773791 3002
1194290 2346529 3002
1926030 773791 3002
1926030 2346529 3002
2346529 1194290 3002
2346529 1926030 3002
782675 783197 14111
782675 2337123 14111
783197 782675 14111
783197 2337645 14111
2337123 782675 14111
2337123 2337645 14111
2337645 783197 14111
2337645 2337123 14111
775628 1554408 3850
775628 1565912 3850
1554408 775628 3850
1554408 2344692 3850
1565912 775628 3850
1565912 2344692 3850
2344692 1554408 3850
2344692 1565912 3850
775618 1554408 4654
775618 1565912 4654
1554408 775618 4654
1554408 2344702 4654
1565912 775618 4654
1565912 2344702 4654
2344702 1554408 4654
2344702 1565912 4654
766995 1553886 15845
766995 1566434 15845
1553886 766995 15845
1553886 2353325 15845
1566434 766995 15845
1566434 2353325 15845
2353325 1553886 15845
2353325 1566434 15845
799931 1559889 1
799931 1560431 1
1559889 799931 1
1559889 2320389 1
1560431 799931 1
1560431 2320389 1
2320389 1559889 1
2320389 1560431 1
905515 1555974 2394
905515 1564346 2394
1555974 905515 2394
1555974 2214805 2394
1564346 905515 2394
1564346 2214805 2394
2214805 1555974 2394
2214805 1564346 2394
781109 1409875 14971
781109 1710445 14971
1409875 781109 14971
1409875 2339211 14971
1710445 781109 14971
1710445 2339211 14971
2339211 1409875 14971
2339211 1710445 14971
1278171 1557801 978
1278171 1562519 978
1557801 1278171 978
1557801 1842149 978
1562519 1278171 978
1562519 1842149 978
1842149 1557801 978
1842149 1562519 978
1505280 1554167 6215
1505280 1566153 6215
1554167 1505280 6215
1554167 1615040 6215
1566153 1505280 6215
1566153 1615040 6215
1615040 1554167 6215
1615040 1566153 6215
580933 1553645 29826
580933 1566675 29826
1553645 580933 29826
1553645 2539387 29826
1566675 580933 29826
1566675 2539387 29826
2539387 1553645 29826
2539387 1566675 29826
606541 1559628 19960
606541 1560692 19960
1559628 606541 19960
1559628 2513779 19960
1560692 606541 19960
1560692 2513779 19960
2513779 1559628 19960
2513779 1560692 19960
1132604 1554930 5660
1132604 1565390 5660
1554930 1132604 5660
1554930 1987716 5660
1565390 1132604 5660
1565390 1987716 5660
1987716 1554930 5660
1987716 1565390 5660
777716 1505280 4353
777716 1615040 4353
1505280 777716 4353
1505280 2342604 4353
1615040 777716 4353
1615040 2342604 4353
2342604 1505280 4353
2342604 1615040 4353
779804 1451434 7303
779804 1668886 7303
1451434 779804 7303
1451434 2340516 7303
1668886 779804 7303
1668886 2340516 7303
2340516 1451434 7303
2340516 1668886 7303
772225 1092109 18738
772225 2028211 18738
1092109 772225 18738
1092109 2348095 18738
2028211 772225 18738
2028211 2348095 18738
2348095 1092109 18738
2348095 2028211 18738
779021 1009513 8778
779021 2110807 8778
1009513 779021 8778
1009513 2341299 8778
2110807 779021 8778
2110807 2341299 8778
2341299 1009513 8778
2341299 2110807 8778
1526441 1558062 4189
1526441 1562258 4189
1558062 1526441 4189
1558062 1593879 4189
1562258 1526441 4189
1562258 1593879 4189
1593879 1558062 4189
1593879 1562258 4189
782675 1115629 5600
782675 2004691 5600
1115629 782675 5600
1115629 2337645 5600
2004691 782675 5600
2004691 2337645 5600
2337645 1115629 5600
2337645 2004691 5600
768320 1394717 1883
768320 1725603 1883
1394717 768320 1883
1394717 2352000 1883
1725603 768320 1883
1725603 2352000 1883
2352000 1394717 1883
2352000 1725603 1883
1370153 1555191 8496
1370153 1565129 8496
1555191 1370153 8496
1555191 1750167 8496
1565129 1370153 8496
1565129 1750167 8496
1750167 1555191 8496
1750167 1565129 8496
1356310 1560150 18288
1356310 1560170 18288
1560150 1356310 18288
1560150 1764010 18288
1560170 1356310 18288
1560170 1764010 18288
1764010 1560150 18288
1764010 1560170 18288
1346372 1553645 11712
1346372 1566675 11712
1553645 1346372 11712
1553645 1773948 11712
1566675 1346372 11712
1566675 1773948 11712
1773948 1553645 11712
1773948 1566675 11712
1209177 1560150 2870
1209177 1560170 2870
1560150 1209177 2870
1560150 1911143 2870
1560170 1209177 2870
1560170 1911143 2870
1911143 1560150 2870
1911143 1560170 2870
774574 842002 7881
774574 2278318 7881
842002 774574 7881
842002 2345746 7881
2278318 774574 7881
2278318 2345746 7881
2345746 842002 7881
2345746 2278318 7881
780065 1495593 704
780065 1624727 704
1495593 780065 704
1495593 2340255 704
1624727 780065 704
1624727 2340255 704
2340255 1495593 704
2340255 1624727 704
779543 1330170 5758
779543 1790150 5758
1330170 779543 5758
1330170 2340777 5758
1790150 779543 5758
1790150 2340777 5758
2340777 1330170 5758
2340777 1790150 5758
1410929 1560150 3757
1410929 1560170 3757
1560150 1410929 3757
1560150 1709391 3757
1560170 1410929 3757
1560170 1709391 3757
1709391 1560150 3757
1709391 1560170 3757
783458 1275300 2299
783458 1845020 2299
1275300 783458 2299
1275300 2336862 2299
1845020 783458 2299
1845020 2336862 2299
2336862 1275300 2299
2336862 1845020 2299
1296983 1554408 4187
1296983 1565912 4187
1554408 1296983 4187
1554408 1823337 4187
1565912 1296983 4187
1565912 1823337 4187
1823337 1554408 4187
1823337 1565912 4187
658560 782936 1361
658560 2337384 1361
782936 658560 1361
782936 2461760 1361
2337384 658560 1361
2337384 2461760 1361
2461760 782936 1361
2461760 2337384 1361
702197 1122676 915
702197 1997644 915
1122676 702197 915
1122676 2418123 915
1997644 702197 915
1997644 2418123 915
2418123 1122676 915
2418123 1997644 915
749749 1442540 4792
749749 1677780 4792
1442540 749749 4792
1442540 2370571 4792
1677780 749749 4792
1677780 2370571 4792
2370571 1442540 4792
2370571 1677780 4792
770137 1332800 3840
770137 1787520 3840
1332800 770137 3840
1332800 2350183 3840
1787520 770137 3840
1787520 2350183 3840
2350183 1332800 3840
2350183 1787520 3840
770137 1332529 13769
770137 1787791 13769
1332529 770137 13769
1332529 2350183 13769
1787791 770137 13769
1787791 2350183 13769
2350183 1332529 13769
2350183 1787791 13769
1457969 1560150 3487
1457969 1560170 3487
1560150 1457969 3487
1560150 1662351 3487
1560170 1457969 3487
1560170 1662351 3487
1662351 1560150 3487
1662351 1560170 3487
773279 1288621 10533
773279 1831699 10533
1288621 773279 10533
1288621 2347041 10533
1831699 773279 10533
1831699 2347041 10533
2347041 1288621 10533
2347041 1831699 10533
744007 1356310 731
744007 1764010 731
1356310 744007 731
1356310 2376313 731
1764010 744007 731
1764010 2376313 731
2376313 1356310 731
2376313 1764010 731
1228521 1560150 3764
1228521 1560170 3764
1560150 1228521 3764
1560150 1891799 3764
1560170 1228521 3764
1560170 1891799 3764
1891799 1560150 3764
1891799 1560170 3764
775106 1263274 6148
775106 1857046 6148
1263274 775106 6148
1263274 2345214 6148
1857046 775106 6148
1857046 2345214 6148
2345214 1263274 6148
2345214 1857046 6148
1097329 1400479 1577
1097329 1719841 1577
1400479 1097329 1577
1400479 2022991 1577
1719841 1097329 1577
1719841 2022991 1577
2022991 1400479 1577
2022991 1719841 1577
748976 1211275 8876
748976 1909045 8876
1211275 748976 8876
1211275 2371344 8876
1909045 748976 8876
1909045 2371344 8876
2371344 1211275 8876
2371344 1909045 8876
841490 1559106 1519
841490 1561214 1519
1559106 841490 1519
1559106 2278830 1519
1561214 841490 1519
1561214 2278830 1519
2278830 1559106 1519
2278830 1561214 1519
776933 1238720 3480
776933 1881600 3480
1238720 776933 3480
1238720 2343387 3480
1881600 776933 3480
1881600 2343387 3480
2343387 1238720 3480
2343387 1881600 3480
1076429 1560150 3147
1076429 1560170 3147
1560150 1076429 3147
1560150 2043891 3147
1560170 1076429 3147
1560170 2043891 3147
2043891 1560150 3147
2043891 1560170 3147
760480 1207621 8790
760480 1912699 8790
1207621 760480 8790
1207621 2359840 8790
1912699 760480 8790
1912699 2359840 8790
2359840 1207621 8790
2359840 1912699 8790
752108 1352385 3313
752108 1767935 3313
1352385 752108 3313
1352385 2368212 3313
1767935 752108 3313
1767935 2368212 3313
2368212 1352385 3313
2368212 1767935 3313
1082181 1553886 4455
1082181 1566434 4455
1553886 1082181 4455
1553886 2038139 4455
1566434 1082181 4455
1566434 2038139 4455
2038139 1553886 4455
2038139 1566434 4455
779804 1214658 9842
779804 1905662 9842
1214658 779804 9842
1214658 2340516 9842
1905662 779804 9842
1905662 2340516 9842
2340516 1214658 9842
2340516 1905662 9842
751837 1207340 8086
751837 1912980 8086
1207340 751837 8086
1207340 2368483 8086
1912980 751837 8086
1912980 2368483 8086
2368483 1207340 8086
2368483 1912980 8086
469868 1560150 6961
469868 1560170 6961
1560150 469868 6961
1560150 2650452 6961
1560170 469868 6961
1560170 2650452 6961
2650452 1560150 6961
2650452 1560170 6961
1121120 1420074 5012
1121120 1700246 5012
1420074 1121120 5012
1420074 1999200 5012
1700246 1121120 5012
1700246 1999200 5012
1999200 1420074 5012
1999200 1700246 5012
772486 1285218 5327
772486 1835102 5327
1285218 772486 5327
1285218 2347834 5327
1835102 772486 5327
1835102 2347834 5327
2347834 1285218 5327
2347834 1835102 5327
765429 1300637 381
765429 1819683 381
1300637 765429 381
1300637 2354891 381
1819683 765429 381
1819683 2354891 381
2354891 1300637 381
2354891 1819683 381
704797 1339315 9617
704797 1781005 9617
1339315 704797 9617
1339315 2415523 9617
1781005 704797 9617
1781005 2415523 9617
2415523 1339315 9617
2415523 1781005 9617
454720 781109 22925
454720 2339211 22925
781109 454720 22925
781109 2665600 22925
2339211 454720 22925
2339211 2665600 22925
2665600 781109 22925
2665600 2339211 22925
1034348 1553645 11798
1034348 1566675 11798
1553645 1034348 11798
1553645 2085972 11798
1566675 1034348 11798
1566675 2085972 11798
2085972 1553645 11798
2085972 1566675 11798
682070 1352395 7186
682070 1767925 7186
1352395 682070 7186
1352395 2438250 7186
1767925 682070 7186
1767925 2438250 7186
2438250 1352395 7186
2438250 1767925 7186
665346 1336976 596
665346 1783344 596
1336976 665346 596
1336976 2454974 596
1783344 665346 596
1783344 2454974 596
2454974 1336976 596
2454974 1783344 596
771713 783197 58812
771713 2337123 58812
783197 771713 58812
783197 2348607 58812
2337123 771713 58812
2337123 2348607 58812
2348607 783197 58812
2348607 2337123 58812
783197 839914 9024
783197 2280406 9024
839914 783197 9024
839914 2337123 9024
2280406 783197 9024
2280406 2337123 9024
2337123 839914 9024
2337123 2280406 9024
783458 838860 2421
783458 2281460 2421
838860 783458 2421
838860 2336862 2421
2281460 783458 2421
2281460 2336862 2421
2336862 838860 2421
2336862 2281460 2421
772747 839131 1851
772747 2281189 1851
839131 772747 1851
839131 2347573 1851
2281189 772747 1851
2281189 2347573 1851
2347573 839131 1851
2347573 2281189 1851
888791 1560150 477
888791 1560170 477
1560150 888791 477
1560150 2231529 477
1560170 888791 477
1560170 2231529 477
2231529 1560150 477
2231529 1560170 477
1146728 1553645 1052
1146728 1566675 1052
1553645 1146728 1052
1553645 1973592 1052
1566675 1146728 1052
1566675 1973592 1052
1973592 1553645 1052
1973592 1566675 1052
1152480 1560150 4174
1152480 1560170 4174
1560150 1152480 4174
1560150 1967840 4174
1560170 1152480 4174
1560170 1967840 4174
1967840 1560150 4174
1967840 1560170 4174
780848 1418759 6725
780848 1701561 6725
1418759 780848 6725
1418759 2339472 6725
1701561 780848 6725
1701561 2339472 6725
2339472 1418759 6725
2339472 1701561 6725
1117185 1553886 2859
1117185 1566434 2859
1553886 1117185 2859
1553886 2003135 2859
1566434 1117185 2859
1566434 2003135 2859
2003135 1553886 2859
2003135 1566434 2859
782675 1100732 7295
782675 2019588 7295
1100732 782675 7295
1100732 2337645 7295
2019588 782675 7295
2019588 2337645 7295
2337645 1100732 7295
2337645 2019588 7295
907603 1554669 622
907603 1565651 622
1554669 907603 622
1554669 2212717 622
1565651 907603 622
1565651 2212717 622
2212717 1554669 622
2212717 1565651 622
375005 1560150 4470
375005 1560170 4470
1560150 375005 4470
1560150 2745315 4470
1560170 375005 4470
1560170 2745315 4470
2745315 1560150 4470
2745315 1560170 4470
782936 1466592 18714
782936 1653728 18714
1466592 782936 18714
1466592 2337384 18714
1653728 782936 18714
1653728 2337384 18714
2337384 1466592 18714
2337384 1653728 18714
1174685 1556496 5198
1174685 1563824 5198
1556496 1174685 5198
1556496 1945635 5198
1563824 1174685 5198
1563824 1945635 5198
1945635 1556496 5198
1945635 1563824 5198
783458 1408570 3275
783458 1711750 3275
1408570 783458 3275
1408570 2336862 3275
1711750 783458 3275
1711750 2336862 3275
2336862 1408570 3275
2336862 1711750 3275
783197 1446214 32273
783197 1674106 32273
1446214 783197 32273
1446214 2337123 32273
1674106 783197 32273
1674106 2337123 32273
2337123 1446214 32273
2337123 1674106 32273
1130777 1553645 5415
1130777 1566675 5415
1553645 1130777 5415
1553645 1989543 5415
1566675 1130777 5415
1566675 1989543 5415
1989543 1553645 5415
1989543 1566675 5415
765439 1101244 772
765439 2019076 772
1101244 765439 772
1101244 2354881 772
2019076 765439 772
2019076 2354881 772
2354881 1101244 772
2354881 2019076 772
1110128 1559889 1189
1110128 1560431 1189
1559889 1110128 1189
1559889 2010192 1189
1560431 1110128 1189
1560431 2010192 1189
2010192 1559889 1189
2010192 1560431 1189
777716 1517025 8761
777716 1603295 8761
1517025 777716 8761
1517025 2342604 8761
1603295 777716 8761
1603295 2342604 8761
2342604 1517025 8761
2342604 1603295 8761
1481740 1553645 9083
1481740 1566675 9083
1553645 1481740 9083
1553645 1638580 9083
1566675 1481740 9083
1566675 1638580 9083
1638580 1553645 9083
1638580 1566675 9083
782936 1154036 3395
782936 1966284 3395
1154036 782936 3395
1154036 2337384 3395
1966284 782936 3395
1966284 2337384 3395
2337384 1154036 3395
2337384 1966284 3395
783197 1053160 38214
783197 2067160 38214
1053160 783197 38214
1053160 2337123 38214
2067160 783197 38214
2067160 2337123 38214
2337123 1053160 38214
2337123 2067160 38214
756545 1462406 6198
756545 1657914 6198
1462406 756545 6198
1462406 2363775 6198
1657914 756545 6198
1657914 2363775 6198
2363775 1462406 6198
2363775 1657914 6198
779021 879375 9733
779021 2240945 9733
879375 779021 9733
879375 2341299 9733
2240945 779021 9733
2240945 2341299 9733
2341299 879375 9733
2341299 2240945 9733
1515720 1554930 1916
1515720 1565390 1916
1554930 1515720 1916
1554930 1604600 1916
1565390 1515720 1916
1565390 1604600 1916
1604600 1554930 1916
1604600 1565390 1916
748705 1464494 1156
748705 1655826 1156
1464494 748705 1156
1464494 2371615 1156
1655826 748705 1156
1655826 2371615 1156
2371615 1464494 1156
2371615 1655826 1156
1022332 1344033 1206
1022332 1776287 1206
1344033 1022332 1206
1344033 2097988 1206
1776287 1022332 1206
1776287 2097988 1206
2097988 1344033 1206
2097988 1776287 1206
1275561 1560150 1623
1275561 1560170 1623
1560150 1275561 1623
1560150 1844759 1623
1560170 1275561 1623
1560170 1844759 1623
1844759 1560150 1623
1844759 1560170 1623
1267972 1554147 7537
1267972 1566173 7537
1554147 1267972 7537
1554147 1852348 7537
1566173 1267972 7537
1566173 1852348 7537
1852348 1554147 7537
1852348 1566173 7537
777455 1349514 9330
777455 1770806 9330
1349514 777455 9330
1349514 2342865 9330
1770806 777455 9330
1770806 2342865 9330
2342865 1349514 9330
2342865 1770806 9330
632932 781631 5544
632932 2338689 5544
781631 632932 5544
781631 2487388 5544
2338689 632932 5544
2338689 2487388 5544
2487388 781631 5544
2487388 2338689 5544
1029128 1346894 591
1029128 1773426 591
1346894 1029128 591
1346894 2091192 591
1773426 1029128 591
1773426 2091192 591
2091192 1346894 591
2091192 1773426 591
747400 1293600 247
747400 1826720 247
1293600 747400 247
1293600 2372920 247
1826720 747400 247
1826720 2372920 247
2372920 1293600 247
2372920 1826720 247
776140 1347165 2674
776140 1773155 2674
1347165 776140 2674
1347165 2344180 2674
1773155 776140 2674
1773155 2344180 2674
2344180 1347165 2674
2344180 1773155 2674
1206035 1560150 1709
1206035 1560170 1709
1560150 1206035 1709
1560150 1914285 1709
1560170 1206035 1709
1560170 1914285 1709
1914285 1560150 1709
1914285 1560170 1709
1395520 1553886 1794
1395520 1566434 1794
1553886 1395520 1794
1553886 1724800 1794
1566434 1395520 1794
1566434 1724800 1794
1724800 1553886 1794
1724800 1566434 1794
773791 1227467 10917
773791 1892853 10917
1227467 773791 10917
1227467 2346529 10917
1892853 773791 10917
1892853 2346529 10917
2346529 1227467 10917
2346529 1892853 10917
781892 1280520 3104
781892 1839800 3104
1280520 781892 3104
1280520 2338428 3104
1839800 781892 3104
1839800 2338428 3104
2338428 1280520 3104
2338428 1839800 3104
1049767 1372512 1741
1049767 1747808 1741
1372512 1049767 1741
1372512 2070553 1741
1747808 1049767 1741
1747808 2070553 1741
2070553 1372512 1741
2070553 1747808 1741
603680 777716 909
603680 2342604 909
777716 603680 909
777716 2516640 909
2342604 603680 909
2342604 2516640 909
2516640 777716 909
2516640 2342604 909
1071711 1556255 10242
1071711 1564065 10242
1556255 1071711 10242
1556255 2048609 10242
1564065 1071711 10242
1564065 2048609 10242
2048609 1556255 10242
2048609 1564065 10242
781892 1364160 15909
781892 1756160 15909
1364160 781892 15909
1364160 2338428 15909
1756160 781892 15909
1756160 2338428 15909
2338428 1364160 15909
2338428 1756160 15909
1444909 1559106 12394
1444909 1561214 12394
1559106 1444909 12394
1559106 1675411 12394
1561214 1444909 12394
1561214 1675411 12394
1675411 1559106 12394
1675411 1561214 12394
1377732 1553645 35997
1377732 1566675 35997
1553645 1377732 35997
1553645 1742588 35997
1566675 1377732 35997
1566675 1742588 35997
1742588 1553645 35997
1742588 1566675 35997
763602 1207340 887
763602 1912980 887
1207340 763602 887
1207340 2356718 887
1912980 763602 887
1912980 2356718 887
2356718 1207340 887
2356718 1912980 887
763341 1207621 3478
763341 1912699 3478
1207621 763341 3478
1207621 2356979 3478
1912699 763341 3478
1912699 2356979 3478
2356979 1207621 3478
2356979 1912699 3478
706644 1124764 15252
706644 1995556 15252
1124764 706644 15252
1124764 2413676 15252
1995556 706644 15252
1995556 2413676 15252
2413676 1124764 15252
2413676 1995556 15252
772747 1272419 9952
772747 1847901 9952
1272419 772747 9952
1272419 2347573 9952
1847901 772747 9952
1847901 2347573 9952
2347573 1272419 9952
2347573 1847901 9952
745583 1222769 1739
745583 1897551 1739
1222769 745583 1739
1222769 2374737 1739
1897551 745583 1739
1897551 2374737 1739
2374737 1222769 1739
2374737 1897551 1739
761524 1255956 1542
761524 1864364 1542
1255956 761524 1542
1255956 2358796 1542
1864364 761524 1542
1864364 2358796 1542
2358796 1255956 1542
2358796 1864364 1542
746888 1478608 5388
746888 1641712 5388
1478608 746888 5388
1478608 2373432 5388
1641712 746888 5388
1641712 2373432 5388
2373432 1478608 5388
2373432 1641712 5388
1057607 1560150 901
1057607 1560170 901
1560150 1057607 901
1560150 2062713 901
1560170 1057607 901
1560170 2062713 901
2062713 1560150 901
2062713 1560170 901
1045581 1553645 9490
1045581 1566675 9490
1553645 1045581 9490
1553645 2074739 9490
1566675 1045581 9490
1566675 2074739 9490
2074739 1553645 9490
2074739 1566675 9490
1310575 1559106 803
1310575 1561214 803
1559106 1310575 803
1559106 1809745 803
1561214 1310575 803
1561214 1809745 803
1809745 1559106 803
1809745 1561214 803
716823 1369380 3172
716823 1750940 3172
1369380 716823 3172
1369380 2403497 3172
1750940 716823 3172
1750940 2403497 3172
2403497 1369380 3172
2403497 1750940 3172
1140444 1439147 2244
1140444 1681173 2244
1439147 1140444 2244
1439147 1979876 2244
1681173 1140444 2244
1681173 1979876 2244
1979876 1439147 2244
1979876 1681173 2244
997507 1554930 3934
997507 1565390 3934
1554930 997507 3934
1554930 2122813 3934
1565390 997507 3934
1565390 2122813 3934
2122813 1554930 3934
2122813 1565390 3934
1195063 1449085 8248
1195063 1671235 8248
1449085 1195063 8248
1449085 1925257 8248
1671235 1195063 8248
1671235 1925257 8248
1925257 1449085 8248
1925257 1671235 8248
1027040 1553645 10425
1027040 1566675 10425
1553645 1027040 10425
1553645 2093280 10425
1566675 1027040 10425
1566675 2093280 10425
2093280 1553645 10425
2093280 1566675 10425
1371719 1553645 3690
1371719 1566675 3690
1553645 1371719 3690
1553645 1748601 3690
1566675 1371719 3690
1566675 1748601 3690
1748601 1553645 3690
1748601 1566675 3690
639216 1145674 7155
639216 1974646 7155
1145674 639216 7155
1145674 2481104 7155
1974646 639216 7155
1974646 2481104 7155
2481104 1145674 7155
2481104 1974646 7155
962744 1560150 4552
962744 1560170 4552
1560150 962744 4552
1560150 2157576 4552
1560170 962744 4552
1560170 2157576 4552
2157576 1560150 4552
2157576 1560170 4552
1555713 1559106 11319
1555713 1561214 11319
1559106 1555713 11319
1559106 1564607 11319
1561214 1555713 11319
1561214 1564607 11319
1564607 1559106 11319
1564607 1561214 11319
782936 921717 24992
782936 2198603 24992
921717 782936 24992
921717 2337384 24992
2198603 782936 24992
2198603 2337384 24992
2337384 921717 24992
2337384 2198603 24992
888791 1553886 2331
888791 1566434 2331
1553886 888791 2331
1553886 2231529 2331
1566434 888791 2331
1566434 2231529 2331
2231529 1553886 2331
2231529 1566434 2331
883551 1560150 1827
883551 1560170 1827
1560150 883551 1827
1560150 2236769 1827
1560170 883551 1827
1560170 2236769 1827
2236769 1560150 1827
2236769 1560170 1827
782414 1045330 40368
782414 2074990 40368
1045330 782414 40368
1045330 2337906 40368
2074990 782414 40368
2074990 2337906 40368
2337906 1045330 40368
2337906 2074990 40368
1097580 1555713 4615
1097580 1564607 4615
1555713 1097580 4615
1555713 2022740 4615
1564607 1097580 4615
1564607 2022740 4615
2022740 1555713 4615
2022740 1564607 4615
778760 1005598 23325
778760 2114722 23325
1005598 778760 23325
1005598 2341560 23325
2114722 778760 23325
2114722 2341560 23325
2341560 1005598 23325
2341560 2114722 23325
1139400 1556496 12144
1139400 1563824 12144
1556496 1139400 12144
1556496 1980920 12144
1563824 1139400 12144
1563824 1980920 12144
1980920 1556496 12144
1980920 1563824 12144
779021 1508934 886
779021 1611386 886
1508934 779021 886
1508934 2341299 886
1611386 779021 886
1611386 2341299 886
2341299 1508934 886
2341299 1611386 886
909169 1560150 1898
909169 1560170 1898
1560150 909169 1898
1560150 2211151 1898
1560170 909169 1898
1560170 2211151 1898
2211151 1560150 1898
2211151 1560170 1898
776672 1544470 2110
776672 1575850 2110
1544470 776672 2110
1544470 2343648 2110
1575850 776672 2110
1575850 2343648 2110
2343648 1544470 2110
2343648 1575850 2110
770920 1373034 3964
770920 1747286 3964
1373034 770920 3964
1373034 2349400 3964
1747286 770920 3964
1747286 2349400 3964
2349400 1373034 3964
2349400 1747286 3964
770669 1373295 3384
770669 1747025 3384
1373295 770669 3384
1373295 2349651 3384
1747025 770669 3384
1747025 2349651 3384
2349651 1373295 3384
2349651 1747025 3384
1134170 1555211 9250
1134170 1565109 9250
1555211 1134170 9250
1555211 1986150 9250
1565109 1134170 9250
1565109 1986150 9250
1986150 1555211 9250
1986150 1565109 9250
1476259 1553886 3603
1476259 1566434 3603
1553886 1476259 3603
1553886 1644061 3603
1566434 1476259 3603
1566434 1644061 3603
1644061 1553886 3603
1644061 1566434 3603
782675 1096807 1191
782675 2023513 1191
1096807 782675 1191
1096807 2337645 1191
2023513 782675 1191
2023513 2337645 1191
2337645 1096807 1191
2337645 2023513 1191
782936 1411180 12206
782936 1709140 12206
1411180 782936 12206
1411180 2337384 12206
1709140 782936 12206
1709140 2337384 12206
2337384 1411180 12206
2337384 1709140 12206
1191680 1557038 5284
1191680 1563282 5284
1557038 1191680 5284
1557038 1928640 5284
1563282 1191680 5284
1563282 1928640 5284
1928640 1557038 5284
1928640 1563282 5284
1423467 1554408 2429
1423467 1565912 2429
1554408 1423467 2429
1554408 1696853 2429
1565912 1423467 2429
1565912 1696853 2429
1696853 1554408 2429
1696853 1565912 2429
592949 1553886 8226
592949 1566434 8226
1553886 592949 8226
1553886 2527371 8226
1566434 592949 8226
1566434 2527371 8226
2527371 1553886 8226
2527371 1566434 8226
1426880 1554408 2134
1426880 1565912 2134
1554408 1426880 2134
1554408 1693440 2134
1565912 1426880 2134
1565912 1693440 2134
1693440 1554408 2134
1693440 1565912 2134
1047679 1373295 712
1047679 1747025 712
1373295 1047679 712
1373295 2072641 712
1747025 1047679 712
1747025 2072641 712
2072641 1373295 712
2072641 1747025 712
684680 777455 22864
684680 2342865 22864
777455 684680 22864
777455 2435640 22864
2342865 684680 22864
2342865 2435640 22864
2435640 777455 22864
2435640 2342865 22864
771452 1400730 668
771452 1719590 668
1400730 771452 668
1400730 2348868 668
1719590 771452 668
1719590 2348868 668
2348868 1400730 668
2348868 1719590 668
855604 1559628 3774
855604 1560692 3774
1559628 855604 3774
1559628 2264716 3774
1560692 855604 3774
1560692 2264716 3774
2264716 1559628 3774
2264716 1560692 3774
730676 783458 27719
730676 2336862 27719
783458 730676 27719
783458 2389644 27719
2336862 730676 27719
2336862 2389644 27719
2389644 783458 27719
2389644 2336862 27719
532839 1557038 2309
532839 1563282 2309
1557038 532839 2309
1557038 2587481 2309
1563282 532839 2309
1563282 2587481 2309
2587481 1557038 2309
2587481 1563282 2309
756033 1199520 7305
756033 1920800 7305
1199520 756033 7305
1199520 2364287 7305
1920800 756033 7305
1920800 2364287 7305
2364287 1199520 7305
2364287 1920800 7305
1233219 1560150 5558
1233219 1560170 5558
1560150 1233219 5558
1560150 1887101 5558
1560170 1233219 5558
1560170 1887101 5558
1887101 1560150 5558
1887101 1560170 5558
764385 1486980 1544
764385 1633340 1544
1486980 764385 1544
1486980 2355935 1544
1633340 764385 1544
1633340 2355935 1544
2355935 1486980 1544
2355935 1633340 1544
964310 1559889 1389
964310 1560431 1389
1559889 964310 1389
1559889 2156010 1389
1560431 964310 1389
1560431 2156010 1389
2156010 1559889 1389
2156010 1560431 1389
556640 1553886 78852
556640 1566434 78852
1553886 556640 78852
1553886 2563680 78852
1566434 556640 78852
1566434 2563680 78852
2563680 1553886 78852
2563680 1566434 78852
688866 1131560 5029
688866 1988760 5029
1131560 688866 5029
1131560 2431454 5029
1988760 688866 5029
1988760 2431454 5029
2431454 1131560 5029
2431454 1988760 5029
634508 782153 20959
634508 2338167 20959
782153 634508 20959
782153 2485812 20959
2338167 634508 20959
2338167 2485812 20959
2485812 782153 20959
2485812 2338167 20959
710559 1556235 37443
710559 1564085 37443
1556235 710559 37443
1556235 2409761 37443
1564085 710559 37443
1564085 2409761 37443
2409761 1556235 37443
2409761 1564085 37443
1258827 1555713 7931
1258827 1564607 7931
1555713 1258827 7931
1555713 1861493 7931
1564607 1258827 7931
1564607 1861493 7931
1861493 1555713 7931
1861493 1564607 7931
699838 1345860 3471
699838 1774460 3471
1345860 699838 3471
1345860 2420482 3471
1774460 699838 3471
1774460 2420482 3471
2420482 1345860 3471
2420482 1774460 3471
783458 1278693 750
783458 1841627 750
1278693 783458 750
1278693 2336862 750
1841627 783458 750
1841627 2336862 750
2336862 1278693 750
2336862 1841627 750
783197 1301159 2313
783197 1819161 2313
1301159 783197 2313
1301159 2337123 2313
1819161 783197 2313
1819161 2337123 2313
2337123 1301159 2313
2337123 1819161 2313
1020756 1342196 1043
1020756 1778124 1043
1342196 1020756 1043
1342196 2099564 1043
1778124 1020756 1043
1778124 2099564 1043
2099564 1342196 1043
2099564 1778124 1043
504892 1554669 31146
504892 1565651 31146
1554669 504892 31146
1554669 2615428 31146
1565651 504892 31146
1565651 2615428 31146
2615428 1554669 31146
2615428 1565651 31146
1020234 1553645 8406
1020234 1566675 8406
1553645 1020234 8406
1553645 2100086 8406
1566675 1020234 8406
1566675 2100086 8406
2100086 1553645 8406
2100086 1566675 8406
720748 1120588 15394
720748 1999732 15394
1120588 720748 15394
1120588 2399572 15394
1999732 720748 15394
1999732 2399572 15394
2399572 1120588 15394
2399572 1999732 15394
1301440 1558845 6558
1301440 1561475 6558
1558845 1301440 6558
1558845 1818880 6558
1561475 1301440 6558
1561475 1818880 6558
1818880 1558845 6558
1818880 1561475 6558
726229 1369631 2713
726229 1750689 2713
1369631 726229 2713
1369631 2394091 2713
1750689 726229 2713
1750689 2394091 2713
2394091 1369631 2713
2394091 1750689 2713
758121 1248899 2130
758121 1871421 2130
1248899 758121 2130
1248899 2362199 2130
1871421 758121 2130
1871421 2362199 2130
2362199 1248899 2130
2362199 1871421 2130
767778 1100210 1235
767778 2020110 1235
1100210 767778 1235
1100210 2352542 1235
2020110 767778 1235
2020110 2352542 1235
2352542 1100210 1235
2352542 2020110 1235
782675 1266667 3245
782675 1853653 3245
1266667 782675 3245
1266667 2337645 3245
1853653 782675 3245
1853653 2337645 3245
2337645 1266667 3245
2337645 1853653 3245
779021 1223020 4783
779021 1897300 4783
1223020 779021 4783
1223020 2341299 4783
1897300 779021 4783
1897300 2341299 4783
2341299 1223020 4783
2341299 1897300 4783
751054 1448824 4351
751054 1671496 4351
1448824 751054 4351
1448824 2369266 4351
1671496 751054 4351
1671496 2369266 4351
2369266 1448824 4351
2369266 1671496 4351
1189582 1451956 2655
1189582 1668364 2655
1451956 1189582 2655
1451956 1930738 2655
1668364 1189582 2655
1668364 1930738 2655
1930738 1451956 2655
1930738 1668364 2655
759948 1265884 1784
759948 1854436 1784
1265884 759948 1784
1265884 2360372 1784
1854436 759948 1784
1854436 2360372 1784
2360372 1265884 1784
2360372 1854436 1784
1009252 1560150 1866
1009252 1560170 1866
1560150 1009252 1866
1560150 2111068 1866
1560170 1009252 1866
1560170 2111068 1866
2111068 1560150 1866
2111068 1560170 1866
490246 1553886 16310
490246 1566434 16310
1553886 490246 16310
1553886 2630074 16310
1566434 490246 16310
1566434 2630074 16310
2630074 1553886 16310
2630074 1566434 16310
747922 1353439 4202
747922 1766881 4202
1353439 747922 4202
1353439 2372398 4202
1766881 747922 4202
1766881 2372398 4202
2372398 1353439 4202
2372398 1766881 4202
671088 1336966 4228
671088 1783354 4228
1336966 671088 4228
1336966 2449232 4228
1783354 671088 4228
1783354 2449232 4228
2449232 1336966 4228
2449232 1783354 4228
695913 1559628 18053
695913 1560692 18053
1559628 695913 18053
1559628 2424407 18053
1560692 695913 18053
1560692 2424407 18053
2424407 1559628 18053
2424407 1560692 18053
655679 1322079 13774
655679 1798241 13774
1322079 655679 13774
1322079 2464641 13774
1798241 655679 13774
1798241 2464641 13774
2464641 1322079 13774
2464641 1798241 13774
770669 1169194 8146
770669 1951126 8146
1169194 770669 8146
1169194 2349651 8146
1951126 770669 8146
1951126 2349651 8146
2349651 1169194 8146
2349651 1951126 8146
1111172 1553886 5173
1111172 1566434 5173
1553886 1111172 5173
1553886 2009148 5173
1566434 1111172 5173
1566434 2009148 5173
2009148 1553886 5173
2009148 1566434 5173
779804 1056814 14347
779804 2063506 14347
1056814 779804 14347
1056814 2340516 14347
2063506 779804 14347
2063506 2340516 14347
2340516 1056814 14347
2340516 2063506 14347
867098 1560150 8422
867098 1560170 8422
1560150 867098 8422
1560150 2253222 8422
1560170 867098 8422
1560170 2253222 8422
2253222 1560150 8422
2253222 1560170 8422
779804 893218 6197
779804 2227102 6197
893218 779804 6197
893218 2340516 6197
2227102 779804 6197
2227102 2340516 6197
2340516 893218 6197
2340516 2227102 6197
768300 1168140 7745
768300 1952180 7745
1168140 768300 7745
1168140 2352020 7745
1952180 768300 7745
1952180 2352020 7745
2352020 1168140 7745
2352020 1952180 7745
1504487 1560150 130
1504487 1560170 130
1560150 1504487 130
1560150 1615833 130
1560170 1504487 130
1560170 1615833 130
1615833 1560150 130
1615833 1560170 130
748966 783197 28972
748966 2337123 28972
783197 748966 28972
783197 2371354 28972
2337123 748966 28972
2337123 2371354 28972
2371354 783197 28972
2371354 2337123 28972
1510239 1555713 1661
1510239 1564607 1661
1555713 1510239 1661
1555713 1610081 1661
1564607 1510239 1661
1564607 1610081 1661
1610081 1555713 1661
1610081 1564607 1661
1495593 1553886 9942
1495593 1566434 9942
1553886 1495593 9942
1553886 1624727 9942
1566434 1495593 9942
1566434 1624727 9942
1624727 1553886 9942
1624727 1566434 9942
1174163 1555452 5933
1174163 1564868 5933
1555452 1174163 5933
1555452 1946157 5933
1564868 1174163 5933
1564868 1946157 5933
1946157 1555452 5933
1946157 1564868 5933
1152741 1555191 6914
1152741 1565129 6914
1555191 1152741 6914
1555191 1967579 6914
1565129 1152741 6914
1565129 1967579 6914
1967579 1555191 6914
1967579 1565129 6914
1150372 1555452 11414
1150372 1564868 11414
1555452 1150372 11414
1555452 1969948 11414
1564868 1150372 11414
1564868 1969948 11414
1969948 1555452 11414
1969948 1564868 11414
752640 783458 37174
752640 2336862 37174
783458 752640 37174
783458 2367680 37174
2336862 752640 37174
2336862 2367680 37174
2367680 783458 37174
2367680 2336862 37174
778238 1537674 5690
778238 1582646 5690
1537674 778238 5690
1537674 2342082 5690
1582646 778238 5690
1582646 2342082 5690
2342082 1537674 5690
2342082 1582646 5690
780848 1376166 7420
780848 1744154 7420
1376166 780848 7420
1376166 2339472 7420
1744154 780848 7420
1744154 2339472 7420
2339472 1376166 7420
2339472 1744154 7420
782414 1338010 11715
782414 1782310 11715
1338010 782414 11715
1338010 2337906 11715
1782310 782414 11715
1782310 2337906 11715
2337906 1338010 11715
2337906 1782310 11715
783458 873884 1004
783458 2246436 1004
873884 783458 1004
873884 2336862 1004
2246436 783458 1004
2246436 2336862 1004
2336862 873884 1004
2336862 2246436 1004
777194 1371980 4682
777194 1748340 4682
1371980 777194 4682
1371980 2343126 4682
1748340 777194 4682
1748340 2343126 4682
2343126 1371980 4682
2343126 1748340 4682
782936 1354995 7282
782936 1765325 7282
1354995 782936 7282
1354995 2337384 7282
1765325 782936 7282
1765325 2337384 7282
2337384 1354995 7282
2337384 1765325 7282
756816 1559106 16405
756816 1561214 16405
1559106 756816 16405
1559106 2363504 16405
1561214 756816 16405
1561214 2363504 16405
2363504 1559106 16405
2363504 1561214 16405
680233 777455 10069
680233 2342865 10069
777455 680233 10069
777455 2440087 10069
2342865 680233 10069
2342865 2440087 10069
2440087 777455 10069
2440087 2342865 10069
711071 1123981 29647
711071 1996339 29647
1123981 711071 29647
1123981 2409249 29647
1996339 711071 29647
1996339 2409249 29647
2409249 1123981 29647
2409249 1996339 29647
1051865 1348460 4524
1051865 1771860 4524
1348460 1051865 4524
1348460 2068455 4524
1771860 1051865 4524
1771860 2068455 4524
2068455 1348460 4524
2068455 1771860 4524
782936 957514 39545
782936 2162806 39545
957514 782936 39545
957514 2337384 39545
2162806 782936 39545
2162806 2337384 39545
2337384 957514 39545
2337384 2162806 39545
1399435 1553886 30179
1399435 1566434 30179
1553886 1399435 30179
1553886 1720885 30179
1566434 1399435 30179
1566434 1720885 30179
1720885 1553886 30179
1720885 1566434 30179
777977 804117 3708
777977 2316203 3708
804117 777977 3708
804117 2342343 3708
2316203 777977 3708
2316203 2342343 3708
2342343 804117 3708
2342343 2316203 3708
697218 1128689 13422
697218 1991631 13422
1128689 697218 13422
1128689 2423102 13422
1991631 697218 13422
1991631 2423102 13422
2423102 1128689 13422
2423102 1991631 13422
1277920 1559367 5171
1277920 1560953 5171
1559367 1277920 5171
1559367 1842400 5171
1560953 1277920 5171
1560953 1842400 5171
1842400 1559367 5171
1842400 1560953 5171
1423738 1558845 2828
1423738 1561475 2828
1558845 1423738 2828
1558845 1696582 2828
1561475 1423738 2828
1561475 1696582 2828
1696582 1558845 2828
1696582 1561475 2828
1073287 1401784 3780
1073287 1718536 3780
1401784 1073287 3780
1401784 2047033 3780
1718536 1073287 3780
1718536 2047033 3780
2047033 1401784 3780
2047033 1718536 3780
1163442 1466853 5104
1163442 1653467 5104
1466853 1163442 5104
1466853 1956878 5104
1653467 1163442 5104
1653467 1956878 5104
1956878 1466853 5104
1956878 1653467 5104
1160320 1466060 3767
1160320 1654260 3767
1466060 1160320 3767
1466060 1960000 3767
1654260 1160320 3767
1654260 1960000 3767
1960000 1466060 3767
1960000 1654260 3767
665085 1560150 6205
665085 1560170 6205
1560150 665085 6205
1560150 2455235 6205
1560170 665085 6205
1560170 2455235 6205
2455235 1560150 6205
2455235 1560170 6205
1091326 1401513 3242
1091326 1718807 3242
1401513 1091326 3242
1401513 2028994 3242
1718807 1091326 3242
1718807 2028994 3242
2028994 1401513 3242
2028994 1718807 3242
1450912 1559889 1329
1450912 1560431 1329
1559889 1450912 1329
1559889 1669408 1329
1560431 1450912 1329
1560431 1669408 1329
1669408 1559889 1329
1669408 1560431 1329
1202381 1560150 3989
1202381 1560170 3989
1560150 1202381 3989
1560150 1917939 3989
1560170 1202381 3989
1560170 1917939 3989
1917939 1560150 3989
1917939 1560170 3989
1314751 1556496 14612
1314751 1563824 14612
1556496 1314751 14612
1556496 1805569 14612
1563824 1314751 14612
1563824 1805569 14612
1805569 1556496 14612
1805569 1563824 14612
704014 1351341 3545
704014 1768979 3545
1351341 704014 3545
1351341 2416306 3545
1768979 704014 3545
1768979 2416306 3545
2416306 1351341 3545
2416306 1768979 3545
762307 1176783 4751
762307 1943537 4751
1176783 762307 4751
1176783 2358013 4751
1943537 762307 4751
1943537 2358013 4751
2358013 1176783 4751
2358013 1943537 4751
689920 1364160 5640
689920 1756160 5640
1364160 689920 5640
1364160 2430400 5640
1756160 689920 5640
1756160 2430400 5640
2430400 1364160 5640
2430400 1756160 5640
1219366 1556235 3505
1219366 1564085 3505
1556235 1219366 3505
1556235 1900954 3505
1564085 1219366 3505
1564085 1900954 3505
1900954 1556235 3505
1900954 1564085 3505
769103 1184362 6212
769103 1935958 6212
1184362 769103 6212
1184362 2351217 6212
1935958 769103 6212
1935958 2351217 6212
2351217 1184362 6212
2351217 1935958 6212
1017363 1553886 10636
1017363 1566434 10636
1553886 1017363 10636
1553886 2102957 10636
1566434 1017363 10636
1566434 2102957 10636
2102957 1553886 10636
2102957 1566434 10636
1025986 1560150 5086
1025986 1560170 5086
1560150 1025986 5086
1560150 2094334 5086
1560170 1025986 5086
1560170 2094334 5086
2094334 1560150 5086
2094334 1560170 5086
774845 1207089 4930
774845 1913231 4930
1207089 774845 4930
1207089 2345475 4930
1913231 774845 4930
1913231 2345475 4930
2345475 1207089 4930
2345475 1913231 4930
508275 1554930 34774
508275 1565390 34774
1554930 508275 34774
1554930 2612045 34774
1565390 508275 34774
1565390 2612045 34774
2612045 1554930 34774
2612045 1565390 34774
486080 1553886 18873
486080 1566434 18873
1553886 486080 18873
1553886 2634240 18873
1566434 486080 18873
1566434 2634240 18873
2634240 1553886 18873
2634240 1566434 18873
705600 1555713 56038
705600 1564607 56038
1555713 705600 56038
1555713 2414720 56038
1564607 705600 56038
1564607 2414720 56038
2414720 1555713 56038
2414720 1564607 56038
1179905 1445160 2633
1179905 1675160 2633
1445160 1179905 2633
1445160 1940415 2633
1675160 1179905 2633
1675160 1940415 2633
1940415 1445160 2633
1940415 1675160 2633
1382701 1553645 19362
1382701 1566675 19362
1553645 1382701 19362
1553645 1737619 19362
1566675 1382701 19362
1566675 1737619 19362
1737619 1553645 19362
1737619 1566675 19362
1125557 1428707 3151
1125557 1691613 3151
1428707 1125557 3151
1428707 1994763 3151
1691613 1125557 3151
1691613 1994763 3151
1994763 1428707 3151
1994763 1691613 3151
774584 783458 43909
774584 2336862 43909
783458 774584 43909
783458 2345736 43909
2336862 774584 43909
2336862 2345736 43909
2345736 783458 43909
2345736 2336862 43909
503065 1170238 202
503065 1950082 202
1170238 503065 202
1170238 2617255 202
1950082 503065 202
1950082 2617255 202
2617255 1170238 202
2617255 1950082 202
1164757 1560150 4147
1164757 1560170 4147
1560150 1164757 4147
1560150 1955563 4147
1560170 1164757 4147
1560170 1955563 4147
1955563 1560150 4147
1955563 1560170 4147
771964 1554428 6103
771964 1565892 6103
1554428 771964 6103
1554428 2348356 6103
1565892 771964 6103
1565892 2348356 6103
2348356 1554428 6103
2348356 1565892 6103
510122 1170238 202
510122 1950082 202
1170238 510122 202
1170238 2610198 202
1950082 510122 202
1950082 2610198 202
2610198 1170238 202
2610198 1950082 202
783197 1124774 6441
783197 1995546 6441
1124774 783197 6441
1124774 2337123 6441
1995546 783197 6441
1995546 2337123 6441
2337123 1124774 6441
2337123 1995546 6441
778499 1133136 2551
778499 1987184 2551
1133136 778499 2551
1133136 2341821 2551
1987184 778499 2551
1987184 2341821 2551
2341821 1133136 2551
2341821 1987184 2551
705600 782414 85528
705600 2337906 85528
782414 705600 85528
782414 2414720 85528
2337906 705600 85528
2337906 2414720 85528
2414720 782414 85528
2414720 2337906 85528
739048 782675 24581
739048 2337645 24581
782675 739048 24581
782675 2381272 24581
2337645 739048 24581
2337645 2381272 24581
2381272 782675 24581
2381272 2337645 24581
782936 1056292 48007
782936 2064028 48007
1056292 782936 48007
1056292 2337384 48007
2064028 782936 48007
2064028 2337384 48007
2337384 1056292 48007
2337384 2064028 48007
615686 1560150 20707
615686 1560170 20707
1560150 615686 20707
1560150 2504634 20707
1560170 615686 20707
1560170 2504634 20707
2504634 1560150 20707
2504634 1560170 20707
776933 1159256 3488
776933 1961064 3488
1159256 776933 3488
1159256 2343387 3488
1961064 776933 3488
1961064 2343387 3488
2343387 1159256 3488
2343387 1961064 3488
1101515 1553645 8138
1101515 1566675 8138
1553645 1101515 8138
1553645 2018805 8138
1566675 1101515 8138
1566675 2018805 8138
2018805 1553645 8138
2018805 1566675 8138
783458 1323906 19274
783458 1796414 19274
1323906 783458 19274
1323906 2336862 19274
1796414 783458 19274
1796414 2336862 19274
2336862 1323906 19274
2336862 1796414 19274
850896 1555713 910
850896 1564607 910
1555713 850896 910
1555713 2269424 910
1564607 850896 910
1564607 2269424 910
2269424 1555713 910
2269424 1564607 910
781892 1403340 5921
781892 1716980 5921
1403340 781892 5921
1403340 2338428 5921
1716980 781892 5921
1716980 2338428 5921
2338428 1403340 5921
2338428 1716980 5921
775618 891652 4578
775618 2228668 4578
891652 775618 4578
891652 2344702 4578
2228668 775618 4578
2228668 2344702 4578
2344702 891652 4578
2344702 2228668 4578
778499 877799 1892
778499 2242521 1892
877799 778499 1892
877799 2341821 1892
2242521 778499 1892
2242521 2341821 1892
2341821 877799 1892
2341821 2242521 1892
1479913 1554147 2495
1479913 1566173 2495
1554147 1479913 2495
1554147 1640407 2495
1566173 1479913 2495
1566173 1640407 2495
1640407 1554147 2495
1640407 1566173 2495
1116141 1553645 5137
1116141 1566675 5137
1553645 1116141 5137
1553645 2004179 5137
1566675 1116141 5137
1566675 2004179 5137
2004179 1553645 5137
2004179 1566675 5137
783458 1325482 8985
783458 1794838 8985
1325482 783458 8985
1325482 2336862 8985
1794838 783458 8985
1794838 2336862 8985
2336862 1325482 8985
2336862 1794838 8985
579889 776672 16703
579889 2343648 16703
776672 579889 16703
776672 2540431 16703
2343648 579889 16703
2343648 2540431 16703
2540431 776672 16703
2540431 2343648 16703
1133397 1485414 3965
1133397 1634906 3965
1485414 1133397 3965
1485414 1986923 3965
1634906 1133397 3965
1634906 1986923 3965
1986923 1485414 3965
1986923 1634906 3965
783197 1349775 4377
783197 1770545 4377
1349775 783197 4377
1349775 2337123 4377
1770545 783197 4377
1770545 2337123 4377
2337123 1349775 4377
2337123 1770545 4377
1197422 1560150 768
1197422 1560170 768
1560150 1197422 768
1560150 1922898 768
1560170 1197422 768
1560170 1922898 768
1922898 1560150 768
1922898 1560170 768
748976 1348741 4057
748976 1771579 4057
1348741 748976 4057
1348741 2371344 4057
1771579 748976 4057
1771579 2371344 4057
2371344 1348741 4057
2371344 1771579 4057
918575 1225118 2394
918575 1895202 2394
1225118 918575 2394
1225118 2201745 2394
1895202 918575 2394
1895202 2201745 2394
2201745 1225118 2394
2201745 1895202 2394
1439408 1559106 1968
1439408 1561214 1968
1559106 1439408 1968
1559106 1680912 1968
1561214 1439408 1968
1561214 1680912 1968
1680912 1559106 1968
1680912 1561214 1968
733286 1353429 2826
733286 1766891 2826
1353429 733286 2826
1353429 2387034 2826
1766891 733286 2826
1766891 2387034 2826
2387034 1353429 2826
2387034 1766891 2826
783458 1291231 20392
783458 1829089 20392
1291231 783458 20392
1291231 2336862 20392
1829089 783458 20392
1829089 2336862 20392
2336862 1291231 20392
2336862 1829089 20392
770920 1507619 1698
770920 1612701 1698
1507619 770920 1698
1507619 2349400 1698
1612701 770920 1698
1612701 2349400 1698
2349400 1507619 1698
2349400 1612701 1698
1273985 1554428 5627
1273985 1565892 5627
1554428 1273985 5627
1554428 1846335 5627
1565892 1273985 5627
1565892 1846335 5627
1846335 1554428 5627
1846335 1565892 5627
1097580 1553645 5550
1097580 1566675 5550
1553645 1097580 5550
1553645 2022740 5550
1566675 1097580 5550
1566675 2022740 5550
2022740 1553645 5550
2022740 1566675 5550
1236090 1553645 2163
1236090 1566675 2163
1553645 1236090 2163
1553645 1884230 2163
1566675 1236090 2163
1566675 1884230 2163
1884230 1553645 2163
1884230 1566675 2163
770669 1371458 8729
770669 1748862 8729
1371458 770669 8729
1371458 2349651 8729
1748862 770669 8729
1748862 2349651 8729
2349651 1371458 8729
2349651 1748862 8729
683907 1332800 2327
683907 1787520 2327
1332800 683907 2327
1332800 2436413 2327
1787520 683907 2327
1787520 2436413 2327
2436413 1332800 2327
2436413 1787520 2327
679721 1327831 516
679721 1792489 516
1327831 679721 516
1327831 2440599 516
1792489 679721 516
1792489 2440599 516
2440599 1327831 516
2440599 1792489 516
1129482 1480696 1527
1129482 1639624 1527
1480696 1129482 1527
1480696 1990838 1527
1639624 1129482 1527
1639624 1990838 1527
1990838 1480696 1527
1990838 1639624 1527
926676 1553645 1911
926676 1566675 1911
1553645 926676 1911
1553645 2193644 1911
1566675 926676 1911
1566675 2193644 1911
2193644 1553645 1911
2193644 1566675 1911
571778 1553886 38450
571778 1566434 38450
1553886 571778 38450
1553886 2548542 38450
1566434 571778 38450
1566434 2548542 38450
2548542 1553886 38450
2548542 1566434 38450
1119805 1502921 2476
1119805 1617399 2476
1502921 1119805 2476
1502921 2000515 2476
1617399 1119805 2476
1617399 2000515 2476
2000515 1502921 2476
2000515 1617399 2476
658560 1301440 2066
658560 1818880 2066
1301440 658560 2066
1301440 2461760 2066
1818880 658560 2066
1818880 2461760 2066
2461760 1301440 2066
2461760 1818880 2066
783458 1348460 3651
783458 1771860 3651
1348460 783458 3651
1348460 2336862 3651
1771860 783458 3651
1771860 2336862 3651
2336862 1348460 3651
2336862 1771860 3651
931645 1243418 8634
931645 1876902 8634
1243418 931645 8634
1243418 2188675 8634
1876902 931645 8634
1876902 2188675 8634
2188675 1243418 8634
2188675 1876902 8634
770930 1274507 8033
770930 1845813 8033
1274507 770930 8033
1274507 2349390 8033
1845813 770930 8033
1845813 2349390 8033
2349390 1274507 8033
2349390 1845813 8033
759165 780326 25213
759165 2339994 25213
780326 759165 25213
780326 2361155 25213
2339994 759165 25213
2339994 2361155 25213
2361155 780326 25213
2361155 2339994 25213
1282096 1554408 2491
1282096 1565912 2491
1554408 1282096 2491
1554408 1838224 2491
1565912 1282096 2491
1565912 1838224 2491
1838224 1554408 2491
1838224 1565912 2491
1064132 1554669 5561
1064132 1565651 5561
1554669 1064132 5561
1554669 2056188 5561
1565651 1064132 5561
1565651 2056188 5561
2056188 1554669 5561
2056188 1565651 5561
752098 1446736 6822
752098 1673584 6822
1446736 752098 6822
1446736 2368222 6822
1673584 752098 6822
1673584 2368222 6822
2368222 1446736 6822
2368222 1673584 6822
700882 1353951 2501
700882 1766369 2501
1353951 700882 2501
1353951 2419438 2501
1766369 700882 2501
1766369 2419438 2501
2419438 1353951 2501
2419438 1766369 2501
748444 1414322 1659
748444 1705998 1659
1414322 748444 1659
1414322 2371876 1659
1705998 748444 1659
1705998 2371876 1659
2371876 1414322 1659
2371876 1705998 1659
755772 1339847 1816
755772 1780473 1816
1339847 755772 1816
1339847 2364548 1816
1780473 755772 1816
1780473 2364548 1816
2364548 1339847 1816
2364548 1780473 1816
773279 1265362 9696
773279 1854958 9696
1265362 773279 9696
1265362 2347041 9696
1854958 773279 9696
1854958 2347041 9696
2347041 1265362 9696
2347041 1854958 9696
771713 1188277 13580
771713 1932043 13580
1188277 771713 13580
1188277 2348607 13580
1932043 771713 13580
1932043 2348607 13580
2348607 1188277 13580
2348607 1932043 13580
1415376 1554669 5059
1415376 1565651 5059
1554669 1415376 5059
1554669 1704944 5059
1565651 1415376 5059
1565651 1704944 5059
1704944 1554669 5059
1704944 1565651 5059
745322 1207340 1198
745322 1912980 1198
1207340 745322 1198
1207340 2374998 1198
1912980 745322 1198
1912980 2374998 1198
2374998 1207340 1198
2374998 1912980 1198
750281 1420084 3812
750281 1700236 3812
1420084 750281 3812
1420084 2370039 3812
1700236 750281 3812
1700236 2370039 3812
2370039 1420084 3812
2370039 1700236 3812
606029 779282 24356
606029 2341038 24356
779282 606029 24356
779282 2514291 24356
2341038 606029 24356
2341038 2514291 24356
2514291 779282 24356
2514291 2341038 24356
752891 1263023 3412
752891 1857297 3412
1263023 752891 3412
1263023 2367429 3412
1857297 752891 3412
1857297 2367429 3412
2367429 1263023 3412
2367429 1857297 3412
752630 1263274 2878
752630 1857046 2878
1263274 752630 2878
1263274 2367690 2878
1857046 752630 2878
1857046 2367690 2878
2367690 1263274 2878
2367690 1857046 2878
771181 1324418 4585
771181 1795902 4585
1324418 771181 4585
1324418 2349139 4585
1795902 771181 4585
1795902 2349139 4585
2349139 1324418 4585
2349139 1795902 4585
1165008 1446726 1253
1165008 1673594 1253
1446726 1165008 1253
1446726 1955312 1253
1673594 1165008 1253
1673594 1955312 1253
1955312 1446726 1253
1955312 1673594 1253
635823 1146457 3226
635823 1973863 3226
1146457 635823 3226
1146457 2484497 3226
1973863 635823 3226
1973863 2484497 3226
2484497 1146457 3226
2484497 1973863 3226
1172336 1450651 1473
1172336 1669669 1473
1450651 1172336 1473
1450651 1947984 1473
1669669 1172336 1473
1669669 1947984 1473
1947984 1450651 1473
1947984 1669669 1473
758382 1310836 170
758382 1809484 170
1310836 758382 170
1310836 2361938 170
1809484 758382 170
1809484 2361938 170
2361938 1310836 170
2361938 1809484 170
746095 1293058 940
746095 1827262 940
1293058 746095 940
1293058 2374225 940
1827262 746095 940
1827262 2374225 940
2374225 1293058 940
2374225 1827262 940
666400 1556757 4654
666400 1563563 4654
1556757 666400 4654
1556757 2453920 4654
1563563 666400 4654
1563563 2453920 4654
2453920 1556757 4654
2453920 1563563 4654
1165279 1442018 1520
1165279 1678302 1520
1442018 1165279 1520
1442018 1955041 1520
1678302 1165279 1520
1678302 1955041 1520
1955041 1442018 1520
1955041 1678302 1520
1051333 1555974 1688
1051333 1564346 1688
1555974 1051333 1688
1555974 2068987 1688
1564346 1051333 1688
1564346 2068987 1688
2068987 1555974 1688
2068987 1564346 1688
1134441 1441506 525
1134441 1678814 525
1441506 1134441 525
1441506 1985879 525
1678814 1134441 525
1678814 1985879 525
1985879 1441506 525
1985879 1678814 525
981305 1555974 540
981305 1564346 540
1555974 981305 540
1555974 2139015 540
1564346 981305 540
1564346 2139015 540
2139015 1555974 540
2139015 1564346 540
770669 783458 72408
770669 2336862 72408
783458 770669 72408
783458 2349651 72408
2336862 770669 72408
2336862 2349651 72408
2349651 783458 72408
2349651 2336862 72408
782414 1128167 11263
782414 1992153 11263
1128167 782414 11263
1128167 2337906 11263
1992153 782414 11263
1992153 2337906 11263
2337906 1128167 11263
2337906 1992153 11263
772225 1553886 19284
772225 1566434 19284
1553886 772225 19284
1553886 2348095 19284
1566434 772225 19284
1566434 2348095 19284
2348095 1553886 19284
2348095 1566434 19284
778238 1129221 6555
778238 1991099 6555
1129221 778238 6555
1129221 2342082 6555
1991099 778238 6555
1991099 2342082 6555
2342082 1129221 6555
2342082 1991099 6555
509600 1168150 32564
509600 1952170 32564
1168150 509600 32564
1168150 2610720 32564
1952170 509600 32564
1952170 2610720 32564
2610720 1168150 32564
2610720 1952170 32564
778499 1530095 125
778499 1590225 125
1530095 778499 125
1530095 2341821 125
1590225 778499 125
1590225 2341821 125
2341821 1530095 125
2341821 1590225 125
782936 1100200 2218
782936 2020120 2218
1100200 782936 2218
1100200 2337384 2218
2020120 782936 2218
2020120 2337384 2218
2337384 1100200 2218
2337384 2020120 2218
733547 782675 21387
733547 2337645 21387
782675 733547 21387
782675 2386773 21387
2337645 733547 21387
2337645 2386773 21387
2386773 782675 21387
2386773 2337645 21387
1182515 1553645 6511
1182515 1566675 6511
1553645 1182515 6511
1553645 1937805 6511
1566675 1182515 6511
1566675 1937805 6511
1937805 1553645 6511
1937805 1566675 6511
772225 1377993 1684
772225 1742327 1684
1377993 772225 1684
1377993 2348095 1684
1742327 772225 1684
1742327 2348095 1684
2348095 1377993 1684
2348095 1742327 1684
783458 1396303 14241
783458 1724017 14241
1396303 783458 14241
1396303 2336862 14241
1724017 783458 14241
1724017 2336862 14241
2336862 1396303 14241
2336862 1724017 14241
775367 1517025 8848
775367 1603295 8848
1517025 775367 8848
1517025 2344953 8848
1603295 775367 8848
1603295 2344953 8848
2344953 1517025 8848
2344953 1603295 8848
782675 1144640 11554
782675 1975680 11554
1144640 782675 11554
1144640 2337645 11554
1975680 782675 11554
1975680 2337645 11554
2337645 1144640 11554
2337645 1975680 11554
777194 802551 6840
777194 2317769 6840
802551 777194 6840
802551 2343126 6840
2317769 777194 6840
2317769 2343126 6840
2343126 802551 6840
2343126 2317769 6840
1516764 1560150 1121
1516764 1560170 1121
1560150 1516764 1121
1560150 1603556 1121
1560170 1516764 1121
1560170 1603556 1121
1603556 1560150 1121
1603556 1560170 1121
1144359 1554669 19066
1144359 1565651 19066
1554669 1144359 19066
1554669 1975961 19066
1565651 1144359 19066
1565651 1975961 19066
1975961 1554669 19066
1975961 1565651 19066
604985 1556496 2653
604985 1563824 2653
1556496 604985 2653
1556496 2515335 2653
1563824 604985 2653
1563824 2515335 2653
2515335 1556496 2653
2515335 1563824 2653
501740 1169194 32564
501740 1951126 32564
1169194 501740 32564
1169194 2618580 32564
1951126 501740 32564
1951126 2618580 32564
2618580 1169194 32564
2618580 1951126 32564
763341 1554408 26529
763341 1565912 26529
1554408 763341 26529
1554408 2356979 26529
1565912 763341 26529
1565912 2356979 26529
2356979 1554408 26529
2356979 1565912 26529
1106484 1553645 12839
1106484 1566675 12839
1553645 1106484 12839
1553645 2013836 12839
1566675 1106484 12839
1566675 2013836 12839
2013836 1553645 12839
2013836 1566675 12839
1407265 1553645 17671
1407265 1566675 17671
1553645 1407265 17671
1553645 1713055 17671
1566675 1407265 17671
1566675 1713055 17671
1713055 1553645 17671
1713055 1566675 17671
779804 905505 7295
779804 2214815 7295
905505 779804 7295
905505 2340516 7295
2214815 779804 7295
2214815 2340516 7295
2340516 905505 7295
2340516 2214815 7295
915182 1555191 678
915182 1565129 678
1555191 915182 678
1555191 2205138 678
1565129 915182 678
1565129 2205138 678
2205138 1555191 678
2205138 1565129 678
783197 1477303 12780
783197 1643017 12780
1477303 783197 12780
1477303 2337123 12780
1643017 783197 12780
1643017 2337123 12780
2337123 1477303 12780
2337123 1643017 12780
1150382 1475476 5356
1150382 1644844 5356
1475476 1150382 5356
1475476 1969938 5356
1644844 1150382 5356
1644844 1969938 5356
1969938 1475476 5356
1969938 1644844 5356
777455 1490122 1308
777455 1630198 1308
1490122 777455 1308
1490122 2342865 1308
1630198 777455 1308
1630198 2342865 1308
2342865 1490122 1308
2342865 1630198 1308
774313 1506314 2043
774313 1614006 2043
1506314 774313 2043
1506314 2346007 2043
1614006 774313 2043
1614006 2346007 2043
2346007 1506314 2043
2346007 1614006 2043
1411200 1553886 6422
1411200 1566434 6422
1553886 1411200 6422
1553886 1709120 6422
1566434 1411200 6422
1566434 1709120 6422
1709120 1553886 6422
1709120 1566434 6422
765168 1485404 5938
765168 1634916 5938
1485404 765168 5938
1485404 2355152 5938
1634916 765168 5938
1634916 2355152 5938
2355152 1485404 5938
2355152 1634916 5938
661421 1555974 22092
661421 1564346 22092
1555974 661421 22092
1555974 2458899 22092
1564346 661421 22092
1564346 2458899 22092
2458899 1555974 22092
2458899 1564346 22092
1206557 1553645 829
1206557 1566675 829
1553645 1206557 829
1553645 1913763 829
1566675 1206557 829
1566675 1913763 829
1913763 1553645 829
1913763 1566675 829
693042 1130255 43523
693042 1990065 43523
1130255 693042 43523
1130255 2427278 43523
1990065 693042 43523
1990065 2427278 43523
2427278 1130255 43523
2427278 1990065 43523
728839 780587 15503
728839 2339733 15503
780587 728839 15503
780587 2391481 15503
2339733 728839 15503
2339733 2391481 15503
2391481 780587 15503
2391481 2339733 15503
770659 1411712 2400
770659 1708608 2400
1411712 770659 2400
1411712 2349661 2400
1708608 770659 2400
1708608 2349661 2400
2349661 1411712 2400
2349661 1708608 2400
735374 1356842 4050
735374 1763478 4050
1356842 735374 4050
1356842 2384946 4050
1763478 735374 4050
1763478 2384946 4050
2384946 1356842 4050
2384946 1763478 4050
783197 1281313 3285
783197 1839007 3285
1281313 783197 3285
1281313 2337123 3285
1839007 783197 3285
1839007 2337123 3285
2337123 1281313 3285
2337123 1839007 3285
781370 1265362 2398
781370 1854958 2398
1265362 781370 2398
1265362 2338950 2398
1854958 781370 2398
1854958 2338950 2398
2338950 1265362 2398
2338950 1854958 2398
757860 1461101 9583
757860 1659219 9583
1461101 757860 9583
1461101 2362460 9583
1659219 757860 9583
1659219 2362460 9583
2362460 1461101 9583
2362460 1659219 9583
943400 1559889 4214
943400 1560431 4214
1559889 943400 4214
1559889 2176920 4214
1560431 943400 4214
1560431 2176920 4214
2176920 1559889 4214
2176920 1560431 4214
566558 1559367 23204
566558 1560953 23204
1559367 566558 23204
1559367 2553762 23204
1560953 566558 23204
1560953 2553762 23204
2553762 1559367 23204
2553762 1560953 23204
1073277 1554930 1964
1073277 1565390 1964
1554930 1073277 1964
1554930 2047043 1964
1565390 1073277 1964
1565390 2047043 1964
2047043 1554930 1964
2047043 1565390 1964
1303006 1555472 7274
1303006 1564848 7274
1555472 1303006 7274
1555472 1817314 7274
1564848 1303006 7274
1564848 1817314 7274
1817314 1555472 7274
1817314 1564848 7274
779021 1262220 2313
779021 1858100 2313
1262220 779021 2313
1262220 2341299 2313
1858100 779021 2313
1858100 2341299 2313
2341299 1262220 2313
2341299 1858100 2313
715257 1216234 3432
715257 1904086 3432
1216234 715257 3432
1216234 2405063 3432
1904086 715257 3432
1904086 2405063 3432
2405063 1216234 3432
2405063 1904086 3432
1095502 1408058 3288
1095502 1712262 3288
1408058 1095502 3288
1408058 2024818 3288
1712262 1095502 3288
1712262 2024818 3288
2024818 1408058 3288
2024818 1712262 3288
1428707 1555191 7096
1428707 1565129 7096
1555191 1428707 7096
1555191 1691613 7096
1565129 1428707 7096
1565129 1691613 7096
1691613 1555191 7096
1691613 1565129 7096
1009252 1554408 3011
1009252 1565912 3011
1554408 1009252 3011
1554408 2111068 3011
1565912 1009252 3011
1565912 2111068 3011
2111068 1554408 3011
2111068 1565912 3011
1215461 1554689 1834
1215461 1565631 1834
1554689 1215461 1834
1554689 1904859 1834
1565631 1215461 1834
1565631 1904859 1834
1904859 1554689 1834
1904859 1565631 1834
408453 1555713 7056
408453 1564607 7056
1555713 408453 7056
1555713 2711867 7056
1564607 408453 7056
1564607 2711867 7056
2711867 1555713 7056
2711867 1564607 7056
1011360 1554408 8668
1011360 1565912 8668
1554408 1011360 8668
1554408 2108960 8668
1565912 1011360 8668
1565912 2108960 8668
2108960 1554408 8668
2108960 1565912 8668
1113280 1422162 7340
1113280 1698158 7340
1422162 1113280 7340
1422162 2007040 7340
1698158 1113280 7340
1698158 2007040 7340
2007040 1422162 7340
2007040 1698158 7340
1050289 1555994 5017
1050289 1564326 5017
1555994 1050289 5017
1555994 2070031 5017
1564326 1050289 5017
1564326 2070031 5017
2070031 1555994 5017
2070031 1564326 5017
403223 1555472 13793
403223 1564848 13793
1555472 403223 13793
1555472 2717097 13793
1564848 403223 13793
1564848 2717097 13793
2717097 1555472 13793
2717097 1564848 13793
830508 1560150 2724
830508 1560170 2724
1560150 830508 2724
1560150 2289812 2724
1560170 830508 2724
1560170 2289812 2724
2289812 1560150 2724
2289812 1560170 2724
770930 1192453 209
770930 1927867 209
1192453 770930 209
1192453 2349390 209
1927867 770930 209
1927867 2349390 209
2349390 1192453 209
2349390 1927867 209
1354995 1553886 16274
1354995 1566434 16274
1553886 1354995 16274
1553886 1765325 16274
1566434 1354995 16274
1566434 1765325 16274
1765325 1553886 16274
1765325 1566434 16274
1167889 1445421 6588
1167889 1674899 6588
1445421 1167889 6588
1445421 1952431 6588
1674899 1167889 6588
1674899 1952431 6588
1952431 1445421 6588
1952431 1674899 6588
696706 1320252 381
696706 1800068 381
1320252 696706 381
1320252 2423614 381
1800068 696706 381
1800068 2423614 381
2423614 1320252 381
2423614 1800068 381
666912 1137834 210
666912 1982486 210
1137834 666912 210
1137834 2453408 210
1982486 666912 210
1982486 2453408 210
2453408 1137834 210
2453408 1982486 210
780065 1132614 178
780065 1987706 178
1132614 780065 178
1132614 2340255 178
1987706 780065 178
1987706 2340255 178
2340255 1132614 178
2340255 1987706 178
778499 783458 13455
778499 2336862 13455
783458 778499 13455
783458 2341821 13455
2336862 778499 13455
2336862 2341821 13455
2341821 783458 13455
2341821 2336862 13455
782414 912562 13206
782414 2207758 13206
912562 782414 13206
912562 2337906 13206
2207758 782414 13206
2207758 2337906 13206
2337906 912562 13206
2337906 2207758 13206
775889 1541850 8863
775889 1578470 8863
1541850 775889 8863
1541850 2344431 8863
1578470 775889 8863
1578470 2344431 8863
2344431 1541850 8863
2344431 1578470 8863
783197 1099156 13206
783197 2021164 13206
1099156 783197 13206
1099156 2337123 13206
2021164 783197 13206
2021164 2337123 13206
2337123 1099156 13206
2337123 2021164 13206
1181220 1560150 1773
1181220 1560170 1773
1560150 1181220 1773
1560150 1939100 1773
1560170 1181220 1773
1560170 1939100 1773
1939100 1560150 1773
1939100 1560170 1773
758633 783458 23988
758633 2336862 23988
783458 758633 23988
783458 2361687 23988
2336862 758633 23988
2336862 2361687 23988
2361687 783458 23988
2361687 2336862 23988
886181 1555472 67
886181 1564848 67
1555472 886181 67
1555472 2234139 67
1564848 886181 67
1564848 2234139 67
2234139 1555472 67
2234139 1564848 67
777716 1526692 10978
777716 1593628 10978
1526692 777716 10978
1526692 2342604 10978
1593628 777716 10978
1593628 2342604 10978
2342604 1526692 10978
2342604 1593628 10978
741397 783458 39189
741397 2336862 39189
783458 741397 39189
783458 2378923 39189
2336862 741397 39189
2336862 2378923 39189
2378923 783458 39189
2378923 2336862 39189
775879 1519374 6036
775879 1600946 6036
1519374 775879 6036
1519374 2344441 6036
1600946 775879 6036
1600946 2344441 6036
2344441 1519374 6036
2344441 1600946 6036
773801 811164 4338
773801 2309156 4338
811164 773801 4338
811164 2346519 4338
2309156 773801 4338
2309156 2346519 4338
2346519 811164 4338
2346519 2309156 4338
1051082 1384277 1329
1051082 1736043 1329
1384277 1051082 1329
1384277 2069238 1329
1736043 1051082 1329
1736043 2069238 1329
2069238 1384277 1329
2069238 1736043 1329
783458 1149077 2249
783458 1971243 2249
1149077 783458 2249
1149077 2336862 2249
1971243 783458 2249
1971243 2336862 2249
2336862 1149077 2249
2336862 1971243 2249
1503965 1554147 139
1503965 1566173 139
1554147 1503965 139
1554147 1616355 139
1566173 1503965 139
1566173 1616355 139
1616355 1554147 139
1616355 1566173 139
783458 824756 6027
783458 2295564 6027
824756 783458 6027
824756 2336862 6027
2295564 783458 6027
2295564 2336862 6027
2336862 824756 6027
2336862 2295564 6027
776140 1553645 8968
776140 1566675 8968
1553645 776140 8968
1553645 2344180 8968
1566675 776140 8968
1566675 2344180 8968
2344180 1553645 8968
2344180 1566675 8968
861868 1560150 4943
861868 1560170 4943
1560150 861868 4943
1560150 2258452 4943
1560170 861868 4943
1560170 2258452 4943
2258452 1560150 4943
2258452 1560170 4943
620916 1554147 17541
620916 1566173 17541
1554147 620916 17541
1554147 2499404 17541
1566173 620916 17541
1566173 2499404 17541
2499404 1554147 17541
2499404 1566173 17541
1058129 1393944 484
1058129 1726376 484
1393944 1058129 484
1393944 2062191 484
1726376 1058129 484
1726376 2062191 484
2062191 1393944 484
2062191 1726376 484
759165 1553886 32067
759165 1566434 32067
1553886 759165 32067
1553886 2361155 32067
1566434 759165 32067
1566434 2361155 32067
2361155 1553886 32067
2361155 1566434 32067
926937 1556757 3088
926937 1563563 3088
1556757 926937 3088
1556757 2193383 3088
1563563 926937 3088
1563563 2193383 3088
2193383 1556757 3088
2193383 1563563 3088
732503 783458 41758
732503 2336862 41758
783458 732503 41758
783458 2387817 41758
2336862 732503 41758
2336862 2387817 41758
2387817 783458 41758
2387817 2336862 41758
1136800 1553906 7745
1136800 1566414 7745
1553906 1136800 7745
1553906 1983520 7745
1566414 1136800 7745
1566414 1983520 7745
1983520 1553906 7745
1983520 1566414 7745
1136258 1553906 1437
1136258 1566414 1437
1553906 1136258 1437
1553906 1984062 1437
1566414 1136258 1437
1566414 1984062 1437
1984062 1553906 1437
1984062 1566414 1437
777455 1510751 1392
777455 1609569 1392
1510751 777455 1392
1510751 2342865 1392
1609569 777455 1392
1609569 2342865 1392
2342865 1510751 1392
2342865 1609569 1392
643402 783458 142186
643402 2336862 142186
783458 643402 142186
783458 2476918 142186
2336862 643402 142186
2336862 2476918 142186
2476918 783458 142186
2476918 2336862 142186
657767 781892 10751
657767 2338428 10751
781892 657767 10751
781892 2462553 10751
2338428 657767 10751
2338428 2462553 10751
2462553 781892 10751
2462553 2338428 10751
776140 824495 3231
776140 2295825 3231
824495 776140 3231
824495 2344180 3231
2295825 776140 3231
2295825 2344180 3231
2344180 824495 3231
2344180 2295825 3231
783458 1471812 16636
783458 1648508 16636
1471812 783458 16636
1471812 2336862 16636
1648508 783458 16636
1648508 2336862 16636
2336862 1471812 16636
2336862 1648508 16636
1468680 1560150 2053
1468680 1560170 2053
1560150 1468680 2053
1560150 1651640 2053
1560170 1468680 2053
1560170 1651640 2053
1651640 1560150 2053
1651640 1560170 2053
478501 782936 46028
478501 2337384 46028
782936 478501 46028
782936 2641819 46028
2337384 478501 46028
2337384 2641819 46028
2641819 782936 46028
2641819 2337384 46028
658560 783197 93309
658560 2337123 93309
783197 658560 93309
783197 2461760 93309
2337123 658560 93309
2337123 2461760 93309
2461760 783197 93309
2461760 2337123 93309
737733 1382189 26
737733 1738131 26
1382189 737733 26
1382189 2382587 26
1738131 737733 26
1738131 2382587 26
2382587 1382189 26
2382587 1738131 26
1196378 1559106 7186
1196378 1561214 7186
1559106 1196378 7186
1559106 1923942 7186
1561214 1196378 7186
1561214 1923942 7186
1923942 1559106 7186
1923942 1561214 7186
1114575 1553886 11781
1114575 1566434 11781
1553886 1114575 11781
1553886 2005745 11781
1566434 1114575 11781
1566434 2005745 11781
2005745 1553886 11781
2005745 1566434 11781
783197 1317371 13495
783197 1802949 13495
1317371 783197 13495
1317371 2337123 13495
1802949 783197 13495
1802949 2337123 13495
2337123 1317371 13495
2337123 1802949 13495
783458 1354473 4721
783458 1765847 4721
1354473 783458 4721
1354473 2336862 4721
1765847 783458 4721
1765847 2336862 4721
2336862 1354473 4721
2336862 1765847 4721
759165 1482533 6570
759165 1637787 6570
1482533 759165 6570
1482533 2361155 6570
1637787 759165 6570
1637787 2361155 6570
2361155 1482533 6570
2361155 1637787 6570
752620 1553645 11263
752620 1566675 11263
1553645 752620 11263
1553645 2367700 11263
1566675 752620 11263
1566675 2367700 11263
2367700 1553645 11263
2367700 1566675 11263
1437842 1557801 3540
1437842 1562519 3540
1557801 1437842 3540
1557801 1682478 3540
1562519 1437842 3540
1562519 1682478 3540
1682478 1557801 3540
1682478 1562519 3540
565775 783458 22221
565775 2336862 22221
783458 565775 22221
783458 2554545 22221
2336862 565775 22221
2336862 2554545 22221
2554545 783458 22221
2554545 2336862 22221
1434178 1560150 3063
1434178 1560170 3063
1560150 1434178 3063
1560150 1686142 3063
1560170 1434178 3063
1560170 1686142 3063
1686142 1560150 3063
1686142 1560170 3063
1144640 1478608 956
1144640 1641712 956
1478608 1144640 956
1478608 1975680 956
1641712 1144640 956
1641712 1975680 956
1975680 1478608 956
1975680 1641712 956
1254400 1558584 3503
1254400 1561736 3503
1558584 1254400 3503
1558584 1865920 3503
1561736 1254400 3503
1561736 1865920 3503
1865920 1558584 3503
1865920 1561736 3503
941312 1248638 5660
941312 1871682 5660
1248638 941312 5660
1248638 2179008 5660
1871682 941312 5660
1871682 2179008 5660
2179008 1248638 5660
2179008 1871682 5660
759677 1481479 2680
759677 1638841 2680
1481479 759677 2680
1481479 2360643 2680
1638841 759677 2680
1638841 2360643 2680
2360643 1481479 2680
2360643 1638841 2680
1076690 1410658 56
1076690 1709662 56
1410658 1076690 56
1410658 2043630 56
1709662 1076690 56
1709662 2043630 56
2043630 1410658 56
2043630 1709662 56
770659 1375383 1459
770659 1744937 1459
1375383 770659 1459
1375383 2349661 1459
1744937 770659 1459
1744937 2349661 1459
2349661 1375383 1459
2349661 1744937 1459
1416942 1555191 1888
1416942 1565129 1888
1555191 1416942 1888
1555191 1703378 1888
1565129 1416942 1888
1565129 1703378 1888
1703378 1555191 1888
1703378 1565129 1888
1126862 1432883 2315
1126862 1687437 2315
1432883 1126862 2315
1432883 1993458 2315
1687437 1126862 2315
1687437 1993458 2315
1993458 1432883 2315
1993458 1687437 2315
771181 1279476 1268
771181 1840844 1268
1279476 771181 1268
1279476 2349139 1268
1840844 771181 1268
1840844 2349139 1268
2349139 1279476 1268
2349139 1840844 1268
1207611 1441767 663
1207611 1678553 663
1441767 1207611 663
1441767 1912709 663
1678553 1207611 663
1678553 1912709 663
1912709 1441767 663
1912709 1678553 663
781370 1287065 3266
781370 1833255 3266
1287065 781370 3266
1287065 2338950 3266
1833255 781370 3266
1833255 2338950 3266
2338950 1287065 3266
2338950 1833255 3266
779021 1358147 5740
779021 1762173 5740
1358147 779021 5740
1358147 2341299 5740
1762173 779021 5740
1762173 2341299 5740
2341299 1358147 5740
2341299 1762173 5740
771964 1322069 12411
771964 1798251 12411
1322069 771964 12411
1322069 2348356 12411
1798251 771964 12411
1798251 2348356 12411
2348356 1322069 12411
2348356 1798251 12411
782153 1211526 10300
782153 1908794 10300
1211526 782153 10300
1211526 2338167 10300
1908794 782153 10300
1908794 2338167 10300
2338167 1211526 10300
2338167 1908794 10300
740614 1112738 3406
740614 2007582 3406
1112738 740614 3406
1112738 2379706 3406
2007582 740614 3406
2007582 2379706 3406
2379706 1112738 3406
2379706 2007582 3406
780848 1240808 3410
780848 1879512 3410
1240808 780848 3410
1240808 2339472 3410
1879512 780848 3410
1879512 2339472 3410
2339472 1240808 3410
2339472 1879512 3410
1050560 1560150 3927
1050560 1560170 3927
1560150 1050560 3927
1560150 2069760 3927
1560170 1050560 3927
1560170 2069760 3927
2069760 1560150 3927
2069760 1560170 3927
776150 1225911 2455
776150 1894409 2455
1225911 776150 2455
1225911 2344170 2455
1894409 776150 2455
1894409 2344170 2455
2344170 1225911 2455
2344170 1894409 2455
1183840 1456393 3164
1183840 1663927 3164
1456393 1183840 3164
1456393 1936480 3164
1663927 1183840 3164
1663927 1936480 3164
1936480 1456393 3164
1936480 1663927 3164
774313 1247343 4923
774313 1872977 4923
1247343 774313 4923
1247343 2346007 4923
1872977 774313 4923
1872977 2346007 4923
2346007 1247343 4923
2346007 1872977 4923
774313 1333844 10479
774313 1786476 10479
1333844 774313 10479
1333844 2346007 10479
1786476 774313 10479
1786476 2346007 10479
2346007 1333844 10479
2346007 1786476 10479
1215461 1556255 992
1215461 1564065 992
1556255 1215461 992
1556255 1904859 992
1564065 1215461 992
1564065 1904859 992
1904859 1556255 992
1904859 1564065 992
781892 1256739 6370
781892 1863581 6370
1256739 781892 6370
1256739 2338428 6370
1863581 781892 6370
1863581 2338428 6370
2338428 1256739 6370
2338428 1863581 6370
564480 1554428 4818
564480 1565892 4818
1554428 564480 4818
1554428 2555840 4818
1565892 564480 4818
1565892 2555840 4818
2555840 1554428 4818
2555840 1565892 4818
748193 1203686 5570
748193 1916634 5570
1203686 748193 5570
1203686 2372127 5570
1916634 748193 5570
1916634 2372127 5570
2372127 1203686 5570
2372127 1916634 5570
1072233 1553906 6432
1072233 1566414 6432
1553906 1072233 6432
1553906 2048087 6432
1566414 1072233 6432
1566414 2048087 6432
2048087 1553906 6432
2048087 1566414 6432
962473 1554147 5608
962473 1566173 5608
1554147 962473 5608
1554147 2157847 5608
1566173 962473 5608
1566173 2157847 5608
2157847 1554147 5608
2157847 1566173 5608
762558 1183840 1283
762558 1936480 1283
1183840 762558 1283
1183840 2357762 1283
1936480 762558 1283
1936480 2357762 1283
2357762 1183840 1283
2357762 1936480 1283
747149 1247594 5557
747149 1872726 5557
1247594 747149 5557
1247594 2373171 5557
1872726 747149 5557
1872726 2373171 5557
2373171 1247594 5557
2373171 1872726 5557
1003510 1560150 5343
1003510 1560170 5343
1560150 1003510 5343
1560150 2116810 5343
1560170 1003510 5343
1560170 2116810 5343
2116810 1560150 5343
2116810 1560170 5343
1097600 1410136 11975
1097600 1710184 11975
1410136 1097600 11975
1410136 2022720 11975
1710184 1097600 11975
1710184 2022720 11975
2022720 1410136 11975
2022720 1710184 11975
394349 1560150 3621
394349 1560170 3621
1560150 394349 3621
1560150 2725971 3621
1560170 394349 3621
1560170 2725971 3621
2725971 1560150 3621
2725971 1560170 3621
1157690 1437852 9337
1157690 1682468 9337
1437852 1157690 9337
1437852 1962630 9337
1682468 1157690 9337
1682468 1962630 9337
1962630 1437852 9337
1962630 1682468 9337
890618 1560150 1081
890618 1560170 1081
1560150 890618 1081
1560150 2229702 1081
1560170 890618 1081
1560170 2229702 1081
2229702 1560150 1081
2229702 1560170 1081
1163191 1556496 1871
1163191 1563824 1871
1556496 1163191 1871
1556496 1957129 1871
1563824 1163191 1871
1563824 1957129 1871
1957129 1556496 1871
1957129 1563824 1871
782936 1131831 16186
782936 1988489 16186
1131831 782936 16186
1131831 2337384 16186
1988489 782936 16186
1988489 2337384 16186
2337384 1131831 16186
2337384 1988489 16186
777977 1546558 10069
777977 1573762 10069
1546558 777977 10069
1546558 2342343 10069
1573762 777977 10069
1573762 2342343 10069
2342343 1546558 10069
2342343 1573762 10069
783458 1409353 9424
783458 1710967 9424
1409353 783458 9424
1409353 2336862 9424
1710967 783458 9424
1710967 2336862 9424
2336862 1409353 9424
2336862 1710967 9424
1532193 1554167 4964
1532193 1566153 4964
1554167 1532193 4964
1554167 1588127 4964
1566153 1532193 4964
1566153 1588127 4964
1588127 1554167 4964
1588127 1566153 4964
620655 1560150 14241
620655 1560170 14241
1560150 620655 14241
1560150 2499665 14241
1560170 620655 14241
1560170 2499665 14241
2499665 1560150 14241
2499665 1560170 14241
770147 1157690 4198
770147 1962630 4198
1157690 770147 4198
1157690 2350173 4198
1962630 770147 4198
1962630 2350173 4198
2350173 1157690 4198
2350173 1962630 4198
601060 1553886 39526
601060 1566434 39526
1553886 601060 39526
1553886 2519260 39526
1566434 601060 39526
1566434 2519260 39526
2519260 1553886 39526
2519260 1566434 39526
776672 1518079 8194
776672 1602241 8194
1518079 776672 8194
1518079 2343648 8194
1602241 776672 8194
1602241 2343648 8194
2343648 1518079 8194
2343648 1602241 8194
774845 1536620 5748
774845 1583700 5748
1536620 774845 5748
1536620 2345475 5748
1583700 774845 5748
1583700 2345475 5748
2345475 1536620 5748
2345475 1583700 5748
778238 807771 9717
778238 2312549 9717
807771 778238 9717
807771 2342082 9717
2312549 778238 9717
2312549 2342082 9717
2342082 807771 9717
2342082 2312549 9717
744780 781370 14246
744780 2338950 14246
781370 744780 14246
781370 2375540 14246
2338950 744780 14246
2338950 2375540 14246
2375540 781370 14246
2375540 2338950 14246
1487231 1554428 6244
1487231 1565892 6244
1554428 1487231 6244
1554428 1633089 6244
1565892 1487231 6244
1565892 1633089 6244
1633089 1554428 6244
1633089 1565892 6244
781370 1439418 14277
781370 1680902 14277
1439418 781370 14277
1439418 2338950 14277
1680902 781370 14277
1680902 2338950 14277
2338950 1439418 14277
2338950 1680902 14277
595820 1553886 13212
595820 1566434 13212
1553886 595820 13212
1553886 2524500 13212
1566434 595820 13212
1566434 2524500 13212
2524500 1553886 13212
2524500 1566434 13212
735374 783197 22058
735374 2337123 22058
783197 735374 22058
783197 2384946 22058
2337123 735374 22058
2337123 2384946 22058
2384946 783197 22058
2384946 2337123 22058
760209 783458 31766
760209 2336862 31766
783458 760209 31766
783458 2360111 31766
2336862 760209 31766
2336862 2360111 31766
2360111 783458 31766
2360111 2336862 31766
570473 783458 140373
570473 2336862 140373
783458 570473 140373
783458 2549847 140373
2336862 570473 140373
2336862 2549847 140373
2549847 783458 140373
2549847 2336862 140373
1520679 1558584 2166
1520679 1561736 2166
1558584 1520679 2166
1558584 1599641 2166
1561736 1520679 2166
1561736 1599641 2166
1599641 1558584 2166
1599641 1561736 2166
917531 1557540 487
917531 1562780 487
1557540 917531 487
1557540 2202789 487
1562780 917531 487
1562780 2202789 487
2202789 1557540 487
2202789 1562780 487
869959 1559106 2407
869959 1561214 2407
1559106 869959 2407
1559106 2250361 2407
1561214 869959 2407
1561214 2250361 2407
2250361 1559106 2407
2250361 1561214 2407
778760 817709 2599
778760 2302611 2599
817709 778760 2599
817709 2341560 2599
2302611 778760 2599
2302611 2341560 2599
2341560 817709 2599
2341560 2302611 2599
654896 1558323 24393
654896 1561997 24393
1558323 654896 24393
1558323 2465424 24393
1561997 654896 24393
1561997 2465424 24393
2465424 1558323 24393
2465424 1561997 24393
1192202 1557018 4742
1192202 1563302 4742
1557018 1192202 4742
1557018 1928118 4742
1563302 1192202 4742
1563302 1928118 4742
1928118 1557018 4742
1928118 1563302 4742
1060227 1391585 3824
1060227 1728735 3824
1391585 1060227 3824
1391585 2060093 3824
1728735 1060227 3824
1728735 2060093 3824
2060093 1391585 3824
2060093 1728735 3824
783458 1371458 11150
783458 1748862 11150
1371458 783458 11150
1371458 2336862 11150
1748862 783458 11150
1748862 2336862 11150
2336862 1371458 11150
2336862 1748862 11150
1287587 1560150 5599
1287587 1560170 5599
1560150 1287587 5599
1560150 1832733 5599
1560170 1287587 5599
1560170 1832733 5599
1832733 1560150 5599
1832733 1560170 5599
773018 1230880 2824
773018 1889440 2824
1230880 773018 2824
1230880 2347302 2824
1889440 773018 2824
1889440 2347302 2824
2347302 1230880 2824
2347302 1889440 2824
780326 1252302 3642
780326 1868018 3642
1252302 780326 3642
1252302 2339994 3642
1868018 780326 3642
1868018 2339994 3642
2339994 1252302 3642
2339994 1868018 3642
782414 1194290 2011
782414 1926030 2011
1194290 782414 2011
1194290 2337906 2011
1926030 782414 2011
1926030 2337906 2011
2337906 1194290 2011
2337906 1926030 2011
754457 1335139 4615
754457 1785181 4615
1335139 754457 4615
1335139 2365863 4615
1785181 754457 4615
1785181 2365863 4615
2365863 1335139 4615
2365863 1785181 4615
770137 1421118 11864
770137 1699202 11864
1421118 770137 11864
1421118 2350183 11864
1699202 770137 11864
1699202 2350183 11864
2350183 1421118 11864
2350183 1699202 11864
780065 1207872 3511
780065 1912448 3511
1207872 780065 3511
1207872 2340255 3511
1912448 780065 3511
1912448 2340255 3511
2340255 1207872 3511
2340255 1912448 3511
539906 1560150 9826
539906 1560170 9826
1560150 539906 9826
1560150 2580414 9826
1560170 539906 9826
1560170 2580414 9826
2580414 1560150 9826
2580414 1560170 9826
1225118 1553886 4113
1225118 1566434 4113
1553886 1225118 4113
1553886 1895202 4113
1566434 1225118 4113
1566434 1895202 4113
1895202 1553886 4113
1895202 1566434 4113
773530 1205001 4198
773530 1915319 4198
1205001 773530 4198
1205001 2346790 4198
1915319 773530 4198
1915319 2346790 4198
2346790 1205001 4198
2346790 1915319 4198
404006 1560150 6208
404006 1560170 6208
1560150 404006 6208
1560150 2716314 6208
1560170 404006 6208
1560170 2716314 6208
2716314 1560150 6208
2716314 1560170 6208
774845 1183830 10894
774845 1936490 10894
1183830 774845 10894
1183830 2345475 10894
1936490 774845 10894
1936490 2345475 10894
2345475 1183830 10894
2345475 1936490 10894
415771 1555452 8265
415771 1564868 8265
1555452 415771 8265
1555452 2704549 8265
1564868 415771 8265
1564868 2704549 8265
2704549 1555452 8265
2704549 1564868 8265
718911 1121100 13030
718911 1999220 13030
1121100 718911 13030
1121100 2401409 13030
1999220 718911 13030
1999220 2401409 13030
2401409 1121100 13030
2401409 1999220 13030
745322 1472073 2642
745322 1648247 2642
1472073 745322 2642
1472073 2374998 2642
1648247 745322 2642
1648247 2374998 2642
2374998 1472073 2642
2374998 1648247 2642
741909 1207360 6804
741909 1912960 6804
1207360 741909 6804
1207360 2378411 6804
1912960 741909 6804
1912960 2378411 6804
2378411 1207360 6804
2378411 1912960 6804
1198195 1443855 913
1198195 1676465 913
1443855 1198195 913
1443855 1922125 913
1676465 1198195 913
1676465 1922125 913
1922125 1443855 913
1922125 1676465 913
980000 1553886 4245
980000 1566434 4245
1553886 980000 4245
1553886 2140320 4245
1566434 980000 4245
1566434 2140320 4245
2140320 1553886 4245
2140320 1566434 4245
1063881 1556235 4524
1063881 1564085 4524
1556235 1063881 4524
1556235 2056439 4524
1564085 1063881 4524
1564085 2056439 4524
2056439 1556235 4524
2056439 1564085 4524
1416942 1557540 887
1416942 1562780 887
1557540 1416942 887
1557540 1703378 887
1562780 1416942 887
1562780 1703378 887
1703378 1557540 887
1703378 1562780 887
743746 1381928 3226
743746 1738392 3226
1381928 743746 3226
1381928 2376574 3226
1738392 743746 3226
1738392 2376574 3226
2376574 1381928 3226
2376574 1738392 3226
346265 1557821 1624
346265 1562499 1624
1557821 346265 1624
1557821 2774055 1624
1562499 346265 1624
1562499 2774055 1624
2774055 1557821 1624
2774055 1562499 1624
658279 781892 5625
658279 2338428 5625
781892 658279 5625
781892 2462041 5625
2338428 658279 5625
2338428 2462041 5625
2462041 781892 5625
2462041 2338428 5625
744800 1207882 8178
744800 1912438 8178
1207882 744800 8178
1207882 2375520 8178
1912438 744800 8178
1912438 2375520 8178
2375520 1207882 8178
2375520 1912438 8178
740082 1553886 3584
740082 1566434 3584
1553886 740082 3584
1553886 2380238 3584
1566434 740082 3584
1566434 2380238 3584
2380238 1553886 3584
2380238 1566434 3584
773008 1322340 7896
773008 1797980 7896
1322340 773008 7896
1322340 2347312 7896
1797980 773008 7896
1797980 2347312 7896
2347312 1322340 7896
2347312 1797980 7896
666400 1558062 3009
666400 1562258 3009
1558062 666400 3009
1558062 2453920 3009
1562258 666400 3009
1562258 2453920 3009
2453920 1558062 3009
2453920 1562258 3009
752359 1334627 678
752359 1785693 678
1334627 752359 678
1334627 2367961 678
1785693 752359 678
1785693 2367961 678
2367961 1334627 678
2367961 1785693 678
730154 1352646 555
730154 1767674 555
1352646 730154 555
1352646 2390166 555
1767674 730154 555
1767674 2390166 555
2390166 1352646 555
2390166 1767674 555
1258576 1553886 4234
1258576 1566434 4234
1553886 1258576 4234
1553886 1861744 4234
1566434 1258576 4234
1566434 1861744 4234
1861744 1553886 4234
1861744 1566434 4234
1042178 1555713 3545
1042178 1564607 3545
1555713 1042178 3545
1555713 2078142 3545
1564607 1042178 3545
1564607 2078142 3545
2078142 1555713 3545
2078142 1564607 3545
1131821 1435232 264
1131821 1685088 264
1435232 1131821 264
1435232 1988499 264
1685088 1131821 264
1685088 1988499 264
1988499 1435232 264
1988499 1685088 264
760199 1242113 4612
760199 1878207 4612
1242113 760199 4612
1242113 2360121 4612
1878207 760199 4612
1878207 2360121 4612
2360121 1242113 4612
2360121 1878207 4612
1136800 1439147 3908
1136800 1681173 3908
1439147 1136800 3908
1439147 1983520 3908
1681173 1136800 3908
1681173 1983520 3908
1983520 1439147 3908
1983520 1681173 3908
707166 1555974 17516
707166 1564346 17516
1555974 707166 17516
1555974 2413154 17516
1564346 707166 17516
1564346 2413154 17516
2413154 1555974 17516
2413154 1564346 17516
1126591 1432090 2611
1126591 1688230 2611
1432090 1126591 2611
1432090 1993729 2611
1688230 1126591 2611
1688230 1993729 2611
1993729 1432090 2611
1993729 1688230 2611
1154829 1441245 12345
1154829 1679075 12345
1441245 1154829 12345
1441245 1965491 12345
1679075 1154829 12345
1679075 1965491 12345
1965491 1441245 12345
1965491 1679075 12345
696445 1400479 1453
696445 1719841 1453
1400479 696445 1453
1400479 2423875 1453
1719841 696445 1453
1719841 2423875 1453
2423875 1400479 1453
2423875 1719841 1453
783458 1065176 30160
783458 2055144 30160
1065176 783458 30160
1065176 2336862 30160
2055144 783458 30160
2055144 2336862 30160
2336862 1065176 30160
2336862 2055144 30160
783197 1067284 37658
783197 2053036 37658
1067284 783197 37658
1067284 2337123 37658
2053036 783197 37658
2053036 2337123 37658
2337123 1067284 37658
2337123 2053036 37658
1165540 1555974 8649
1165540 1564346 8649
1555974 1165540 8649
1555974 1954780 8649
1564346 1165540 8649
1564346 1954780 8649
1954780 1555974 8649
1954780 1564346 8649
783458 927720 5998
783458 2192600 5998
927720 783458 5998
927720 2336862 5998
2192600 783458 5998
2192600 2336862 5998
2336862 927720 5998
2336862 2192600 5998
783458 1402567 2490
783458 1717753 2490
1402567 783458 2490
1402567 2336862 2490
1717753 783458 2490
1717753 2336862 2490
2336862 1402567 2490
2336862 1717753 2490
783458 849842 4782
783458 2270478 4782
849842 783458 4782
849842 2336862 4782
2270478 783458 4782
2270478 2336862 4782
2336862 849842 4782
2336862 2270478 4782
777716 1394456 13165
777716 1725864 13165
1394456 777716 13165
1394456 2342604 13165
1725864 777716 13165
1725864 2342604 13165
2342604 1394456 13165
2342604 1725864 13165
781370 1138356 8281
781370 1981964 8281
1138356 781370 8281
1138356 2338950 8281
1981964 781370 8281
1981964 2338950 8281
2338950 1138356 8281
2338950 1981964 8281
776140 848798 972
776140 2271522 972
848798 776140 972
848798 2344180 972
2271522 776140 972
2271522 2344180 972
2344180 848798 972
2344180 2271522 972
721280 783197 1683
721280 2337123 1683
783197 721280 1683
783197 2399040 1683
2337123 721280 1683
2337123 2399040 1683
2399040 783197 1683
2399040 2337123 1683
778760 1546819 1
778760 1573501 1
1546819 778760 1
1546819 2341560 1
1573501 778760 1
1573501 2341560 1
2341560 1546819 1
2341560 1573501 1
769093 1553886 3288
769093 1566434 3288
1553886 769093 3288
1553886 2351227 3288
1566434 769093 3288
1566434 2351227 3288
2351227 1553886 3288
2351227 1566434 3288
782153 1104637 10774
782153 2015683 10774
1104637 782153 10774
1104637 2338167 10774
2015683 782153 10774
2015683 2338167 10774
2338167 1104637 10774
2338167 2015683 10774
1543677 1559387 4683
1543677 1560933 4683
1559387 1543677 4683
1559387 1576643 4683
1560933 1543677 4683
1560933 1576643 4683
1576643 1559387 4683
1576643 1560933 4683
782936 1486197 5544
782936 1634123 5544
1486197 782936 5544
1486197 2337384 5544
1634123 782936 5544
1634123 2337384 5544
2337384 1486197 5544
2337384 1634123 5544
743997 783197 24956
743997 2337123 24956
783197 743997 24956
783197 2376323 24956
2337123 743997 24956
2337123 2376323 24956
2376323 783197 24956
2376323 2337123 24956
779282 1533749 4002
779282 1586571 4002
1533749 779282 4002
1533749 2341038 4002
1586571 779282 4002
1586571 2341038 4002
2341038 1533749 4002
2341038 1586571 4002
1211014 1559889 1906
1211014 1560431 1906
1559889 1211014 1906
1559889 1909306 1906
1560431 1211014 1906
1560431 1909306 1906
1909306 1559889 1906
1909306 1560431 1906
781631 781631 81154
781631 2338689 81154
2338689 781631 81154
2338689 2338689 81154
1478086 1553645 3126
1478086 1566675 3126
1553645 1478086 3126
1553645 1642234 3126
1566675 1478086 3126
1566675 1642234 3126
1642234 1553645 3126
1642234 1566675 3126
775367 871796 3393
775367 2248524 3393
871796 775367 3393
871796 2344953 3393
2248524 775367 3393
2248524 2344953 3393
2344953 871796 3393
2344953 2248524 3393
617262 1555211 23988
617262 1565109 23988
1555211 617262 23988
1555211 2503058 23988
1565109 617262 23988
1565109 2503058 23988
2503058 1555211 23988
2503058 1565109 23988
781109 824234 4749
781109 2296086 4749
824234 781109 4749
824234 2339211 4749
2296086 781109 4749
2296086 2339211 4749
2339211 824234 4749
2339211 2296086 4749
778760 1512578 7164
778760 1607742 7164
1512578 778760 7164
1512578 2341560 7164
1607742 778760 7164
1607742 2341560 7164
2341560 1512578 7164
2341560 1607742 7164
1467897 1553645 5463
1467897 1566675 5463
1553645 1467897 5463
1553645 1652423 5463
1566675 1467897 5463
1566675 1652423 5463
1652423 1553645 5463
1652423 1566675 5463
783458 1464765 9911
783458 1655555 9911
1464765 783458 9911
1464765 2336862 9911
1655555 783458 9911
1655555 2336862 9911
2336862 1464765 9911
2336862 1655555 9911
1199771 1559889 4906
1199771 1560431 4906
1559889 1199771 4906
1559889 1920549 4906
1560431 1199771 4906
1560431 1920549 4906
1920549 1559889 4906
1920549 1560431 4906
1036707 1339064 742
1036707 1781256 742
1339064 1036707 742
1339064 2083613 742
1781256 1036707 742
1781256 2083613 742
2083613 1339064 742
2083613 1781256 742
1510490 1559909 3327
1510490 1560411 3327
1559909 1510490 3327
1559909 1609830 3327
1560411 1510490 3327
1560411 1609830 3327
1609830 1559909 3327
1609830 1560411 3327
765961 1488546 4915
765961 1631774 4915
1488546 765961 4915
1488546 2354359 4915
1631774 765961 4915
1631774 2354359 4915
2354359 1488546 4915
2354359 1631774 4915
1137834 1489058 759
1137834 1631262 759
1489058 1137834 759
1489058 1982486 759
1631262 1137834 759
1631262 1982486 759
1982486 1489058 759
1982486 1631262 759
632159 1559367 5515
632159 1560953 5515
1559367 632159 5515
1559367 2488161 5515
1560953 632159 5515
1560953 2488161 5515
2488161 1559367 5515
2488161 1560953 5515
1100210 1553645 7562
1100210 1566675 7562
1553645 1100210 7562
1553645 2020110 7562
1566675 1100210 7562
1566675 2020110 7562
2020110 1553645 7562
2020110 1566675 7562
1128950 1553886 4395
1128950 1566434 4395
1553886 1128950 4395
1553886 1991370 4395
1566434 1128950 4395
1566434 1991370 4395
1991370 1553886 4395
1991370 1566434 4395
759155 1557540 4408
759155 1562780 4408
1557540 759155 4408
1557540 2361165 4408
1562780 759155 4408
1562780 2361165 4408
2361165 1557540 4408
2361165 1562780 4408
1440191 1556757 9637
1440191 1563563 9637
1556757 1440191 9637
1556757 1680129 9637
1563563 1440191 9637
1563563 1680129 9637
1680129 1556757 9637
1680129 1563563 9637
1156917 1471561 559
1156917 1648759 559
1471561 1156917 559
1471561 1963403 559
1648759 1156917 559
1648759 1963403 559
1963403 1471561 559
1963403 1648759 559
778499 1277117 4782
778499 1843203 4782
1277117 778499 4782
1277117 2341821 4782
1843203 778499 4782
1843203 2341821 4782
2341821 1277117 4782
2341821 1843203 4782
1421650 1554408 8013
1421650 1565912 8013
1554408 1421650 8013
1554408 1698670 8013
1565912 1421650 8013
1565912 1698670 8013
1698670 1554408 8013
1698670 1565912 8013
1110399 1554930 14641
1110399 1565390 14641
1554930 1110399 14641
1554930 2009921 14641
1565390 1110399 14641
1565390 2009921 14641
2009921 1554930 14641
2009921 1565390 14641
781109 1369370 3678
781109 1750950 3678
1369370 781109 3678
1369370 2339211 3678
1750950 781109 3678
1750950 2339211 3678
2339211 1369370 3678
2339211 1750950 3678
408985 1556235 10730
408985 1564085 10730
1556235 408985 10730
1556235 2711335 10730
1564085 408985 10730
1564085 2711335 10730
2711335 1556235 10730
2711335 1564085 10730
350953 1557801 12672
350953 1562519 12672
1557801 350953 12672
1557801 2769367 12672
1562519 350953 12672
1562519 2769367 12672
2769367 1557801 12672
2769367 1562519 12672
669793 1560150 15002
669793 1560170 15002
1560150 669793 15002
1560150 2450527 15002
1560170 669793 15002
1560170 2450527 15002
2450527 1560150 15002
2450527 1560170 15002
664824 1138878 10734
664824 1981442 10734
1138878 664824 10734
1138878 2455496 10734
1981442 664824 10734
1981442 2455496 10734
2455496 1138878 10734
2455496 1981442 10734
1269799 1554930 8226
1269799 1565390 8226
1554930 1269799 8226
1554930 1850521 8226
1565390 1269799 8226
1565390 1850521 8226
1850521 1554930 8226
1850521 1565390 8226
780587 1250726 1271
780587 1869594 1271
1250726 780587 1271
1250726 2339733 1271
1869594 780587 1271
1869594 2339733 1271
2339733 1250726 1271
2339733 1869594 1271
747400 1558604 70393
747400 1561716 70393
1558604 747400 70393
1558604 2372920 70393
1561716 747400 70393
1561716 2372920 70393
2372920 1558604 70393
2372920 1561716 70393
720477 1116924 8808
720477 2003396 8808
1116924 720477 8808
1116924 2399843 8808
2003396 720477 8808
2003396 2399843 8808
2399843 1116924 8808
2399843 2003396 8808
751325 1476530 3194
751325 1643790 3194
1476530 751325 3194
1476530 2368995 3194
1643790 751325 3194
1643790 2368995 3194
2368995 1476530 3194
2368995 1643790 3194
739299 1558323 17619
739299 1561997 17619
1558323 739299 17619
1558323 2381021 17619
1561997 739299 17619
1561997 2381021 17619
2381021 1558323 17619
2381021 1561997 17619
978153 1554408 15064
978153 1565912 15064
1554408 978153 15064
1554408 2142167 15064
1565912 978153 15064
1565912 2142167 15064
2142167 1554408 15064
2142167 1565912 15064
1253075 1554147 963
1253075 1566173 963
1554147 1253075 963
1554147 1867245 963
1566173 1253075 963
1566173 1867245 963
1867245 1554147 963
1867245 1566173 963
775106 1269538 5047
775106 1850782 5047
1269538 775106 5047
1269538 2345214 5047
1850782 775106 5047
1850782 2345214 5047
2345214 1269538 5047
2345214 1850782 5047
711081 1556235 28869
711081 1564085 28869
1556235 711081 28869
1556235 2409239 28869
1564085 711081 28869
1564085 2409239 28869
2409239 1556235 28869
2409239 1564085 28869
771452 1219888 489
771452 1900432 489
1219888 771452 489
1219888 2348868 489
1900432 771452 489
1900432 2348868 489
2348868 1219888 489
2348868 1900432 489
1177556 1455610 4832
1177556 1664710 4832
1455610 1177556 4832
1455610 1942764 4832
1664710 1177556 4832
1664710 1942764 4832
1942764 1455610 4832
1942764 1664710 4832
1176000 1445682 1319
1176000 1674638 1319
1445682 1176000 1319
1445682 1944320 1319
1674638 1176000 1319
1674638 1944320 1319
1944320 1445682 1319
1944320 1674638 1319
1148806 1436808 6635
1148806 1683512 6635
1436808 1148806 6635
1436808 1971514 6635
1683512 1148806 6635
1683512 1971514 6635
1971514 1436808 6635
1971514 1683512 6635
746366 1260142 7154
746366 1860178 7154
1260142 746366 7154
1260142 2373954 7154
1860178 746366 7154
1860178 2373954 7154
2373954 1260142 7154
2373954 1860178 7154
1332800 1553886 19716
1332800 1566434 19716
1553886 1332800 19716
1553886 1787520 19716
1566434 1332800 19716
1566434 1787520 19716
1787520 1553886 19716
1787520 1566434 19716
988613 1312141 1596
988613 1808179 1596
1312141 988613 1596
1312141 2131707 1596
1808179 988613 1596
1808179 2131707 1596
2131707 1312141 1596
2131707 1808179 1596
1340640 1553886 31671
1340640 1566434 31671
1553886 1340640 31671
1553886 1779680 31671
1566434 1340640 31671
1566434 1779680 31671
1779680 1553886 31671
1779680 1566434 31671
666400 1293600 291
666400 1826720 291
1293600 666400 291
1293600 2453920 291
1826720 666400 291
1826720 2453920 291
2453920 1293600 291
2453920 1826720 291
659082 1285760 2383
659082 1834560 2383
1285760 659082 2383
1285760 2461238 2383
1834560 659082 2383
1834560 2461238 2383
2461238 1285760 2383
2461238 1834560 2383
783458 833911 19434
783458 2286409 19434
833911 783458 19434
833911 2336862 19434
2286409 783458 19434
2286409 2336862 19434
2336862 833911 19434
2336862 2286409 19434
1164486 1559889 4296
1164486 1560431 4296
1559889 1164486 4296
1559889 1955834 4296
1560431 1164486 4296
1560431 1955834 4296
1955834 1559889 4296
1955834 1560431 4296
779543 933211 8011
779543 2187109 8011
933211 779543 8011
933211 2340777 8011
2187109 779543 8011
2187109 2340777 8011
2340777 933211 8011
2340777 2187109 8011
776140 836511 12407
776140 2283809 12407
836511 776140 12407
836511 2344180 12407
2283809 776140 12407
2283809 2344180 12407
2344180 836511 12407
2344180 2283809 12407
781631 1069111 10749
781631 2051209 10749
1069111 781631 10749
1069111 2338689 10749
2051209 781631 10749
2051209 2338689 10749
2338689 1069111 10749
2338689 2051209 10749
783458 1410919 14866
783458 1709401 14866
1410919 783458 14866
1410919 2336862 14866
1709401 783458 14866
1709401 2336862 14866
2336862 1410919 14866
2336862 1709401 14866
1517547 1560150 434
1517547 1560170 434
1560150 1517547 434
1560150 1602773 434
1560170 1517547 434
1560170 1602773 434
1602773 1560150 434
1602773 1560170 434
782153 1147772 7704
782153 1972548 7704
1147772 782153 7704
1147772 2338167 7704
1972548 782153 7704
1972548 2338167 7704
2338167 1147772 7704
2338167 1972548 7704
908386 1560150 1413
908386 1560170 1413
1560150 908386 1413
1560150 2211934 1413
1560170 908386 1413
1560170 2211934 1413
2211934 1560150 1413
2211934 1560170 1413
776933 1542382 547
776933 1577938 547
1542382 776933 547
1542382 2343387 547
1577938 776933 547
1577938 2343387 547
2343387 1542382 547
2343387 1577938 547
782414 1456654 1992
782414 1663666 1992
1456654 782414 1992
1456654 2337906 1992
1663666 782414 1992
1663666 2337906 1992
2337906 1456654 1992
2337906 1663666 1992
761775 782936 44341
761775 2337384 44341
782936 761775 44341
782936 2358545 44341
2337384 761775 44341
2337384 2358545 44341
2358545 782936 44341
2358545 2337384 44341
768300 835467 3780
768300 2284853 3780
835467 768300 3780
835467 2352020 3780
2284853 768300 3780
2284853 2352020 3780
2352020 835467 3780
2352020 2284853 3780
775096 1555452 1422
775096 1564868 1422
1555452 775096 1422
1555452 2345224 1422
1564868 775096 1422
1564868 2345224 1422
2345224 1555452 1422
2345224 1564868 1422
736960 778499 7242
736960 2341821 7242
778499 736960 7242
778499 2383360 7242
2341821 736960 7242
2341821 2383360 7242
2383360 778499 7242
2383360 2341821 7242
734069 778238 12574
734069 2342082 12574
778238 734069 12574
778238 2386251 12574
2342082 734069 12574
2342082 2386251 12574
2386251 778238 12574
2386251 2342082 12574
733818 778238 5658
733818 2342082 5658
778238 733818 5658
778238 2386502 5658
2342082 733818 5658
2342082 2386502 5658
2386502 778238 5658
2386502 2342082 5658
770930 781892 83737
770930 2338428 83737
781892 770930 83737
781892 2349390 83737
2338428 770930 83737
2338428 2349390 83737
2349390 781892 83737
2349390 2338428 83737
770920 1505541 3243
770920 1614779 3243
1505541 770920 3243
1505541 2349400 3243
1614779 770920 3243
1614779 2349400 3243
2349400 1505541 3243
2349400 1614779 3243
607595 1553906 41699
607595 1566414 41699
1553906 607595 41699
1553906 2512725 41699
1566414 607595 41699
1566414 2512725 41699
2512725 1553906 41699
2512725 1566414 41699
775879 1098373 2828
775879 2021947 2828
1098373 775879 2828
1098373 2344441 2828
2021947 775879 2828
2021947 2344441 2828
2344441 1098373 2828
2344441 2021947 2828
768049 1485675 1901
768049 1634645 1901
1485675 768049 1901
1485675 2352271 1901
1634645 768049 1901
1634645 2352271 1901
2352271 1485675 1901
2352271 1634645 1901
783458 869176 2173
783458 2251144 2173
869176 783458 2173
869176 2336862 2173
2251144 783458 2173
2251144 2336862 2173
2336862 869176 2173
2336862 2251144 2173
1081900 1402567 2345
1081900 1717753 2345
1402567 1081900 2345
1402567 2038420 2345
1717753 1081900 2345
1717753 2038420 2345
2038420 1402567 2345
2038420 1717753 2345
782414 1342728 3196
782414 1777592 3196
1342728 782414 3196
1342728 2337906 3196
1777592 782414 3196
1777592 2337906 3196
2337906 1342728 3196
2337906 1777592 3196
921195 1229826 3263
921195 1890494 3263
1229826 921195 3263
1229826 2199125 3263
1890494 921195 3263
1890494 2199125 3263
2199125 1229826 3263
2199125 1890494 3263
774835 1387660 6642
774835 1732660 6642
1387660 774835 6642
1387660 2345485 6642
1732660 774835 6642
1732660 2345485 6642
2345485 1387660 6642
2345485 1732660 6642
595298 1557801 5936
595298 1562519 5936
1557801 595298 5936
1557801 2525022 5936
1562519 595298 5936
1562519 2525022 5936
2525022 1557801 5936
2525022 1562519 5936
773791 1455610 461
773791 1664710 461
1455610 773791 461
1455610 2346529 461
1664710 773791 461
1664710 2346529 461
2346529 1455610 461
2346529 1664710 461
775618 1368065 8584
775618 1752255 8584
1368065 775618 8584
1368065 2344702 8584
1752255 775618 8584
1752255 2344702 8584
2344702 1368065 8584
2344702 1752255 8584
1135214 1558323 3192
1135214 1561997 3192
1558323 1135214 3192
1558323 1985106 3192
1561997 1135214 3192
1561997 1985106 3192
1985106 1558323 3192
1985106 1561997 3192
1284435 1554147 6083
1284435 1566173 6083
1554147 1284435 6083
1554147 1835885 6083
1566173 1284435 6083
1566173 1835885 6083
1835885 1554147 6083
1835885 1566173 6083
1463199 1560150 1810
1463199 1560170 1810
1560150 1463199 1810
1560150 1657121 1810
1560170 1463199 1810
1560170 1657121 1810
1657121 1560150 1810
1657121 1560170 1810
1111182 1560150 85
1111182 1560170 85
1560150 1111182 85
1560150 2009138 85
1560170 1111182 85
1560170 2009138 85
2009138 1560150 85
2009138 1560170 85
760480 1328865 376
760480 1791455 376
1328865 760480 376
1328865 2359840 376
1791455 760480 376
1791455 2359840 376
2359840 1328865 376
2359840 1791455 376
1088174 1554669 3027
1088174 1565651 3027
1554669 1088174 3027
1554669 2032146 3027
1565651 1088174 3027
1565651 2032146 3027
2032146 1554669 3027
2032146 1565651 3027
760731 1369892 5718
760731 1750428 5718
1369892 760731 5718
1369892 2359589 5718
1750428 760731 5718
1750428 2359589 5718
2359589 1369892 5718
2359589 1750428 5718
859770 1560150 3592
859770 1560170 3592
1560150 859770 3592
1560150 2260550 3592
1560170 859770 3592
1560170 2260550 3592
2260550 1560150 3592
2260550 1560170 3592
478501 1554408 7967
478501 1565912 7967
1554408 478501 7967
1554408 2641819 7967
1565912 478501 7967
1565912 2641819 7967
2641819 1554408 7967
2641819 1565912 7967
728578 1114575 1911
728578 2005745 1911
1114575 728578 1911
1114575 2391742 1911
2005745 728578 1911
2005745 2391742 1911
2391742 1114575 1911
2391742 2005745 1911
1191670 1451956 3939
1191670 1668364 3939
1451956 1191670 3939
1451956 1928650 3939
1668364 1191670 3939
1668364 1928650 3939
1928650 1451956 3939
1928650 1668364 3939
770669 1253075 959
770669 1867245 959
1253075 770669 959
1253075 2349651 959
1867245 770669 959
1867245 2349651 959
2349651 1253075 959
2349651 1867245 959
750281 1432622 1500
750281 1687698 1500
1432622 750281 1500
1432622 2370039 1500
1687698 750281 1500
1687698 2370039 1500
2370039 1432622 1500
2370039 1687698 1500
547997 1553886 80892
547997 1566434 80892
1553886 547997 80892
1553886 2572323 80892
1566434 547997 80892
1566434 2572323 80892
2572323 1553886 80892
2572323 1566434 80892
681016 1555191 24258
681016 1565129 24258
1555191 681016 24258
1555191 2439304 24258
1565129 681016 24258
1565129 2439304 24258
2439304 1555191 24258
2439304 1565129 24258
779021 1218854 1713
779021 1901466 1713
1218854 779021 1713
1218854 2341299 1713
1901466 779021 1713
1901466 2341299 1713
2341299 1218854 1713
2341299 1901466 1713
1412495 1558845 4521
1412495 1561475 4521
1558845 1412495 4521
1558845 1707825 4521
1561475 1412495 4521
1561475 1707825 4521
1707825 1558845 4521
1707825 1561475 4521
779804 1191148 13
779804 1929172 13
1191148 779804 13
1191148 2340516 13
1929172 779804 13
1929172 2340516 13
2340516 1191148 13
2340516 1929172 13
779804 1223040 6023
779804 1897280 6023
1223040 779804 6023
1223040 2340516 6023
1897280 779804 6023
1897280 2340516 6023
2340516 1223040 6023
2340516 1897280 6023
1028606 1554950 2090
1028606 1565370 2090
1554950 1028606 2090
1554950 2091714 2090
1565370 1028606 2090
1565370 2091714 2090
2091714 1554950 2090
2091714 1565370 2090
776140 1215973 2285
776140 1904347 2285
1215973 776140 2285
1215973 2344180 2285
1904347 776140 2285
1904347 2344180 2285
2344180 1215973 2285
2344180 1904347 2285
759426 1251780 2441
759426 1868540 2441
1251780 759426 2441
1251780 2360894 2441
1868540 759426 2441
1868540 2360894 2441
2360894 1251780 2441
2360894 1868540 2441
742702 1111694 11152
742702 2008626 11152
1111694 742702 11152
1111694 2377618 11152
2008626 742702 11152
2008626 2377618 11152
2377618 1111694 11152
2377618 2008626 11152
1189050 1446204 5362
1189050 1674116 5362
1446204 1189050 5362
1446204 1931270 5362
1674116 1189050 5362
1674116 1931270 5362
1931270 1446204 5362
1931270 1674116 5362
320386 1557299 1544
320386 1563021 1544
1557299 320386 1544
1557299 2799934 1544
1563021 320386 1544
1563021 2799934 1544
2799934 1557299 1544
2799934 1563021 1544
1396303 1553886 12677
1396303 1566434 12677
1553886 1396303 12677
1553886 1724017 12677
1566434 1396303 12677
1566434 1724017 12677
1724017 1553886 12677
1724017 1566434 12677
751586 1495342 5415
751586 1624978 5415
1495342 751586 5415
1495342 2368734 5415
1624978 751586 5415
1624978 2368734 5415
2368734 1495342 5415
2368734 1624978 5415
699838 1386887 5881
699838 1733433 5881
1386887 699838 5881
1386887 2420482 5881
1733433 699838 5881
1733433 2420482 5881
2420482 1386887 5881
2420482 1733433 5881
992267 1560150 2099
992267 1560170 2099
1560150 992267 2099
1560150 2128053 2099
1560170 992267 2099
1560170 2128053 2099
2128053 1560150 2099
2128053 1560170 2099
710298 1226162 1787
710298 1894158 1787
1226162 710298 1787
1226162 2410022 1787
1894158 710298 1787
1894158 2410022 1787
2410022 1226162 1787
2410022 1894158 1787
1325733 1559628 8554
1325733 1560692 8554
1559628 1325733 8554
1559628 1794587 8554
1560692 1325733 8554
1560692 1794587 8554
1794587 1559628 8554
1794587 1560692 8554
1360757 1553886 21294
1360757 1566434 21294
1553886 1360757 21294
1553886 1759563 21294
1566434 1360757 21294
1566434 1759563 21294
1759563 1553886 21294
1759563 1566434 21294
761514 1278693 2520
761514 1841627 2520
1278693 761514 2520
1278693 2358806 2520
1841627 761514 2520
1841627 2358806 2520
2358806 1278693 2520
2358806 1841627 2520
783458 1549168 10556
783458 1571152 10556
1549168 783458 10556
1549168 2336862 10556
1571152 783458 10556
1571152 2336862 10556
2336862 1549168 10556
2336862 1571152 10556
783458 1494559 9758
783458 1625761 9758
1494559 783458 9758
1494559 2336862 9758
1625761 783458 9758
1625761 2336862 9758
2336862 1494559 9758
2336862 1625761 9758
772235 813523 4257
772235 2306797 4257
813523 772235 4257
813523 2348085 4257
2306797 772235 4257
2306797 2348085 4257
2348085 813523 4257
2348085 2306797 4257
520823 1167106 404
520823 1953214 404
1167106 520823 404
1167106 2599497 404
1953214 520823 404
1953214 2599497 404
2599497 1167106 404
2599497 1953214 404
773801 802802 4198
773801 2317518 4198
802802 773801 4198
802802 2346519 4198
2317518 773801 4198
2317518 2346519 4198
2346519 802802 4198
2346519 2317518 4198
779804 1157690 3803
779804 1962630 3803
1157690 779804 3803
1157690 2340516 3803
1962630 779804 3803
1962630 2340516 3803
2340516 1157690 3803
2340516 1962630 3803
783458 1391334 17108
783458 1728986 17108
1391334 783458 17108
1391334 2336862 17108
1728986 783458 17108
1728986 2336862 17108
2336862 1391334 17108
2336862 1728986 17108
771452 857953 5733
771452 2262367 5733
857953 771452 5733
857953 2348868 5733
2262367 771452 5733
2262367 2348868 5733
2348868 857953 5733
2348868 2262367 5733
776672 779282 38886
776672 2341038 38886
779282 776672 38886
779282 2343648 38886
2341038 776672 38886
2341038 2343648 38886
2343648 779282 38886
2343648 2341038 38886
779543 883290 3977
779543 2237030 3977
883290 779543 3977
883290 2340777 3977
2237030 779543 3977
2237030 2340777 3977
2340777 883290 3977
2340777 2237030 3977
770920 1553906 14546
770920 1566414 14546
1553906 770920 14546
1553906 2349400 14546
1566414 770920 14546
1566414 2349400 14546
2349400 1553906 14546
2349400 1566414 14546
771713 1398652 18948
771713 1721668 18948
1398652 771713 18948
1398652 2348607 18948
1721668 771713 18948
1721668 2348607 18948
2348607 1398652 18948
2348607 1721668 18948
907081 1213363 53
907081 1906957 53
1213363 907081 53
1213363 2213239 53
1906957 907081 53
1906957 2213239 53
2213239 1213363 53
2213239 1906957 53
772225 1154297 2791
772225 1966023 2791
1154297 772225 2791
1154297 2348095 2791
1966023 772225 2791
1966023 2348095 2791
2348095 1154297 2791
2348095 1966023 2791
781892 819536 4956
781892 2300784 4956
819536 781892 4956
819536 2338428 4956
2300784 781892 4956
2300784 2338428 4956
2338428 819536 4956
2338428 2300784 4956
782675 1081639 34010
782675 2038681 34010
1081639 782675 34010
1081639 2337645 34010
2038681 782675 34010
2038681 2337645 34010
2337645 1081639 34010
2337645 2038681 34010
781631 1433917 8214
781631 1686403 8214
1433917 781631 8214
1433917 2338689 8214
1686403 781631 8214
1686403 2338689 8214
2338689 1433917 8214
2338689 1686403 8214
1520167 1553886 3387
1520167 1566434 3387
1553886 1520167 3387
1553886 1600153 3387
1566434 1520167 3387
1566434 1600153 3387
1600153 1553886 3387
1600153 1566434 3387
760460 1554147 10234
760460 1566173 10234
1554147 760460 10234
1554147 2359860 10234
1566173 760460 10234
1566173 2359860 10234
2359860 1554147 10234
2359860 1566173 10234
722063 783458 74381
722063 2336862 74381
783458 722063 74381
783458 2398257 74381
2336862 722063 74381
2336862 2398257 74381
2398257 783458 74381
2398257 2336862 74381
771191 1375905 69
771191 1744415 69
1375905 771191 69
1375905 2349129 69
1744415 771191 69
1744415 2349129 69
2349129 1375905 69
2349129 1744415 69
744780 783197 16784
744780 2337123 16784
783197 744780 16784
783197 2375540 16784
2337123 744780 16784
2337123 2375540 16784
2375540 783197 16784
2375540 2337123 16784
516376 1554689 16617
516376 1565631 16617
1554689 516376 16617
1554689 2603944 16617
1565631 516376 16617
1565631 2603944 16617
2603944 1554689 16617
2603944 1565631 16617
783197 1459806 9494
783197 1660514 9494
1459806 783197 9494
1459806 2337123 9494
1660514 783197 9494
1660514 2337123 9494
2337123 1459806 9494
2337123 1660514 9494
783458 1329126 15089
783458 1791194 15089
1329126 783458 15089
1329126 2336862 15089
1791194 783458 15089
1791194 2336862 15089
2336862 1329126 15089
2336862 1791194 15089
1485143 1553886 4190
1485143 1566434 4190
1553886 1485143 4190
1553886 1635177 4190
1566434 1485143 4190
1566434 1635177 4190
1635177 1553886 4190
1635177 1566434 4190
906288 1206557 2066
906288 1913763 2066
1206557 906288 2066
1206557 2214032 2066
1913763 906288 2066
1913763 2214032 2066
2214032 1206557 2066
2214032 1913763 2066
909440 1215461 406
909440 1904859 406
1215461 909440 406
1215461 2210880 406
1904859 909440 406
1904859 2210880 406
2210880 1215461 406
2210880 1904859 406
920673 1560150 1396
920673 1560170 1396
1560150 920673 1396
1560150 2199647 1396
1560170 920673 1396
1560170 2199647 1396
2199647 1560150 1396
2199647 1560170 1396
783458 1284696 4198
783458 1835624 4198
1284696 783458 4198
1284696 2336862 4198
1835624 783458 4198
1835624 2336862 4198
2336862 1284696 4198
2336862 1835624 4198
1136258 1555191 3576
1136258 1565129 3576
1555191 1136258 3576
1555191 1984062 3576
1565129 1136258 3576
1565129 1984062 3576
1984062 1555191 3576
1984062 1565129 3576
1387680 1553886 31529
1387680 1566434 31529
1553886 1387680 31529
1553886 1732640 31529
1566434 1387680 31529
1566434 1732640 31529
1732640 1553886 31529
1732640 1566434 31529
686778 1341162 5978
686778 1779158 5978
1341162 686778 5978
1341162 2433542 5978
1779158 686778 5978
1779158 2433542 5978
2433542 1341162 5978
2433542 1779158 5978
1424772 1555452 8291
1424772 1564868 8291
1555452 1424772 8291
1555452 1695548 8291
1564868 1424772 8291
1564868 1695548 8291
1695548 1555452 8291
1695548 1564868 8291
765961 1367804 3594
765961 1752516 3594
1367804 765961 3594
1367804 2354359 3594
1752516 765961 3594
1752516 2354359 3594
2354359 1367804 3594
2354359 1752516 3594
854811 1560150 982
854811 1560170 982
1560150 854811 982
1560150 2265509 982
1560170 854811 982
1560170 2265509 982
2265509 1560150 982
2265509 1560170 982
773801 1271897 2866
773801 1848423 2866
1271897 773801 2866
1271897 2346519 2866
1848423 773801 2866
1848423 2346519 2866
2346519 1271897 2866
2346519 1848423 2866
757850 1427131 2394
757850 1693189 2394
1427131 757850 2394
1427131 2362470 2394
1693189 757850 2394
1693189 2362470 2394
2362470 1427131 2394
2362470 1693189 2394
709766 1367282 358
709766 1753038 358
1367282 709766 358
1367282 2410554 358
1753038 709766 358
1753038 2410554 358
2410554 1367282 358
2410554 1753038 358
763351 1341684 9995
763351 1778636 9995
1341684 763351 9995
1341684 2356969 9995
1778636 763351 9995
1778636 2356969 9995
2356969 1341684 9995
2356969 1778636 9995
952033 1559889 2479
952033 1560431 2479
1559889 952033 2479
1559889 2168287 2479
1560431 952033 2479
1560431 2168287 2479
2168287 1559889 2479
2168287 1560431 2479
1103332 1553645 6295
1103332 1566675 6295
1553645 1103332 6295
1553645 2016988 6295
1566675 1103332 6295
1566675 2016988 6295
2016988 1553645 6295
2016988 1566675 6295
782675 1346121 7936
782675 1774199 7936
1346121 782675 7936
1346121 2337645 7936
1774199 782675 7936
1774199 2337645 7936
2337645 1346121 7936
2337645 1774199 7936
783197 1202652 4603
783197 1917668 4603
1202652 783197 4603
1202652 2337123 4603
1917668 783197 4603
1917668 2337123 4603
2337123 1202652 4603
2337123 1917668 4603
760209 1246028 3795
760209 1874292 3795
1246028 760209 3795
1246028 2360111 3795
1874292 760209 3795
1874292 2360111 3795
2360111 1246028 3795
2360111 1874292 3795
770659 1098373 11539
770659 2021947 11539
1098373 770659 11539
1098373 2349661 11539
2021947 770659 11539
2021947 2349661 11539
2349661 1098373 11539
2349661 2021947 11539
726229 1386104 4626
726229 1734216 4626
1386104 726229 4626
1386104 2394091 4626
1734216 726229 4626
1734216 2394091 4626
2394091 1386104 4626
2394091 1734216 4626
1240547 1556255 6318
1240547 1564065 6318
1556255 1240547 6318
1556255 1879773 6318
1564065 1240547 6318
1564065 1879773 6318
1879773 1556255 6318
1879773 1564065 6318
751054 1553886 47861
751054 1566434 47861
1553886 751054 47861
1553886 2369266 47861
1566434 751054 47861
1566434 2369266 47861
2369266 1553886 47861
2369266 1566434 47861
1260664 1559367 4751
1260664 1560953 4751
1559367 1260664 4751
1559367 1859656 4751
1560953 1260664 4751
1560953 1859656 4751
1859656 1559367 4751
1859656 1560953 4751
772225 1269277 8374
772225 1851043 8374
1269277 772225 8374
1269277 2348095 8374
1851043 772225 8374
1851043 2348095 8374
2348095 1269277 8374
2348095 1851043 8374
642860 1326516 2587
642860 1793804 2587
1326516 642860 2587
1326516 2477460 2587
1793804 642860 2587
1793804 2477460 2587
2477460 1326516 2587
2477460 1793804 2587
1078778 1553886 9040
1078778 1566434 9040
1553886 1078778 9040
1553886 2041542 9040
1566434 1078778 9040
1566434 2041542 9040
2041542 1553886 9040
2041542 1566434 9040
1276083 1553906 3500
1276083 1566414 3500
1553906 1276083 3500
1553906 1844237 3500
1566414 1276083 3500
1566414 1844237 3500
1844237 1553906 3500
1844237 1566414 3500
1062305 1554147 8265
1062305 1566173 8265
1554147 1062305 8265
1554147 2058015 8265
1566173 1062305 8265
1566173 2058015 8265
2058015 1554147 8265
2058015 1566173 8265
686778 1132082 11134
686778 1988238 11134
1132082 686778 11134
1132082 2433542 11134
1988238 686778 11134
1988238 2433542 11134
2433542 1132082 11134
2433542 1988238 11134
756816 1451183 6196
756816 1669137 6196
1451183 756816 6196
1451183 2363504 6196
1669137 756816 6196
1669137 2363504 6196
2363504 1451183 6196
2363504 1669137 6196
399308 1560150 1774
399308 1560170 1774
1560150 399308 1774
1560150 2721012 1774
1560170 399308 1774
1560170 2721012 1774
2721012 1560150 1774
2721012 1560170 1774
752640 1321808 4843
752640 1798512 4843
1321808 752640 4843
1321808 2367680 4843
1798512 752640 4843
1798512 2367680 4843
2367680 1321808 4843
2367680 1798512 4843
779804 1227738 12682
779804 1892582 12682
1227738 779804 12682
1227738 2340516 12682
1892582 779804 12682
1892582 2340516 12682
2340516 1227738 12682
2340516 1892582 12682
779804 1252553 5907
779804 1867767 5907
1252553 779804 5907
1252553 2340516 5907
1867767 779804 5907
1867767 2340516 5907
2340516 1252553 5907
2340516 1867767 5907
1146979 1443855 4625
1146979 1676465 4625
1443855 1146979 4625
1443855 1973341 4625
1676465 1146979 4625
1676465 1973341 4625
1973341 1443855 4625
1973341 1676465 4625
747932 1108301 9216
747932 2012019 9216
1108301 747932 9216
1108301 2372388 9216
2012019 747932 9216
2012019 2372388 9216
2372388 1108301 9216
2372388 2012019 9216
1326004 1556516 2900
1326004 1563804 2900
1556516 1326004 2900
1556516 1794316 2900
1563804 1326004 2900
1563804 1794316 2900
1794316 1556516 2900
1794316 1563804 2900
770659 1207882 8058
770659 1912438 8058
1207882 770659 8058
1207882 2349661 8058
1912438 770659 8058
1912438 2349661 8058
2349661 1207882 8058
2349661 1912438 8058
703753 1387680 2699
703753 1732640 2699
1387680 703753 2699
1387680 2416567 2699
1732640 703753 2699
1732640 2416567 2699
2416567 1387680 2699
2416567 1732640 2699
732513 1297505 185
732513 1822815 185
1297505 732513 185
1297505 2387807 185
1822815 732513 185
1822815 2387807 185
2387807 1297505 185
2387807 1822815 185
744519 1215190 1779
744519 1905130 1779
1215190 744519 1779
1215190 2375801 1779
1905130 744519 1779
1905130 2375801 1779
2375801 1215190 1779
2375801 1905130 1779
1185135 1442550 3106
1185135 1677770 3106
1442550 1185135 3106
1442550 1935185 3106
1677770 1185135 3106
1677770 1935185 3106
1935185 1442550 3106
1935185 1677770 3106
1178861 1455881 12185
1178861 1664439 12185
1455881 1178861 12185
1455881 1941459 12185
1664439 1178861 12185
1664439 1941459 12185
1941459 1455881 12185
1941459 1664439 12185
1173370 1560150 4455
1173370 1560170 4455
1560150 1173370 4455
1560150 1946950 4455
1560170 1173370 4455
1560170 1946950 4455
1946950 1560150 4455
1946950 1560170 4455
783197 1304562 20994
783197 1815758 20994
1304562 783197 20994
1304562 2337123 20994
1815758 783197 20994
1815758 2337123 20994
2337123 1304562 20994
2337123 1815758 20994
781892 1027020 70217
781892 2093300 70217
1027020 781892 70217
1027020 2338428 70217
2093300 781892 70217
2093300 2338428 70217
2338428 1027020 70217
2338428 2093300 70217
783458 1401001 12533
783458 1719319 12533
1401001 783458 12533
1401001 2336862 12533
1719319 783458 12533
1719319 2336862 12533
2336862 1401001 12533
2336862 1719319 12533
783458 1138617 16716
783458 1981703 16716
1138617 783458 16716
1138617 2336862 16716
1981703 783458 16716
1981703 2336862 16716
2336862 1138617 16716
2336862 1981703 16716
783458 1484099 8330
783458 1636221 8330
1484099 783458 8330
1484099 2336862 8330
1636221 783458 8330
1636221 2336862 8330
2336862 1484099 8330
2336862 1636221 8330
520040 1167889 10776
520040 1952431 10776
1167889 520040 10776
1167889 2600280 10776
1952431 520040 10776
1952431 2600280 10776
2600280 1167889 10776
2600280 1952431 10776
783458 1424521 19169
783458 1695799 19169
1424521 783458 19169
1424521 2336862 19169
1695799 783458 19169
1695799 2336862 19169
2336862 1424521 19169
2336862 1695799 19169
780065 817438 7420
780065 2302882 7420
817438 780065 7420
817438 2340255 7420
2302882 780065 7420
2302882 2340255 7420
2340255 817438 7420
2340255 2302882 7420
778760 807510 2791
778760 2312810 2791
807510 778760 2791
807510 2341560 2791
2312810 778760 2791
2312810 2341560 2791
2341560 807510 2791
2341560 2312810 2791
783458 1086618 38633
783458 2033702 38633
1086618 783458 38633
1086618 2336862 38633
2033702 783458 38633
2033702 2336862 38633
2336862 1086618 38633
2336862 2033702 38633
779804 934516 3083
779804 2185804 3083
934516 779804 3083
934516 2340516 3083
2185804 779804 3083
2185804 2340516 3083
2340516 934516 3083
2340516 2185804 3083
1070938 1399686 2626
1070938 1720634 2626
1399686 1070938 2626
1399686 2049382 2626
1720634 1070938 2626
1720634 2049382 2626
2049382 1399686 2626
2049382 1720634 2626
775096 1387660 2394
775096 1732660 2394
1387660 775096 2394
1387660 2345224 2394
1732660 775096 2394
1732660 2345224 2394
2345224 1387660 2394
2345224 1732660 2394
774313 1554167 18539
774313 1566153 18539
1554167 774313 18539
1554167 2346007 18539
1566153 774313 18539
1566153 2346007 18539
2346007 1554167 18539
2346007 1566153 18539
783458 1330170 12302
783458 1790150 12302
1330170 783458 12302
1330170 2336862 12302
1790150 783458 12302
1790150 2336862 12302
2336862 1330170 12302
2336862 1790150 12302
671088 779804 29929
671088 2340516 29929
779804 671088 29929
779804 2449232 29929
2340516 671088 29929
2340516 2449232 29929
2449232 779804 29929
2449232 2340516 29929
780848 783458 51391
780848 2336862 51391
783458 780848 51391
783458 2339472 51391
2336862 780848 51391
2336862 2339472 51391
2339472 783458 51391
2339472 2336862 51391
781109 1470507 2401
781109 1649813 2401
1470507 781109 2401
1470507 2339211 2401
1649813 781109 2401
1649813 2339211 2401
2339211 1470507 2401
2339211 1649813 2401
1192714 1559889 6480
1192714 1560431 6480
1559889 1192714 6480
1559889 1927606 6480
1560431 1192714 6480
1560431 1927606 6480
1927606 1559889 6480
1927606 1560431 6480
773269 1519374 1544
773269 1600946 1544
1519374 773269 1544
1519374 2347051 1544
1600946 773269 1544
1600946 2347051 1544
2347051 1519374 1544
2347051 1600946 1544
1528780 1553645 1622
1528780 1566675 1622
1553645 1528780 1622
1553645 1591540 1622
1566675 1528780 1622
1566675 1591540 1622
1591540 1553645 1622
1591540 1566675 1622
1065447 1395500 4773
1065447 1724820 4773
1395500 1065447 4773
1395500 2054873 4773
1724820 1065447 4773
1724820 2054873 4773
2054873 1395500 4773
2054873 1724820 4773
776933 1157951 3038
776933 1962369 3038
1157951 776933 3038
1157951 2343387 3038
1962369 776933 3038
1962369 2343387 3038
2343387 1157951 3038
2343387 1962369 3038
1055780 1378525 10831
1055780 1741795 10831
1378525 1055780 10831
1378525 2064540 10831
1741795 1055780 10831
1741795 2064540 10831
2064540 1378525 10831
2064540 1741795 10831
752098 1168150 2812
752098 1952170 2812
1168150 752098 2812
1168150 2368222 2812
1952170 752098 2812
1952170 2368222 2812
2368222 1168150 2812
2368222 1952170 2812
730947 778760 12013
730947 2341560 12013
778760 730947 12013
778760 2389373 12013
2341560 730947 12013
2341560 2389373 12013
2389373 778760 12013
2389373 2341560 12013
713962 783458 71309
713962 2336862 71309
783458 713962 71309
783458 2406358 71309
2336862 713962 71309
2336862 2406358 71309
2406358 783458 71309
2406358 2336862 71309
780065 1358147 8796
780065 1762173 8796
1358147 780065 8796
1358147 2340255 8796
1762173 780065 8796
1762173 2340255 8796
2340255 1358147 8796
2340255 1762173 8796
1430795 1554950 7871
1430795 1565370 7871
1554950 1430795 7871
1554950 1689525 7871
1565370 1430795 7871
1565370 1689525 7871
1689525 1554950 7871
1689525 1565370 7871
860292 1560150 5109
860292 1560170 5109
1560150 860292 5109
1560150 2260028 5109
1560170 860292 5109
1560170 2260028 5109
2260028 1560150 5109
2260028 1560170 5109
1236090 1560150 2610
1236090 1560170 2610
1560150 1236090 2610
1560150 1884230 2610
1560170 1236090 2610
1560170 1884230 2610
1884230 1560150 2610
1884230 1560170 2610
774574 1332780 8654
774574 1787540 8654
1332780 774574 8654
1332780 2345746 8654
1787540 774574 8654
1787540 2345746 8654
2345746 1332780 8654
2345746 1787540 8654
783458 1285479 7528
783458 1834841 7528
1285479 783458 7528
1285479 2336862 7528
1834841 783458 7528
1834841 2336862 7528
2336862 1285479 7528
2336862 1834841 7528
1133136 1481489 1408
1133136 1638831 1408
1481489 1133136 1408
1481489 1987184 1408
1638831 1133136 1408
1638831 1987184 1408
1987184 1481489 1408
1987184 1638831 1408
729100 1115619 25955
729100 2004701 25955
1115619 729100 25955
1115619 2391220 25955
2004701 729100 25955
2004701 2391220 25955
2391220 1115619 25955
2391220 2004701 25955
753684 1435764 12659
753684 1684556 12659
1435764 753684 12659
1435764 2366636 12659
1684556 753684 12659
1684556 2366636 12659
2366636 1435764 12659
2366636 1684556 12659
397471 1560150 4507
397471 1560170 4507
1560150 397471 4507
1560150 2722849 4507
1560170 397471 4507
1560170 2722849 4507
2722849 1560150 4507
2722849 1560170 4507
1045059 1555472 9098
1045059 1564848 9098
1555472 1045059 9098
1555472 2075261 9098
1564848 1045059 9098
1564848 2075261 9098
2075261 1555472 9098
2075261 1564848 9098
777455 1258827 426
777455 1861493 426
1258827 777455 426
1258827 2342865 426
1861493 777455 426
1861493 2342865 426
2342865 1258827 426
2342865 1861493 426
1458240 1554669 1431
1458240 1565651 1431
1554669 1458240 1431
1554669 1662080 1431
1565651 1458240 1431
1565651 1662080 1431
1662080 1554669 1431
1662080 1565651 1431
757077 1495603 961
757077 1624717 961
1495603 757077 961
1495603 2363243 961
1624717 757077 961
1624717 2363243 961
2363243 1495603 961
2363243 1624717 961
1227989 1555211 1077
1227989 1565109 1077
1555211 1227989 1077
1555211 1892331 1077
1565109 1227989 1077
1565109 1892331 1077
1892331 1555211 1077
1892331 1565109 1077
780065 1207350 6606
780065 1912970 6606
1207350 780065 6606
1207350 2340255 6606
1912970 780065 6606
1912970 2340255 6606
2340255 1207350 6606
2340255 1912970 6606
1096807 1553886 4845
1096807 1566434 4845
1553886 1096807 4845
1553886 2023513 4845
1566434 1096807 4845
1566434 2023513 4845
2023513 1553886 4845
2023513 1566434 4845
773018 1250726 11070
773018 1869594 11070
1250726 773018 11070
1250726 2347302 11070
1869594 773018 11070
1869594 2347302 11070
2347302 1250726 11070
2347302 1869594 11070
726751 1403079 4449
726751 1717241 4449
1403079 726751 4449
1403079 2393569 4449
1717241 726751 4449
1717241 2393569 4449
2393569 1403079 4449
2393569 1717241 4449
750542 1106213 12840
750542 2014107 12840
1106213 750542 12840
1106213 2369778 12840
2014107 750542 12840
2014107 2369778 12840
2369778 1106213 12840
2369778 2014107 12840
754718 1553886 10794
754718 1566434 10794
1553886 754718 10794
1553886 2365602 10794
1566434 754718 10794
1566434 2365602 10794
2365602 1553886 10794
2365602 1566434 10794
1041656 1553886 7523
1041656 1566434 7523
1553886 1041656 7523
1553886 2078664 7523
1566434 1041656 7523
1566434 2078664 7523
2078664 1553886 7523
2078664 1566434 7523
1246811 1560150 4329
1246811 1560170 4329
1560150 1246811 4329
1560150 1873509 4329
1560170 1246811 4329
1560170 1873509 4329
1873509 1560150 4329
1873509 1560170 4329
744790 1201076 2962
744790 1919244 2962
1201076 744790 2962
1201076 2375530 2962
1919244 744790 2962
1919244 2375530 2962
2375530 1201076 2962
2375530 1919244 2962
1083225 1409092 8751
1083225 1711228 8751
1409092 1083225 8751
1409092 2037095 8751
1711228 1083225 8751
1711228 2037095 8751
2037095 1409092 8751
2037095 1711228 8751
1403079 1553886 17934
1403079 1566434 17934
1553886 1403079 17934
1553886 1717241 17934
1566434 1403079 17934
1566434 1717241 17934
1717241 1553886 17934
1717241 1566434 17934
736960 1554408 95383
736960 1565912 95383
1554408 736960 95383
1554408 2383360 95383
1565912 736960 95383
1565912 2383360 95383
2383360 1554408 95383
2383360 1565912 95383
1196378 1448814 12375
1196378 1671506 12375
1448814 1196378 12375
1448814 1923942 12375
1671506 1196378 12375
1671506 1923942 12375
1923942 1448814 12375
1923942 1671506 12375
771964 1246279 2085
771964 1874041 2085
1246279 771964 2085
1246279 2348356 2085
1874041 771964 2085
1874041 2348356 2085
2348356 1246279 2085
2348356 1874041 2085
751325 1464243 2989
751325 1656077 2989
1464243 751325 2989
1464243 2368995 2989
1656077 751325 2989
1656077 2368995 2989
2368995 1464243 2989
2368995 1656077 2989
644958 1143064 8013
644958 1977256 8013
1143064 644958 8013
1143064 2475362 8013
1977256 644958 8013
1977256 2475362 8013
2475362 1143064 8013
2475362 1977256 8013
1379559 1553886 9778
1379559 1566434 9778
1553886 1379559 9778
1553886 1740761 9778
1566434 1379559 9778
1566434 1740761 9778
1740761 1553886 9778
1740761 1566434 9778
992538 1560150 4938
992538 1560170 4938
1560150 992538 4938
1560150 2127782 4938
1560170 992538 4938
1560170 2127782 4938
2127782 1560150 4938
2127782 1560170 4938
957253 1559889 2826
957253 1560431 2826
1559889 957253 2826
1559889 2163067 2826
1560431 957253 2826
1560431 2163067 2826
2163067 1559889 2826
2163067 1560431 2826
1104637 1411180 592
1104637 1709140 592
1411180 1104637 592
1411180 2015683 592
1709140 1104637 592
1709140 2015683 592
2015683 1411180 592
2015683 1709140 592
1143325 1440713 667
1143325 1679607 667
1440713 1143325 667
1440713 1976995 667
1679607 1143325 667
1679607 1976995 667
1976995 1440713 667
1976995 1679607 667
1133909 1438364 1504
1133909 1681956 1504
1438364 1133909 1504
1438364 1986411 1504
1681956 1133909 1504
1681956 1986411 1504
1986411 1438364 1504
1986411 1681956 1504
1185396 1452739 883
1185396 1667581 883
1452739 1185396 883
1452739 1934924 883
1667581 1185396 883
1667581 1934924 883
1934924 1452739 883
1934924 1667581 883
758633 1285479 2467
758633 1834841 2467
1285479 758633 2467
1285479 2361687 2467
1834841 758633 2467
1834841 2361687 2467
2361687 1285479 2467
2361687 1834841 2467
1171814 1446214 5681
1171814 1674106 5681
1446214 1171814 5681
1446214 1948506 5681
1674106 1171814 5681
1674106 1948506 5681
1948506 1446214 5681
1948506 1674106 5681
1344816 1554147 21068
1344816 1566173 21068
1554147 1344816 21068
1554147 1775504 21068
1566173 1344816 21068
1566173 1775504 21068
1775504 1554147 21068
1775504 1566173 21068
1164747 1433656 6072
1164747 1686664 6072
1433656 1164747 6072
1433656 1955573 6072
1686664 1164747 6072
1686664 1955573 6072
1955573 1433656 6072
1955573 1686664 6072
region corner 1 1
lambda -2879786
k 1
