199 50
784000
10000000
9984
1244944 1558170 3737
1244944 1562150 3737
1558170 1244944 3737
1558170 1875376 3737
1562150 1244944 3737
1562150 1875376 3737
1875376 1558170 3737
1875376 1562150 3737
1555384 1557374 15504
1555384 1562946 15504
1557374 1555384 15504
1557374 1564936 15504
1562946 1555384 15504
1562946 1564936 15504
1564936 1557374 15504
1564936 1562946 15504
542076 780876 131597
542076 2339444 131597
780876 542076 131597
780876 2578244 131597
2339444 542076 131597
2339444 2578244 131597
2578244 780876 131597
2578244 2339444 131597
518594 780876 21145
518594 2339444 21145
780876 518594 21145
780876 2601726 21145
2339444 518594 21145
2339444 2601726 21145
2601726 780876 21145
2601726 2339444 21145
1082958 1558170 7715
1082958 1562150 7715
1558170 1082958 7715
1558170 2037362 7715
1562150 1082958 7715
1562150 2037362 7715
2037362 1558170 7715
2037362 1562150 7715
782866 1289520 18456
782866 1830800 18456
1289520 782866 18456
1289520 2337454 18456
1830800 782866 18456
1830800 2337454 18456
2337454 1289520 18456
2337454 1830800 18456
782866 1350812 24886
782866 1769508 24886
1350812 782866 24886
1350812 2337454 24886
1769508 782866 24886
1769508 2337454 24886
2337454 1350812 24886
2337454 1769508 24886
1411200 1558052 4689
1411200 1562268 4689
1558052 1411200 4689
1558052 1709120 4689
1562268 1411200 4689
1562268 1709120 4689
1709120 1558052 4689
1709120 1562268 4689
783197 1505009 22284
783197 1615311 22284
1505009 783197 22284
1505009 2337123 22284
1615311 783197 22284
1615311 2337123 22284
2337123 1505009 22284
2337123 1615311 22284
781641 1380352 21816
781641 1739968 21816
1380352 781641 21816
1380352 2338679 21816
1739968 781641 21816
1739968 2338679 21816
2338679 1380352 21816
2338679 1739968 21816
898187 1560150 1044
898187 1560170 1044
1560150 898187 1044
1560150 2222133 1044
1560170 898187 1044
1560170 2222133 1044
2222133 1560150 1044
2222133 1560170 1044
1489600 1558845 1239
1489600 1561475 1239
1558845 1489600 1239
1558845 1630720 1239
1561475 1489600 1239
1561475 1630720 1239
1630720 1558845 1239
1630720 1561475 1239
773791 1253075 2571
773791 1867245 2571
1253075 773791 2571
1253075 2346529 2571
1867245 773791 2571
1867245 2346529 2571
2346529 1253075 2571
2346529 1867245 2571
775618 1277900 7090
775618 1842420 7090
1277900 775618 7090
1277900 2344702 7090
1842420 775618 7090
1842420 2344702 7090
2344702 1277900 7090
2344702 1842420 7090
783458 1552862 10860
783458 1567458 10860
1552862 783458 10860
1552862 2336862 10860
1567458 783458 10860
1567458 2336862 10860
2336862 1552862 10860
2336862 1567458 10860
783458 1064403 36447
783458 2055917 36447
1064403 783458 36447
1064403 2336862 36447
2055917 783458 36447
2055917 2336862 36447
2336862 1064403 36447
2336862 2055917 36447
1254380 1555181 5304
1254380 1565139 5304
1555181 1254380 5304
1555181 1865940 5304
1565139 1254380 5304
1565139 1865940 5304
1865940 1555181 5304
1865940 1565139 5304
783468 1397598 21775
783468 1722722 21775
1397598 783468 21775
1397598 2336852 21775
1722722 783468 21775
1722722 2336852 21775
2336852 1397598 21775
2336852 1722722 21775
635040 1560150 16350
635040 1560170 16350
1560150 635040 16350
1560150 2485280 16350
1560170 635040 16350
1560170 2485280 16350
2485280 1560150 16350
2485280 1560170 16350
1176000 1462145 579
1176000 1658175 579
1462145 1176000 579
1462145 1944320 579
1658175 1176000 579
1658175 1944320 579
1944320 1462145 579
1944320 1658175 579
747932 1419552 4665
747932 1700768 4665
1419552 747932 4665
1419552 2372388 4665
1700768 747932 4665
1700768 2372388 4665
2372388 1419552 4665
2372388 1700768 4665
761002 783719 1406
761002 2336601 1406
783719 761002 1406
783719 2359318 1406
2336601 761002 1406
2336601 2359318 1406
2359318 783719 1406
2359318 2336601 1406
783207 1421389 5368
783207 1698931 5368
1421389 783207 5368
1421389 2337113 5368
1698931 783207 5368
1698931 2337113 5368
2337113 1421389 5368
2337113 1698931 5368
783468 1429751 18385
783468 1690569 18385
1429751 783468 18385
1429751 2336852 18385
1690569 783468 18385
1690569 2336852 18385
2336852 1429751 18385
2336852 1690569 18385
1102549 1559889 793
1102549 1560431 793
1559889 1102549 793
1559889 2017771 793
1560431 1102549 793
1560431 2017771 793
2017771 1559889 793
2017771 1560431 793
783207 1334627 5443
783207 1785693 5443
1334627 783207 5443
1334627 2337113 5443
1785693 783207 5443
1785693 2337113 5443
2337113 1334627 5443
2337113 1785693 5443
1172326 1560150 5211
1172326 1560170 5211
1560150 1172326 5211
1560150 1947994 5211
1560170 1172326 5211
1560170 1947994 5211
1947994 1560150 5211
1947994 1560170 5211
763612 783458 35421
763612 2336862 35421
783458 763612 35421
783458 2356708 35421
2336862 763612 35421
2336862 2356708 35421
2356708 783458 35421
2356708 2336862 35421
493920 1553886 2438
493920 1566434 2438
1553886 493920 2438
1553886 2626400 2438
1566434 493920 2438
1566434 2626400 2438
2626400 1553886 2438
2626400 1566434 2438
878853 1560150 2575
878853 1560170 2575
1560150 878853 2575
1560150 2241467 2575
1560170 878853 2575
1560170 2241467 2575
2241467 1560150 2575
2241467 1560170 2575
783458 1031738 87361
783458 2088582 87361
1031738 783458 87361
1031738 2336862 87361
2088582 783458 87361
2088582 2336862 87361
2336862 1031738 87361
2336862 2088582 87361
776672 1215190 11483
776672 1905130 11483
1215190 776672 11483
1215190 2343648 11483
1905130 776672 11483
1905130 2343648 11483
2343648 1215190 11483
2343648 1905130 11483
1218854 1559889 3480
1218854 1560431 3480
1559889 1218854 3480
1559889 1901466 3480
1560431 1218854 3480
1560431 1901466 3480
1901466 1559889 3480
1901466 1560431 3480
781380 1534271 13705
781380 1586049 13705
1534271 781380 13705
1534271 2338940 13705
1586049 781380 13705
1586049 2338940 13705
2338940 1534271 13705
2338940 1586049 13705
1150894 1554147 4269
1150894 1566173 4269
1554147 1150894 4269
1554147 1969426 4269
1566173 1150894 4269
1566173 1969426 4269
1969426 1554147 4269
1969426 1566173 4269
779292 1509978 6845
779292 1610342 6845
1509978 779292 6845
1509978 2341028 6845
1610342 779292 6845
1610342 2341028 6845
2341028 1509978 6845
2341028 1610342 6845
781902 1501867 9694
781902 1618453 9694
1501867 781902 9694
1501867 2338418 9694
1618453 781902 9694
1618453 2338418 9694
2338418 1501867 9694
2338418 1618453 9694
770930 1233490 6460
770930 1886830 6460
1233490 770930 6460
1233490 2349390 6460
1886830 770930 6460
1886830 2349390 6460
2349390 1233490 6460
2349390 1886830 6460
1014482 1560150 376
1014482 1560170 376
1560150 1014482 376
1560150 2105838 376
1560170 1014482 376
1560170 2105838 376
2105838 1560150 376
2105838 1560170 376
783458 1134170 15953
783458 1986150 15953
1134170 783458 15953
1134170 2336862 15953
1986150 783458 15953
1986150 2336862 15953
2336862 1134170 15953
2336862 1986150 15953
1379840 1554428 23416
1379840 1565892 23416
1554428 1379840 23416
1554428 1740480 23416
1565892 1379840 23416
1565892 1740480 23416
1740480 1554428 23416
1740480 1565892 23416
782685 1496908 21750
782685 1623412 21750
1496908 782685 21750
1496908 2337635 21750
1623412 782685 21750
1623412 2337635 21750
2337635 1496908 21750
2337635 1623412 21750
758382 1459796 9921
758382 1660524 9921
1459796 758382 9921
1459796 2361938 9921
1660524 758382 9921
1660524 2361938 9921
2361938 1459796 9921
2361938 1660524 9921
781902 802280 2114
781902 2318040 2114
802280 781902 2114
802280 2338418 2114
2318040 781902 2114
2318040 2338418 2114
2338418 802280 2114
2338418 2318040 2114
1527997 1558062 315
1527997 1562258 315
1558062 1527997 315
1558062 1592323 315
1562258 1527997 315
1562258 1592323 315
1592323 1558062 315
1592323 1562258 315
751315 1170238 6692
751315 1950082 6692
1170238 751315 6692
1170238 2369005 6692
1950082 751315 6692
1950082 2369005 6692
2369005 1170238 6692
2369005 1950082 6692
1171031 1554669 949
1171031 1565651 949
1554669 1171031 949
1554669 1949289 949
1565651 1171031 949
1565651 1949289 949
1949289 1554669 949
1949289 1565651 949
782936 1547612 25444
782936 1572708 25444
1547612 782936 25444
1547612 2337384 25444
1572708 782936 25444
1572708 2337384 25444
2337384 1547612 25444
2337384 1572708 25444
1156124 1555452 10351
1156124 1564868 10351
1555452 1156124 10351
1555452 1964196 10351
1564868 1156124 10351
1564868 1964196 10351
1964196 1555452 10351
1964196 1564868 10351
1311097 1555442 10211
1311097 1564878 10211
1555442 1311097 10211
1555442 1809223 10211
1564878 1311097 10211
1564878 1809223 10211
1809223 1555442 10211
1809223 1564878 10211
1261447 1560150 2654
1261447 1560170 2654
1560150 1261447 2654
1560150 1858873 2654
1560170 1261447 2654
1560170 1858873 2654
1858873 1560150 2654
1858873 1560170 2654
782153 1450119 5256
782153 1670201 5256
1450119 782153 5256
1450119 2338167 5256
1670201 782153 5256
1670201 2338167 5256
2338167 1450119 5256
2338167 1670201 5256
771974 1203435 9630
771974 1916885 9630
1203435 771974 9630
1203435 2348346 9630
1916885 771974 9630
1916885 2348346 9630
2348346 1203435 9630
2348346 1916885 9630
777716 1226172 16803
777716 1894148 16803
1226172 777716 16803
1226172 2342604 16803
1894148 777716 16803
1894148 2342604 16803
2342604 1226172 16803
2342604 1894148 16803
780848 972140 16002
780848 2148180 16002
972140 780848 16002
972140 2339472 16002
2148180 780848 16002
2148180 2339472 16002
2339472 972140 16002
2339472 2148180 16002
783458 1387660 12359
783458 1732660 12359
1387660 783458 12359
1387660 2336862 12359
1732660 783458 12359
1732660 2336862 12359
2336862 1387660 12359
2336862 1732660 12359
783458 1080605 46937
783458 2039715 46937
1080605 783458 46937
1080605 2336862 46937
2039715 783458 46937
2039715 2336862 46937
2336862 1080605 46937
2336862 2039715 46937
861868 1559106 6261
861868 1561214 6261
1559106 861868 6261
1559106 2258452 6261
1561214 861868 6261
1561214 2258452 6261
2258452 1559106 6261
2258452 1561214 6261
782685 855855 25189
782685 2264465 25189
855855 782685 25189
855855 2337635 25189
2264465 782685 25189
2264465 2337635 25189
2337635 855855 25189
2337635 2264465 25189
1199520 1559106 17247
1199520 1561214 17247
1559106 1199520 17247
1559106 1920800 17247
1561214 1199520 17247
1561214 1920800 17247
1920800 1559106 17247
1920800 1561214 17247
783458 831020 4471
783458 2289300 4471
831020 783458 4471
831020 2336862 4471
2289300 783458 4471
2289300 2336862 4471
2336862 831020 4471
2336862 2289300 4471
1455098 1560150 3519
1455098 1560170 3519
1560150 1455098 3519
1560150 1665222 3519
1560170 1455098 3519
1560170 1665222 3519
1665222 1560150 3519
1665222 1560170 3519
1473378 1559357 1796
1473378 1560963 1796
1559357 1473378 1796
1559357 1646942 1796
1560963 1473378 1796
1560963 1646942 1796
1646942 1559357 1796
1646942 1560963 1796
776682 1150894 8323
776682 1969426 8323
1150894 776682 8323
1150894 2343638 8323
1969426 776682 8323
1969426 2343638 8323
2343638 1150894 8323
2343638 1969426 8323
863183 1559618 3731
863183 1560702 3731
1559618 863183 3731
1559618 2257137 3731
1560702 863183 3731
1560702 2257137 3731
2257137 1559618 3731
2257137 1560702 3731
487385 781631 40783
487385 2338689 40783
781631 487385 40783
781631 2632935 40783
2338689 487385 40783
2338689 2632935 40783
2632935 781631 40783
2632935 2338689 40783
1465799 1557008 3951
1465799 1563312 3951
1557008 1465799 3951
1557008 1654521 3951
1563312 1465799 3951
1563312 1654521 3951
1654521 1557008 3951
1654521 1563312 3951
768320 1265372 7972
768320 1854948 7972
1265372 768320 7972
1265372 2352000 7972
1854948 768320 7972
1854948 2352000 7972
2352000 1265372 7972
2352000 1854948 7972
655679 1141227 19899
655679 1979093 19899
1141227 655679 19899
1141227 2464641 19899
1979093 655679 19899
1979093 2464641 19899
2464641 1141227 19899
2464641 1979093 19899
769103 1261437 1879
769103 1858883 1879
1261437 769103 1879
1261437 2351217 1879
1858883 769103 1879
1858883 2351217 1879
2351217 1261437 1879
2351217 1858883 1879
776160 1233219 12471
776160 1887101 12471
1233219 776160 12471
1233219 2344160 12471
1887101 776160 12471
1887101 2344160 12471
2344160 1233219 12471
2344160 1887101 12471
743224 1170238 5231
743224 1950082 5231
1170238 743224 5231
1170238 2377096 5231
1950082 743224 5231
1950082 2377096 5231
2377096 1170238 5231
2377096 1950082 5231
1060227 1560140 67
1060227 1560180 67
1560140 1060227 67
1560140 2060093 67
1560180 1060227 67
1560180 2060093 67
2060093 1560140 67
2060093 1560180 67
773269 784512 10860
773269 2335808 10860
784512 773269 10860
784512 2347051 10860
2335808 773269 10860
2335808 2347051 10860
2347051 784512 10860
2347051 2335808 10860
783458 1319720 24166
783458 1800600 24166
1319720 783458 24166
1319720 2336862 24166
1800600 783458 24166
1800600 2336862 24166
2336862 1319720 24166
2336862 1800600 24166
765178 1411200 207
765178 1709120 207
1411200 765178 207
1411200 2355142 207
1709120 765178 207
1709120 2355142 207
2355142 1411200 207
2355142 1709120 207
1098644 1422945 743
1098644 1697375 743
1422945 1098644 743
1422945 2021676 743
1697375 1098644 743
1697375 2021676 743
2021676 1422945 743
2021676 1697375 743
783458 1426860 18840
783458 1693460 18840
1426860 783458 18840
1426860 2336862 18840
1693460 783458 18840
1693460 2336862 18840
2336862 1426860 18840
2336862 1693460 18840
730686 1115619 33898
730686 2004701 33898
1115619 730686 33898
1115619 2389634 33898
2004701 730686 33898
2004701 2389634 33898
2389634 1115619 33898
2389634 2004701 33898
1308487 1560150 439
1308487 1560170 439
1560150 1308487 439
1560150 1811833 439
1560170 1308487 439
1560170 1811833 439
1811833 1560150 439
1811833 1560170 439
877277 1559096 3034
877277 1561224 3034
1559096 877277 3034
1559096 2243043 3034
1561224 877277 3034
1561224 2243043 3034
2243043 1559096 3034
2243043 1561224 3034
1119012 1431578 6356
1119012 1688742 6356
1431578 1119012 6356
1431578 2001308 6356
1688742 1119012 6356
1688742 2001308 6356
2001308 1431578 6356
2001308 1688742 6356
1205523 1555181 17547
1205523 1565139 17547
1555181 1205523 17547
1555181 1914797 17547
1565139 1205523 17547
1565139 1914797 17547
1914797 1555181 17547
1914797 1565139 17547
780848 1416671 5280
780848 1703649 5280
1416671 780848 5280
1416671 2339472 5280
1703649 780848 5280
1703649 2339472 5280
2339472 1416671 5280
2339472 1703649 5280
916999 1560150 1262
916999 1560170 1262
1560150 916999 1262
1560150 2203321 1262
1560170 916999 1262
1560170 2203321 1262
2203321 1560150 1262
2203321 1560170 1262
1109084 1419020 1202
1109084 1701300 1202
1419020 1109084 1202
1419020 2011236 1202
1701300 1109084 1202
1701300 2011236 1202
2011236 1419020 1202
2011236 1701300 1202
1291231 1553876 9577
1291231 1566444 9577
1553876 1291231 9577
1553876 1829089 9577
1566444 1291231 9577
1566444 1829089 9577
1829089 1553876 9577
1829089 1566444 9577
1214668 1559889 2132
1214668 1560431 2132
1559889 1214668 2132
1559889 1905652 2132
1560431 1214668 2132
1560431 1905652 2132
1905652 1559889 2132
1905652 1560431 2132
1184362 1555211 7783
1184362 1565109 7783
1555211 1184362 7783
1555211 1935958 7783
1565109 1184362 7783
1565109 1935958 7783
1935958 1555211 7783
1935958 1565109 7783
1430012 1553886 2441
1430012 1566434 2441
1553886 1430012 2441
1553886 1690308 2441
1566434 1430012 2441
1566434 1690308 2441
1690308 1553886 2441
1690308 1566434 2441
751847 1420867 2953
751847 1699453 2953
1420867 751847 2953
1420867 2368473 2953
1699453 751847 2953
1699453 2368473 2953
2368473 1420867 2953
2368473 1699453 2953
1095492 1555733 12296
1095492 1564587 12296
1555733 1095492 12296
1555733 2024828 12296
1564587 1095492 12296
1564587 2024828 12296
2024828 1555733 12296
2024828 1564587 12296
1022593 1560150 2465
1022593 1560170 2465
1560150 1022593 2465
1560150 2097727 2465
1560170 1022593 2465
1560170 2097727 2465
2097727 1560150 2465
2097727 1560170 2465
660126 782424 62665
660126 2337896 62665
782424 660126 62665
782424 2460194 62665
2337896 660126 62665
2337896 2460194 62665
2460194 782424 62665
2460194 2337896 62665
783207 1017624 36801
783207 2102696 36801
1017624 783207 36801
1017624 2337113 36801
2102696 783207 36801
2102696 2337113 36801
2337113 1017624 36801
2337113 2102696 36801
782424 829725 4994
782424 2290595 4994
829725 782424 4994
829725 2337896 4994
2290595 782424 4994
2290595 2337896 4994
2337896 829725 4994
2337896 2290595 4994
1189843 1556496 17980
1189843 1563824 17980
1556496 1189843 17980
1556496 1930477 17980
1563824 1189843 17980
1563824 1930477 17980
1930477 1556496 17980
1930477 1563824 17980
775889 1427141 9784
775889 1693179 9784
1427141 775889 9784
1427141 2344431 9784
1693179 775889 9784
1693179 2344431 9784
2344431 1427141 9784
2344431 1693179 9784
1076941 1560150 2120
1076941 1560170 2120
1560150 1076941 2120
1560150 2043379 2120
1560170 1076941 2120
1560170 2043379 2120
2043379 1560150 2120
2043379 1560170 2120
776150 1252824 22266
776150 1867496 22266
1252824 776150 22266
1252824 2344170 22266
1867496 776150 22266
1867496 2344170 22266
2344170 1252824 22266
2344170 1867496 22266
752901 1196900 31
752901 1923420 31
1196900 752901 31
1196900 2367419 31
1923420 752901 31
1923420 2367419 31
2367419 1196900 31
2367419 1923420 31
783468 870752 6103
783468 2249568 6103
870752 783468 6103
870752 2336852 6103
2249568 783468 6103
2249568 2336852 6103
2336852 870752 6103
2336852 2249568 6103
603680 783207 123084
603680 2337113 123084
783207 603680 123084
783207 2516640 123084
2337113 603680 123084
2337113 2516640 123084
2516640 783207 123084
2516640 2337113 123084
783458 1550744 13901
783458 1569576 13901
1550744 783458 13901
1550744 2336862 13901
1569576 783458 13901
1569576 2336862 13901
2336862 1550744 13901
2336862 1569576 13901
782946 1323123 13060
782946 1797197 13060
1323123 782946 13060
1323123 2337374 13060
1797197 782946 13060
1797197 2337374 13060
2337374 1323123 13060
2337374 1797197 13060
1194280 1557038 913
1194280 1563282 913
1557038 1194280 913
1557038 1926040 913
1563282 1194280 913
1563282 1926040 913
1926040 1557038 913
1926040 1563282 913
872840 1559628 5214
872840 1560692 5214
1559628 872840 5214
1559628 2247480 5214
1560692 872840 5214
1560692 2247480 5214
2247480 1559628 5214
2247480 1560692 5214
781892 1412495 13060
781892 1707825 13060
1412495 781892 13060
1412495 2338428 13060
1707825 781892 13060
1707825 2338428 13060
2338428 1412495 13060
2338428 1707825 13060
886703 1559367 2850
886703 1560953 2850
1559367 886703 2850
1559367 2233617 2850
1560953 886703 2850
1560953 2233617 2850
2233617 1559367 2850
2233617 1560953 2850
781380 1205784 2114
781380 1914536 2114
1205784 781380 2114
1205784 2338940 2114
1914536 781380 2114
1914536 2338940 2114
2338940 1205784 2114
2338940 1914536 2114
783197 1479652 12761
783197 1640668 12761
1479652 783197 12761
1479652 2337123 12761
1640668 783197 12761
1640668 2337123 12761
2337123 1479652 12761
2337123 1640668 12761
1137312 1555452 1046
1137312 1564868 1046
1555452 1137312 1046
1555452 1983008 1046
1564868 1137312 1046
1564868 1983008 1046
1983008 1555452 1046
1983008 1564868 1046
746095 1109877 10966
746095 2010443 10966
1109877 746095 10966
1109877 2374225 10966
2010443 746095 10966
2010443 2374225 10966
2374225 1109877 10966
2374225 2010443 10966
777194 1270592 9522
777194 1849728 9522
1270592 777194 9522
1270592 2343126 9522
1849728 777194 9522
1849728 2343126 9522
2343126 1270592 9522
2343126 1849728 9522
763351 1208926 2568
763351 1911394 2568
1208926 763351 2568
1208926 2356969 2568
1911394 763351 2568
1911394 2356969 2568
2356969 1208926 2568
2356969 1911394 2568
760480 1105701 7593
760480 2014619 7593
1105701 760480 7593
1105701 2359840 7593
2014619 760480 7593
2014619 2359840 7593
2359840 1105701 7593
2359840 2014619 7593
754989 1442811 2092
754989 1677509 2092
1442811 754989 2092
1442811 2365331 2092
1677509 754989 2092
1677509 2365331 2092
2365331 1442811 2092
2365331 1677509 2092
722053 1117968 4207
722053 2002352 4207
1117968 722053 4207
1117968 2398267 4207
2002352 722053 4207
2002352 2398267 4207
2398267 1117968 4207
2398267 2002352 4207
1021017 1554930 7848
1021017 1565390 7848
1554930 1021017 7848
1554930 2099303 7848
1565390 1021017 7848
1565390 2099303 7848
2099303 1554930 7848
2099303 1565390 7848
1242364 1560150 864
1242364 1560170 864
1560150 1242364 864
1560150 1877956 864
1560170 1242364 864
1560170 1877956 864
1877956 1560150 864
1877956 1560170 864
556640 783458 54740
556640 2336862 54740
783458 556640 54740
783458 2563680 54740
2336862 556640 54740
2336862 2563680 54740
2563680 783458 54740
2563680 2336862 54740
777716 1385311 3183
777716 1735009 3183
1385311 777716 3183
1385311 2342604 3183
1735009 777716 3183
1735009 2342604 3183
2342604 1385311 3183
2342604 1735009 3183
752098 1433395 8458
752098 1686925 8458
1433395 752098 8458
1433395 2368222 8458
1686925 752098 8458
1686925 2368222 8458
2368222 1433395 8458
2368222 1686925 8458
769886 1335410 7112
769886 1784910 7112
1335410 769886 7112
1335410 2350434 7112
1784910 769886 7112
1784910 2350434 7112
2350434 1335410 7112
2350434 1784910 7112
564480 783197 27936
564480 2337123 27936
783197 564480 27936
783197 2555840 27936
2337123 564480 27936
2337123 2555840 27936
2555840 783197 27936
2555840 2337123 27936
782685 883300 3895
782685 2237020 3895
883300 782685 3895
883300 2337635 3895
2237020 782685 3895
2237020 2337635 3895
2337635 883300 3895
2337635 2237020 3895
476664 782675 20193
476664 2337645 20193
782675 476664 20193
782675 2643656 20193
2337645 476664 20193
2337645 2643656 20193
2643656 782675 20193
2643656 2337645 20193
780326 1527475 14499
780326 1592845 14499
1527475 780326 14499
1527475 2339994 14499
1592845 780326 14499
1592845 2339994 14499
2339994 1527475 14499
2339994 1592845 14499
1271636 1554950 15305
1271636 1565370 15305
1554950 1271636 15305
1554950 1848684 15305
1565370 1271636 15305
1565370 1848684 15305
1848684 1554950 15305
1848684 1565370 15305
783197 1405448 19335
783197 1714872 19335
1405448 783197 19335
1405448 2337123 19335
1714872 783197 19335
1714872 2337123 19335
2337123 1405448 19335
2337123 1714872 19335
1513100 1553645 4231
1513100 1566675 4231
1553645 1513100 4231
1553645 1607220 4231
1566675 1513100 4231
1566675 1607220 4231
1607220 1553645 4231
1607220 1566675 4231
782163 925120 1786
782163 2195200 1786
925120 782163 1786
925120 2338157 1786
2195200 782163 1786
2195200 2338157 1786
2338157 925120 1786
2338157 2195200 1786
1104115 1560150 2256
1104115 1560170 2256
1560150 1104115 2256
1560150 2016205 2256
1560170 1104115 2256
1560170 2016205 2256
2016205 1560150 2256
2016205 1560170 2256
783458 1423989 20647
783458 1696331 20647
1423989 783458 20647
1423989 2336862 20647
1696331 783458 20647
1696331 2336862 20647
2336862 1423989 20647
2336862 1696331 20647
780075 1238449 13046
780075 1881871 13046
1238449 780075 13046
1238449 2340245 13046
1881871 780075 13046
1881871 2340245 13046
2340245 1238449 13046
2340245 1881871 13046
782946 1042720 54386
782946 2077600 54386
1042720 782946 54386
1042720 2337374 54386
2077600 782946 54386
2077600 2337374 54386
2337374 1042720 54386
2337374 2077600 54386
775889 1208916 19696
775889 1911404 19696
1208916 775889 19696
1208916 2344431 19696
1911404 775889 19696
1911404 2344431 19696
2344431 1208916 19696
2344431 1911404 19696
999334 1558343 1070
999334 1561977 1070
1558343 999334 1070
1558343 2120986 1070
1561977 999334 1070
1561977 2120986 1070
2120986 1558343 1070
2120986 1561977 1070
1317100 1554147 443
1317100 1566173 443
1554147 1317100 443
1554147 1803220 443
1566173 1317100 443
1566173 1803220 443
1803220 1554147 443
1803220 1566173 443
713169 1340640 1761
713169 1779680 1761
1340640 713169 1761
1340640 2407151 1761
1779680 713169 1761
1779680 2407151 1761
2407151 1340640 1761
2407151 1779680 1761
782424 1219376 11292
782424 1900944 11292
1219376 782424 11292
1219376 2337896 11292
1900944 782424 11292
1900944 2337896 11292
2337896 1219376 11292
2337896 1900944 11292
1433405 1558584 13550
1433405 1561736 13550
1558584 1433405 13550
1558584 1686915 13550
1561736 1433405 13550
1561736 1686915 13550
1686915 1558584 13550
1686915 1561736 13550
779021 1065698 26250
779021 2054622 26250
1065698 779021 26250
1065698 2341299 26250
2054622 779021 26250
2054622 2341299 26250
2341299 1065698 26250
2341299 2054622 26250
860302 1560150 583
860302 1560170 583
1560150 860302 583
1560150 2260018 583
1560170 860302 583
1560170 2260018 583
2260018 1560150 583
2260018 1560170 583
892706 1556235 2354
892706 1564085 2354
1556235 892706 2354
1556235 2227614 2354
1564085 892706 2354
1564085 2227614 2354
2227614 1556235 2354
2227614 1564085 2354
734330 1386626 3068
734330 1733694 3068
1386626 734330 3068
1386626 2385990 3068
1733694 734330 3068
1733694 2385990 3068
2385990 1386626 3068
2385990 1733694 3068
783197 1099688 34899
783197 2020632 34899
1099688 783197 34899
1099688 2337123 34899
2020632 783197 34899
2020632 2337123 34899
2337123 1099688 34899
2337123 2020632 34899
1072243 1560150 1572
1072243 1560170 1572
1560150 1072243 1572
1560150 2048077 1572
1560170 1072243 1572
1560170 2048077 1572
2048077 1560150 1572
2048077 1560170 1572
782936 997758 13936
782936 2122562 13936
997758 782936 13936
997758 2337384 13936
2122562 782936 13936
2122562 2337384 13936
2337384 997758 13936
2337384 2122562 13936
769354 1224084 2088
769354 1896236 2088
1224084 769354 2088
1224084 2350966 2088
1896236 769354 2088
1896236 2350966 2088
2350966 1224084 2088
2350966 1896236 2088
912050 1556255 820
912050 1564065 820
1556255 912050 820
1556255 2208270 820
1564065 912050 820
1564065 2208270 820
2208270 1556255 820
2208270 1564065 820
635040 1146979 2014
635040 1973341 2014
1146979 635040 2014
1146979 2485280 2014
1973341 635040 2014
1973341 2485280 2014
2485280 1146979 2014
2485280 1973341 2014
753674 1199520 7936
753674 1920800 7936
1199520 753674 7936
1199520 2366646 7936
1920800 753674 7936
1920800 2366646 7936
2366646 1199520 7936
2366646 1920800 7936
783458 1297515 13596
783458 1822805 13596
1297515 783458 13596
1297515 2336862 13596
1822805 783458 13596
1822805 2336862 13596
2336862 1297515 13596
2336862 1822805 13596
1305094 1557540 11565
1305094 1562780 11565
1557540 1305094 11565
1557540 1815226 11565
1562780 1305094 11565
1562780 1815226 11565
1815226 1557540 11565
1815226 1562780 11565
1401252 1555713 5256
1401252 1564607 5256
1555713 1401252 5256
1555713 1719068 5256
1564607 1401252 5256
1564607 1719068 5256
1719068 1555713 5256
1719068 1564607 5256
1041927 1560150 3801
1041927 1560170 3801
1560150 1041927 3801
1560150 2078393 3801
1560170 1041927 3801
1560170 2078393 3801
2078393 1560150 3801
2078393 1560170 3801
766995 1471822 2056
766995 1648498 2056
1471822 766995 2056
1471822 2353325 2056
1648498 766995 2056
1648498 2353325 2056
2353325 1471822 2056
2353325 1648498 2056
763602 1273463 7585
763602 1846857 7585
1273463 763602 7585
1273463 2356718 7585
1846857 763602 7585
1846857 2356718 7585
2356718 1273463 7585
2356718 1846857 7585
771974 1365977 2578
771974 1754343 2578
1365977 771974 2578
1365977 2348346 2578
1754343 771974 2578
1754343 2348346 2578
2348346 1365977 2578
2348346 1754343 2578
775618 1304562 6625
775618 1815758 6625
1304562 775618 6625
1304562 2344702 6625
1815758 775618 6625
1815758 2344702 6625
2344702 1304562 6625
2344702 1815758 6625
1152480 1446736 8141
1152480 1673584 8141
1446736 1152480 8141
1446736 1967840 8141
1673584 1152480 8141
1673584 1967840 8141
1967840 1446736 8141
1967840 1673584 8141
463865 783458 24341
463865 2336862 24341
783458 463865 24341
783458 2656455 24341
2336862 463865 24341
2336862 2656455 24341
2656455 783458 24341
2656455 2336862 24341
721280 736428 17320
721280 2383892 17320
736428 721280 17320
736428 2399040 17320
2383892 721280 17320
2383892 2399040 17320
2399040 736428 17320
2399040 2383892 17320
754457 1169716 1685
754457 1950604 1685
1169716 754457 1685
1169716 2365863 1685
1950604 754457 1685
1950604 2365863 1685
2365863 1169716 1685
2365863 1950604 1685
870240 1559889 960
870240 1560431 960
1559889 870240 960
1559889 2250080 960
1560431 870240 960
1560431 2250080 960
2250080 1559889 960
2250080 1560431 960
1558323 1560150 6364
1558323 1560170 6364
1560150 1558323 6364
1560150 1561997 6364
1560170 1558323 6364
1560170 1561997 6364
1561997 1560150 6364
1561997 1560170 6364
783458 1524614 10983
783458 1595706 10983
1524614 783458 10983
1524614 2336862 10983
1595706 783458 10983
1595706 2336862 10983
2336862 1524614 10983
2336862 1595706 10983
893750 1560150 1234
893750 1560170 1234
1560150 893750 1234
1560150 2226570 1234
1560170 893750 1234
1560170 2226570 1234
2226570 1560150 1234
2226570 1560170 1234
776140 1398120 9951
776140 1722200 9951
1398120 776140 9951
1398120 2344180 9951
1722200 776140 9951
1722200 2344180 9951
2344180 1398120 9951
2344180 1722200 9951
692781 1129472 34300
692781 1990848 34300
1129472 692781 34300
1129472 2427539 34300
1990848 692781 34300
1990848 2427539 34300
2427539 1129472 34300
2427539 1990848 34300
783458 1325733 11354
783458 1794587 11354
1325733 783458 11354
1325733 2336862 11354
1794587 783458 11354
1794587 2336862 11354
2336862 1325733 11354
2336862 1794587 11354
1294383 1560150 6852
1294383 1560170 6852
1560150 1294383 6852
1560150 1825937 6852
1560170 1294383 6852
1560170 1825937 6852
1825937 1560150 6852
1825937 1560170 6852
779543 1304040 7406
779543 1816280 7406
1304040 779543 7406
1304040 2340777 7406
1816280 779543 7406
1816280 2340777 7406
2340777 1304040 7406
2340777 1816280 7406
1050560 1553645 6720
1050560 1566675 6720
1553645 1050560 6720
1553645 2069760 6720
1566675 1050560 6720
1566675 2069760 6720
2069760 1553645 6720
2069760 1566675 6720
782936 1354473 12305
782936 1765847 12305
1354473 782936 12305
1354473 2337384 12305
1765847 782936 12305
1765847 2337384 12305
2337384 1354473 12305
2337384 1765847 12305
493920 780848 9101
493920 2339472 9101
780848 493920 9101
780848 2626400 9101
2339472 493920 9101
2339472 2626400 9101
2626400 780848 9101
2626400 2339472 9101
781892 1375644 20694
781892 1744676 20694
1375644 781892 20694
1375644 2338428 20694
1744676 781892 20694
1744676 2338428 20694
2338428 1375644 20694
2338428 1744676 20694
744800 1554930 84257
744800 1565390 84257
1554930 744800 84257
1554930 2375520 84257
1565390 744800 84257
1565390 2375520 84257
2375520 1554930 84257
2375520 1565390 84257
705600 1556757 15462
705600 1563563 15462
1556757 705600 15462
1556757 2414720 15462
1563563 705600 15462
1563563 2414720 15462
2414720 1556757 15462
2414720 1563563 15462
1530366 1557821 2797
1530366 1562499 2797
1557821 1530366 2797
1557821 1589954 2797
1562499 1530366 2797
1562499 1589954 2797
1589954 1557821 2797
1589954 1562499 2797
782675 1066220 22626
782675 2054100 22626
1066220 782675 22626
1066220 2337645 22626
2054100 782675 22626
2054100 2337645 22626
2337645 1066220 22626
2337645 2054100 22626
781892 1536098 10904
781892 1584222 10904
1536098 781892 10904
1536098 2338428 10904
1584222 781892 10904
1584222 2338428 10904
2338428 1536098 10904
2338428 1584222 10904
1135736 1554147 9296
1135736 1566173 9296
1554147 1135736 9296
1554147 1984584 9296
1566173 1135736 9296
1566173 1984584 9296
1984584 1554147 9296
1984584 1566173 9296
776933 1511012 9324
776933 1609308 9324
1511012 776933 9324
1511012 2343387 9324
1609308 776933 9324
1609308 2343387 9324
2343387 1511012 9324
2343387 1609308 9324
417076 782675 16151
417076 2337645 16151
782675 417076 16151
782675 2703244 16151
2337645 417076 16151
2337645 2703244 16151
2703244 782675 16151
2703244 2337645 16151
774052 1189572 5571
774052 1930748 5571
1189572 774052 5571
1189572 2346268 5571
1930748 774052 5571
1930748 2346268 5571
2346268 1189572 5571
2346268 1930748 5571
767778 1211536 7176
767778 1908784 7176
1211536 767778 7176
1211536 2352542 7176
1908784 767778 7176
1908784 2352542 7176
2352542 1211536 7176
2352542 1908784 7176
782424 810120 12932
782424 2310200 12932
810120 782424 12932
810120 2337896 12932
2310200 782424 12932
2310200 2337896 12932
2337896 810120 12932
2337896 2310200 12932
1183037 1558584 15145
1183037 1561736 15145
1558584 1183037 15145
1558584 1937283 15145
1561736 1183037 15145
1561736 1937283 15145
1937283 1558584 15145
1937283 1561736 15145
1182776 1558574 6034
1182776 1561746 6034
1558574 1182776 6034
1558574 1937544 6034
1561746 1182776 6034
1561746 1937544 6034
1937544 1558574 6034
1937544 1561746 6034
1280530 1557299 10559
1280530 1563021 10559
1557299 1280530 10559
1557299 1839790 10559
1563021 1280530 10559
1563021 1839790 10559
1839790 1557299 10559
1839790 1563021 10559
776933 1390280 3113
776933 1730040 3113
1390280 776933 3113
1390280 2343387 3113
1730040 776933 3113
1730040 2343387 3113
2343387 1390280 3113
2343387 1730040 3113
884605 1559648 1596
884605 1560672 1596
1559648 884605 1596
1559648 2235715 1596
1560672 884605 1596
1560672 2235715 1596
2235715 1559648 1596
2235715 1560672 1596
902122 1559879 1016
902122 1560441 1016
1559879 902122 1016
1559879 2218198 1016
1560441 902122 1016
1560441 2218198 1016
2218198 1559879 1016
2218198 1560441 1016
858475 1558835 4168
858475 1561485 4168
1558835 858475 4168
1558835 2261845 4168
1561485 858475 4168
1561485 2261845 4168
2261845 1558835 4168
2261845 1561485 4168
777977 1536891 528
777977 1583429 528
1536891 777977 528
1536891 2342343 528
1583429 777977 528
1583429 2342343 528
2342343 1536891 528
2342343 1583429 528
1266155 1559879 5070
1266155 1560441 5070
1559879 1266155 5070
1559879 1854165 5070
1560441 1266155 5070
1560441 1854165 5070
1854165 1559879 5070
1854165 1560441 5070
765951 1252302 1251
765951 1868018 1251
1252302 765951 1251
1252302 2354369 1251
1868018 765951 1251
1868018 2354369 1251
2354369 1252302 1251
2354369 1868018 1251
771442 1489600 2048
771442 1630720 2048
1489600 771442 2048
1489600 2348878 2048
1630720 771442 2048
1630720 2348878 2048
2348878 1489600 2048
2348878 1630720 2048
772747 1266938 1209
772747 1853382 1209
1266938 772747 1209
1266938 2347573 1209
1853382 772747 1209
1853382 2347573 1209
2347573 1266938 1209
2347573 1853382 1209
781641 987559 17850
781641 2132761 17850
987559 781641 17850
987559 2338679 17850
2132761 781641 17850
2132761 2338679 17850
2338679 987559 17850
2338679 2132761 17850
454720 782685 25286
454720 2337635 25286
782685 454720 25286
782685 2665600 25286
2337635 454720 25286
2337635 2665600 25286
2665600 782685 25286
2665600 2337635 25286
1115619 1554398 4486
1115619 1565922 4486
1554398 1115619 4486
1554398 2004701 4486
1565922 1115619 4486
1565922 2004701 4486
2004701 1554398 4486
2004701 1565922 4486
763341 1480435 5849
763341 1639885 5849
1480435 763341 5849
1480435 2356979 5849
1639885 763341 5849
1639885 2356979 5849
2356979 1480435 5849
2356979 1639885 5849
783207 1053160 51230
783207 2067160 51230
1053160 783207 51230
1053160 2337113 51230
2067160 783207 51230
2067160 2337113 51230
2337113 1053160 51230
2337113 2067160 51230
1108562 1560150 46
1108562 1560170 46
1560150 1108562 46
1560150 2011758 46
1560170 1108562 46
1560170 2011758 46
2011758 1560150 46
2011758 1560170 46
780858 1420596 910
780858 1699724 910
1420596 780858 910
1420596 2339462 910
1699724 780858 910
1699724 2339462 910
2339462 1420596 910
2339462 1699724 910
782163 1363106 20417
782163 1757214 20417
1363106 782163 20417
1363106 2338157 20417
1757214 782163 20417
1757214 2338157 20417
2338157 1363106 20417
2338157 1757214 20417
772496 1305616 4477
772496 1814704 4477
1305616 772496 4477
1305616 2347824 4477
1814704 772496 4477
1814704 2347824 4477
2347824 1305616 4477
2347824 1814704 4477
782153 1214146 2362
782153 1906174 2362
1214146 782153 2362
1214146 2338167 2362
1906174 782153 2362
1906174 2338167 2362
2338167 1214146 2362
2338167 1906174 2362
758904 1279737 3752
758904 1840583 3752
1279737 758904 3752
1279737 2361416 3752
1840583 758904 3752
1840583 2361416 3752
2361416 1279737 3752
2361416 1840583 3752
782163 1313717 6414
782163 1806603 6414
1313717 782163 6414
1313717 2338157 6414
1806603 782163 6414
1806603 2338157 6414
2338157 1313717 6414
2338157 1806603 6414
776160 1390280 178
776160 1730040 178
1390280 776160 178
1390280 2344160 178
1730040 776160 178
1730040 2344160 178
2344160 1390280 178
2344160 1730040 178
1127113 1433134 13943
1127113 1687186 13943
1433134 1127113 13943
1433134 1993207 13943
1687186 1127113 13943
1687186 1993207 13943
1993207 1433134 13943
1993207 1687186 13943
782946 1341413 19519
782946 1778907 19519
1341413 782946 19519
1341413 2337374 19519
1778907 782946 19519
1778907 2337374 19519
2337374 1341413 19519
2337374 1778907 19519
589040 1560160 5252
1560160 589040 5252
1560160 2531280 5252
2531280 1560160 5252
737892 778090 18707
737892 2342230 18707
778090 737892 18707
778090 2382428 18707
2342230 737892 18707
2342230 2382428 18707
2382428 778090 18707
2382428 2342230 18707
778488 778488 35456
778488 2341832 35456
2341832 778488 35456
2341832 2341832 35456
779031 1371458 2159
779031 1748862 2159
1371458 779031 2159
1371458 2341289 2159
1748862 779031 2159
1748862 2341289 2159
2341289 1371458 2159
2341289 1748862 2159
1289675 1560150 3882
1289675 1560170 3882
1560150 1289675 3882
1560150 1830645 3882
1560170 1289675 3882
1560170 1830645 3882
1830645 1560150 3882
1830645 1560170 3882
780326 1518591 19143
780326 1601729 19143
1518591 780326 19143
1518591 2339994 19143
1601729 780326 19143
1601729 2339994 19143
2339994 1518591 19143
2339994 1601729 19143
777716 1247604 9397
777716 1872716 9397
1247604 777716 9397
1247604 2342604 9397
1872716 777716 9397
1872716 2342604 9397
2342604 1247604 9397
2342604 1872716 9397
752640 752640 11550
752640 2367680 11550
2367680 752640 11550
2367680 2367680 11550
713440 713440 9520
713440 2406880 9520
2406880 713440 9520
2406880 2406880 9520
782153 850625 1771
782153 2269695 1771
850625 782153 1771
850625 2338167 1771
2269695 782153 1771
2269695 2338167 1771
2338167 850625 1771
2338167 2269695 1771
781641 1404655 10574
781641 1715665 10574
1404655 781641 10574
1404655 2338679 10574
1715665 781641 10574
1715665 2338679 10574
2338679 1404655 10574
2338679 1715665 10574
782153 1340620 2467
782153 1779700 2467
1340620 782153 2467
1340620 2338167 2467
1779700 782153 2467
1779700 2338167 2467
2338167 1340620 2467
2338167 1779700 2467
768320 1356320 6377
768320 1764000 6377
1356320 768320 6377
1356320 2352000 6377
1764000 768320 6377
1764000 2352000 6377
2352000 1356320 6377
2352000 1764000 6377
1421379 1557540 5860
1421379 1562780 5860
1557540 1421379 5860
1557540 1698941 5860
1562780 1421379 5860
1562780 1698941 5860
1698941 1557540 5860
1698941 1562780 5860
728327 1560150 4959
728327 1560170 4959
1560150 728327 4959
1560150 2391993 4959
1560170 728327 4959
1560170 2391993 4959
2391993 1560150 4959
2391993 1560170 4959
1230087 1559387 3175
1230087 1560933 3175
1559387 1230087 3175
1559387 1890233 3175
1560933 1230087 3175
1560933 1890233 3175
1890233 1559387 3175
1890233 1560933 3175
1424250 1557540 8847
1424250 1562780 8847
1557540 1424250 8847
1557540 1696070 8847
1562780 1424250 8847
1562780 1696070 8847
1696070 1557540 8847
1696070 1562780 8847
721280 779021 1407
721280 2341299 1407
779021 721280 1407
779021 2399040 1407
2341299 721280 1407
2341299 2399040 1407
2399040 779021 1407
2399040 2341299 1407
689920 1557279 4363
689920 1563041 4363
1557279 689920 4363
1557279 2430400 4363
1563041 689920 4363
1563041 2430400 4363
2430400 1557279 4363
2430400 1563041 4363
1271636 1560150 2225
1271636 1560170 2225
1560150 1271636 2225
1560150 1848684 2225
1560170 1271636 2225
1560170 1848684 2225
1848684 1560150 2225
1848684 1560170 2225
781892 906559 19832
781892 2213761 19832
906559 781892 19832
906559 2338428 19832
2213761 781892 19832
2213761 2338428 19832
2338428 906559 19832
2338428 2213761 19832
1095231 1411461 569
1095231 1708859 569
1411461 1095231 569
1411461 2025089 569
1708859 1095231 569
1708859 2025089 569
2025089 1411461 569
2025089 1708859 569
635040 1558845 9936
635040 1561475 9936
1558845 635040 9936
1558845 2485280 9936
1561475 635040 9936
1561475 2485280 9936
2485280 1558845 9936
2485280 1561475 9936
652547 1560150 23408
652547 1560170 23408
1560150 652547 23408
1560150 2467773 23408
1560170 652547 23408
1560170 2467773 23408
2467773 1560150 23408
2467773 1560170 23408
775628 1195063 3802
775628 1925257 3802
1195063 775628 3802
1195063 2344692 3802
1925257 775628 3802
1925257 2344692 3802
2344692 1195063 3802
2344692 1925257 3802
1118490 1560150 4796
1118490 1560170 4796
1560150 1118490 4796
1560150 2001830 4796
1560170 1118490 4796
1560170 2001830 4796
2001830 1560150 4796
2001830 1560170 4796
1495071 1555452 250
1495071 1564868 250
1555452 1495071 250
1555452 1625249 250
1564868 1495071 250
1564868 1625249 250
1625249 1555452 250
1625249 1564868 250
1168160 1466060 3926
1168160 1654260 3926
1466060 1168160 3926
1466060 1952160 3926
1654260 1168160 3926
1654260 1952160 3926
1952160 1466060 3926
1952160 1654260 3926
422567 1560150 886
422567 1560170 886
1560150 422567 886
1560150 2697753 886
1560170 422567 886
1560170 2697753 886
2697753 1560150 886
2697753 1560170 886
1346111 1559367 6537
1346111 1560953 6537
1559367 1346111 6537
1559367 1774209 6537
1560953 1346111 6537
1560953 1774209 6537
1774209 1559367 6537
1774209 1560953 6537
781119 789732 19672
781119 2330588 19672
789732 781119 19672
789732 2339201 19672
2330588 781119 19672
2330588 2339201 19672
2339201 789732 19672
2339201 2330588 19672
768320 1377993 3178
768320 1742327 3178
1377993 768320 3178
1377993 2352000 3178
1742327 768320 3178
1742327 2352000 3178
2352000 1377993 3178
2352000 1742327 3178
783468 1307172 10446
783468 1813148 10446
1307172 783468 10446
1307172 2336852 10446
1813148 783468 10446
1813148 2336852 10446
2336852 1307172 10446
2336852 1813148 10446
753684 1203435 2904
753684 1916885 2904
1203435 753684 2904
1203435 2366636 2904
1916885 753684 2904
1916885 2366636 2904
2366636 1203435 2904
2366636 1916885 2904
769625 777977 488
769625 2342343 488
777977 769625 488
777977 2350695 488
2342343 769625 488
2342343 2350695 488
2350695 777977 488
2350695 2342343 488
783458 966398 64419
783458 2153922 64419
966398 783458 64419
966398 2336862 64419
2153922 783458 64419
2153922 2336862 64419
2336862 966398 64419
2336862 2153922 64419
782946 1345338 8394
782946 1774982 8394
1345338 782946 8394
1345338 2337374 8394
1774982 782946 8394
1774982 2337374 8394
2337374 1345338 8394
2337374 1774982 8394
783468 1302223 8555
783468 1818097 8555
1302223 783468 8555
1302223 2336852 8555
1818097 783468 8555
1818097 2336852 8555
2336852 1302223 8555
2336852 1818097 8555
783207 1559889 37250
783207 1560431 37250
1559889 783207 37250
1559889 2337113 37250
1560431 783207 37250
1560431 2337113 37250
2337113 1559889 37250
2337113 1560431 37250
1068579 1559889 3170
1068579 1560431 3170
1559889 1068579 3170
1559889 2051741 3170
1560431 1068579 3170
1560431 2051741 3170
2051741 1559889 3170
2051741 1560431 3170
623275 1558845 11180
623275 1561475 11180
1558845 623275 11180
1558845 2497045 11180
1561475 623275 11180
1561475 2497045 11180
2497045 1558845 11180
2497045 1561475 11180
1279737 1559387 786
1279737 1560933 786
1559387 1279737 786
1559387 1840583 786
1560933 1279737 786
1560933 1840583 786
1840583 1559387 786
1840583 1560933 786
781109 991484 18424
781109 2128836 18424
991484 781109 18424
991484 2339211 18424
2128836 781109 18424
2128836 2339211 18424
2339211 991484 18424
2339211 2128836 18424
740092 1410136 2566
740092 1710184 2566
1410136 740092 2566
1410136 2380228 2566
1710184 740092 2566
1710184 2380228 2566
2380228 1410136 2566
2380228 1710184 2566
770669 782414 122816
770669 2337906 122816
782414 770669 122816
782414 2349651 122816
2337906 770669 122816
2337906 2349651 122816
2349651 782414 122816
2349651 2337906 122816
1395520 1554408 11455
1395520 1565912 11455
1554408 1395520 11455
1554408 1724800 11455
1565912 1395520 11455
1565912 1724800 11455
1724800 1554408 11455
1724800 1565912 11455
783197 821875 16552
783197 2298445 16552
821875 783197 16552
821875 2337123 16552
2298445 783197 16552
2298445 2337123 16552
2337123 821875 16552
2337123 2298445 16552
1535054 1560150 6553
1535054 1560170 6553
1560150 1535054 6553
1560150 1585266 6553
1560170 1535054 6553
1560170 1585266 6553
1585266 1560150 6553
1585266 1560170 6553
781370 1038273 25176
781370 2082047 25176
1038273 781370 25176
1038273 2338950 25176
2082047 781370 25176
2082047 2338950 25176
2338950 1038273 25176
2338950 2082047 25176
782675 1361008 9097
782675 1759312 9097
1361008 782675 9097
1361008 2337645 9097
1759312 782675 9097
1759312 2337645 9097
2337645 1361008 9097
2337645 1759312 9097
473793 1554408 2340
473793 1565912 2340
1554408 473793 2340
1554408 2646527 2340
1565912 473793 2340
1565912 2646527 2340
2646527 1554408 2340
2646527 1565912 2340
781641 1542633 8455
781641 1577687 8455
1542633 781641 8455
1542633 2338679 8455
1577687 781641 8455
1577687 2338679 8455
2338679 1542633 8455
2338679 1577687 8455
1167889 1560150 4918
1167889 1560170 4918
1560150 1167889 4918
1560150 1952431 4918
1560170 1167889 4918
1560170 1952431 4918
1952431 1560150 4918
1952431 1560170 4918
774323 1505280 5570
774323 1615040 5570
1505280 774323 5570
1505280 2345997 5570
1615040 774323 5570
1615040 2345997 5570
2345997 1505280 5570
2345997 1615040 5570
781370 1363106 13370
781370 1757214 13370
1363106 781370 13370
1363106 2338950 13370
1757214 781370 13370
1757214 2338950 13370
2338950 1363106 13370
2338950 1757214 13370
1062827 1560150 4426
1062827 1560170 4426
1560150 1062827 4426
1560150 2057493 4426
1560170 1062827 4426
1560170 2057493 4426
2057493 1560150 4426
2057493 1560170 4426
1302484 1556777 8889
1302484 1563543 8889
1556777 1302484 8889
1556777 1817836 8889
1563543 1302484 8889
1563543 1817836 8889
1817836 1556777 8889
1817836 1563543 8889
771974 775367 119548
771974 2344953 119548
775367 771974 119548
775367 2348346 119548
2344953 771974 119548
2344953 2348346 119548
2348346 775367 119548
2348346 2344953 119548
736960 1175468 2740
736960 1944852 2740
1175468 736960 2740
1175468 2383360 2740
1944852 736960 2740
1944852 2383360 2740
2383360 1175468 2740
2383360 1944852 2740
754989 1175197 7400
754989 1945123 7400
1175197 754989 7400
1175197 2365331 7400
1945123 754989 7400
1945123 2365331 7400
2365331 1175197 7400
2365331 1945123 7400
870491 1558323 5375
870491 1561997 5375
1558323 870491 5375
1558323 2249829 5375
1561997 870491 5375
1561997 2249829 5375
2249829 1558323 5375
2249829 1561997 5375
866576 1557008 3139
866576 1563312 3139
1557008 866576 3139
1557008 2253744 3139
1563312 866576 3139
1563312 2253744 3139
2253744 1557008 3139
2253744 1563312 3139
1047418 1553886 8681
1047418 1566434 8681
1553886 1047418 8681
1553886 2072902 8681
1566434 1047418 8681
1566434 2072902 8681
2072902 1553886 8681
2072902 1566434 8681
760480 1483848 9224
760480 1636472 9224
1483848 760480 9224
1483848 2359840 9224
1636472 760480 9224
1636472 2359840 9224
2359840 1483848 9224
2359840 1636472 9224
1511544 1557540 1375
1511544 1562780 1375
1557540 1511544 1375
1557540 1608776 1375
1562780 1511544 1375
1562780 1608776 1375
1608776 1557540 1375
1608776 1562780 1375
1148023 1446987 2763
1148023 1673333 2763
1446987 1148023 2763
1446987 1972297 2763
1673333 1148023 2763
1673333 1972297 2763
1972297 1446987 2763
1972297 1673333 2763
738777 1400208 4665
738777 1720112 4665
1400208 738777 4665
1400208 2381543 4665
1720112 738777 4665
1720112 2381543 4665
2381543 1400208 4665
2381543 1720112 4665
1163442 1559879 8628
1163442 1560441 8628
1559879 1163442 8628
1559879 1956878 8628
1560441 1163442 8628
1560441 1956878 8628
1956878 1559879 8628
1956878 1560441 8628
1224596 1560140 6088
1224596 1560180 6088
1560140 1224596 6088
1560140 1895724 6088
1560180 1224596 6088
1560180 1895724 6088
1895724 1560140 6088
1895724 1560180 6088
852723 1554930 2793
852723 1565390 2793
1554930 852723 2793
1554930 2267597 2793
1565390 852723 2793
1565390 2267597 2793
2267597 1554930 2793
2267597 1565390 2793
752108 1106213 21569
752108 2014107 21569
1106213 752108 21569
1106213 2368212 21569
2014107 752108 21569
2014107 2368212 21569
2368212 1106213 21569
2368212 2014107 21569
777977 1439147 346
777977 1681173 346
1439147 777977 346
1439147 2342343 346
1681173 777977 346
1681173 2342343 346
2342343 1439147 346
2342343 1681173 346
783468 796528 19262
783468 2323792 19262
796528 783468 19262
796528 2336852 19262
2323792 783468 19262
2323792 2336852 19262
2336852 796528 19262
2336852 2323792 19262
1210753 1559367 5174
1210753 1560953 5174
1559367 1210753 5174
1559367 1909567 5174
1560953 1210753 5174
1560953 1909567 5174
1909567 1559367 5174
1909567 1560953 5174
892445 1560150 3095
892445 1560170 3095
1560150 892445 3095
1560150 2227875 3095
1560170 892445 3095
1560170 2227875 3095
2227875 1560150 3095
2227875 1560170 3095
853235 1560150 2034
853235 1560170 2034
1560150 853235 2034
1560150 2267085 2034
1560170 853235 2034
1560170 2267085 2034
2267085 1560150 2034
2267085 1560170 2034
1101515 1426599 5180
1101515 1693721 5180
1426599 1101515 5180
1426599 2018805 5180
1693721 1101515 5180
1693721 2018805 5180
2018805 1426599 5180
2018805 1693721 5180
997236 1560150 2444
997236 1560170 2444
1560150 997236 2444
1560150 2123084 2444
1560170 997236 2444
1560170 2123084 2444
2123084 1560150 2444
2123084 1560170 2444
779543 1013699 2615
779543 2106621 2615
1013699 779543 2615
1013699 2340777 2615
2106621 779543 2615
2106621 2340777 2615
2340777 1013699 2615
2340777 2106621 2615
1073538 1395249 4977
1073538 1725071 4977
1395249 1073538 4977
1395249 2046782 4977
1725071 1073538 4977
1725071 2046782 4977
2046782 1395249 4977
2046782 1725071 4977
783458 942627 11747
783458 2177693 11747
942627 783458 11747
942627 2336862 11747
2177693 783458 11747
2177693 2336862 11747
2336862 942627 11747
2336862 2177693 11747
783468 1214929 5553
783468 1905391 5553
1214929 783468 5553
1214929 2336852 5553
1905391 783468 5553
1905391 2336852 5553
2336852 1214929 5553
2336852 1905391 5553
761263 1453793 2547
761263 1666527 2547
1453793 761263 2547
1453793 2359057 2547
1666527 761263 2547
1666527 2359057 2547
2359057 1453793 2547
2359057 1666527 2547
723097 1362052 1694
723097 1758268 1694
1362052 723097 1694
1362052 2397223 1694
1758268 723097 1694
1758268 2397223 1694
2397223 1362052 1694
2397223 1758268 1694
776140 1227467 16909
776140 1892853 16909
1227467 776140 16909
1227467 2344180 16909
1892853 776140 16909
1892853 2344180 16909
2344180 1227467 16909
2344180 1892853 16909
777716 1275822 2511
777716 1844498 2511
1275822 777716 2511
1275822 2342604 2511
1844498 777716 2511
1844498 2342604 2511
2342604 1275822 2511
2342604 1844498 2511
1448824 1560150 1069
1448824 1560170 1069
1560150 1448824 1069
1560150 1671496 1069
1560170 1448824 1069
1560170 1671496 1069
1671496 1560150 1069
1671496 1560170 1069
759416 1207089 4783
759416 1913231 4783
1207089 759416 4783
1207089 2360904 4783
1913231 759416 4783
1913231 2360904 4783
2360904 1207089 4783
2360904 1913231 4783
1292546 1560150 5085
1292546 1560170 5085
1560150 1292546 5085
1560150 1827774 5085
1560170 1292546 5085
1560170 1827774 5085
1827774 1560150 5085
1827774 1560170 5085
743997 1183820 7552
743997 1936500 7552
1183820 743997 7552
1183820 2376323 7552
1936500 743997 7552
1936500 2376323 7552
2376323 1183820 7552
2376323 1936500 7552
780587 807500 16305
780587 2312820 16305
807500 780587 16305
807500 2339733 16305
2312820 780587 16305
2312820 2339733 16305
2339733 807500 16305
2339733 2312820 16305
1458240 1560150 2162
1458240 1560170 2162
1560150 1458240 2162
1560150 1662080 2162
1560170 1458240 2162
1560170 1662080 2162
1662080 1560150 2162
1662080 1560170 2162
1474432 1560140 2315
1474432 1560180 2315
1560140 1474432 2315
1560140 1645888 2315
1560180 1474432 2315
1560180 1645888 2315
1645888 1560140 2315
1645888 1560180 2315
1484631 1554147 4018
1484631 1566173 4018
1554147 1484631 4018
1554147 1635689 4018
1566173 1484631 4018
1566173 1635689 4018
1635689 1554147 4018
1635689 1566173 4018
783458 1462928 19727
783458 1657392 19727
1462928 783458 19727
1462928 2336862 19727
1657392 783458 19727
1657392 2336862 19727
2336862 1462928 19727
2336862 1657392 19727
1518340 1554920 2500
1518340 1565400 2500
1554920 1518340 2500
1554920 1601980 2500
1565400 1518340 2500
1565400 1601980 2500
1601980 1554920 2500
1601980 1565400 2500
783458 903678 16887
783458 2216642 16887
903678 783458 16887
903678 2336862 16887
2216642 783458 16887
2216642 2336862 16887
2336862 903678 16887
2336862 2216642 16887
767005 1263796 8604
767005 1856524 8604
1263796 767005 8604
1263796 2353315 8604
1856524 767005 8604
1856524 2353315 8604
2353315 1263796 8604
2353315 1856524 8604
1133909 1434700 10741
1133909 1685620 10741
1434700 1133909 10741
1434700 1986411 10741
1685620 1133909 10741
1685620 1986411 10741
1986411 1434700 10741
1986411 1685620 10741
995148 1555703 2727
995148 1564617 2727
1555703 995148 2727
1555703 2125172 2727
1564617 995148 2727
1564617 2125172 2727
2125172 1555703 2727
2125172 1564617 2727
697218 1128428 30822
697218 1991892 30822
1128428 697218 30822
1128428 2423102 30822
1991892 697218 30822
1991892 2423102 30822
2423102 1128428 30822
2423102 1991892 30822
1437591 1560150 6310
1437591 1560170 6310
1560150 1437591 6310
1560150 1682729 6310
1560170 1437591 6310
1560170 1682729 6310
1682729 1560150 6310
1682729 1560170 6310
1240286 1557018 1568
1240286 1563302 1568
1557018 1240286 1568
1557018 1880034 1568
1563302 1240286 1568
1563302 1880034 1568
1880034 1557018 1568
1880034 1563302 1568
781892 796267 1738
781892 2324053 1738
796267 781892 1738
796267 2338428 1738
2324053 781892 1738
2324053 2338428 1738
2338428 796267 1738
2338428 2324053 1738
783197 791820 19672
783197 2328500 19672
791820 783197 19672
791820 2337123 19672
2328500 783197 19672
2328500 2337123 19672
2337123 791820 19672
2337123 2328500 19672
742963 1168140 17585
742963 1952180 17585
1168140 742963 17585
1168140 2377357 17585
1952180 742963 17585
1952180 2377357 17585
2377357 1168140 17585
2377357 1952180 17585
1204208 1560140 11408
1204208 1560180 11408
1560140 1204208 11408
1560140 1916112 11408
1560180 1204208 11408
1560180 1916112 11408
1916112 1560140 11408
1916112 1560180 11408
781370 1145162 8925
781370 1975158 8925
1145162 781370 8925
1145162 2338950 8925
1975158 781370 8925
1975158 2338950 8925
2338950 1145162 8925
2338950 1975158 8925
856648 1559879 3600
856648 1560441 3600
1559879 856648 3600
1559879 2263672 3600
1560441 856648 3600
1560441 2263672 3600
2263672 1559879 3600
2263672 1560441 3600
1189833 1554659 4910
1189833 1565661 4910
1554659 1189833 4910
1554659 1930487 4910
1565661 1189833 4910
1565661 1930487 4910
1930487 1554659 4910
1930487 1565661 4910
746366 1197151 7317
746366 1923169 7317
1197151 746366 7317
1197151 2373954 7317
1923169 746366 7317
1923169 2373954 7317
2373954 1197151 7317
2373954 1923169 7317
896360 1560150 436
896360 1560170 436
1560150 896360 436
1560150 2223960 436
1560170 896360 436
1560170 2223960 436
2223960 1560150 436
2223960 1560170 436
775106 1261698 10033
775106 1858622 10033
1261698 775106 10033
1261698 2345214 10033
1858622 775106 10033
1858622 2345214 10033
2345214 1261698 10033
2345214 1858622 10033
782946 1427653 10424
782946 1692667 10424
1427653 782946 10424
1427653 2337374 10424
1692667 782946 10424
1692667 2337374 10424
2337374 1427653 10424
2337374 1692667 10424
782946 1465809 5792
782946 1654511 5792
1465809 782946 5792
1465809 2337374 5792
1654511 782946 5792
1654511 2337374 5792
2337374 1465809 5792
2337374 1654511 5792
719704 1119795 5718
719704 2000525 5718
1119795 719704 5718
1119795 2400616 5718
2000525 719704 5718
2000525 2400616 5718
2400616 1119795 5718
2400616 2000525 5718
781119 1438374 15968
781119 1681946 15968
1438374 781119 15968
1438374 2339201 15968
1681946 781119 15968
1681946 2339201 15968
2339201 1438374 15968
2339201 1681946 15968
1317120 1560140 7046
1317120 1560180 7046
1560140 1317120 7046
1560140 1803200 7046
1560180 1317120 7046
1560180 1803200 7046
1803200 1560140 7046
1803200 1560180 7046
778248 1387660 2608
778248 1732660 2608
1387660 778248 2608
1387660 2342072 2608
1732660 778248 2608
1732660 2342072 2608
2342072 1387660 2608
2342072 1732660 2608
758904 1450400 917
758904 1669920 917
1450400 758904 917
1450400 2361416 917
1669920 758904 917
1669920 2361416 917
2361416 1450400 917
2361416 1669920 917
783207 1225911 3906
783207 1894409 3906
1225911 783207 3906
1225911 2337113 3906
1894409 783207 3906
1894409 2337113 3906
2337113 1225911 3906
2337113 1894409 3906
1538467 1560150 6791
1538467 1560170 6791
1560150 1538467 6791
1560150 1581853 6791
1560170 1538467 6791
1560170 1581853 6791
1581853 1560150 6791
1581853 1560170 6791
799148 1558604 1627
799148 1561716 1627
1558604 799148 1627
1558604 2321172 1627
1561716 799148 1627
1561716 2321172 1627
2321172 1558604 1627
2321172 1561716 1627
799409 1558313 726
799409 1562007 726
1558313 799409 726
1558313 2320911 726
1562007 799409 726
1562007 2320911 726
2320911 1558313 726
2320911 1562007 726
781119 1129994 6718
781119 1990326 6718
1129994 781119 6718
1129994 2339201 6718
1990326 781119 6718
1990326 2339201 6718
2339201 1129994 6718
2339201 1990326 6718
778760 1139671 8098
778760 1980649 8098
1139671 778760 8098
1139671 2341560 8098
1980649 778760 8098
1980649 2341560 8098
2341560 1139671 8098
2341560 1980649 8098
779804 1154819 6944
779804 1965501 6944
1154819 779804 6944
1154819 2340516 6944
1965501 779804 6944
1965501 2340516 6944
2340516 1154819 6944
2340516 1965501 6944
1112477 1429741 29
1112477 1690579 29
1429741 1112477 29
1429741 2007843 29
1690579 1112477 29
1690579 2007843 29
2007843 1429741 29
2007843 1690579 29
782685 1297766 5718
782685 1822554 5718
1297766 782685 5718
1297766 2337635 5718
1822554 782685 5718
1822554 2337635 5718
2337635 1297766 5718
2337635 1822554 5718
710559 1123730 7743
710559 1996590 7743
1123730 710559 7743
1123730 2409761 7743
1996590 710559 7743
1996590 2409761 7743
2409761 1123730 7743
2409761 1996590 7743
777977 1214136 2690
777977 1906184 2690
1214136 777977 2690
1214136 2342343 2690
1906184 777977 2690
1906184 2342343 2690
2342343 1214136 2690
2342343 1906184 2690
820058 1560150 1490
820058 1560170 1490
1560150 820058 1490
1560150 2300262 1490
1560170 820058 1490
1560170 2300262 1490
2300262 1560150 1490
2300262 1560170 1490
1249692 1554137 13696
1249692 1566183 13696
1554137 1249692 13696
1554137 1870628 13696
1566183 1249692 13696
1566183 1870628 13696
1870628 1554137 13696
1870628 1566183 13696
716833 1120839 10712
716833 1999481 10712
1120839 716833 10712
1120839 2403487 10712
1999481 716833 10712
1999481 2403487 10712
2403487 1120839 10712
2403487 1999481 10712
716572 1121120 3881
716572 1999200 3881
1121120 716572 3881
1121120 2403748 3881
1999200 716572 3881
1999200 2403748 3881
2403748 1121120 3881
2403748 1999200 3881
782675 1249431 2146
782675 1870889 2146
1249431 782675 2146
1249431 2337645 2146
1870889 782675 2146
1870889 2337645 2146
2337645 1249431 2146
2337645 1870889 2146
783468 1227738 7711
783468 1892582 7711
1227738 783468 7711
1227738 2336852 7711
1892582 783468 7711
1892582 2336852 7711
2336852 1227738 7711
2336852 1892582 7711
636857 1146457 5531
636857 1973863 5531
1146457 636857 5531
1146457 2483463 5531
1973863 636857 5531
1973863 2483463 5531
2483463 1146457 5531
2483463 1973863 5531
775879 1235568 3820
775879 1884752 3820
1235568 775879 3820
1235568 2344441 3820
1884752 775879 3820
1884752 2344441 3820
2344441 1235568 3820
2344441 1884752 3820
752640 1160832 1
752640 1959488 1
1160832 752640 1
1160832 2367680 1
1959488 752640 1
1959488 2367680 1
2367680 1160832 1
2367680 1959488 1
1270853 1559106 10462
1270853 1561214 10462
1559106 1270853 10462
1559106 1849467 10462
1561214 1270853 10462
1561214 1849467 10462
1849467 1559106 10462
1849467 1561214 10462
770669 1417986 7078
770669 1702334 7078
1417986 770669 7078
1417986 2349651 7078
1702334 770669 7078
1702334 2349651 7078
2349651 1417986 7078
2349651 1702334 7078
1554669 1560150 12800
1554669 1560170 12800
1560150 1554669 12800
1560150 1565651 12800
1560170 1554669 12800
1560170 1565651 12800
1565651 1560150 12800
1565651 1560170 12800
782153 1401001 18398
782153 1719319 18398
1401001 782153 18398
1401001 2338167 18398
1719319 782153 18398
1719319 2338167 18398
2338167 1401001 18398
2338167 1719319 18398
757599 1395520 2749
757599 1724800 2749
1395520 757599 2749
1395520 2362721 2749
1724800 757599 2749
1724800 2362721 2749
2362721 1395520 2749
2362721 1724800 2749
781641 1153775 2094
781641 1966545 2094
1153775 781641 2094
1153775 2338679 2094
1966545 781641 2094
1966545 2338679 2094
2338679 1153775 2094
2338679 1966545 2094
851940 1557279 2549
851940 1563041 2549
1557279 851940 2549
1557279 2268380 2549
1563041 851940 2549
1563041 2268380 2549
2268380 1557279 2549
2268380 1563041 2549
780326 1136800 6693
780326 1983520 6693
1136800 780326 6693
1136800 2339994 6693
1983520 780326 6693
1983520 2339994 6693
2339994 1136800 6693
2339994 1983520 6693
744800 1191680 1196
744800 1928640 1196
1191680 744800 1196
1191680 2375520 1196
1928640 744800 1196
1928640 2375520 1196
2375520 1191680 1196
2375520 1928640 1196
775106 1503172 3536
775106 1617148 3536
1503172 775106 3536
1503172 2345214 3536
1617148 775106 3536
1617148 2345214 3536
2345214 1503172 3536
2345214 1617148 3536
1277920 1556496 7469
1277920 1563824 7469
1556496 1277920 7469
1556496 1842400 7469
1563824 1277920 7469
1563824 1842400 7469
1842400 1556496 7469
1842400 1563824 7469
766483 1471561 2066
766483 1648759 2066
1471561 766483 2066
1471561 2353837 2066
1648759 766483 2066
1648759 2353837 2066
2353837 1471561 2066
2353837 1648759 2066
782946 998812 10294
782946 2121508 10294
998812 782946 10294
998812 2337374 10294
2121508 782946 10294
2121508 2337374 10294
2337374 998812 10294
2337374 2121508 10294
783468 942095 31184
783468 2178225 31184
942095 783468 31184
942095 2336852 31184
2178225 783468 31184
2178225 2336852 31184
2336852 942095 31184
2336852 2178225 31184
740865 782946 5630
740865 2337374 5630
782946 740865 5630
782946 2379455 5630
2337374 740865 5630
2337374 2379455 5630
2379455 782946 5630
2379455 2337374 5630
1222769 1558584 4584
1222769 1561736 4584
1558584 1222769 4584
1558584 1897551 4584
1561736 1222769 4584
1561736 1897551 4584
1897551 1558584 4584
1897551 1561736 4584
710037 1124252 23094
710037 1996068 23094
1124252 710037 23094
1124252 2410283 23094
1996068 710037 23094
1996068 2410283 23094
2410283 1124252 23094
2410283 1996068 23094
979458 1558323 43
979458 1561997 43
1558323 979458 43
1558323 2140862 43
1561997 979458 43
1561997 2140862 43
2140862 1558323 43
2140862 1561997 43
572320 1558584 740
572320 1561736 740
1558584 572320 740
1558584 2548000 740
1561736 572320 740
1561736 2548000 740
2548000 1558584 740
2548000 1561736 740
754718 1167367 2088
754718 1952953 2088
1167367 754718 2088
1167367 2365602 2088
1952953 754718 2088
1952953 2365602 2088
2365602 1167367 2088
2365602 1952953 2088
530751 1165801 6718
530751 1954519 6718
1165801 530751 6718
1165801 2589569 6718
1954519 530751 6718
1954519 2589569 6718
2589569 1165801 6718
2589569 1954519 6718
782414 811696 823
782414 2308624 823
811696 782414 823
811696 2337906 823
2308624 782414 823
2308624 2337906 823
2337906 811696 823
2337906 2308624 823
781641 1412756 10574
781641 1707564 10574
1412756 781641 10574
1412756 2338679 10574
1707564 781641 10574
1707564 2338679 10574
2338679 1412756 10574
2338679 1707564 10574
782675 1092109 20694
782675 2028211 20694
1092109 782675 20694
1092109 2337645 20694
2028211 782675 20694
2028211 2337645 20694
2337645 1092109 20694
2337645 2028211 20694
773791 1097068 21720
773791 2023252 21720
1097068 773791 21720
1097068 2346529 21720
2023252 773791 21720
2023252 2346529 21720
2346529 1097068 21720
2346529 2023252 21720
782153 1443865 10825
782153 1676455 10825
1443865 782153 10825
1443865 2338167 10825
1676455 782153 10825
1676455 2338167 10825
2338167 1443865 10825
2338167 1676455 10825
745312 1204479 57
745312 1915841 57
1204479 745312 57
1204479 2375008 57
1915841 745312 57
1915841 2375008 57
2375008 1204479 57
2375008 1915841 57
1108301 1560150 2349
1108301 1560170 2349
1560150 1108301 2349
1560150 2012019 2349
1560170 1108301 2349
1560170 2012019 2349
2012019 1560150 2349
2012019 1560170 2349
775618 1205784 7879
775618 1914536 7879
1205784 775618 7879
1205784 2344702 7879
1914536 775618 7879
1914536 2344702 7879
2344702 1205784 7879
2344702 1914536 7879
783197 865261 14907
783197 2255059 14907
865261 783197 14907
865261 2337123 14907
2255059 783197 14907
2255059 2337123 14907
2337123 865261 14907
2337123 2255059 14907
769093 1246560 747
769093 1873760 747
1246560 769093 747
1246560 2351227 747
1873760 769093 747
1873760 2351227 747
2351227 1246560 747
2351227 1873760 747
779543 1269538 11796
779543 1850782 11796
1269538 779543 11796
1269538 2340777 11796
1850782 779543 11796
1850782 2340777 11796
2340777 1269538 11796
2340777 1850782 11796
748966 1207360 3670
748966 1912960 3670
1207360 748966 3670
1207360 2371354 3670
1912960 748966 3670
1912960 2371354 3670
2371354 1207360 3670
2371354 1912960 3670
779021 893228 24156
779021 2227092 24156
893228 779021 24156
893228 2341299 24156
2227092 779021 24156
2227092 2341299 24156
2341299 893228 24156
2341299 2227092 24156
1258054 1555472 9460
1258054 1564848 9460
1555472 1258054 9460
1555472 1862266 9460
1564848 1258054 9460
1564848 1862266 9460
1862266 1555472 9460
1862266 1564848 9460
1087401 1560150 3964
1087401 1560170 3964
1560150 1087401 3964
1560150 2032919 3964
1560170 1087401 3964
1560170 2032919 3964
2032919 1560150 3964
2032919 1560170 3964
1097600 1415115 4900
1097600 1705205 4900
1415115 1097600 4900
1415115 2022720 4900
1705205 1097600 4900
1705205 2022720 4900
2022720 1415115 4900
2022720 1705205 4900
783207 1311358 16800
783207 1808962 16800
1311358 783207 16800
1311358 2337113 16800
1808962 783207 16800
1808962 2337113 16800
2337113 1311358 16800
2337113 1808962 16800
1505792 1558845 5156
1505792 1561475 5156
1558845 1505792 5156
1558845 1614528 5156
1561475 1505792 5156
1561475 1614528 5156
1614528 1558845 5156
1614528 1561475 5156
1484631 1555713 3022
1484631 1564607 3022
1555713 1484631 3022
1555713 1635689 3022
1564607 1484631 3022
1564607 1635689 3022
1635689 1555713 3022
1635689 1564607 3022
1058390 1553886 13870
1058390 1566434 13870
1553886 1058390 13870
1553886 2061930 13870
1566434 1058390 13870
1566434 2061930 13870
2061930 1553886 13870
2061930 1566434 13870
1418247 1557540 6794
1418247 1562780 6794
1557540 1418247 6794
1557540 1702073 6794
1562780 1418247 6794
1562780 1702073 6794
1702073 1557540 6794
1702073 1562780 6794
1294122 1555191 7347
1294122 1565129 7347
1555191 1294122 7347
1555191 1826198 7347
1565129 1294122 7347
1565129 1826198 7347
1826198 1555191 7347
1826198 1565129 7347
1126591 1487763 2617
1126591 1632557 2617
1487763 1126591 2617
1487763 1993729 2617
1632557 1126591 2617
1632557 1993729 2617
1993729 1487763 2617
1993729 1632557 2617
1442560 1554669 2098
1442560 1565651 2098
1554669 1442560 2098
1554669 1677760 2098
1565651 1442560 2098
1565651 1677760 2098
1677760 1554669 2098
1677760 1565651 2098
768320 1368065 692
768320 1752255 692
1368065 768320 692
1368065 2352000 692
1752255 768320 692
1752255 2352000 692
2352000 1368065 692
2352000 1752255 692
800453 1559367 1007
800453 1560953 1007
1559367 800453 1007
1559367 2319867 1007
1560953 800453 1007
1560953 2319867 1007
2319867 1559367 1007
2319867 1560953 1007
859780 1559889 4320
859780 1560431 4320
1559889 859780 4320
1559889 2260540 4320
1560431 859780 4320
1560431 2260540 4320
2260540 1559889 4320
2260540 1560431 4320
783207 815621 8925
783207 2304699 8925
815621 783207 8925
815621 2337113 8925
2304699 783207 8925
2304699 2337113 8925
2337113 815621 8925
2337113 2304699 8925
782414 1535054 4223
782414 1585266 4223
1535054 782414 4223
1535054 2337906 4223
1585266 782414 4223
1585266 2337906 4223
2337906 1535054 4223
2337906 1585266 4223
722053 1120066 20891
722053 2000254 20891
1120066 722053 20891
1120066 2398267 20891
2000254 722053 20891
2000254 2398267 20891
2398267 1120066 20891
2398267 2000254 20891
781902 1108040 28847
781902 2012280 28847
1108040 781902 28847
1108040 2338418 28847
2012280 781902 28847
2012280 2338418 28847
2338418 1108040 28847
2338418 2012280 28847
779292 909430 1536
779292 2210890 1536
909430 779292 1536
909430 2341028 1536
2210890 779292 1536
2210890 2341028 1536
2341028 909430 1536
2341028 2210890 1536
1415627 1558323 8394
1415627 1561997 8394
1558323 1415627 8394
1558323 1704693 8394
1561997 1415627 8394
1561997 1704693 8394
1704693 1558323 8394
1704693 1561997 8394
1135997 1442540 10251
1135997 1677780 10251
1442540 1135997 10251
1442540 1984323 10251
1677780 1135997 10251
1677780 1984323 10251
1984323 1442540 10251
1984323 1677780 10251
781902 1073799 44244
781902 2046521 44244
1073799 781902 44244
1073799 2338418 44244
2046521 781902 44244
2046521 2338418 44244
2338418 1073799 44244
2338418 2046521 44244
1451695 1560150 3047
1451695 1560170 3047
1560150 1451695 3047
1560150 1668625 3047
1560170 1451695 3047
1560170 1668625 3047
1668625 1560150 3047
1668625 1560170 3047
1263535 1559106 2721
1263535 1561214 2721
1559106 1263535 2721
1559106 1856785 2721
1561214 1263535 2721
1561214 1856785 2721
1856785 1559106 2721
1856785 1561214 2721
781631 1284174 5803
781631 1836146 5803
1284174 781631 5803
1284174 2338689 5803
1836146 781631 5803
1836146 2338689 5803
2338689 1284174 5803
2338689 1836146 5803
768832 1487753 3630
768832 1632567 3630
1487753 768832 3630
1487753 2351488 3630
1632567 768832 3630
1632567 2351488 3630
2351488 1487753 3630
2351488 1632567 3630
780848 1390290 7163
780848 1730030 7163
1390290 780848 7163
1390290 2339472 7163
1730030 780848 7163
1730030 2339472 7163
2339472 1390290 7163
2339472 1730030 7163
773530 1283652 7701
773530 1836668 7701
1283652 773530 7701
1283652 2346790 7701
1836668 773530 7701
1836668 2346790 7701
2346790 1283652 7701
2346790 1836668 7701
703753 1326526 3520
703753 1793794 3520
1326526 703753 3520
1326526 2416567 3520
1793794 703753 3520
1793794 2416567 3520
2416567 1326526 3520
2416567 1793794 3520
1251509 1559909 4340
1251509 1560411 4340
1559909 1251509 4340
1559909 1868811 4340
1560411 1251509 4340
1560411 1868811 4340
1868811 1559909 4340
1868811 1560411 4340
782946 1276073 22289
782946 1844247 22289
1276073 782946 22289
1276073 2337374 22289
1844247 782946 22289
1844247 2337374 22289
2337374 1276073 22289
2337374 1844247 22289
763080 1461623 765
763080 1658697 765
1461623 763080 765
1461623 2357240 765
1658697 763080 765
1658697 2357240 765
2357240 1461623 765
2357240 1658697 765
966920 1559126 5833
966920 1561194 5833
1559126 966920 5833
1559126 2153400 5833
1561194 966920 5833
1561194 2153400 5833
2153400 1559126 5833
2153400 1561194 5833
780848 1348460 2674
780848 1771860 2674
1348460 780848 2674
1348460 2339472 2674
1771860 780848 2674
1771860 2339472 2674
2339472 1348460 2674
2339472 1771860 2674
1144901 1447770 4849
1144901 1672550 4849
1447770 1144901 4849
1447770 1975419 4849
1672550 1144901 4849
1672550 1975419 4849
1975419 1447770 4849
1975419 1672550 4849
1159527 1457176 41
1159527 1663144 41
1457176 1159527 41
1457176 1960793 41
1663144 1159527 41
1663144 1960793 41
1960793 1457176 41
1960793 1663144 41
1170760 1458220 6811
1170760 1662100 6811
1458220 1170760 6811
1458220 1949560 6811
1662100 1170760 6811
1662100 1949560 6811
1949560 1458220 6811
1949560 1662100 6811
523704 1560150 11831
523704 1560170 11831
1560150 523704 11831
1560150 2596616 11831
1560170 523704 11831
1560170 2596616 11831
2596616 1560150 11831
2596616 1560170 11831
523182 1166323 64235
523182 1953997 64235
1166323 523182 64235
1166323 2597138 64235
1953997 523182 64235
1953997 2597138 64235
2597138 1166323 64235
2597138 1953997 64235
462560 1173109 335982
462560 1947211 335982
1173109 462560 335982
1173109 2657760 335982
1947211 462560 335982
1947211 2657760 335982
2657760 1173109 335982
2657760 1947211 335982
471705 1172326 35261
471705 1947994 35261
1172326 471705 35261
1172326 2648615 35261
1947994 471705 35261
1947994 2648615 35261
2648615 1172326 35261
2648615 1947994 35261
783458 1511012 13849
783458 1609308 13849
1511012 783458 13849
1511012 2336862 13849
1609308 783458 13849
1609308 2336862 13849
2336862 1511012 13849
2336862 1609308 13849
780848 945498 11440
780848 2174822 11440
945498 780848 11440
945498 2339472 11440
2174822 780848 11440
2174822 2339472 11440
2339472 945498 11440
2339472 2174822 11440
904200 1558323 2088
904200 1561997 2088
1558323 904200 2088
1558323 2216120 2088
1561997 904200 2088
1561997 2216120 2088
2216120 1558323 2088
2216120 1561997 2088
1215461 1560150 91
1215461 1560170 91
1560150 1215461 91
1560150 1904859 91
1560170 1215461 91
1560170 1904859 91
1904859 1560150 91
1904859 1560170 91
1224867 1554408 1826
1224867 1565912 1826
1554408 1224867 1826
1554408 1895453 1826
1565912 1224867 1826
1565912 1895453 1826
1895453 1554408 1826
1895453 1565912 1826
1488024 1558062 3164
1488024 1562258 3164
1558062 1488024 3164
1558062 1632296 3164
1562258 1488024 3164
1562258 1632296 3164
1632296 1558062 3164
1632296 1562258 3164
682080 782936 94370
682080 2337384 94370
782936 682080 94370
782936 2438240 94370
2337384 682080 94370
2337384 2438240 94370
2438240 782936 94370
2438240 2337384 94370
748976 1186962 15528
748976 1933358 15528
1186962 748976 15528
1186962 2371344 15528
1933358 748976 15528
1933358 2371344 15528
2371344 1186962 15528
2371344 1933358 15528
712125 1123198 8011
712125 1997122 8011
1123198 712125 8011
1123198 2408195 8011
1997122 712125 8011
1997122 2408195 8011
2408195 1123198 8011
2408195 1997122 8011
1230880 1557540 4034
1230880 1562780 4034
1557540 1230880 4034
1557540 1889440 4034
1562780 1230880 4034
1562780 1889440 4034
1889440 1557540 4034
1889440 1562780 4034
1009252 1554930 16700
1009252 1565390 16700
1554930 1009252 16700
1554930 2111068 16700
1565390 1009252 16700
1565390 2111068 16700
2111068 1554930 16700
2111068 1565390 16700
783458 1209177 19138
783458 1911143 19138
1209177 783458 19138
1209177 2336862 19138
1911143 783458 19138
1911143 2336862 19138
2336862 1209177 19138
2336862 1911143 19138
1027020 1554408 16598
1027020 1565912 16598
1554408 1027020 16598
1554408 2093300 16598
1565912 1027020 16598
1565912 2093300 16598
2093300 1554408 16598
2093300 1565912 16598
763341 1464233 5134
763341 1656087 5134
1464233 763341 5134
1464233 2356979 5134
1656087 763341 5134
1656087 2356979 5134
2356979 1464233 5134
2356979 1656087 5134
1165801 1459274 3790
1165801 1661046 3790
1459274 1165801 3790
1459274 1954519 3790
1661046 1165801 3790
1661046 1954519 3790
1954519 1459274 3790
1954519 1661046 3790
524216 1559889 7552
524216 1560431 7552
1559889 524216 7552
1559889 2596104 7552
1560431 524216 7552
1560431 2596104 7552
2596104 1559889 7552
2596104 1560431 7552
759938 1466060 4487
759938 1654260 4487
1466060 759938 4487
1466060 2360382 4487
1654260 759938 4487
1654260 2360382 4487
2360382 1466060 4487
2360382 1654260 4487
962222 1559367 3361
962222 1560953 3361
1559367 962222 3361
1559367 2158098 3361
1560953 962222 3361
1560953 2158098 3361
2158098 1559367 3361
2158098 1560953 3361
1426609 1555452 682
1426609 1564868 682
1555452 1426609 682
1555452 1693711 682
1564868 1426609 682
1564868 1693711 682
1693711 1555452 682
1693711 1564868 682
580160 1558062 9255
580160 1562258 9255
1558062 580160 9255
1558062 2540160 9255
1562258 580160 9255
1562258 2540160 9255
2540160 1558062 9255
2540160 1562258 9255
772225 772235 35394
772225 2348085 35394
772235 772225 35394
772235 2348095 35394
2348085 772225 35394
2348085 2348095 35394
2348095 772235 35394
2348095 2348085 35394
610205 1560150 7051
610205 1560170 7051
1560150 610205 7051
1560150 2510115 7051
1560170 610205 7051
1560170 2510115 7051
2510115 1560150 7051
2510115 1560170 7051
597135 1554669 21579
597135 1565651 21579
1554669 597135 21579
1554669 2523185 21579
1565651 597135 21579
1565651 2523185 21579
2523185 1554669 21579
2523185 1565651 21579
658560 1558845 19408
658560 1561475 19408
1558845 658560 19408
1558845 2461760 19408
1561475 658560 19408
1561475 2461760 19408
2461760 1558845 19408
2461760 1561475 19408
729120 736960 8612
729120 2383360 8612
736960 729120 8612
736960 2391200 8612
2383360 729120 8612
2383360 2391200 8612
2391200 736960 8612
2391200 2383360 8612
781109 827888 5883
781109 2292432 5883
827888 781109 5883
827888 2339211 5883
2292432 781109 5883
2292432 2339211 5883
2339211 827888 5883
2339211 2292432 5883
1282086 1554408 8073
1282086 1565912 8073
1554408 1282086 8073
1554408 1838234 8073
1565912 1282086 8073
1565912 1838234 8073
1838234 1554408 8073
1838234 1565912 8073
1189060 1560150 3673
1189060 1560170 3673
1560150 1189060 3673
1560150 1931260 3673
1560170 1189060 3673
1560170 1931260 3673
1931260 1560150 3673
1931260 1560170 3673
1143576 1554428 10537
1143576 1565892 10537
1554428 1143576 10537
1554428 1976744 10537
1565892 1143576 10537
1565892 1976744 10537
1976744 1554428 10537
1976744 1565892 10537
1241852 1554147 4861
1241852 1566173 4861
1554147 1241852 4861
1554147 1878468 4861
1566173 1241852 4861
1566173 1878468 4861
1878468 1554147 4861
1878468 1566173 4861
678677 1134170 26875
678677 1986150 26875
1134170 678677 26875
1134170 2441643 26875
1986150 678677 26875
1986150 2441643 26875
2441643 1134170 26875
2441643 1986150 26875
1160842 1554147 5658
1160842 1566173 5658
1554147 1160842 5658
1554147 1959478 5658
1566173 1160842 5658
1566173 1959478 5658
1959478 1554147 5658
1959478 1566173 5658
778760 1199781 4059
778760 1920539 4059
1199781 778760 4059
1199781 2341560 4059
1920539 778760 4059
1920539 2341560 4059
2341560 1199781 4059
2341560 1920539 4059
1073277 1554147 5803
1073277 1566173 5803
1554147 1073277 5803
1554147 2047043 5803
1566173 1073277 5803
1566173 2047043 5803
2047043 1554147 5803
2047043 1566173 5803
1433927 1560150 4631
1433927 1560170 4631
1560150 1433927 4631
1560150 1686393 4631
1560170 1433927 4631
1560170 1686393 4631
1686393 1560150 4631
1686393 1560170 4631
743746 1416159 5399
743746 1704161 5399
1416159 743746 5399
1416159 2376574 5399
1704161 743746 5399
1704161 2376574 5399
2376574 1416159 5399
2376574 1704161 5399
754467 1455098 864
754467 1665222 864
1455098 754467 864
1455098 2365853 864
1665222 754467 864
1665222 2365853 864
2365853 1455098 864
2365853 1665222 864
667434 1137834 7199
667434 1982486 7199
1137834 667434 7199
1137834 2452886 7199
1982486 667434 7199
1982486 2452886 7199
2452886 1137834 7199
2452886 1982486 7199
1144640 1449075 823
1144640 1671245 823
1449075 1144640 823
1449075 1975680 823
1671245 1144640 823
1671245 1975680 823
1975680 1449075 823
1975680 1671245 823
1131821 1487231 1685
1131821 1633089 1685
1487231 1131821 1685
1487231 1988499 1685
1633089 1131821 1685
1633089 1988499 1685
1988499 1487231 1685
1988499 1633089 1685
714474 1122415 26185
714474 1997905 26185
1122415 714474 26185
1122415 2405846 26185
1997905 714474 26185
1997905 2405846 26185
2405846 1122415 26185
2405846 1997905 26185
783197 1346372 9671
783197 1773948 9671
1346372 783197 9671
1346372 2337123 9671
1773948 783197 9671
1773948 2337123 9671
2337123 1346372 9671
2337123 1773948 9671
1450912 1560150 1204
1450912 1560170 1204
1560150 1450912 1204
1560150 1669408 1204
1560170 1450912 1204
1560170 1669408 1204
1669408 1560150 1204
1669408 1560170 1204
768320 1215200 461
768320 1905120 461
1215200 768320 461
1215200 2352000 461
1905120 768320 461
1905120 2352000 461
2352000 1215200 461
2352000 1905120 461
729120 1114836 2445
729120 2005484 2445
1114836 729120 2445
1114836 2391200 2445
2005484 729120 2445
2005484 2391200 2445
2391200 1114836 2445
2391200 2005484 2445
1169716 1459796 6107
1169716 1660524 6107
1459796 1169716 6107
1459796 1950604 6107
1660524 1169716 6107
1660524 1950604 6107
1950604 1459796 6107
1950604 1660524 6107
734340 782675 4764
734340 2337645 4764
782675 734340 4764
782675 2385980 4764
2337645 734340 4764
2337645 2385980 4764
2385980 782675 4764
2385980 2337645 4764
770659 1287838 7350
770659 1832482 7350
1287838 770659 7350
1287838 2349661 7350
1832482 770659 7350
1832482 2349661 7350
2349661 1287838 7350
2349661 1832482 7350
576225 783458 43854
576225 2336862 43854
783458 576225 43854
783458 2544095 43854
2336862 576225 43854
2336862 2544095 43854
2544095 783458 43854
2544095 2336862 43854
1337498 1554147 3519
1337498 1566173 3519
1554147 1337498 3519
1554147 1782822 3519
1566173 1337498 3519
1566173 1782822 3519
1782822 1554147 3519
1782822 1566173 3519
672654 1559628 34071
672654 1560692 34071
1559628 672654 34071
1559628 2447666 34071
1560692 672654 34071
1560692 2447666 34071
2447666 1559628 34071
2447666 1560692 34071
713440 1555974 40196
713440 1564346 40196
1555974 713440 40196
1555974 2406880 40196
1564346 713440 40196
1564346 2406880 40196
2406880 1555974 40196
2406880 1564346 40196
750542 1174675 10860
750542 1945645 10860
1174675 750542 10860
1174675 2369778 10860
1945645 750542 10860
1945645 2369778 10860
2369778 1174675 10860
2369778 1945645 10860
782675 1020766 37211
782675 2099554 37211
1020766 782675 37211
1020766 2337645 37211
2099554 782675 37211
2099554 2337645 37211
2337645 1020766 37211
2337645 2099554 37211
765429 1152209 4609
765429 1968111 4609
1152209 765429 4609
1152209 2354891 4609
1968111 765429 4609
1968111 2354891 4609
2354891 1152209 4609
2354891 1968111 4609
862661 1558584 1975
862661 1561736 1975
1558584 862661 1975
1558584 2257659 1975
1561736 862661 1975
1561736 2257659 1975
2257659 1558584 1975
2257659 1561736 1975
778238 1162920 13961
778238 1957400 13961
1162920 778238 13961
1162920 2342082 13961
1957400 778238 13961
1957400 2342082 13961
2342082 1162920 13961
2342082 1957400 13961
780587 1440974 1727
780587 1679346 1727
1440974 780587 1727
1440974 2339733 1727
1679346 780587 1727
1679346 2339733 1727
2339733 1440974 1727
2339733 1679346 1727
1205262 1557018 2793
1205262 1563302 2793
1557018 1205262 2793
1557018 1915058 2793
1563302 1205262 2793
1563302 1915058 2793
1915058 1557018 2793
1915058 1563302 2793
1283391 1555191 2500
1283391 1565129 2500
1555191 1283391 2500
1555191 1836929 2500
1565129 1283391 2500
1565129 1836929 2500
1836929 1555191 2500
1836929 1565129 2500
1520679 1555452 4651
1520679 1564868 4651
1555452 1520679 4651
1555452 1599641 4651
1564868 1520679 4651
1564868 1599641 4651
1599641 1555452 4651
1599641 1564868 4651
1052899 1560150 4576
1052899 1560170 4576
1560150 1052899 4576
1560150 2067421 4576
1560170 1052899 4576
1560170 2067421 4576
2067421 1560150 4576
2067421 1560170 4576
737211 1112226 24166
737211 2008094 24166
1112226 737211 24166
1112226 2383109 24166
2008094 737211 24166
2008094 2383109 24166
2383109 1112226 24166
2383109 2008094 24166
1238720 1559889 6048
1238720 1560431 6048
1559889 1238720 6048
1559889 1881600 6048
1560431 1238720 6048
1560431 1881600 6048
1881600 1559889 6048
1881600 1560431 6048
1237917 1560150 349
1237917 1560170 349
1560150 1237917 349
1560150 1882403 349
1560170 1237917 349
1560170 1882403 349
1882403 1560150 349
1882403 1560170 349
781109 1293580 3565
781109 1826740 3565
1293580 781109 3565
1293580 2339211 3565
1826740 781109 3565
1826740 2339211 3565
2339211 1293580 3565
2339211 1826740 3565
1483848 1560150 1422
1483848 1560170 1422
1560150 1483848 1422
1560150 1636472 1422
1560170 1483848 1422
1560170 1636472 1422
1636472 1560150 1422
1636472 1560170 1422
1049757 1556496 2471
1049757 1563824 2471
1556496 1049757 2471
1556496 2070563 2471
1563824 1049757 2471
1563824 2070563 2471
2070563 1556496 2471
2070563 1563824 2471
1329397 1559367 16204
1329397 1560953 16204
1559367 1329397 16204
1559367 1790923 16204
1560953 1329397 16204
1560953 1790923 16204
1790923 1559367 16204
1790923 1560953 16204
646263 1144369 4089
646263 1975951 4089
1144369 646263 4089
1144369 2474057 4089
1975951 646263 4089
1975951 2474057 4089
2474057 1144369 4089
2474057 1975951 4089
773801 1222769 5289
773801 1897551 5289
1222769 773801 5289
1222769 2346519 5289
1897551 773801 5289
1897551 2346519 5289
2346519 1222769 5289
2346519 1897551 5289
1405709 1554669 11449
1405709 1565651 11449
1554669 1405709 11449
1554669 1714611 11449
1565651 1405709 11449
1565651 1714611 11449
1714611 1554669 11449
1714611 1565651 11449
976326 1560150 7341
976326 1560170 7341
1560150 976326 7341
1560150 2143994 7341
1560170 976326 7341
1560170 2143994 7341
2143994 1560150 7341
2143994 1560170 7341
1445943 1560150 6850
1445943 1560170 6850
1560150 1445943 6850
1560150 1674377 6850
1560170 1445943 6850
1560170 1674377 6850
1674377 1560150 6850
1674377 1560170 6850
781370 1096797 5391
781370 2023523 5391
1096797 781370 5391
1096797 2338950 5391
2023523 781370 5391
2023523 2338950 5391
2338950 1096797 5391
2338950 2023523 5391
1339064 1560150 3738
1339064 1560170 3738
1560150 1339064 3738
1560150 1781256 3738
1560170 1339064 3738
1560170 1781256 3738
1781256 1560150 3738
1781256 1560170 3738
1134170 1481750 4728
1134170 1638570 4728
1481750 1134170 4728
1481750 1986150 4728
1638570 1134170 4728
1638570 1986150 4728
1986150 1481750 4728
1986150 1638570 4728
782675 1367543 14410
782675 1752777 14410
1367543 782675 14410
1367543 2337645 14410
1752777 782675 14410
1752777 2337645 14410
2337645 1367543 14410
2337645 1752777 14410
782153 1336444 4694
782153 1783876 4694
1336444 782153 4694
1336444 2338167 4694
1783876 782153 4694
1783876 2338167 4694
2338167 1336444 4694
2338167 1783876 4694
738777 1405699 2216
738777 1714621 2216
1405699 738777 2216
1405699 2381543 2216
1714621 738777 2216
1714621 2381543 2216
2381543 1405699 2216
2381543 1714621 2216
612303 1557540 39358
612303 1562780 39358
1557540 612303 39358
1557540 2508017 39358
1562780 612303 39358
1562780 2508017 39358
2508017 1557540 39358
2508017 1562780 39358
445826 1560150 7205
445826 1560170 7205
1560150 445826 7205
1560150 2674494 7205
1560170 445826 7205
1560170 2674494 7205
2674494 1560150 7205
2674494 1560170 7205
644707 1560150 6668
644707 1560170 6668
1560150 644707 6668
1560150 2475613 6668
1560170 644707 6668
1560170 2475613 6668
2475613 1560150 6668
2475613 1560170 6668
768320 768320 13413
768320 2352000 13413
2352000 768320 13413
2352000 2352000 13413
771964 1368848 2682
771964 1751472 2682
1368848 771964 2682
1368848 2348356 2682
1751472 771964 2682
1751472 2348356 2682
2348356 1368848 2682
2348356 1751472 2682
721280 773279 1223
721280 2347041 1223
773279 721280 1223
773279 2399040 1223
2347041 721280 1223
2347041 2399040 1223
2399040 773279 1223
2399040 2347041 1223
569961 1560150 2210
569961 1560170 2210
1560150 569961 2210
1560150 2550359 2210
1560170 569961 2210
1560170 2550359 2210
2550359 1560150 2210
2550359 1560170 2210
724151 729893 6716
724151 2390427 6716
729893 724151 6716
729893 2396169 6716
2390427 724151 6716
2390427 2396169 6716
2396169 729893 6716
2396169 2390427 6716
538591 1167889 823
538591 1952431 823
1167889 538591 823
1167889 2581729 823
1952431 538591 823
1952431 2581729 823
2581729 1167889 823
2581729 1952431 823
868403 1560140 499
868403 1560180 499
1560140 868403 499
1560140 2251917 499
1560180 868403 499
1560180 2251917 499
2251917 1560140 499
2251917 1560180 499
1209970 1554659 3260
1209970 1565661 3260
1554659 1209970 3260
1554659 1910350 3260
1565661 1209970 3260
1565661 1910350 3260
1910350 1554659 3260
1910350 1565661 3260
1524082 1559367 2648
1524082 1560953 2648
1559367 1524082 2648
1559367 1596238 2648
1560953 1524082 2648
1560953 1596238 2648
1596238 1559367 2648
1596238 1560953 2648
945759 1560140 2070
945759 1560180 2070
1560140 945759 2070
1560140 2174561 2070
1560180 945759 2070
1560180 2174561 2070
2174561 1560140 2070
2174561 1560180 2070
948640 1558574 555
948640 1561746 555
1558574 948640 555
1558574 2171680 555
1561746 948640 555
1561746 2171680 555
2171680 1558574 555
2171680 1561746 555
1083225 1408570 3168
1083225 1711750 3168
1408570 1083225 3168
1408570 2037095 3168
1711750 1083225 3168
1711750 2037095 3168
2037095 1408570 3168
2037095 1711750 3168
1127635 1555191 3066
1127635 1565129 3066
1555191 1127635 3066
1555191 1992685 3066
1565129 1127635 3066
1565129 1992685 3066
1992685 1555191 3066
1992685 1565129 3066
782685 956480 25168
782685 2163840 25168
956480 782685 25168
956480 2337635 25168
2163840 782685 25168
2163840 2337635 25168
2337635 956480 25168
2337635 2163840 25168
772486 1169977 6066
772486 1950343 6066
1169977 772486 6066
1169977 2347834 6066
1950343 772486 6066
1950343 2347834 6066
2347834 1169977 6066
2347834 1950343 6066
1528790 1554147 597
1528790 1566173 597
1554147 1528790 597
1554147 1591530 597
1566173 1528790 597
1566173 1591530 597
1591530 1554147 597
1591530 1566173 597
782414 833379 17509
782414 2286941 17509
833379 782414 17509
833379 2337906 17509
2286941 782414 17509
2286941 2337906 17509
2337906 833379 17509
2337906 2286941 17509
900546 1557791 3699
900546 1562529 3699
1557791 900546 3699
1557791 2219774 3699
1562529 900546 3699
1562529 2219774 3699
2219774 1557791 3699
2219774 1562529 3699
849842 1554669 2114
849842 1565651 2114
1554669 849842 2114
1554669 2270478 2114
1565651 849842 2114
1565651 2270478 2114
2270478 1554669 2114
2270478 1565651 2114
740343 1199520 3724
740343 1920800 3724
1199520 740343 3724
1199520 2379977 3724
1920800 740343 3724
1920800 2379977 3724
2379977 1199520 3724
2379977 1920800 3724
770920 1488546 2720
770920 1631774 2720
1488546 770920 2720
1488546 2349400 2720
1631774 770920 2720
1631774 2349400 2720
2349400 1488546 2720
2349400 1631774 2720
742170 1394456 2533
742170 1725864 2533
1394456 742170 2533
1394456 2378150 2533
1725864 742170 2533
1725864 2378150 2533
2378150 1394456 2533
2378150 1725864 2533
754979 1426880 4846
754979 1693440 4846
1426880 754979 4846
1426880 2365341 4846
1693440 754979 4846
1693440 2365341 4846
2365341 1426880 4846
2365341 1693440 4846
724663 1209177 2979
724663 1911143 2979
1209177 724663 2979
1209177 2395657 2979
1911143 724663 2979
1911143 2395657 2979
2395657 1209177 2979
2395657 1911143 2979
776160 865010 4674
776160 2255310 4674
865010 776160 4674
865010 2344160 4674
2255310 776160 4674
2255310 2344160 4674
2344160 865010 4674
2344160 2255310 4674
1278703 1560150 1217
1278703 1560170 1217
1560150 1278703 1217
1560150 1841617 1217
1560170 1278703 1217
1560170 1841617 1217
1841617 1560150 1217
1841617 1560170 1217
1167618 1463982 7051
1167618 1656338 7051
1463982 1167618 7051
1463982 1952702 7051
1656338 1167618 7051
1656338 1952702 7051
1952702 1463982 7051
1952702 1656338 7051
1079300 1560150 1838
1079300 1560170 1838
1560150 1079300 1838
1560150 2041020 1838
1560170 1079300 1838
1560170 2041020 1838
2041020 1560150 1838
2041020 1560170 1838
779031 1528790 12652
779031 1591530 12652
1528790 779031 12652
1528790 2341289 12652
1591530 779031 12652
1591530 2341289 12652
2341289 1528790 12652
2341289 1591530 12652
773791 1198717 3111
773791 1921603 3111
1198717 773791 3111
1198717 2346529 3111
1921603 773791 3111
1921603 2346529 3111
2346529 1198717 3111
2346529 1921603 3111
1528268 1560150 3383
1528268 1560170 3383
1560150 1528268 3383
1560150 1592052 3383
1560170 1528268 3383
1560170 1592052 3383
1592052 1560150 3383
1592052 1560170 3383
870491 1554920 7075
870491 1565400 7075
1554920 870491 7075
1554920 2249829 7075
1565400 870491 7075
1565400 2249829 7075
2249829 1554920 7075
2249829 1565400 7075
1255956 1558865 680
1255956 1561455 680
1558865 1255956 680
1558865 1864364 680
1561455 1255956 680
1561455 1864364 680
1864364 1558865 680
1864364 1561455 680
773801 1497691 3708
773801 1622629 3708
1497691 773801 3708
1497691 2346519 3708
1622629 773801 3708
1622629 2346519 3708
2346519 1497691 3708
2346519 1622629 3708
464909 782685 15300
464909 2337635 15300
782685 464909 15300
782685 2655411 15300
2337635 464909 15300
2337635 2655411 15300
2655411 782685 15300
2655411 2337635 15300
1149589 1558604 5903
1149589 1561716 5903
1558604 1149589 5903
1558604 1970731 5903
1561716 1149589 5903
1561716 1970731 5903
1970731 1558604 5903
1970731 1561716 5903
431200 782936 3567
431200 2337384 3567
782936 431200 3567
782936 2689120 3567
2337384 431200 3567
2337384 2689120 3567
2689120 782936 3567
2689120 2337384 3567
778509 1442560 4246
778509 1677760 4246
1442560 778509 4246
1442560 2341811 4246
1677760 778509 4246
1677760 2341811 4246
2341811 1442560 4246
2341811 1677760 4246
768320 1382962 1684
768320 1737358 1684
1382962 768320 1684
1382962 2352000 1684
1737358 768320 1684
1737358 2352000 1684
2352000 1382962 1684
2352000 1737358 1684
773540 1456664 4908
773540 1663656 4908
1456664 773540 4908
1456664 2346780 4908
1663656 773540 4908
1663656 2346780 4908
2346780 1456664 4908
2346780 1663656 4908
782936 901590 6478
782936 2218730 6478
901590 782936 6478
901590 2337384 6478
2218730 782936 6478
2218730 2337384 6478
2337384 901590 6478
2337384 2218730 6478
770398 1429219 3310
770398 1691101 3310
1429219 770398 3310
1429219 2349922 3310
1691101 770398 3310
1691101 2349922 3310
2349922 1429219 3310
2349922 1691101 3310
774323 1313978 6194
774323 1806342 6194
1313978 774323 6194
1313978 2345997 6194
1806342 774323 6194
1806342 2345997 6194
2345997 1313978 6194
2345997 1806342 6194
773008 1309260 1261
773008 1811060 1261
1309260 773008 1261
1309260 2347312 1261
1811060 773008 1261
1811060 2347312 1261
2347312 1309260 1261
2347312 1811060 1261
781380 1231131 5466
781380 1889189 5466
1231131 781380 5466
1231131 2338940 5466
1889189 781380 5466
1889189 2338940 5466
2338940 1231131 5466
2338940 1889189 5466
745312 1410668 3519
745312 1709652 3519
1410668 745312 3519
1410668 2375008 3519
1709652 745312 3519
1709652 2375008 3519
2375008 1410668 3519
2375008 1709652 3519
739821 1397076 181
739821 1723244 181
1397076 739821 181
1397076 2380499 181
1723244 739821 181
1723244 2380499 181
2380499 1397076 181
2380499 1723244 181
766473 1297515 1419
766473 1822805 1419
1297515 766473 1419
1297515 2353847 1419
1822805 766473 1419
1822805 2353847 1419
2353847 1297515 1419
2353847 1822805 1419
781119 1230338 5648
781119 1889982 5648
1230338 781119 5648
1230338 2339201 5648
1889982 781119 5648
1889982 2339201 5648
2339201 1230338 5648
2339201 1889982 5648
916738 1557540 1684
916738 1562780 1684
1557540 916738 1684
1557540 2203582 1684
1562780 916738 1684
1562780 2203582 1684
2203582 1557540 1684
2203582 1562780 1684
771181 1317120 6157
771181 1803200 6157
1317120 771181 6157
1317120 2349139 6157
1803200 771181 6157
1803200 2349139 6157
2349139 1317120 6157
2349139 1803200 6157
401396 781119 7552
401396 2339201 7552
781119 401396 7552
781119 2718924 7552
2339201 401396 7552
2339201 2718924 7552
2718924 781119 7552
2718924 2339201 7552
982871 1560150 620
982871 1560170 620
1560150 982871 620
1560150 2137449 620
1560170 982871 620
1560170 2137449 620
2137449 1560150 620
2137449 1560170 620
1007686 1556757 2343
1007686 1563563 2343
1556757 1007686 2343
1556757 2112634 2343
1563563 1007686 2343
1563563 2112634 2343
2112634 1556757 2343
2112634 1563563 2343
715267 1560150 4352
715267 1560170 4352
1560150 715267 4352
1560150 2405053 4352
1560170 715267 4352
1560170 2405053 4352
2405053 1560150 4352
2405053 1560170 4352
446870 1560150 7100
446870 1560170 7100
1560150 446870 7100
1560150 2673450 7100
1560170 446870 7100
1560170 2673450 7100
2673450 1560150 7100
2673450 1560170 7100
971367 1560150 9
971367 1560170 9
1560150 971367 9
1560150 2148953 9
1560170 971367 9
1560170 2148953 9
2148953 1560150 9
2148953 1560170 9
780848 1345328 12665
780848 1774992 12665
1345328 780848 12665
1345328 2339472 12665
1774992 780848 12665
1774992 2339472 12665
2339472 1345328 12665
2339472 1774992 12665
391207 1560150 5192
391207 1560170 5192
1560150 391207 5192
1560150 2729113 5192
1560170 391207 5192
1560170 2729113 5192
2729113 1560150 5192
2729113 1560170 5192
781902 1529583 1735
781902 1590737 1735
1529583 781902 1735
1529583 2338418 1735
1590737 781902 1735
1590737 2338418 1735
2338418 1529583 1735
2338418 1590737 1735
781892 1127374 44283
781892 1992946 44283
1127374 781892 44283
1127374 2338428 44283
1992946 781892 44283
1992946 2338428 44283
2338428 1127374 44283
2338428 1992946 44283
782153 1115358 20403
782153 2004962 20403
1115358 782153 20403
1115358 2338167 20403
2004962 782153 20403
2004962 2338167 20403
2338167 1115358 20403
2338167 2004962 20403
771703 1128960 3768
771703 1991360 3768
1128960 771703 3768
1128960 2348617 3768
1991360 771703 3768
1991360 2348617 3768
2348617 1128960 3768
2348617 1991360 3768
775357 1153253 3917
775357 1967067 3917
1153253 775357 3917
1153253 2344963 3917
1967067 775357 3917
1967067 2344963 3917
2344963 1153253 3917
2344963 1967067 3917
823973 1559909 708
823973 1560411 708
1559909 823973 708
1559909 2296347 708
1560411 823973 708
1560411 2296347 708
2296347 1559909 708
2296347 1560411 708
779804 855072 1612
779804 2265248 1612
855072 779804 1612
855072 2340516 1612
2265248 779804 1612
2265248 2340516 1612
2340516 855072 1612
2340516 2265248 1612
782936 933472 12930
782936 2186848 12930
933472 782936 12930
933472 2337384 12930
2186848 782936 12930
2186848 2337384 12930
2337384 933472 12930
2337384 2186848 12930
782153 929808 4617
782153 2190512 4617
929808 782153 4617
929808 2338167 4617
2190512 782153 4617
2190512 2338167 4617
2338167 929808 4617
2338167 2190512 4617
943400 1560150 2039
943400 1560170 2039
1560150 943400 2039
1560150 2176920 2039
1560170 943400 2039
1560170 2176920 2039
2176920 1560150 2039
2176920 1560170 2039
774062 911528 1251
774062 2208792 1251
911528 774062 1251
911528 2346258 1251
2208792 774062 1251
2208792 2346258 1251
2346258 911528 1251
2346258 2208792 1251
697760 782675 68521
697760 2337645 68521
782675 697760 68521
782675 2422560 68521
2337645 697760 68521
2337645 2422560 68521
2422560 782675 68521
2422560 2337645 68521
940780 1557279 2159
940780 1563041 2159
1557279 940780 2159
1557279 2179540 2159
1563041 940780 2159
1563041 2179540 2159
2179540 1557279 2159
2179540 1563041 2159
1309541 1555181 2357
1309541 1565139 2357
1555181 1309541 2357
1555181 1810779 2357
1565139 1309541 2357
1565139 1810779 2357
1810779 1555181 2357
1810779 1565139 2357
1519896 1554408 90
1519896 1565912 90
1554408 1519896 90
1554408 1600424 90
1565912 1519896 90
1565912 1600424 90
1600424 1554408 90
1600424 1565912 90
775106 1220681 13364
775106 1899639 13364
1220681 775106 13364
1220681 2345214 13364
1899639 775106 13364
1899639 2345214 13364
2345214 1220681 13364
2345214 1899639 13364
704285 1331224 2100
704285 1789096 2100
1331224 704285 2100
1331224 2416035 2100
1789096 704285 2100
1789096 2416035 2100
2416035 1331224 2100
2416035 1789096 2100
718660 1204479 786
718660 1915841 786
1204479 718660 786
1204479 2401660 786
1915841 718660 786
1915841 2401660 786
2401660 1204479 786
2401660 1915841 786
584587 783197 88797
584587 2337123 88797
783197 584587 88797
783197 2535733 88797
2337123 584587 88797
2337123 2535733 88797
2535733 783197 88797
2535733 2337123 88797
987840 1557540 1515
987840 1562780 1515
1557540 987840 1515
1557540 2132480 1515
1562780 987840 1515
1562780 2132480 1515
2132480 1557540 1515
2132480 1562780 1515
782163 1398381 13618
782163 1721939 13618
1398381 782163 13618
1398381 2338157 13618
1721939 782163 13618
1721939 2338157 13618
2338157 1398381 13618
2338157 1721939 13618
744268 1403350 839
744268 1716970 839
1403350 744268 839
1403350 2376052 839
1716970 744268 839
1716970 2376052 839
2376052 1403350 839
2376052 1716970 839
776672 1244201 7868
776672 1876119 7868
1244201 776672 7868
1244201 2343648 7868
1876119 776672 7868
1876119 2343648 7868
2343648 1244201 7868
2343648 1876119 7868
775106 1498996 1117
775106 1621324 1117
1498996 775106 1117
1498996 2345214 1117
1621324 775106 1117
1621324 2345214 1117
2345214 1498996 1117
2345214 1621324 1117
780065 1368065 15986
780065 1752255 15986
1368065 780065 15986
1368065 2340255 15986
1752255 780065 15986
1752255 2340255 15986
2340255 1368065 15986
2340255 1752255 15986
779292 1319469 5884
779292 1800851 5884
1319469 779292 5884
1319469 2341028 5884
1800851 779292 5884
1800851 2341028 5884
2341028 1319469 5884
2341028 1800851 5884
1413017 1553876 9352
1413017 1566444 9352
1553876 1413017 9352
1553876 1707303 9352
1566444 1413017 9352
1566444 1707303 9352
1707303 1553876 9352
1707303 1566444 9352
704275 1126591 1251
704275 1993729 1251
1126591 704275 1251
1126591 2416045 1251
1993729 704275 1251
1993729 2416045 1251
2416045 1126591 1251
2416045 1993729 1251
760480 1403621 1
760480 1716699 1
1403621 760480 1
1403621 2359840 1
1716699 760480 1
1716699 2359840 1
2359840 1403621 1
2359840 1716699 1
760209 1559889 8249
760209 1560431 8249
1559889 760209 8249
1559889 2360111 8249
1560431 760209 8249
1560431 2360111 8249
2360111 1559889 8249
2360111 1560431 8249
771181 1387680 6169
771181 1732640 6169
1387680 771181 6169
1387680 2349139 6169
1732640 771181 6169
1732640 2349139 6169
2349139 1387680 6169
2349139 1732640 6169
776140 1364160 8459
776140 1756160 8459
1364160 776140 8459
1364160 2344180 8459
1756160 776140 8459
1756160 2344180 8459
2344180 1364160 8459
2344180 1756160 8459
775618 1245235 910
775618 1875085 910
1245235 775618 910
1245235 2344702 910
1875085 775618 910
1875085 2344702 910
2344702 1245235 910
2344702 1875085 910
1263284 1556757 674
1263284 1563563 674
1556757 1263284 674
1556757 1857036 674
1563563 1263284 674
1563563 1857036 674
1857036 1556757 674
1857036 1563563 674
1370946 1560150 2901
1370946 1560170 2901
1560150 1370946 2901
1560150 1749374 2901
1560170 1370946 2901
1560170 1749374 2901
1749374 1560150 2901
1749374 1560170 2901
493920 781892 27217
493920 2338428 27217
781892 493920 27217
781892 2626400 27217
2338428 493920 27217
2338428 2626400 27217
2626400 781892 27217
2626400 2338428 27217
1322340 1560150 4109
1322340 1560170 4109
1560150 1322340 4109
1560150 1797980 4109
1560170 1322340 4109
1560170 1797980 4109
1797980 1560150 4109
1797980 1560170 4109
783458 805673 6944
783458 2314647 6944
805673 783458 6944
805673 2336862 6944
2314647 783458 6944
2314647 2336862 6944
2336862 805673 6944
2336862 2314647 6944
783197 1120578 28571
783197 1999742 28571
1120578 783197 28571
1120578 2337123 28571
1999742 783197 28571
1999742 2337123 28571
2337123 1120578 28571
2337123 1999742 28571
782153 843839 17361
782153 2276481 17361
843839 782153 17361
843839 2338167 17361
2276481 782153 17361
2276481 2338167 17361
2338167 843839 17361
2338167 2276481 17361
876233 1560150 1347
876233 1560170 1347
1560150 876233 1347
1560150 2244087 1347
1560170 876233 1347
1560170 2244087 1347
2244087 1560150 1347
2244087 1560170 1347
781109 1152480 6535
781109 1967840 6535
1152480 781109 6535
1152480 2339211 6535
1967840 781109 6535
1967840 2339211 6535
2339211 1152480 6535
2339211 1967840 6535
782414 1132875 3492
782414 1987445 3492
1132875 782414 3492
1132875 2337906 3492
1987445 782414 3492
1987445 2337906 3492
2337906 1132875 3492
2337906 1987445 3492
1098383 1560150 5651
1098383 1560170 5651
1560150 1098383 5651
1560150 2021937 5651
1560170 1098383 5651
1560170 2021937 5651
2021937 1560150 5651
2021937 1560170 5651
775618 843046 4349
775618 2277274 4349
843046 775618 4349
843046 2344702 4349
2277274 775618 4349
2277274 2344702 4349
2344702 843046 4349
2344702 2277274 4349
778499 1529573 16480
778499 1590747 16480
1529573 778499 16480
1529573 2341821 16480
1590747 778499 16480
1590747 2341821 16480
2341821 1529573 16480
2341821 1590747 16480
1515730 1557279 3317
1515730 1563041 3317
1557279 1515730 3317
1557279 1604590 3317
1563041 1515730 3317
1563041 1604590 3317
1604590 1557279 3317
1604590 1563041 3317
770398 1140193 8455
770398 1980127 8455
1140193 770398 8455
1140193 2349922 8455
1980127 770398 8455
1980127 2349922 8455
2349922 1140193 8455
2349922 1980127 8455
781631 874145 22321
781631 2246175 22321
874145 781631 22321
874145 2338689 22321
2246175 781631 22321
2246175 2338689 22321
2338689 874145 22321
2338689 2246175 22321
499401 1169716 133126
499401 1950604 133126
1169716 499401 133126
1169716 2620919 133126
1950604 499401 133126
1950604 2620919 133126
2620919 1169716 133126
2620919 1950604 133126
1223301 1557008 1958
1223301 1563312 1958
1557008 1223301 1958
1557008 1897019 1958
1563312 1223301 1958
1563312 1897019 1958
1897019 1557008 1958
1897019 1563312 1958
776411 1463982 558
776411 1656338 558
1463982 776411 558
1463982 2343909 558
1656338 776411 558
1656338 2343909 558
2343909 1463982 558
2343909 1656338 558
1055519 1560150 1277
1055519 1560170 1277
1560150 1055519 1277
1560150 2064801 1277
1560170 1055519 1277
1560170 2064801 1277
2064801 1560150 1277
2064801 1560170 1277
773279 1202652 1609
773279 1917668 1609
1202652 773279 1609
1202652 2347041 1609
1917668 773279 1609
1917668 2347041 1609
2347041 1202652 1609
2347041 1917668 1609
1156395 1560150 13328
1156395 1560170 13328
1560150 1156395 13328
1560150 1963925 13328
1560170 1156395 13328
1560170 1963925 13328
1963925 1560150 13328
1963925 1560170 13328
1024681 1554398 18287
1024681 1565922 18287
1554398 1024681 18287
1554398 2095639 18287
1565922 1024681 18287
1565922 2095639 18287
2095639 1554398 18287
2095639 1565922 18287
770408 1275290 6039
770408 1845030 6039
1275290 770408 6039
1275290 2349912 6039
1845030 770408 6039
1845030 2349912 6039
2349912 1275290 6039
2349912 1845030 6039
1172848 1557038 18502
1172848 1563282 18502
1557038 1172848 18502
1557038 1947472 18502
1563282 1172848 18502
1563282 1947472 18502
1947472 1557038 18502
1947472 1563282 18502
644697 1144369 4977
644697 1975951 4977
1144369 644697 4977
1144369 2475623 4977
1975951 644697 4977
1975951 2475623 4977
2475623 1144369 4977
2475623 1975951 4977
766734 1270080 4312
766734 1850240 4312
1270080 766734 4312
1270080 2353586 4312
1850240 766734 4312
1850240 2353586 4312
2353586 1270080 4312
2353586 1850240 4312
986264 1560150 2291
986264 1560170 2291
1560150 986264 2291
1560150 2134056 2291
1560170 986264 2291
1560170 2134056 2291
2134056 1560150 2291
2134056 1560170 2291
782153 1474442 19367
782153 1645878 19367
1474442 782153 19367
1474442 2338167 19367
1645878 782153 19367
1645878 2338167 19367
2338167 1474442 19367
2338167 1645878 19367
750793 1106474 11919
750793 2013846 11919
1106474 750793 11919
1106474 2369527 11919
2013846 750793 11919
2013846 2369527 11919
2369527 1106474 11919
2369527 2013846 11919
783458 1306128 3202
783458 1814192 3202
1306128 783458 3202
1306128 2336862 3202
1814192 783458 3202
1814192 2336862 3202
2336862 1306128 3202
2336862 1814192 3202
1409363 1560150 3337
1409363 1560170 3337
1560150 1409363 3337
1560150 1710957 3337
1560170 1409363 3337
1560170 1710957 3337
1710957 1560150 3337
1710957 1560170 3337
782675 1094187 19688
782675 2026133 19688
1094187 782675 19688
1094187 2337645 19688
2026133 782675 19688
2026133 2337645 19688
2337645 1094187 19688
2337645 2026133 19688
771181 1319991 10507
771181 1800329 10507
1319991 771181 10507
1319991 2349139 10507
1800329 771181 10507
1800329 2349139 10507
2349139 1319991 10507
2349139 1800329 10507
783458 927730 11535
783458 2192590 11535
927730 783458 11535
927730 2336862 11535
2192590 783458 11535
2192590 2336862 11535
2336862 927730 11535
2336862 2192590 11535
783458 925100 18056
783458 2195220 18056
925100 783458 18056
925100 2336862 18056
2195220 783458 18056
2195220 2336862 18056
2336862 925100 18056
2336862 2195220 18056
1152741 1457698 1660
1152741 1662622 1660
1457698 1152741 1660
1457698 1967579 1660
1662622 1152741 1660
1662622 1967579 1660
1967579 1457698 1660
1967579 1662622 1660
1444377 1555191 5238
1444377 1565129 5238
1555191 1444377 5238
1555191 1675943 5238
1565129 1444377 5238
1565129 1675943 5238
1675943 1555191 5238
1675943 1565129 5238
763863 1441235 987
763863 1679085 987
1441235 763863 987
1441235 2356457 987
1679085 763863 987
1679085 2356457 987
2356457 1441235 987
2356457 1679085 987
783197 936614 13181
783197 2183706 13181
936614 783197 13181
936614 2337123 13181
2183706 783197 13181
2183706 2337123 13181
2337123 936614 13181
2337123 2183706 13181
739821 1425816 155
739821 1694504 155
1425816 739821 155
1425816 2380499 155
1694504 739821 155
1694504 2380499 155
2380499 1425816 155
2380499 1694504 155
771703 1355517 2590
771703 1764803 2590
1355517 771703 2590
1355517 2348617 2590
1764803 771703 2590
1764803 2348617 2590
2348617 1355517 2590
2348617 1764803 2590
765951 1339064 1687
765951 1781256 1687
1339064 765951 1687
1339064 2354369 1687
1781256 765951 1687
1781256 2354369 1687
2354369 1339064 1687
2354369 1781256 1687
1180949 1450390 5228
1180949 1669930 5228
1450390 1180949 5228
1450390 1939371 5228
1669930 1180949 5228
1669930 1939371 5228
1939371 1450390 5228
1939371 1669930 5228
777455 916738 7812
777455 2203582 7812
916738 777455 7812
916738 2342865 7812
2203582 777455 7812
2203582 2342865 7812
2342865 916738 7812
2342865 2203582 7812
783197 783197 53143
783197 2337123 53143
2337123 783197 53143
2337123 2337123 53143
814045 1559367 4823
814045 1560953 4823
1559367 814045 4823
1559367 2306275 4823
1560953 814045 4823
1560953 2306275 4823
2306275 1559367 4823
2306275 1560953 4823
805151 1554669 814
805151 1565651 814
1554669 805151 814
1554669 2315169 814
1565651 805151 814
1565651 2315169 814
2315169 1554669 814
2315169 1565651 814
524226 1166584 41333
524226 1953736 41333
1166584 524226 41333
1166584 2596094 41333
1953736 524226 41333
1953736 2596094 41333
2596094 1166584 41333
2596094 1953736 41333
783468 1553625 10140
783468 1566695 10140
1553625 783468 10140
1553625 2336852 10140
1566695 783468 10140
1566695 2336852 10140
2336852 1553625 10140
2336852 1566695 10140
767256 783458 25444
767256 2336862 25444
783458 767256 25444
783458 2353064 25444
2336862 767256 25444
2336862 2353064 25444
2353064 783458 25444
2353064 2336862 25444
781109 1034880 38446
781109 2085440 38446
1034880 781109 38446
1034880 2339211 38446
2085440 781109 38446
2085440 2339211 38446
2339211 1034880 38446
2339211 2085440 38446
1102288 1553876 12875
1102288 1566444 12875
1553876 1102288 12875
1553876 2018032 12875
1566444 1102288 12875
1566444 2018032 12875
2018032 1553876 12875
2018032 1566444 12875
783458 842524 26342
783458 2277796 26342
842524 783458 26342
842524 2336862 26342
2277796 783458 26342
2277796 2336862 26342
2336862 842524 26342
2336862 2277796 26342
1519384 1559106 4570
1519384 1561214 4570
1559106 1519384 4570
1559106 1600936 4570
1561214 1519384 4570
1561214 1600936 4570
1600936 1559106 4570
1600936 1561214 4570
783458 1089479 13391
783458 2030841 13391
1089479 783458 13391
1089479 2336862 13391
2030841 783458 13391
2030841 2336862 13391
2336862 1089479 13391
2336862 2030841 13391
783197 1090804 16332
783197 2029516 16332
1090804 783197 16332
1090804 2337123 16332
2029516 783197 16332
2029516 2337123 16332
2337123 1090804 16332
2337123 2029516 16332
782414 978414 34226
782414 2141906 34226
978414 782414 34226
978414 2337906 34226
2141906 782414 34226
2141906 2337906 34226
2337906 978414 34226
2337906 2141906 34226
1123720 1459796 7983
1123720 1660524 7983
1459796 1123720 7983
1459796 1996600 7983
1660524 1123720 7983
1660524 1996600 7983
1996600 1459796 7983
1996600 1660524 7983
1089740 1553886 8988
1089740 1566434 8988
1553886 1089740 8988
1553886 2030580 8988
1566434 1089740 8988
1566434 2030580 8988
2030580 1553886 8988
2030580 1566434 8988
783458 1436286 8488
783458 1684034 8488
1436286 783458 8488
1436286 2336862 8488
1684034 783458 8488
1684034 2336862 8488
2336862 1436286 8488
2336862 1684034 8488
1498996 1559889 1008
1498996 1560431 1008
1559889 1498996 1008
1559889 1621324 1008
1560431 1498996 1008
1560431 1621324 1008
1621324 1559889 1008
1621324 1560431 1008
779543 1261959 13314
779543 1858361 13314
1261959 779543 13314
1261959 2340777 13314
1858361 779543 13314
1858361 2340777 13314
2340777 1261959 13314
2340777 1858361 13314
841219 1560150 1372
841219 1560170 1372
1560150 841219 1372
1560150 2279101 1372
1560170 841219 1372
1560170 2279101 1372
2279101 1560150 1372
2279101 1560170 1372
777716 1519896 9577
777716 1600424 9577
1519896 777716 9577
1519896 2342604 9577
1600424 777716 9577
1600424 2342604 9577
2342604 1519896 9577
2342604 1600424 9577
769615 1497169 709
769615 1623151 709
1497169 769615 709
1497169 2350705 709
1623151 769615 709
1623151 2350705 709
2350705 1497169 709
2350705 1623151 709
783197 1410658 19804
783197 1709662 19804
1410658 783197 19804
1410658 2337123 19804
1709662 783197 19804
1709662 2337123 19804
2337123 1410658 19804
2337123 1709662 19804
770920 1237917 10308
770920 1882403 10308
1237917 770920 10308
1237917 2349400 10308
1882403 770920 10308
1882403 2349400 10308
2349400 1237917 10308
2349400 1882403 10308
782153 1383745 20891
782153 1736575 20891
1383745 782153 20891
1383745 2338167 20891
1736575 782153 20891
1736575 2338167 20891
2338167 1383745 20891
2338167 1736575 20891
767256 1228511 694
767256 1891809 694
1228511 767256 694
1228511 2353064 694
1891809 767256 694
1891809 2353064 694
2353064 1228511 694
2353064 1891809 694
1060227 1558052 5950
1060227 1562268 5950
1558052 1060227 5950
1558052 2060093 5950
1562268 1060227 5950
1562268 2060093 5950
2060093 1558052 5950
2060093 1562268 5950
974499 1560150 2456
974499 1560170 2456
1560150 974499 2456
1560150 2145821 2456
1560170 974499 2456
1560170 2145821 2456
2145821 1560150 2456
2145821 1560170 2456
760992 1213624 6221
760992 1906696 6221
1213624 760992 6221
1213624 2359328 6221
1906696 760992 6221
1906696 2359328 6221
2359328 1213624 6221
2359328 1906696 6221
1228250 1554408 9736
1228250 1565912 9736
1554408 1228250 9736
1554408 1892070 9736
1565912 1228250 9736
1565912 1892070 9736
1892070 1554408 9736
1892070 1565912 9736
1153002 1553645 6601
1153002 1566675 6601
1553645 1153002 6601
1553645 1967318 6601
1566675 1153002 6601
1566675 1967318 6601
1967318 1553645 6601
1967318 1566675 6601
1151938 1554408 3520
1151938 1565912 3520
1554408 1151938 3520
1554408 1968382 3520
1565912 1151938 3520
1565912 1968382 3520
1968382 1554408 3520
1968382 1565912 3520
782153 1023105 41686
782153 2097215 41686
1023105 782153 41686
1023105 2338167 41686
2097215 782153 41686
2097215 2338167 41686
2338167 1023105 41686
2338167 2097215 41686
772235 1294644 295
772235 1825676 295
1294644 772235 295
1294644 2348085 295
1825676 772235 295
1825676 2348085 295
2348085 1294644 295
2348085 1825676 295
501760 781109 13705
501760 2339211 13705
781109 501760 13705
781109 2618560 13705
2339211 501760 13705
2339211 2618560 13705
2618560 781109 13705
2618560 2339211 13705
496791 780326 3791
496791 2339994 3791
780326 496791 3791
780326 2623529 3791
2339994 496791 3791
2339994 2623529 3791
2623529 780326 3791
2623529 2339994 3791
753935 783458 36400
753935 2336862 36400
783458 753935 36400
783458 2366385 36400
2336862 753935 36400
2336862 2366385 36400
2366385 783458 36400
2366385 2336862 36400
721280 780587 7788
721280 2339733 7788
780587 721280 7788
780587 2399040 7788
2339733 721280 7788
2339733 2399040 7788
2399040 780587 7788
2399040 2339733 7788
746366 1435503 2386
746366 1684817 2386
1435503 746366 2386
1435503 2373954 2386
1684817 746366 2386
1684817 2373954 2386
2373954 1435503 2386
2373954 1684817 2386
997768 1555452 3037
997768 1564868 3037
1555452 997768 3037
1555452 2122552 3037
1564868 997768 3037
1564868 2122552 3037
2122552 1555452 3037
2122552 1564868 3037
743485 1106735 4343
743485 2013585 4343
1106735 743485 4343
1106735 2376835 4343
2013585 743485 4343
2013585 2376835 4343
2376835 1106735 4343
2376835 2013585 4343
548800 1553886 60059
548800 1566434 60059
1553886 548800 60059
1553886 2571520 60059
1566434 548800 60059
1566434 2571520 60059
2571520 1553886 60059
2571520 1566434 60059
540960 1556235 4051
540960 1564085 4051
1556235 540960 4051
1556235 2579360 4051
1564085 540960 4051
1564085 2579360 4051
2579360 1556235 4051
2579360 1564085 4051
470400 1558584 11985
470400 1561736 11985
1558584 470400 11985
1558584 2649920 11985
1561736 470400 11985
1561736 2649920 11985
2649920 1558584 11985
2649920 1561736 11985
462560 1559367 18446
462560 1560953 18446
1559367 462560 18446
1559367 2657760 18446
1560953 462560 18446
1560953 2657760 18446
2657760 1559367 18446
2657760 1560953 18446
410551 1560150 6070
410551 1560170 6070
1560150 410551 6070
1560150 2709769 6070
1560170 410551 6070
1560170 2709769 6070
2709769 1560150 6070
2709769 1560170 6070
729120 777194 15864
729120 2343126 15864
777194 729120 15864
777194 2391200 15864
2343126 729120 15864
2343126 2391200 15864
2391200 777194 15864
2391200 2343126 15864
625102 1560150 8883
625102 1560170 8883
1560150 625102 8883
1560150 2495218 8883
1560170 625102 8883
1560170 2495218 8883
2495218 1560150 8883
2495218 1560170 8883
711081 729120 9136
711081 2391200 9136
729120 711081 9136
729120 2409239 9136
2391200 711081 9136
2391200 2409239 9136
2409239 729120 9136
2409239 2391200 9136
516376 1167367 118200
516376 1952953 118200
1167367 516376 118200
1167367 2603944 118200
1952953 516376 118200
1952953 2603944 118200
2603944 1167367 118200
2603944 1952953 118200
1080073 1553886 16529
1080073 1566434 16529
1553886 1080073 16529
1553886 2040247 16529
1566434 1080073 16529
1566434 2040247 16529
2040247 1553886 16529
2040247 1566434 16529
781631 1111433 4977
781631 2008887 4977
1111433 781631 4977
1111433 2338689 4977
2008887 781631 4977
2008887 2338689 4977
2338689 1111433 4977
2338689 2008887 4977
776150 783458 26783
776150 2336862 26783
783458 776150 26783
783458 2344170 26783
2336862 776150 26783
2336862 2344170 26783
2344170 783458 26783
2344170 2336862 26783
770147 1412766 4181
770147 1707554 4181
1412766 770147 4181
1412766 2350173 4181
1707554 770147 4181
1707554 2350173 4181
2350173 1412766 4181
2350173 1707554 4181
782414 1011079 4555
782414 2109241 4555
1011079 782414 4555
1011079 2337906 4555
2109241 782414 4555
2109241 2337906 4555
2337906 1011079 4555
2337906 2109241 4555
783468 1435493 14246
783468 1684827 14246
1435493 783468 14246
1435493 2336852 14246
1684827 783468 14246
1684827 2336852 14246
2336852 1435493 14246
2336852 1684827 14246
768320 1410397 2793
768320 1709923 2793
1410397 768320 2793
1410397 2352000 2793
1709923 768320 2793
1709923 2352000 2793
2352000 1410397 2793
2352000 1709923 2793
1160049 1560150 1888
1160049 1560170 1888
1560150 1160049 1888
1560150 1960271 1888
1560170 1160049 1888
1560170 1960271 1888
1960271 1560150 1888
1960271 1560170 1888
852974 1555713 711
852974 1564607 711
1555713 852974 711
1555713 2267346 711
1564607 852974 711
1564607 2267346 711
2267346 1555713 711
2267346 1564607 711
783207 1457969 8904
783207 1662351 8904
1457969 783207 8904
1457969 2337113 8904
1662351 783207 8904
1662351 2337113 8904
2337113 1457969 8904
2337113 1662351 8904
768049 1555713 17327
768049 1564607 17327
1555713 768049 17327
1555713 2352271 17327
1564607 768049 17327
1564607 2352271 17327
2352271 1555713 17327
2352271 1564607 17327
1487763 1560150 96
1487763 1560170 96
1560150 1487763 96
1560150 1632557 96
1560170 1487763 96
1560170 1632557 96
1632557 1560150 96
1632557 1560170 96
779021 1386104 3331
779021 1734216 3331
1386104 779021 3331
1386104 2341299 3331
1734216 779021 3331
1734216 2341299 3331
2341299 1386104 3331
2341299 1734216 3331
728588 1376166 6727
728588 1744154 6727
1376166 728588 6727
1376166 2391732 6727
1744154 728588 6727
1744154 2391732 6727
2391732 1376166 6727
2391732 1744154 6727
715518 1348741 319
715518 1771579 319
1348741 715518 319
1348741 2404802 319
1771579 715518 319
1771579 2404802 319
2404802 1348741 319
2404802 1771579 319
1511805 1560150 2250
1511805 1560170 2250
1560150 1511805 2250
1560150 1608515 2250
1560170 1511805 2250
1560170 1608515 2250
1608515 1560150 2250
1608515 1560170 2250
1227728 1558604 4338
1227728 1561716 4338
1558604 1227728 4338
1558604 1892592 4338
1561716 1227728 4338
1561716 1892592 4338
1892592 1558604 4338
1892592 1561716 4338
781892 1083747 35748
781892 2036573 35748
1083747 781892 35748
1083747 2338428 35748
2036573 781892 35748
2036573 2338428 35748
2338428 1083747 35748
2338428 2036573 35748
1123198 1560150 1449
1123198 1560170 1449
1560150 1123198 1449
1560150 1997122 1449
1560170 1123198 1449
1560170 1997122 1449
1997122 1560150 1449
1997122 1560170 1449
1362835 1553645 32074
1362835 1566675 32074
1553645 1362835 32074
1553645 1757485 32074
1566675 1362835 32074
1566675 1757485 32074
1757485 1553645 32074
1757485 1566675 32074
776411 1511273 7366
776411 1609047 7366
1511273 776411 7366
1511273 2343909 7366
1609047 776411 7366
1609047 2343909 7366
2343909 1511273 7366
2343909 1609047 7366
1035914 1556757 5014
1035914 1563563 5014
1556757 1035914 5014
1556757 2084406 5014
1563563 1035914 5014
1563563 2084406 5014
2084406 1556757 5014
2084406 1563563 5014
773279 1227467 4473
773279 1892853 4473
1227467 773279 4473
1227467 2347041 4473
1892853 773279 4473
1892853 2347041 4473
2347041 1227467 4473
2347041 1892853 4473
1018668 1553886 10871
1018668 1566434 10871
1553886 1018668 10871
1553886 2101652 10871
1566434 1018668 10871
1566434 2101652 10871
2101652 1553886 10871
2101652 1566434 10871
778499 1328343 10280
778499 1791977 10280
1328343 778499 10280
1328343 2341821 10280
1791977 778499 10280
1791977 2341821 10280
2341821 1328343 10280
2341821 1791977 10280
995148 1557540 6285
995148 1562780 6285
1557540 995148 6285
1557540 2125172 6285
1562780 995148 6285
1562780 2125172 6285
2125172 1557540 6285
2125172 1562780 6285
1445682 1560150 1487
1445682 1560170 1487
1560150 1445682 1487
1560150 1674638 1487
1560170 1445682 1487
1560170 1674638 1487
1674638 1560150 1487
1674638 1560170 1487
736940 1200303 3444
736940 1920017 3444
1200303 736940 3444
1200303 2383380 3444
1920017 736940 3444
1920017 2383380 3444
2383380 1200303 3444
2383380 1920017 3444
781109 1264318 13088
781109 1856002 13088
1264318 781109 13088
1264318 2339211 13088
1856002 781109 13088
1856002 2339211 13088
2339211 1264318 13088
2339211 1856002 13088
702458 783458 34628
702458 2336862 34628
783458 702458 34628
783458 2417862 34628
2336862 702458 34628
2336862 2417862 34628
2417862 783458 34628
2417862 2336862 34628
760731 1450912 430
760731 1669408 430
1450912 760731 430
1450912 2359589 430
1669408 760731 430
1669408 2359589 430
2359589 1450912 430
2359589 1669408 430
781631 1287848 5286
781631 1832472 5286
1287848 781631 5286
1287848 2338689 5286
1832472 781631 5286
1832472 2338689 5286
2338689 1287848 5286
2338689 1832472 5286
782153 1357876 4694
782153 1762444 4694
1357876 782153 4694
1357876 2338167 4694
1762444 782153 4694
1762444 2338167 4694
2338167 1357876 4694
2338167 1762444 4694
579889 1560150 655
579889 1560170 655
1560150 579889 655
1560150 2540431 655
1560170 579889 655
1560170 2540431 655
2540431 1560150 655
2540431 1560170 655
772486 1293580 7590
772486 1826740 7590
1293580 772486 7590
1293580 2347834 7590
1826740 772486 7590
1826740 2347834 7590
2347834 1293580 7590
2347834 1826740 7590
595840 1556757 563
595840 1563563 563
1556757 595840 563
1556757 2524480 563
1563563 595840 563
1563563 2524480 563
2524480 1556757 563
2524480 1563563 563
706905 779543 30347
706905 2340777 30347
779543 706905 30347
779543 2413415 30347
2340777 706905 30347
2340777 2413415 30347
2413415 779543 30347
2413415 2340777 30347
773791 1105420 1094
773791 2014900 1094
1105420 773791 1094
1105420 2346529 1094
2014900 773791 1094
2014900 2346529 1094
2346529 1105420 1094
2346529 2014900 1094
683385 1560150 73011
683385 1560170 73011
1560150 683385 73011
1560150 2436935 73011
1560170 683385 73011
1560170 2436935 73011
2436935 1560150 73011
2436935 1560170 73011
775106 1158483 2114
775106 1961837 2114
1158483 775106 2114
1158483 2345214 2114
1961837 775106 2114
1961837 2345214 2114
2345214 1158483 2114
2345214 1961837 2114
1109345 1426880 6132
1109345 1693440 6132
1426880 1109345 6132
1426880 2010975 6132
1693440 1109345 6132
1693440 2010975 6132
2010975 1426880 6132
2010975 1693440 6132
781109 1409614 8455
781109 1710706 8455
1409614 781109 8455
1409614 2339211 8455
1710706 781109 8455
1710706 2339211 8455
2339211 1409614 8455
2339211 1710706 8455
1293861 1553645 2947
1293861 1566675 2947
1553645 1293861 2947
1553645 1826459 2947
1566675 1293861 2947
1566675 1826459 2947
1826459 1553645 2947
1826459 1566675 2947
1086618 1410407 21376
1086618 1709913 21376
1410407 1086618 21376
1410407 2033702 21376
1709913 1086618 21376
1709913 2033702 21376
2033702 1410407 21376
2033702 1709913 21376
783458 1004825 29421
783458 2115495 29421
1004825 783458 29421
1004825 2336862 29421
2115495 783458 29421
2115495 2336862 29421
2336862 1004825 29421
2336862 2115495 29421
1207621 1558343 7390
1207621 1561977 7390
1558343 1207621 7390
1558343 1912699 7390
1561977 1207621 7390
1561977 1912699 7390
1912699 1558343 7390
1912699 1561977 7390
1191660 1450380 2708
1191660 1669940 2708
1450380 1191660 2708
1450380 1928660 2708
1669940 1191660 2708
1669940 1928660 2708
1928660 1450380 2708
1928660 1669940 2708
875189 1553886 709
875189 1566434 709
1553886 875189 709
1553886 2245131 709
1566434 875189 709
1566434 2245131 709
2245131 1553886 709
2245131 1566434 709
1500050 1560150 1208
1500050 1560170 1208
1560150 1500050 1208
1560150 1620270 1208
1560170 1500050 1208
1560170 1620270 1208
1620270 1560150 1208
1620270 1560170 1208
862912 1554950 3867
862912 1565370 3867
1554950 862912 3867
1554950 2257408 3867
1565370 862912 3867
1565370 2257408 3867
2257408 1554950 3867
2257408 1565370 3867
910996 1560150 312
910996 1560170 312
1560150 910996 312
1560150 2209324 312
1560170 910996 312
1560170 2209324 312
2209324 1560150 312
2209324 1560170 312
1183559 1456403 4372
1183559 1663917 4372
1456403 1183559 4372
1456403 1936761 4372
1663917 1183559 4372
1663917 1936761 4372
1936761 1456403 4372
1936761 1663917 4372
1325472 1558323 15580
1325472 1561997 15580
1558323 1325472 15580
1558323 1794848 15580
1561997 1325472 15580
1561997 1794848 15580
1794848 1558323 15580
1794848 1561997 15580
1183820 1449597 2721
1183820 1670723 2721
1449597 1183820 2721
1449597 1936500 2721
1670723 1183820 2721
1670723 1936500 2721
1936500 1449597 2721
1936500 1670723 2721
775889 1217800 6092
775889 1902520 6092
1217800 775889 6092
1217800 2344431 6092
1902520 775889 6092
1902520 2344431 6092
2344431 1217800 6092
2344431 1902520 6092
782675 1292546 5573
782675 1827774 5573
1292546 782675 5573
1292546 2337645 5573
1827774 782675 5573
1827774 2337645 5573
2337645 1292546 5573
2337645 1827774 5573
1238720 1554147 2370
1238720 1566173 2370
1554147 1238720 2370
1554147 1881600 2370
1566173 1238720 2370
1566173 1881600 2370
1881600 1554147 2370
1881600 1566173 2370
1028606 1553645 9630
1028606 1566675 9630
1553645 1028606 9630
1553645 2091714 9630
1566675 1028606 9630
1566675 2091714 9630
2091714 1553645 9630
2091714 1566675 9630
1012665 1555191 9051
1012665 1565129 9051
1555191 1012665 9051
1555191 2107655 9051
1565129 1012665 9051
1565129 2107655 9051
2107655 1555191 9051
2107655 1565129 9051
759416 1553886 51375
759416 1566434 51375
1553886 759416 51375
1553886 2360904 51375
1566434 759416 51375
1566434 2360904 51375
2360904 1553886 51375
2360904 1566434 51375
760741 1266677 2458
760741 1853643 2458
1266677 760741 2458
1266677 2359579 2458
1853643 760741 2458
1853643 2359579 2458
2359579 1266677 2458
2359579 1853643 2458
590610 1560150 8265
590610 1560170 8265
1560150 590610 8265
1560150 2529710 8265
1560170 590610 8265
1560170 2529710 8265
2529710 1560150 8265
2529710 1560170 8265
423360 1558323 22492
423360 1561997 22492
1558323 423360 22492
1558323 2696960 22492
1561997 423360 22492
1561997 2696960 22492
2696960 1558323 22492
2696960 1561997 22492
782414 1553886 149189
782414 1566434 149189
1553886 782414 149189
1553886 2337906 149189
1566434 782414 149189
1566434 2337906 149189
2337906 1553886 149189
2337906 1566434 149189
775618 1553886 10060
775618 1566434 10060
1553886 775618 10060
1553886 2344702 10060
1566434 775618 10060
1566434 2344702 10060
2344702 1553886 10060
2344702 1566434 10060
769886 1152741 1442
769886 1967579 1442
1152741 769886 1442
1152741 2350434 1442
1967579 769886 1442
1967579 2350434 1442
2350434 1152741 1442
2350434 1967579 1442
1194812 1553645 19262
1194812 1566675 19262
1553645 1194812 19262
1553645 1925508 19262
1566675 1194812 19262
1566675 1925508 19262
1925508 1553645 19262
1925508 1566675 19262
767778 1152992 2320
767778 1967328 2320
1152992 767778 2320
1152992 2352542 2320
1967328 767778 2320
1967328 2352542 2320
2352542 1152992 2320
2352542 1967328 2320
782153 1013699 14086
782153 2106621 14086
1013699 782153 14086
1013699 2338167 14086
2106621 782153 14086
2106621 2338167 14086
2338167 1013699 14086
2338167 2106621 14086
1121120 1554147 9784
1121120 1566173 9784
1554147 1121120 9784
1554147 1999200 9784
1566173 1121120 9784
1566173 1999200 9784
1999200 1554147 9784
1999200 1566173 9784
783458 783458 38347
783458 2336862 38347
2336862 783458 38347
2336862 2336862 38347
783197 1117968 21145
783197 2002352 21145
1117968 783197 21145
1117968 2337123 21145
2002352 783197 21145
2002352 2337123 21145
2337123 1117968 21145
2337123 2002352 21145
1081127 1403611 5527
1081127 1716709 5527
1403611 1081127 5527
1403611 2039193 5527
1716709 1081127 5527
1716709 2039193 5527
2039193 1403611 5527
2039193 1716709 5527
1081920 1404655 3995
1081920 1715665 3995
1404655 1081920 3995
1404655 2038400 3995
1715665 1081920 3995
1715665 2038400 3995
2038400 1404655 3995
2038400 1715665 3995
895587 1559628 590
895587 1560692 590
1559628 895587 590
1559628 2224733 590
1560692 895587 590
1560692 2224733 590
2224733 1559628 590
2224733 1560692 590
1103593 1419562 1935
1103593 1700758 1935
1419562 1103593 1935
1419562 2016727 1935
1700758 1103593 1935
1700758 2016727 1935
2016727 1419562 1935
2016727 1700758 1935
778760 1523299 12603
778760 1597021 12603
1523299 778760 12603
1523299 2341560 12603
1597021 778760 12603
1597021 2341560 12603
2341560 1523299 12603
2341560 1597021 12603
1512578 1555974 2059
1512578 1564346 2059
1555974 1512578 2059
1555974 1607742 2059
1564346 1512578 2059
1564346 1607742 2059
1607742 1555974 2059
1607742 1564346 2059
781892 1454315 7008
781892 1666005 7008
1454315 781892 7008
1454315 2338428 7008
1666005 781892 7008
1666005 2338428 7008
2338428 1454315 7008
2338428 1666005 7008
1314229 1560150 7389
1314229 1560170 7389
1560150 1314229 7389
1560150 1806091 7389
1560170 1314229 7389
1560170 1806091 7389
1806091 1560150 7389
1806091 1560170 7389
1121642 1432361 7807
1121642 1687959 7807
1432361 1121642 7807
1432361 1998678 7807
1687959 1121642 7807
1687959 1998678 7807
1998678 1432361 7807
1998678 1687959 7807
1075124 1554147 9733
1075124 1566173 9733
1554147 1075124 9733
1554147 2045196 9733
1566173 1075124 9733
1566173 2045196 9733
2045196 1554147 9733
2045196 1566173 9733
985210 1555191 326
985210 1565129 326
1555191 985210 326
1555191 2135110 326
1565129 985210 326
1565129 2135110 326
2135110 1555191 326
2135110 1565129 326
753935 1192453 4466
753935 1927867 4466
1192453 753935 4466
1192453 2366385 4466
1927867 753935 4466
1927867 2366385 4466
2366385 1192453 4466
2366385 1927867 4466
782936 1390802 28127
782936 1729518 28127
1390802 782936 28127
1390802 2337384 28127
1729518 782936 28127
1729518 2337384 28127
2337384 1390802 28127
2337384 1729518 28127
1454305 1553886 3618
1454305 1566434 3618
1553886 1454305 3618
1553886 1666015 3618
1566434 1454305 3618
1566434 1666015 3618
1666015 1553886 3618
1666015 1566434 3618
779021 1207882 8967
779021 1912438 8967
1207882 779021 8967
1207882 2341299 8967
1912438 779021 8967
1912438 2341299 8967
2341299 1207882 8967
2341299 1912438 8967
782936 1096275 14911
782936 2024045 14911
1096275 782936 14911
1096275 2337384 14911
2024045 782936 14911
2024045 2337384 14911
2337384 1096275 14911
2337384 2024045 14911
997768 1554167 3697
997768 1566153 3697
1554167 997768 3697
1554167 2122552 3697
1566153 997768 3697
1566153 2122552 3697
2122552 1554167 3697
2122552 1566153 3697
732513 1111182 13743
732513 2009138 13743
1111182 732513 13743
1111182 2387807 13743
2009138 732513 13743
2009138 2387807 13743
2387807 1111182 13743
2387807 2009138 13743
967964 1560150 2236
967964 1560170 2236
1560150 967964 2236
1560150 2152356 2236
1560170 967964 2236
1560170 2152356 2236
2152356 1560150 2236
2152356 1560170 2236
774062 1188016 7133
774062 1932304 7133
1188016 774062 7133
1188016 2346258 7133
1932304 774062 7133
1932304 2346258 7133
2346258 1188016 7133
2346258 1932304 7133
782414 1287326 11127
782414 1832994 11127
1287326 782414 11127
1287326 2337906 11127
1832994 782414 11127
1832994 2337906 11127
2337906 1287326 11127
2337906 1832994 11127
768310 1272690 6042
768310 1847630 6042
1272690 768310 6042
1272690 2352010 6042
1847630 768310 6042
1847630 2352010 6042
2352010 1272690 6042
2352010 1847630 6042
1133387 1471290 9088
1133387 1649030 9088
1471290 1133387 9088
1471290 1986933 9088
1649030 1133387 9088
1649030 1986933 9088
1986933 1471290 9088
1986933 1649030 9088
1261698 1553886 6100
1261698 1566434 6100
1553886 1261698 6100
1553886 1858622 6100
1566434 1261698 6100
1566434 1858622 6100
1858622 1553886 6100
1858622 1566434 6100
761775 771974 13274
761775 2348346 13274
771974 761775 13274
771974 2358545 13274
2348346 761775 13274
2348346 2358545 13274
2358545 771974 13274
2358545 2348346 13274
1369631 1553645 6340
1369631 1566675 6340
1553645 1369631 6340
1553645 1750689 6340
1566675 1369631 6340
1566675 1750689 6340
1750689 1553645 6340
1750689 1566675 6340
601833 1554408 15296
601833 1565912 15296
1554408 601833 15296
1554408 2518487 15296
1565912 601833 15296
1565912 2518487 15296
2518487 1554408 15296
2518487 1565912 15296
750271 1430524 2325
750271 1689796 2325
1430524 750271 2325
1430524 2370049 2325
1689796 750271 2325
1689796 2370049 2325
2370049 1430524 2325
2370049 1689796 2325
1017624 1555191 9509
1017624 1565129 9509
1555191 1017624 9509
1555191 2102696 9509
1565129 1017624 9509
1565129 2102696 9509
2102696 1555191 9509
2102696 1565129 9509
765429 1450400 2197
765429 1669920 2197
1450400 765429 2197
1450400 2354891 2197
1669920 765429 2197
1669920 2354891 2197
2354891 1450400 2197
2354891 1669920 2197
768571 1300908 4890
768571 1819412 4890
1300908 768571 4890
1300908 2351749 4890
1819412 768571 4890
1819412 2351749 4890
2351749 1300908 4890
2351749 1819412 4890
729120 782414 12105
729120 2337906 12105
782414 729120 12105
782414 2391200 12105
2337906 729120 12105
2337906 2391200 12105
2391200 782414 12105
2391200 2337906 12105
692520 783458 66425
692520 2336862 66425
783458 692520 66425
783458 2427800 66425
2336862 692520 66425
2336862 2427800 66425
2427800 783458 66425
2427800 2336862 66425
1363879 1553886 33782
1363879 1566434 33782
1553886 1363879 33782
1553886 1756441 33782
1566434 1363879 33782
1566434 1756441 33782
1756441 1553886 33782
1756441 1566434 33782
774574 1096797 7135
774574 2023523 7135
1096797 774574 7135
1096797 2345746 7135
2023523 774574 7135
2023523 2345746 7135
2345746 1096797 7135
2345746 2023523 7135
509600 1559628 9930
509600 1560692 9930
1559628 509600 9930
1559628 2610720 9930
1560692 509600 9930
1560692 2610720 9930
2610720 1559628 9930
2610720 1560692 9930
501760 1559367 22468
501760 1560953 22468
1559367 501760 22468
1559367 2618560 22468
1560953 501760 22468
1560953 2618560 22468
2618560 1559367 22468
2618560 1560953 22468
499923 1560150 4097
499923 1560170 4097
1560150 499923 4097
1560150 2620397 4097
1560170 499923 4097
1560170 2620397 4097
2620397 1560150 4097
2620397 1560170 4097
648361 1559106 22551
648361 1561214 22551
1559106 648361 22551
1559106 2471959 22551
1561214 648361 22551
1561214 2471959 22551
2471959 1559106 22551
2471959 1561214 22551
721280 721280 20568
721280 2399040 20568
2399040 721280 20568
2399040 2399040 20568
713440 718660 7583
713440 2401660 7583
718660 713440 7583
718660 2406880 7583
2401660 713440 7583
2401660 2406880 7583
2406880 718660 7583
2406880 2401660 7583
762568 1163181 7038
762568 1957139 7038
1163181 762568 7038
1163181 2357752 7038
1957139 762568 7038
1957139 2357752 7038
2357752 1163181 7038
2357752 1957139 7038
1198978 1555452 8603
1198978 1564868 8603
1555452 1198978 8603
1555452 1921342 8603
1564868 1198978 8603
1564868 1921342 8603
1921342 1555452 8603
1921342 1564868 8603
782153 1111704 23447
782153 2008616 23447
1111704 782153 23447
1111704 2338167 23447
2008616 782153 23447
2008616 2338167 23447
2338167 1111704 23447
2338167 2008616 23447
681799 1134170 18626
681799 1986150 18626
1134170 681799 18626
1134170 2438521 18626
1986150 681799 18626
1986150 2438521 18626
2438521 1134170 18626
2438521 1986150 18626
773801 1200564 7199
773801 1919756 7199
1200564 773801 7199
1200564 2346519 7199
1919756 773801 7199
1919756 2346519 7199
2346519 1200564 7199
2346519 1919756 7199
1481740 1556235 2727
1481740 1564085 2727
1556235 1481740 2727
1556235 1638580 2727
1564085 1481740 2727
1564085 1638580 2727
1638580 1556235 2727
1638580 1564085 2727
1472595 1553886 5620
1472595 1566434 5620
1553886 1472595 5620
1553886 1647725 5620
1566434 1472595 5620
1566434 1647725 5620
1647725 1553886 5620
1647725 1566434 5620
1041656 1555713 10441
1041656 1564607 10441
1555713 1041656 10441
1555713 2078664 10441
1564607 1041656 10441
1564607 2078664 10441
2078664 1555713 10441
2078664 1564607 10441
782675 1442560 11223
782675 1677760 11223
1442560 782675 11223
1442560 2337645 11223
1677760 782675 11223
1677760 2337645 11223
2337645 1442560 11223
2337645 1677760 11223
783458 1283652 8230
783458 1836668 8230
1283652 783458 8230
1283652 2336862 8230
1836668 783458 8230
1836668 2336862 8230
2336862 1283652 8230
2336862 1836668 8230
1067545 1554669 486
1067545 1565651 486
1554669 1067545 486
1554669 2052775 486
1565651 1067545 486
1565651 2052775 486
2052775 1554669 486
2052775 1565651 486
773018 1433134 532
773018 1687186 532
1433134 773018 532
1433134 2347302 532
1687186 773018 532
1687186 2347302 532
2347302 1433134 532
2347302 1687186 532
1138878 1480174 5439
1138878 1640146 5439
1480174 1138878 5439
1480174 1981442 5439
1640146 1138878 5439
1640146 1981442 5439
1981442 1480174 5439
1981442 1640146 5439
781109 1246560 4612
781109 1873760 4612
1246560 781109 4612
1246560 2339211 4612
1873760 781109 4612
1873760 2339211 4612
2339211 1246560 4612
2339211 1873760 4612
783197 1008218 20714
783197 2112102 20714
1008218 783197 20714
1008218 2337123 20714
2112102 783197 20714
2112102 2337123 20714
2337123 1008218 20714
2337123 2112102 20714
1178349 1560150 1913
1178349 1560170 1913
1560150 1178349 1913
1560150 1941971 1913
1560170 1178349 1913
1560170 1941971 1913
1941971 1560150 1913
1941971 1560170 1913
1154046 1560150 1425
1154046 1560170 1425
1560150 1154046 1425
1560150 1966274 1425
1560170 1154046 1425
1560170 1966274 1425
1966274 1560150 1425
1966274 1560170 1425
783458 1457708 7090
783458 1662612 7090
1457708 783458 7090
1457708 2336862 7090
1662612 783458 7090
1662612 2336862 7090
2336862 1457708 7090
2336862 1662612 7090
729110 1370946 1532
729110 1749374 1532
1370946 729110 1532
1370946 2391210 1532
1749374 729110 1532
1749374 2391210 1532
2391210 1370946 1532
2391210 1749374 1532
765961 1468158 1845
765961 1652162 1845
1468158 765961 1845
1468158 2354359 1845
1652162 765961 1845
1652162 2354359 1845
2354359 1468158 1845
2354359 1652162 1845
783458 1092360 11441
783458 2027960 11441
1092360 783458 11441
1092360 2336862 11441
2027960 783458 11441
2027960 2336862 11441
2336862 1092360 11441
2336862 2027960 11441
783458 1478608 7702
783458 1641712 7702
1478608 783458 7702
1478608 2336862 7702
1641712 783458 7702
1641712 2336862 7702
2336862 1478608 7702
2336862 1641712 7702
724402 1365987 1525
724402 1754333 1525
1365987 724402 1525
1365987 2395918 1525
1754333 724402 1525
1754333 2395918 1525
2395918 1365987 1525
2395918 1754333 1525
1034077 1553886 4044
1034077 1566434 4044
1553886 1034077 4044
1553886 2086243 4044
1566434 1034077 4044
1566434 2086243 4044
2086243 1553886 4044
2086243 1566434 4044
1119283 1426870 5025
1119283 1693450 5025
1426870 1119283 5025
1426870 2001037 5025
1693450 1119283 5025
1693450 2001037 5025
2001037 1426870 5025
2001037 1693450 5025
1127645 1439408 3223
1127645 1680912 3223
1439408 1127645 3223
1439408 1992675 3223
1680912 1127645 3223
1680912 1992675 3223
1992675 1439408 3223
1992675 1680912 3223
771974 1405438 1590
771974 1714882 1590
1405438 771974 1590
1405438 2348346 1590
1714882 771974 1590
1714882 2348346 1590
2348346 1405438 1590
2348346 1714882 1590
782153 1230599 6621
782153 1889721 6621
1230599 782153 6621
1230599 2338167 6621
1889721 782153 6621
1889721 2338167 6621
2338167 1230599 6621
2338167 1889721 6621
1136529 1560150 2485
1136529 1560170 2485
1560150 1136529 2485
1560150 1983791 2485
1560170 1136529 2485
1560170 1983791 2485
1983791 1560150 2485
1983791 1560170 2485
779804 1371990 10457
779804 1748330 10457
1371990 779804 10457
1371990 2340516 10457
1748330 779804 10457
1748330 2340516 10457
2340516 1371990 10457
2340516 1748330 10457
743214 1403882 328
743214 1716438 328
1403882 743214 328
1403882 2377106 328
1716438 743214 328
1716438 2377106 328
2377106 1403882 328
2377106 1716438 328
733286 1379840 1728
733286 1740480 1728
1379840 733286 1728
1379840 2387034 1728
1740480 733286 1728
1740480 2387034 1728
2387034 1379840 1728
2387034 1740480 1728
760199 1473127 2156
760199 1647193 2156
1473127 760199 2156
1473127 2360121 2156
1647193 760199 2156
1647193 2360121 2156
2360121 1473127 2156
2360121 1647193 2156
1243157 1553645 2051
1243157 1566675 2051
1553645 1243157 2051
1553645 1877163 2051
1566675 1243157 2051
1566675 1877163 2051
1877163 1553645 2051
1877163 1566675 2051
781109 1393673 3010
781109 1726647 3010
1393673 781109 3010
1393673 2339211 3010
1726647 781109 3010
1726647 2339211 3010
2339211 1393673 3010
2339211 1726647 3010
782675 1329126 3429
782675 1791194 3429
1329126 782675 3429
1329126 2337645 3429
1791194 782675 3429
1791194 2337645 3429
2337645 1329126 3429
2337645 1791194 3429
1127123 1461111 6476
1127123 1659209 6476
1461111 1127123 6476
1461111 1993197 6476
1659209 1127123 6476
1659209 1993197 6476
1993197 1461111 6476
1993197 1659209 6476
782414 1357876 14412
782414 1762444 14412
1357876 782414 14412
1357876 2337906 14412
1762444 782414 14412
1762444 2337906 14412
2337906 1357876 14412
2337906 1762444 14412
833901 1560150 3127
833901 1560170 3127
1560150 833901 3127
1560150 2286419 3127
1560170 833901 3127
1560170 2286419 3127
2286419 1560150 3127
2286419 1560170 3127
775357 1325733 7785
775357 1794587 7785
1325733 775357 7785
1325733 2344963 7785
1794587 775357 7785
1794587 2344963 7785
2344963 1325733 7785
2344963 1794587 7785
721280 783197 82868
721280 2337123 82868
783197 721280 82868
783197 2399040 82868
2337123 721280 82868
2337123 2399040 82868
2399040 783197 82868
2399040 2337123 82868
750803 1435242 3656
750803 1685078 3656
1435242 750803 3656
1435242 2369517 3656
1685078 750803 3656
1685078 2369517 3656
2369517 1435242 3656
2369517 1685078 3656
772757 782153 64939
772757 2338167 64939
782153 772757 64939
782153 2347563 64939
2338167 772757 64939
2338167 2347563 64939
2347563 782153 64939
2347563 2338167 64939
592959 1557540 5807
592959 1562780 5807
1557540 592959 5807
1557540 2527361 5807
1562780 592959 5807
1562780 2527361 5807
2527361 1557540 5807
2527361 1562780 5807
770659 1271375 1208
770659 1848945 1208
1271375 770659 1208
1271375 2349661 1208
1848945 770659 1208
1848945 2349661 1208
2349661 1271375 1208
2349661 1848945 1208
1379820 1553645 14465
1379820 1566675 14465
1553645 1379820 14465
1553645 1740500 14465
1566675 1379820 14465
1566675 1740500 14465
1740500 1553645 14465
1740500 1566675 14465
1398120 1553645 1352
1398120 1566675 1352
1553645 1398120 1352
1553645 1722200 1352
1566675 1398120 1352
1566675 1722200 1352
1722200 1553645 1352
1722200 1566675 1352
772486 1350297 9665
772486 1770023 9665
1350297 772486 9665
1350297 2347834 9665
1770023 772486 9665
1770023 2347834 9665
2347834 1350297 9665
2347834 1770023 9665
560806 1555974 14058
560806 1564346 14058
1555974 560806 14058
1555974 2559514 14058
1564346 560806 14058
1564346 2559514 14058
2559514 1555974 14058
2559514 1564346 14058
554010 1554669 16786
554010 1565651 16786
1554669 554010 16786
1554669 2566310 16786
1565651 554010 16786
1565651 2566310 16786
2566310 1554669 16786
2566310 1565651 16786
736960 783458 65067
736960 2336862 65067
783458 736960 65067
783458 2383360 65067
2336862 736960 65067
2336862 2383360 65067
2383360 783458 65067
2383360 2336862 65067
729120 782675 24262
729120 2337645 24262
782675 729120 24262
782675 2391200 24262
2337645 729120 24262
2337645 2391200 24262
2391200 782675 24262
2391200 2337645 24262
636606 1560150 8386
636606 1560170 8386
1560150 636606 8386
1560150 2483714 8386
1560170 636606 8386
1560170 2483714 8386
2483714 1560150 8386
2483714 1560170 8386
736960 738526 11634
736960 2381794 11634
738526 736960 11634
738526 2383360 11634
2381794 736960 11634
2381794 2383360 11634
2383360 738526 11634
2383360 2381794 11634
654635 1560150 3792
654635 1560170 3792
1560150 654635 3792
1560150 2465685 3792
1560170 654635 3792
1560170 2465685 3792
2465685 1560150 3792
2465685 1560170 3792
724402 734330 7217
724402 2385990 7217
734330 724402 7217
734330 2395918 7217
2385990 724402 7217
2385990 2395918 7217
2395918 734330 7217
2395918 2385990 7217
729120 1553886 56692
729120 1566434 56692
1553886 729120 56692
1553886 2391200 56692
1566434 729120 56692
1566434 2391200 56692
2391200 1553886 56692
2391200 1566434 56692
889303 1560150 1626
889303 1560170 1626
1560150 889303 1626
1560150 2231017 1626
1560170 889303 1626
1560170 2231017 1626
2231017 1560150 1626
2231017 1560170 1626
1216244 1559909 7048
1216244 1560411 7048
1559909 1216244 7048
1559909 1904076 7048
1560411 1216244 7048
1560411 1904076 7048
1904076 1559909 7048
1904076 1560411 7048
1301952 1560150 4667
1301952 1560170 4667
1560150 1301952 4667
1560150 1818368 4667
1560170 1301952 4667
1560170 1818368 4667
1818368 1560150 4667
1818368 1560170 4667
1095763 1417725 10451
1095763 1702595 10451
1417725 1095763 10451
1417725 2024557 10451
1702595 1095763 10451
1702595 2024557 10451
2024557 1417725 10451
2024557 1702595 10451
439301 783197 29806
439301 2337123 29806
783197 439301 29806
783197 2681019 29806
2337123 439301 29806
2337123 2681019 29806
2681019 783197 29806
2681019 2337123 29806
781892 1420084 2673
781892 1700236 2673
1420084 781892 2673
1420084 2338428 2673
1700236 781892 2673
1700236 2338428 2673
2338428 1420084 2673
2338428 1700236 2673
1434700 1554167 5249
1434700 1566153 5249
1554167 1434700 5249
1554167 1685620 5249
1566153 1434700 5249
1566153 1685620 5249
1685620 1554167 5249
1685620 1566153 5249
1199500 1555191 11997
1199500 1565129 11997
1555191 1199500 11997
1555191 1920820 11997
1565129 1199500 11997
1565129 1920820 11997
1920820 1555191 11997
1920820 1565129 11997
1104386 1557038 3066
1104386 1563282 3066
1557038 1104386 3066
1557038 2015934 3066
1563282 1104386 3066
1563282 2015934 3066
2015934 1557038 3066
2015934 1563282 3066
1497952 1560150 1540
1497952 1560170 1540
1560150 1497952 1540
1560150 1622368 1540
1560170 1497952 1540
1560170 1622368 1540
1622368 1560150 1540
1622368 1560170 1540
781892 1280530 7993
781892 1839790 7993
1280530 781892 7993
1280530 2338428 7993
1839790 781892 7993
1839790 2338428 7993
2338428 1280530 7993
2338428 1839790 7993
1140444 1560150 1272
1140444 1560170 1272
1560150 1140444 1272
1560150 1979876 1272
1560170 1140444 1272
1560170 1979876 1272
1979876 1560150 1272
1979876 1560170 1272
760741 783458 66891
760741 2336862 66891
783458 760741 66891
783458 2359579 66891
2336862 760741 66891
2336862 2359579 66891
2359579 783458 66891
2359579 2336862 66891
756284 783458 21196
756284 2336862 21196
783458 756284 21196
783458 2364036 21196
2336862 756284 21196
2336862 2364036 21196
2364036 783458 21196
2364036 2336862 21196
1497420 1558845 4272
1497420 1561475 4272
1558845 1497420 4272
1558845 1622900 4272
1561475 1497420 4272
1561475 1622900 4272
1622900 1558845 4272
1622900 1561475 4272
782675 1013177 7199
782675 2107143 7199
1013177 782675 7199
1013177 2337645 7199
2107143 782675 7199
2107143 2337645 7199
2337645 1013177 7199
2337645 2107143 7199
517420 1167106 56483
517420 1953214 56483
1167106 517420 56483
1167106 2602900 56483
1953214 517420 56483
1953214 2602900 56483
2602900 1167106 56483
2602900 1953214 56483
676589 1135475 27002
676589 1984845 27002
1135475 676589 27002
1135475 2443731 27002
1984845 676589 27002
1984845 2443731 27002
2443731 1135475 27002
2443731 1984845 27002
447663 783197 35258
447663 2337123 35258
783197 447663 35258
783197 2672657 35258
2337123 447663 35258
2337123 2672657 35258
2672657 783197 35258
2672657 2337123 35258
776150 1220942 10560
776150 1899378 10560
1220942 776150 10560
1220942 2344170 10560
1899378 776150 10560
1899378 2344170 10560
2344170 1220942 10560
2344170 1899378 10560
1004825 1555191 10156
1004825 1565129 10156
1555191 1004825 10156
1555191 2115495 10156
1565129 1004825 10156
1565129 2115495 10156
2115495 1555191 10156
2115495 1565129 10156
783458 1277900 12946
783458 1842420 12946
1277900 783458 12946
1277900 2336862 12946
1842420 783458 12946
1842420 2336862 12946
2336862 1277900 12946
2336862 1842420 12946
1177295 1557801 12299
1177295 1562519 12299
1557801 1177295 12299
1557801 1943025 12299
1562519 1177295 12299
1562519 1943025 12299
1943025 1557801 12299
1943025 1562519 12299
774062 1240286 6068
774062 1880034 6068
1240286 774062 6068
1240286 2346258 6068
1880034 774062 6068
1880034 2346258 6068
2346258 1240286 6068
2346258 1880034 6068
776140 1553886 13728
776140 1566434 13728
1553886 776140 13728
1553886 2344180 13728
1566434 776140 13728
1566434 2344180 13728
2344180 1553886 13728
2344180 1566434 13728
760470 1206306 4176
760470 1914014 4176
1206306 760470 4176
1206306 2359850 4176
1914014 760470 4176
1914014 2359850 4176
2359850 1206306 4176
2359850 1914014 4176
1000890 1556496 2464
1000890 1563824 2464
1556496 1000890 2464
1556496 2119430 2464
1563824 1000890 2464
1563824 2119430 2464
2119430 1556496 2464
2119430 1563824 2464
1353439 1560150 29827
1353439 1560170 29827
1560150 1353439 29827
1560150 1766881 29827
1560170 1353439 29827
1560170 1766881 29827
1766881 1560150 29827
1766881 1560170 29827
744268 1405970 4846
744268 1714350 4846
1405970 744268 4846
1405970 2376052 4846
1714350 744268 4846
1714350 2376052 4846
2376052 1405970 4846
2376052 1714350 4846
780326 1382711 1808
780326 1737609 1808
1382711 780326 1808
1382711 2339994 1808
1737609 780326 1808
1737609 2339994 1808
2339994 1382711 1808
2339994 1737609 1808
783458 1305867 7213
783458 1814453 7213
1305867 783458 7213
1305867 2336862 7213
1814453 783458 7213
1814453 2336862 7213
2336862 1305867 7213
2336862 1814453 7213
736167 1392117 6334
736167 1728203 6334
1392117 736167 6334
1392117 2384153 6334
1728203 736167 6334
1728203 2384153 6334
2384153 1392117 6334
2384153 1728203 6334
768571 1270592 2606
768571 1849728 2606
1270592 768571 2606
1270592 2351749 2606
1849728 768571 2606
1849728 2351749 2606
2351749 1270592 2606
2351749 1849728 2606
774323 1249692 255
774323 1870628 255
1249692 774323 255
1249692 2345997 255
1870628 774323 255
1870628 2345997 255
2345997 1249692 255
2345997 1870628 255
771181 1290719 1274
771181 1829601 1274
1290719 771181 1274
1290719 2349139 1274
1829601 771181 1274
1829601 2349139 1274
2349139 1290719 1274
2349139 1829601 1274
729120 1117446 11415
729120 2002874 11415
1117446 729120 11415
1117446 2391200 11415
2002874 729120 11415
2002874 2391200 11415
2391200 1117446 11415
2391200 2002874 11415
782936 782936 35604
782936 2337384 35604
2337384 782936 35604
2337384 2337384 35604
980251 1560150 674
980251 1560170 674
1560150 980251 674
1560150 2140069 674
1560170 980251 674
1560170 2140069 674
2140069 1560150 674
2140069 1560170 674
742963 782936 30983
742963 2337384 30983
782936 742963 30983
782936 2377357 30983
2337384 742963 30983
2337384 2377357 30983
2377357 782936 30983
2377357 2337384 30983
748183 1419040 4377
748183 1701280 4377
1419040 748183 4377
1419040 2372137 4377
1701280 748183 4377
1701280 2372137 4377
2372137 1419040 4377
2372137 1701280 4377
556640 1559628 2636
556640 1560692 2636
1559628 556640 2636
1559628 2563680 2636
1560692 556640 2636
1560692 2563680 2636
2563680 1559628 2636
2563680 1560692 2636
782153 1329909 2375
782153 1790411 2375
1329909 782153 2375
1329909 2338167 2375
1790411 782153 2375
1790411 2338167 2375
2338167 1329909 2375
2338167 1790411 2375
745322 1104115 19721
745322 2016205 19721
1104115 745322 19721
1104115 2374998 19721
2016205 745322 19721
2016205 2374998 19721
2374998 1104115 19721
2374998 2016205 19721
635040 1555191 12519
635040 1565129 12519
1555191 635040 12519
1555191 2485280 12519
1565129 635040 12519
1565129 2485280 12519
2485280 1555191 12519
2485280 1565129 12519
739309 749759 1975
739309 2370561 1975
749759 739309 1975
749759 2381011 1975
2370561 739309 1975
2370561 2381011 1975
2381011 749759 1975
2381011 2370561 1975
782936 1343250 9259
782936 1777070 9259
1343250 782936 9259
1343250 2337384 9259
1777070 782936 9259
1777070 2337384 9259
2337384 1343250 9259
2337384 1777070 9259
472488 1560150 4924
472488 1560170 4924
1560150 472488 4924
1560150 2647832 4924
1560170 472488 4924
1560170 2647832 4924
2647832 1560150 4924
2647832 1560170 4924
736960 1559889 9349
736960 1560431 9349
1559889 736960 9349
1559889 2383360 9349
1560431 736960 9349
1560431 2383360 9349
2383360 1559889 9349
2383360 1560431 9349
650720 783468 34953
650720 2336852 34953
783468 650720 34953
783468 2469600 34953
2336852 650720 34953
2336852 2469600 34953
2469600 783468 34953
2469600 2336852 34953
642880 783468 84909
642880 2336852 84909
783468 642880 84909
783468 2477440 84909
2336852 642880 84909
2336852 2477440 84909
2477440 783468 84909
2477440 2336852 84909
636606 783468 6667
636606 2336852 6667
783468 636606 6667
783468 2483714 6667
2336852 636606 6667
2336852 2483714 6667
2483714 783468 6667
2483714 2336852 6667
783458 783980 8734
783458 2336340 8734
783980 783458 8734
783980 2336862 8734
2336340 783458 8734
2336340 2336862 8734
2336862 783980 8734
2336862 2336340 8734
781370 1045591 10941
781370 2074729 10941
1045591 781370 10941
1045591 2338950 10941
2074729 781370 10941
2074729 2338950 10941
2338950 1045591 10941
2338950 2074729 10941
1222247 1560150 3053
1222247 1560170 3053
1560150 1222247 3053
1560150 1898073 3053
1560170 1222247 3053
1560170 1898073 3053
1898073 1560150 3053
1898073 1560170 3053
782936 1450400 14870
782936 1669920 14870
1450400 782936 14870
1450400 2337384 14870
1669920 782936 14870
1669920 2337384 14870
2337384 1450400 14870
2337384 1669920 14870
1098634 1420074 5731
1098634 1700246 5731
1420074 1098634 5731
1420074 2021686 5731
1700246 1098634 5731
1700246 2021686 5731
2021686 1420074 5731
2021686 1700246 5731
664302 1139139 13309
664302 1981181 13309
1139139 664302 13309
1139139 2456018 13309
1981181 664302 13309
1981181 2456018 13309
2456018 1139139 13309
2456018 1981181 13309
781892 1011089 13474
781892 2109231 13474
1011089 781892 13474
1011089 2338428 13474
2109231 781892 13474
2109231 2338428 13474
2338428 1011089 13474
2338428 2109231 13474
1191931 1555452 4379
1191931 1564868 4379
1555452 1191931 4379
1555452 1928389 4379
1564868 1191931 4379
1564868 1928389 4379
1928389 1555452 4379
1928389 1564868 4379
1280791 1553886 2811
1280791 1566434 2811
1553886 1280791 2811
1553886 1839529 2811
1566434 1280791 2811
1566434 1839529 2811
1839529 1553886 2811
1839529 1566434 2811
912040 1558845 3488
912040 1561475 3488
1558845 912040 3488
1558845 2208280 3488
1561475 912040 3488
1561475 2208280 3488
2208280 1558845 3488
2208280 1561475 3488
783197 1421128 13479
783197 1699192 13479
1421128 783197 13479
1421128 2337123 13479
1699192 783197 13479
1699192 2337123 13479
2337123 1421128 13479
2337123 1699192 13479
1108833 1555974 1580
1108833 1564346 1580
1555974 1108833 1580
1555974 2011487 1580
1564346 1108833 1580
1564346 2011487 1580
2011487 1555974 1580
2011487 1564346 1580
1063098 1553906 13487
1063098 1566414 13487
1553906 1063098 13487
1553906 2057222 13487
1566414 1063098 13487
1566414 2057222 13487
2057222 1553906 13487
2057222 1566414 13487
1191660 1554930 1975
1191660 1565390 1975
1554930 1191660 1975
1554930 1928660 1975
1565390 1191660 1975
1565390 1928660 1975
1928660 1554930 1975
1928660 1565390 1975
783458 1513632 15654
783458 1606688 15654
1513632 783458 15654
1513632 2336862 15654
1606688 783458 15654
1606688 2336862 15654
2336862 1513632 15654
2336862 1606688 15654
1490905 1557801 6159
1490905 1562519 6159
1557801 1490905 6159
1557801 1629415 6159
1562519 1490905 6159
1562519 1629415 6159
1629415 1557801 6159
1629415 1562519 6159
1239503 1553886 4034
1239503 1566434 4034
1553886 1239503 4034
1553886 1880817 4034
1566434 1239503 4034
1566434 1880817 4034
1880817 1553886 4034
1880817 1566434 4034
1087391 1404655 208
1087391 1715665 208
1404655 1087391 208
1404655 2032929 208
1715665 1087391 208
1715665 2032929 208
2032929 1404655 208
2032929 1715665 208
1138095 1482272 6244
1138095 1638048 6244
1482272 1138095 6244
1482272 1982225 6244
1638048 1138095 6244
1638048 1982225 6244
1982225 1482272 6244
1982225 1638048 6244
1316578 1555191 5020
1316578 1565129 5020
1555191 1316578 5020
1555191 1803742 5020
1565129 1316578 5020
1565129 1803742 5020
1803742 1555191 5020
1803742 1565129 5020
1174424 1462145 20685
1174424 1658175 20685
1462145 1174424 20685
1462145 1945896 20685
1658175 1174424 20685
1658175 1945896 20685
1945896 1462145 20685
1945896 1658175 20685
1466331 1553886 5180
1466331 1566434 5180
1553886 1466331 5180
1553886 1653989 5180
1566434 1466331 5180
1566434 1653989 5180
1653989 1553886 5180
1653989 1566434 5180
1042700 1553645 11827
1042700 1566675 11827
1553645 1042700 11827
1553645 2077620 11827
1566675 1042700 11827
1566675 2077620 11827
2077620 1553645 11827
2077620 1566675 11827
724663 1118490 20860
724663 2001830 20860
1118490 724663 20860
1118490 2395657 20860
2001830 724663 20860
2001830 2395657 20860
2395657 1118490 20860
2395657 2001830 20860
760992 1480706 5252
760992 1639614 5252
1480706 760992 5252
1480706 2359328 5252
1639614 760992 5252
1639614 2359328 5252
2359328 1480706 5252
2359328 1639614 5252
1093414 1560150 1676
1093414 1560170 1676
1560150 1093414 1676
1560150 2026906 1676
1560170 1093414 1676
1560170 2026906 1676
2026906 1560150 1676
2026906 1560170 1676
1131299 1485665 13082
1131299 1634655 13082
1485665 1131299 13082
1485665 1989021 13082
1634655 1131299 13082
1634655 1989021 13082
1989021 1485665 13082
1989021 1634655 13082
779804 1203957 8485
779804 1916363 8485
1203957 779804 8485
1203957 2340516 8485
1916363 779804 8485
1916363 2340516 8485
2340516 1203957 8485
2340516 1916363 8485
1348480 1553886 46206
1348480 1566434 46206
1553886 1348480 46206
1553886 1771840 46206
1566434 1348480 46206
1566434 1771840 46206
1771840 1553886 46206
1771840 1566434 46206
1382711 1553906 16655
1382711 1566414 16655
1553906 1382711 16655
1553906 1737609 16655
1566414 1382711 16655
1566414 1737609 16655
1737609 1553906 16655
1737609 1566414 16655
1136780 1474693 6623
1136780 1645627 6623
1474693 1136780 6623
1474693 1983540 6623
1645627 1136780 6623
1645627 1983540 6623
1983540 1474693 6623
1983540 1645627 6623
776411 1257010 6413
776411 1863310 6413
1257010 776411 6413
1257010 2343909 6413
1863310 776411 6413
1863310 2343909 6413
2343909 1257010 6413
2343909 1863310 6413
1427392 1557540 10835
1427392 1562780 10835
1557540 1427392 10835
1557540 1692928 10835
1562780 1427392 10835
1562780 1692928 10835
1692928 1557540 10835
1692928 1562780 10835
1369119 1558845 2426
1369119 1561475 2426
1558845 1369119 2426
1558845 1751201 2426
1561475 1369119 2426
1561475 1751201 2426
1751201 1558845 2426
1751201 1561475 2426
748966 1189311 2511
748966 1931009 2511
1189311 748966 2511
1189311 2371354 2511
1931009 748966 2511
1931009 2371354 2511
2371354 1189311 2511
2371354 1931009 2511
774574 1553886 3909
774574 1566434 3909
1553886 774574 3909
1553886 2345746 3909
1566434 774574 3909
1566434 2345746 3909
2345746 1553886 3909
2345746 1566434 3909
701926 1127113 15418
701926 1993207 15418
1127113 701926 15418
1127113 2418394 15418
1993207 701926 15418
1993207 2418394 15418
2418394 1127113 15418
2418394 1993207 15418
741648 1109616 13255
741648 2010704 13255
1109616 741648 13255
1109616 2378672 13255
2010704 741648 13255
2010704 2378672 13255
2378672 1109616 13255
2378672 2010704 13255
619360 1559889 11794
619360 1560431 11794
1559889 619360 11794
1559889 2500960 11794
1560431 619360 11794
1560431 2500960 11794
2500960 1559889 11794
2500960 1560431 11794
616479 1560150 3539
616479 1560170 3539
1560150 616479 3539
1560150 2503841 3539
1560170 616479 3539
1560170 2503841 3539
2503841 1560150 3539
2503841 1560170 3539
393827 1556496 1417
393827 1563824 1417
1556496 393827 1417
1556496 2726493 1417
1563824 393827 1417
1563824 2726493 1417
2726493 1556496 1417
2726493 1563824 1417
767778 1379037 219
767778 1741283 219
1379037 767778 219
1379037 2352542 219
1741283 767778 219
1741283 2352542 219
2352542 1379037 219
2352542 1741283 219
588000 1554950 27133
588000 1565370 27133
1554950 588000 27133
1554950 2532320 27133
1565370 588000 27133
1565370 2532320 27133
2532320 1554950 27133
2532320 1565370 27133
759687 1451173 14605
759687 1669147 14605
1451173 759687 14605
1451173 2360633 14605
1669147 759687 14605
1669147 2360633 14605
2360633 1451173 14605
2360633 1669147 14605
769103 1362835 6954
769103 1757485 6954
1362835 769103 6954
1362835 2351217 6954
1757485 769103 6954
1757485 2351217 6954
2351217 1362835 6954
2351217 1757485 6954
778760 1351341 9015
778760 1768979 9015
1351341 778760 9015
1351341 2341560 9015
1768979 778760 9015
1768979 2341560 9015
2341560 1351341 9015
2341560 1768979 9015
772496 1340108 3943
772496 1780212 3943
1340108 772496 3943
1340108 2347824 3943
1780212 772496 3943
1780212 2347824 3943
2347824 1340108 3943
2347824 1780212 3943
740875 742441 1679
740875 2377879 1679
742441 740875 1679
742441 2379445 1679
2377879 740875 1679
2377879 2379445 1679
2379445 742441 1679
2379445 2377879 1679
513515 1560150 7229
513515 1560170 7229
1560150 513515 7229
1560150 2606805 7229
1560170 513515 7229
1560170 2606805 7229
2606805 1560150 7229
2606805 1560170 7229
666400 1557540 5994
666400 1562780 5994
1557540 666400 5994
1557540 2453920 5994
1562780 666400 5994
1562780 2453920 5994
2453920 1557540 5994
2453920 1562780 5994
744800 1559889 24853
744800 1560431 24853
1559889 744800 24853
1559889 2375520 24853
1560431 744800 24853
1560431 2375520 24853
2375520 1559889 24853
2375520 1560431 24853
780848 887998 4852
780848 2232322 4852
887998 780848 4852
887998 2339472 4852
2232322 780848 4852
2232322 2339472 4852
2339472 887998 4852
2339472 2232322 4852
782153 884856 2227
782153 2235464 2227
884856 782153 2227
884856 2338167 2227
2235464 782153 2227
2235464 2338167 2227
2338167 884856 2227
2338167 2235464 2227
781892 1104125 1228
781892 2016195 1228
1104125 781892 1228
1104125 2338428 1228
2016195 781892 1228
2016195 2338428 1228
2338428 1104125 1228
2338428 2016195 1228
897414 1560150 2394
897414 1560170 2394
1560150 897414 2394
1560150 2222906 2394
1560170 897414 2394
1560170 2222906 2394
2222906 1560150 2394
2222906 1560170 2394
782675 1447258 11075
782675 1673062 11075
1447258 782675 11075
1447258 2337645 11075
1673062 782675 11075
1673062 2337645 11075
2337645 1447258 11075
2337645 1673062 11075
1286533 1560150 2489
1286533 1560170 2489
1560150 1286533 2489
1560150 1833787 2489
1560170 1286533 2489
1560170 1833787 2489
1833787 1560150 2489
1833787 1560170 2489
875711 1560150 1977
875711 1560170 1977
1560150 875711 1977
1560150 2244609 1977
1560170 875711 1977
1560170 2244609 1977
2244609 1560150 1977
2244609 1560170 1977
742441 783468 48737
742441 2336852 48737
783468 742441 48737
783468 2377879 48737
2336852 742441 48737
2336852 2377879 48737
2377879 783468 48737
2377879 2336852 48737
846188 1558062 817
846188 1562258 817
1558062 846188 817
1558062 2274132 817
1562258 846188 817
1562258 2274132 817
2274132 1558062 817
2274132 1562258 817
783458 1048723 39815
783458 2071597 39815
1048723 783458 39815
1048723 2336862 39815
2071597 783458 39815
2071597 2336862 39815
2336862 1048723 39815
2336862 2071597 39815
1221203 1560150 2304
1221203 1560170 2304
1560150 1221203 2304
1560150 1899117 2304
1560170 1221203 2304
1560170 1899117 2304
1899117 1560150 2304
1899117 1560170 2304
673959 1136529 4788
673959 1983791 4788
1136529 673959 4788
1136529 2446361 4788
1983791 673959 4788
1983791 2446361 4788
2446361 1136529 4788
2446361 1983791 4788
1502389 1559889 2472
1502389 1560431 2472
1559889 1502389 2472
1559889 1617931 2472
1560431 1502389 2472
1560431 1617931 2472
1617931 1559889 2472
1617931 1560431 2472
482928 783458 52877
482928 2336862 52877
783458 482928 52877
783458 2637392 52877
2336862 482928 52877
2336862 2637392 52877
2637392 783458 52877
2637392 2336862 52877
1299603 1558584 844
1299603 1561736 844
1558584 1299603 844
1558584 1820717 844
1561736 1299603 844
1561736 1820717 844
1820717 1558584 844
1820717 1561736 844
1196629 1558062 21786
1196629 1562258 21786
1558062 1196629 21786
1558062 1923691 21786
1562258 1196629 21786
1562258 1923691 21786
1923691 1558062 21786
1923691 1562258 21786
783197 1012655 7317
783197 2107665 7317
1012655 783197 7317
1012655 2337123 7317
2107665 783197 7317
2107665 2337123 7317
2337123 1012655 7317
2337123 2107665 7317
1099678 1420596 905
1099678 1699724 905
1420596 1099678 905
1420596 2020642 905
1699724 1099678 905
1699724 2020642 905
2020642 1420596 905
2020642 1699724 905
1135475 1560150 453
1135475 1560170 453
1560150 1135475 453
1560150 1984845 453
1560170 1135475 453
1560170 1984845 453
1984845 1560150 453
1984845 1560170 453
783458 860563 21145
783458 2259757 21145
860563 783458 21145
860563 2336862 21145
2259757 783458 21145
2259757 2336862 21145
2336862 860563 21145
2336862 2259757 21145
901600 1560150 1068
901600 1560170 1068
1560150 901600 1068
1560150 2218720 1068
1560170 901600 1068
1560170 2218720 1068
2218720 1560150 1068
2218720 1560170 1068
831020 1560150 2903
831020 1560170 2903
1560150 831020 2903
1560150 2289300 2903
1560170 831020 2903
1560170 2289300 2903
2289300 1560150 2903
2289300 1560170 2903
1301440 1559367 385
1301440 1560953 385
1559367 1301440 385
1559367 1818880 385
1560953 1301440 385
1560953 1818880 385
1818880 1559367 385
1818880 1560953 385
778760 783458 27121
778760 2336862 27121
783458 778760 27121
783458 2341560 27121
2336862 778760 27121
2336862 2341560 27121
2341560 783458 27121
2341560 2336862 27121
780065 1235829 5553
780065 1884491 5553
1235829 780065 5553
1235829 2340255 5553
1884491 780065 5553
1884491 2340255 5553
2340255 1235829 5553
2340255 1884491 5553
1447509 1554669 5846
1447509 1565651 5846
1554669 1447509 5846
1554669 1672811 5846
1565651 1447509 5846
1565651 1672811 5846
1672811 1554669 5846
1672811 1565651 5846
1044798 1559367 11462
1044798 1560953 11462
1559367 1044798 11462
1559367 2075522 11462
1560953 1044798 11462
1560953 2075522 11462
2075522 1559367 11462
2075522 1560953 11462
1400740 1560150 3081
1400740 1560170 3081
1560150 1400740 3081
1560150 1719580 3081
1560170 1400740 3081
1560170 1719580 3081
1719580 1560150 3081
1719580 1560170 3081
783197 1293580 7220
783197 1826740 7220
1293580 783197 7220
1293580 2337123 7220
1826740 783197 7220
1826740 2337123 7220
2337123 1293580 7220
2337123 1826740 7220
782675 1294373 6394
782675 1825947 6394
1294373 782675 6394
1294373 2337645 6394
1825947 782675 6394
1825947 2337645 6394
2337645 1294373 6394
2337645 1825947 6394
1087913 1407787 823
1087913 1712533 823
1407787 1087913 823
1407787 2032407 823
1712533 1087913 823
1712533 2032407 823
2032407 1407787 823
2032407 1712533 823
1085574 1553645 10038
1085574 1566675 10038
1553645 1085574 10038
1553645 2034746 10038
1566675 1085574 10038
1566675 2034746 10038
2034746 1553645 10038
2034746 1566675 10038
1511022 1559889 572
1511022 1560431 572
1559889 1511022 572
1559889 1609298 572
1560431 1511022 572
1560431 1609298 572
1609298 1559889 572
1609298 1560431 572
1039568 1555452 2455
1039568 1564868 2455
1555452 1039568 2455
1555452 2080752 2455
1564868 1039568 2455
1564868 2080752 2455
2080752 1555452 2455
2080752 1564868 2455
1170509 1556235 2249
1170509 1564085 2249
1556235 1170509 2249
1556235 1949811 2249
1564085 1170509 2249
1564085 1949811 2249
1949811 1556235 2249
1949811 1564085 2249
699316 1128167 10655
699316 1992153 10655
1128167 699316 10655
1128167 2421004 10655
1992153 699316 10655
1992153 2421004 10655
2421004 1128167 10655
2421004 1992153 10655
780326 1318164 821
780326 1802156 821
1318164 780326 821
1318164 2339994 821
1802156 780326 821
1802156 2339994 821
2339994 1318164 821
2339994 1802156 821
974509 1557540 3903
974509 1562780 3903
1557540 974509 3903
1557540 2145811 3903
1562780 974509 3903
1562780 2145811 3903
2145811 1557540 3903
2145811 1562780 3903
755501 1444638 3439
755501 1675682 3439
1444638 755501 3439
1444638 2364819 3439
1675682 755501 3439
1675682 2364819 3439
2364819 1444638 3439
2364819 1675682 3439
752630 1442279 750
752630 1678041 750
1442279 752630 750
1442279 2367690 750
1678041 752630 750
1678041 2367690 750
2367690 1442279 750
2367690 1678041 750
502282 1169455 3492
502282 1950865 3492
1169455 502282 3492
1169455 2618038 3492
1950865 502282 3492
1950865 2618038 3492
2618038 1169455 3492
2618038 1950865 3492
775106 1267450 2511
775106 1852870 2511
1267450 775106 2511
1267450 2345214 2511
1852870 775106 2511
1852870 2345214 2511
2345214 1267450 2511
2345214 1852870 2511
1144640 1445682 3498
1144640 1674638 3498
1445682 1144640 3498
1445682 1975680 3498
1674638 1144640 3498
1674638 1975680 3498
1975680 1445682 3498
1975680 1674638 3498
705600 780587 70741
705600 2339733 70741
780587 705600 70741
780587 2414720 70741
2339733 705600 70741
2339733 2414720 70741
2414720 780587 70741
2414720 2339733 70741
693303 778499 26364
693303 2341821 26364
778499 693303 26364
778499 2427017 26364
2341821 693303 26364
2341821 2427017 26364
2427017 778499 26364
2427017 2341821 26364
782675 1375383 15607
782675 1744937 15607
1375383 782675 15607
1375383 2337645 15607
1744937 782675 15607
1744937 2337645 15607
2337645 1375383 15607
2337645 1744937 15607
1180427 1458230 6508
1180427 1662090 6508
1458230 1180427 6508
1458230 1939893 6508
1662090 1180427 6508
1662090 1939893 6508
1939893 1458230 6508
1939893 1662090 6508
1160581 1453522 3769
1160581 1666798 3769
1453522 1160581 3769
1453522 1959739 3769
1666798 1160581 3769
1666798 1959739 3769
1959739 1453522 3769
1959739 1666798 3769
593220 1560150 4139
593220 1560170 4139
1560150 593220 4139
1560150 2527100 4139
1560170 593220 4139
1560170 2527100 4139
2527100 1560150 4139
2527100 1560170 4139
776140 1553645 16705
776140 1566675 16705
1553645 776140 16705
1553645 2344180 16705
1566675 776140 16705
1566675 2344180 16705
2344180 1553645 16705
2344180 1566675 16705
518745 783458 43431
518745 2336862 43431
783458 518745 43431
783458 2601575 43431
2336862 518745 43431
2336862 2601575 43431
2601575 783458 43431
2601575 2336862 43431
1327309 1558062 4365
1327309 1562258 4365
1558062 1327309 4365
1558062 1793011 4365
1562258 1327309 4365
1562258 1793011 4365
1793011 1558062 4365
1793011 1562258 4365
663509 1553645 659
663509 1566675 659
1553645 663509 659
1553645 2456811 659
1566675 663509 659
1566675 2456811 659
2456811 1553645 659
2456811 1566675 659
516637 1553645 9795
516637 1566675 9795
1553645 516637 9795
1553645 2603683 9795
1566675 516637 9795
1566675 2603683 9795
2603683 1553645 9795
2603683 1566675 9795
638955 1553645 4254
638955 1566675 4254
1553645 638955 4254
1553645 2481365 4254
1566675 638955 4254
1566675 2481365 4254
2481365 1553645 4254
2481365 1566675 4254
430668 1560150 390
430668 1560170 390
1560150 430668 390
1560150 2689652 390
1560170 430668 390
1560170 2689652 390
2689652 1560150 390
2689652 1560170 390
739821 753935 125
739821 2366385 125
753935 739821 125
753935 2380499 125
2366385 739821 125
2366385 2380499 125
2380499 753935 125
2380499 2366385 125
415520 783207 30091
415520 2337113 30091
783207 415520 30091
783207 2704800 30091
2337113 415520 30091
2337113 2704800 30091
2704800 783207 30091
2704800 2337113 30091
423360 783207 22447
423360 2337113 22447
783207 423360 22447
783207 2696960 22447
2337113 423360 22447
2337113 2696960 22447
2696960 783207 22447
2696960 2337113 22447
431200 783468 28244
431200 2336852 28244
783468 431200 28244
783468 2689120 28244
2336852 431200 28244
2336852 2689120 28244
2689120 783468 28244
2689120 2336852 28244
783458 1419040 23836
783458 1701280 23836
1419040 783458 23836
1419040 2336862 23836
1701280 783458 23836
1701280 2336862 23836
2336862 1419040 23836
2336862 1701280 23836
777194 1408048 9951
777194 1712272 9951
1408048 777194 9951
1408048 2343126 9951
1712272 777194 9951
1712272 2343126 9951
2343126 1408048 9951
2343126 1712272 9951
806978 1554930 11747
806978 1565390 11747
1554930 806978 11747
1554930 2313342 11747
1565390 806978 11747
1565390 2313342 11747
2313342 1554930 11747
2313342 1565390 11747
783197 1453000 9867
783197 1667320 9867
1453000 783197 9867
1453000 2337123 9867
1667320 783197 9867
1667320 2337123 9867
2337123 1453000 9867
2337123 1667320 9867
1277910 1559106 3449
1277910 1561214 3449
1559106 1277910 3449
1559106 1842410 3449
1561214 1277910 3449
1561214 1842410 3449
1842410 1559106 3449
1842410 1561214 3449
1091577 1413017 11250
1091577 1707303 11250
1413017 1091577 11250
1413017 2028743 11250
1707303 1091577 11250
1707303 2028743 11250
2028743 1413017 11250
2028743 1707303 11250
1215722 1559367 5695
1215722 1560953 5695
1559367 1215722 5695
1559367 1904598 5695
1560953 1215722 5695
1560953 1904598 5695
1904598 1559367 5695
1904598 1560953 5695
1134170 1559889 3296
1134170 1560431 3296
1559889 1134170 3296
1559889 1986150 3296
1560431 1134170 3296
1560431 1986150 3296
1986150 1559889 3296
1986150 1560431 3296
1501084 1560150 1708
1501084 1560170 1708
1560150 1501084 1708
1560150 1619236 1708
1560170 1501084 1708
1560170 1619236 1708
1619236 1560150 1708
1619236 1560170 1708
1128940 1554408 8721
1128940 1565912 8721
1554408 1128940 8721
1554408 1991380 8721
1565912 1128940 8721
1565912 1991380 8721
1991380 1554408 8721
1991380 1565912 8721
781631 1200303 7184
781631 1920017 7184
1200303 781631 7184
1200303 2338689 7184
1920017 781631 7184
1920017 2338689 7184
2338689 1200303 7184
2338689 1920017 7184
1088957 1410136 6114
1088957 1710184 6114
1410136 1088957 6114
1410136 2031363 6114
1710184 1088957 6114
1710184 2031363 6114
2031363 1410136 6114
2031363 1710184 6114
1147240 1555733 8759
1147240 1564587 8759
1555733 1147240 8759
1555733 1973080 8759
1564587 1147240 8759
1564587 1973080 8759
1973080 1555733 8759
1973080 1564587 8759
868403 1557801 2565
868403 1562519 2565
1557801 868403 2565
1557801 2251917 2565
1562519 868403 2565
1562519 2251917 2565
2251917 1557801 2565
2251917 1562519 2565
1051343 1553886 5321
1051343 1566434 5321
1553886 1051343 5321
1553886 2068977 5321
1566434 1051343 5321
1566434 2068977 5321
2068977 1553886 5321
2068977 1566434 5321
1465026 1553886 5365
1465026 1566434 5365
1553886 1465026 5365
1553886 1655294 5365
1566434 1465026 5365
1566434 1655294 5365
1655294 1553886 5365
1655294 1566434 5365
1449346 1553906 58
1449346 1566414 58
1553906 1449346 58
1553906 1670974 58
1566414 1449346 58
1566414 1670974 58
1670974 1553906 58
1670974 1566414 58
760199 1396293 255
760199 1724027 255
1396293 760199 255
1396293 2360121 255
1724027 760199 255
1724027 2360121 255
2360121 1396293 255
2360121 1724027 255
1068318 1553906 9386
1068318 1566414 9386
1553906 1068318 9386
1553906 2052002 9386
1566414 1068318 9386
1566414 2052002 9386
2052002 1553906 9386
2052002 1566414 9386
976848 1554167 9901
976848 1566153 9901
1554167 976848 9901
1554167 2143472 9901
1566153 976848 9901
1566153 2143472 9901
2143472 1554167 9901
2143472 1566153 9901
1168160 1554930 8643
1168160 1565390 8643
1554930 1168160 8643
1554930 1952160 8643
1565390 1168160 8643
1565390 1952160 8643
1952160 1554930 8643
1952160 1565390 8643
776672 1507619 7070
776672 1612701 7070
1507619 776672 7070
1507619 2343648 7070
1612701 776672 7070
1612701 2343648 7070
2343648 1507619 7070
2343648 1612701 7070
1096797 1555994 1750
1096797 1564326 1750
1555994 1096797 1750
1555994 2023523 1750
1564326 1096797 1750
1564326 2023523 1750
2023523 1555994 1750
2023523 1564326 1750
1511283 1560150 653
1511283 1560170 653
1560150 1511283 653
1560150 1609037 653
1560170 1511283 653
1560170 1609037 653
1609037 1560150 653
1609037 1560170 653
767527 1475215 2250
767527 1645105 2250
1475215 767527 2250
1475215 2352793 2250
1645105 767527 2250
1645105 2352793 2250
2352793 1475215 2250
2352793 1645105 2250
1085564 1554930 3808
1085564 1565390 3808
1554930 1085564 3808
1554930 2034756 3808
1565390 1085564 3808
1565390 2034756 3808
2034756 1554930 3808
2034756 1565390 3808
772496 1344555 4997
772496 1775765 4997
1344555 772496 4997
1344555 2347824 4997
1775765 772496 4997
1775765 2347824 4997
2347824 1344555 4997
2347824 1775765 4997
1141227 1440191 13976
1141227 1680129 13976
1440191 1141227 13976
1440191 1979093 13976
1680129 1141227 13976
1680129 1979093 13976
1979093 1440191 13976
1979093 1680129 13976
755240 1438103 194
755240 1682217 194
1438103 755240 194
1438103 2365080 194
1682217 755240 194
1682217 2365080 194
2365080 1438103 194
2365080 1682217 194
766995 1213614 6876
766995 1906706 6876
1213614 766995 6876
1213614 2353325 6876
1906706 766995 6876
1906706 2353325 6876
2353325 1213614 6876
2353325 1906706 6876
517420 1166062 83453
517420 1954258 83453
1166062 517420 83453
1166062 2602900 83453
1954258 517420 83453
1954258 2602900 83453
2602900 1166062 83453
2602900 1954258 83453
1403872 1553906 12227
1403872 1566414 12227
1553906 1403872 12227
1553906 1716448 12227
1566414 1403872 12227
1566414 1716448 12227
1716448 1553906 12227
1716448 1566414 12227
774835 1553886 2636
774835 1566434 2636
1553886 774835 2636
1553886 2345485 2636
1566434 774835 2636
1566434 2345485 2636
2345485 1553886 2636
2345485 1566434 2636
782675 1317381 8016
782675 1802939 8016
1317381 782675 8016
1317381 2337645 8016
1802939 782675 8016
1802939 2337645 8016
2337645 1317381 8016
2337645 1802939 8016
580160 1553645 85311
580160 1566675 85311
1553645 580160 85311
1553645 2540160 85311
1566675 580160 85311
1566675 2540160 85311
2540160 1553645 85311
2540160 1566675 85311
1325221 1555974 6262
1325221 1564346 6262
1555974 1325221 6262
1555974 1795099 6262
1564346 1325221 6262
1564346 1795099 6262
1795099 1555974 6262
1795099 1564346 6262
1375383 1559367 1786
1375383 1560953 1786
1559367 1375383 1786
1559367 1744937 1786
1560953 1375383 1786
1560953 1744937 1786
1744937 1559367 1786
1744937 1560953 1786
597396 1556757 10923
597396 1563563 10923
1556757 597396 10923
1556757 2522924 10923
1563563 597396 10923
1563563 2522924 10923
2522924 1556757 10923
2522924 1563563 10923
1335932 1557801 5672
1335932 1562519 5672
1557801 1335932 5672
1557801 1784388 5672
1562519 1335932 5672
1562519 1784388 5672
1784388 1557801 5672
1784388 1562519 5672
611520 1553645 11992
611520 1566675 11992
1553645 611520 11992
1553645 2508800 11992
1566675 611520 11992
1566675 2508800 11992
2508800 1553645 11992
2508800 1566675 11992
628495 1560150 1936
628495 1560170 1936
1560150 628495 1936
1560150 2491825 1936
1560170 628495 1936
1560170 2491825 1936
2491825 1560150 1936
2491825 1560170 1936
518474 1559387 2027
518474 1560933 2027
1559387 518474 2027
1559387 2601846 2027
1560933 518474 2027
1560933 2601846 2027
2601846 1559387 2027
2601846 1560933 2027
730937 736960 12249
730937 2383360 12249
736960 730937 12249
736960 2389383 12249
2383360 730937 12249
2383360 2389383 12249
2389383 736960 12249
2389383 2383360 12249
783197 1432351 15225
783197 1687969 15225
1432351 783197 15225
1432351 2337123 15225
1687969 783197 15225
1687969 2337123 15225
2337123 1432351 15225
2337123 1687969 15225
882246 1558584 4247
882246 1561736 4247
1558584 882246 4247
1558584 2238074 4247
1561736 882246 4247
1561736 2238074 4247
2238074 1558584 4247
2238074 1561736 4247
780326 1042720 13834
780326 2077600 13834
1042720 780326 13834
1042720 2339994 13834
2077600 780326 13834
2077600 2339994 13834
2339994 1042720 13834
2339994 2077600 13834
1199239 1553886 30447
1199239 1566434 30447
1553886 1199239 30447
1553886 1921081 30447
1566434 1199239 30447
1566434 1921081 30447
1921081 1553886 30447
1921081 1566434 30447
762558 1398120 1755
762558 1722200 1755
1398120 762558 1755
1398120 2357762 1755
1722200 762558 1755
1722200 2357762 1755
2357762 1398120 1755
2357762 1722200 1755
746356 783207 72483
746356 2337113 72483
783207 746356 72483
783207 2373964 72483
2337113 746356 72483
2337113 2373964 72483
2373964 783207 72483
2373964 2337113 72483
782153 885900 22726
782153 2234420 22726
885900 782153 22726
885900 2338167 22726
2234420 782153 22726
2234420 2338167 22726
2338167 885900 22726
2338167 2234420 22726
783458 1060488 44467
783458 2059832 44467
1060488 783458 44467
1060488 2336862 44467
2059832 783458 44467
2059832 2336862 44467
2336862 1060488 44467
2336862 2059832 44467
1125035 1553645 4697
1125035 1566675 4697
1553645 1125035 4697
1553645 1995285 4697
1566675 1125035 4697
1566675 1995285 4697
1995285 1553645 4697
1995285 1566675 4697
1479662 1557279 2678
1479662 1563041 2678
1557279 1479662 2678
1557279 1640658 2678
1563041 1479662 2678
1563041 1640658 2678
1640658 1557279 2678
1640658 1563041 2678
1109616 1554408 7374
1109616 1565912 7374
1554408 1109616 7374
1554408 2010704 7374
1565912 1109616 7374
1565912 2010704 7374
2010704 1554408 7374
2010704 1565912 7374
670566 1137573 1910
670566 1982747 1910
1137573 670566 1910
1137573 2449754 1910
1982747 670566 1910
1982747 2449754 1910
2449754 1137573 1910
2449754 1982747 1910
1092109 1415115 3388
1092109 1705205 3388
1415115 1092109 3388
1415115 2028211 3388
1705205 1092109 3388
1705205 2028211 3388
2028211 1415115 3388
2028211 1705205 3388
1129221 1560150 500
1129221 1560170 500
1560150 1129221 500
1560150 1991099 500
1560170 1129221 500
1560170 1991099 500
1991099 1560150 500
1991099 1560170 500
783458 1466080 12632
783458 1654240 12632
1466080 783458 12632
1466080 2336862 12632
1654240 783458 12632
1654240 2336862 12632
2336862 1466080 12632
2336862 1654240 12632
773801 1233741 3978
773801 1886579 3978
1233741 773801 3978
1233741 2346519 3978
1886579 773801 3978
1886579 2346519 3978
2346519 1233741 3978
2346519 1886579 3978
752640 781631 7503
752640 2338689 7503
781631 752640 7503
781631 2367680 7503
2338689 752640 7503
2338689 2367680 7503
2367680 781631 7503
2367680 2338689 7503
1525648 1556235 2174
1525648 1564085 2174
1556235 1525648 2174
1556235 1594672 2174
1564085 1525648 2174
1564085 1594672 2174
1594672 1556235 2174
1594672 1564085 2174
684690 1133387 2458
684690 1986933 2458
1133387 684690 2458
1133387 2435630 2458
1986933 684690 2458
1986933 2435630 2458
2435630 1133387 2458
2435630 1986933 2458
1136800 1554428 2850
1136800 1565892 2850
1554428 1136800 2850
1554428 1983520 2850
1565892 1136800 2850
1565892 1983520 2850
1983520 1554428 2850
1983520 1565892 2850
782675 1486719 40473
782675 1633601 40473
1486719 782675 40473
1486719 2337645 40473
1633601 782675 40473
1633601 2337645 40473
2337645 1486719 40473
2337645 1633601 40473
783458 1205001 4089
783458 1915319 4089
1205001 783458 4089
1205001 2336862 4089
1915319 783458 4089
1915319 2336862 4089
2336862 1205001 4089
2336862 1915319 4089
1241591 1553645 1293
1241591 1566675 1293
1553645 1241591 1293
1553645 1878729 1293
1566675 1241591 1293
1566675 1878729 1293
1878729 1553645 1293
1878729 1566675 1293
722836 1365194 2921
722836 1755126 2921
1365194 722836 2921
1365194 2397484 2921
1755126 722836 2921
1755126 2397484 2921
2397484 1365194 2921
2397484 1755126 2921
775879 1239503 3539
775879 1880817 3539
1239503 775879 3539
1239503 2344441 3539
1880817 775879 3539
1880817 2344441 3539
2344441 1239503 3539
2344441 1880817 3539
754718 1200554 11513
754718 1919766 11513
1200554 754718 11513
1200554 2365602 11513
1919766 754718 11513
1919766 2365602 11513
2365602 1200554 11513
2365602 1919766 11513
1097319 1554408 4907
1097319 1565912 4907
1554408 1097319 4907
1554408 2023001 4907
1565912 1097319 4907
1565912 2023001 4907
2023001 1554408 4907
2023001 1565912 4907
1141749 1480435 5846
1141749 1639885 5846
1480435 1141749 5846
1480435 1978571 5846
1639885 1141749 5846
1639885 1978571 5846
1978571 1480435 5846
1978571 1639885 5846
1067796 1555191 11128
1067796 1565129 11128
1555191 1067796 11128
1555191 2052524 11128
1565129 1067796 11128
1565129 2052524 11128
2052524 1555191 11128
2052524 1565129 11128
758633 1445170 267
758633 1675150 267
1445170 758633 267
1445170 2361687 267
1675150 758633 267
1675150 2361687 267
2361687 1445170 267
2361687 1675150 267
783197 1269277 14681
783197 1851043 14681
1269277 783197 14681
1269277 2337123 14681
1851043 783197 14681
1851043 2337123 14681
2337123 1269277 14681
2337123 1851043 14681
1261176 1554669 7811
1261176 1565651 7811
1554669 1261176 7811
1554669 1859144 7811
1565651 1261176 7811
1565651 1859144 7811
1859144 1554669 7811
1859144 1565651 7811
986776 1553886 10410
986776 1566434 10410
1553886 986776 10410
1553886 2133544 10410
1566434 986776 10410
1566434 2133544 10410
2133544 1553886 10410
2133544 1566434 10410
1440713 1558323 10341
1440713 1561997 10341
1558323 1440713 10341
1558323 1679607 10341
1561997 1440713 10341
1561997 1679607 10341
1679607 1558323 10341
1679607 1561997 10341
1468680 1556757 1958
1468680 1563563 1958
1556757 1468680 1958
1556757 1651640 1958
1563563 1468680 1958
1563563 1651640 1958
1651640 1556757 1958
1651640 1563563 1958
1040090 1560150 8734
1040090 1560170 8734
1560150 1040090 8734
1560150 2080230 8734
1560170 1040090 8734
1560170 2080230 8734
2080230 1560150 8734
2080230 1560170 8734
959873 1560150 2309
959873 1560170 2309
1560150 959873 2309
1560150 2160447 2309
1560170 959873 2309
1560170 2160447 2309
2160447 1560150 2309
2160447 1560170 2309
774845 1246821 23643
774845 1873499 23643
1246821 774845 23643
1246821 2345475 23643
1873499 774845 23643
1873499 2345475 23643
2345475 1246821 23643
2345475 1873499 23643
775879 1278693 1284
775879 1841627 1284
1278693 775879 1284
1278693 2344441 1284
1841627 775879 1284
1841627 2344441 1284
2344441 1278693 1284
2344441 1841627 1284
505665 781892 3519
505665 2338428 3519
781892 505665 3519
781892 2614655 3519
2338428 505665 3519
2338428 2614655 3519
2614655 781892 3519
2614655 2338428 3519
780587 1520940 541
780587 1599380 541
1520940 780587 541
1520940 2339733 541
1599380 780587 541
1599380 2339733 541
2339733 1520940 541
2339733 1599380 541
964842 1558865 3066
964842 1561455 3066
1558865 964842 3066
1558865 2155478 3066
1561455 964842 3066
1561455 2155478 3066
2155478 1558865 3066
2155478 1561455 3066
758121 1456403 947
758121 1663917 947
1456403 758121 947
1456403 2362199 947
1663917 758121 947
1663917 2362199 947
2362199 1456403 947
2362199 1663917 947
1123730 1489580 5987
1123730 1630740 5987
1489580 1123730 5987
1489580 1996590 5987
1630740 1123730 5987
1630740 1996590 5987
1996590 1489580 5987
1996590 1630740 5987
1411180 1556496 10712
1411180 1563824 10712
1556496 1411180 10712
1556496 1709140 10712
1563824 1411180 10712
1563824 1709140 10712
1709140 1556496 10712
1709140 1563824 10712
760480 1289675 3304
760480 1830645 3304
1289675 760480 3304
1289675 2359840 3304
1830645 760480 3304
1830645 2359840 3304
2359840 1289675 3304
2359840 1830645 3304
762297 1468680 6683
762297 1651640 6683
1468680 762297 6683
1468680 2358023 6683
1651640 762297 6683
1651640 2358023 6683
2358023 1468680 6683
2358023 1651640 6683
740082 1111443 16056
740082 2008877 16056
1111443 740082 16056
1111443 2380238 16056
2008877 740082 16056
2008877 2380238 16056
2380238 1111443 16056
2380238 2008877 16056
431190 1560150 7663
431190 1560170 7663
1560150 431190 7663
1560150 2689130 7663
1560170 431190 7663
1560170 2689130 7663
2689130 1560150 7663
2689130 1560170 7663
602877 1554408 18285
602877 1565912 18285
1554408 602877 18285
1554408 2517443 18285
1565912 602877 18285
1565912 2517443 18285
2517443 1554408 18285
2517443 1565912 18285
584858 1560150 10992
584858 1560170 10992
1560150 584858 10992
1560150 2535462 10992
1560170 584858 10992
1560170 2535462 10992
2535462 1560150 10992
2535462 1560170 10992
782414 1333844 7406
782414 1786476 7406
1333844 782414 7406
1333844 2337906 7406
1786476 782414 7406
1786476 2337906 7406
2337906 1333844 7406
2337906 1786476 7406
767005 1330963 2934
767005 1789357 2934
1330963 767005 2934
1330963 2353315 2934
1789357 767005 2934
1789357 2353315 2934
2353315 1330963 2934
2353315 1789357 2934
636345 1558845 11266
636345 1561475 11266
1558845 636345 11266
1558845 2483975 11266
1561475 636345 11266
1561475 2483975 11266
2483975 1558845 11266
2483975 1561475 11266
683385 1554147 13214
683385 1566173 13214
1554147 683385 13214
1554147 2436935 13214
1566173 683385 13214
1566173 2436935 13214
2436935 1554147 13214
2436935 1566173 13214
620394 782675 99568
620394 2337645 99568
782675 620394 99568
782675 2499926 99568
2337645 620394 99568
2337645 2499926 99568
2499926 782675 99568
2499926 2337645 99568
670566 1553645 4282
670566 1566675 4282
1553645 670566 4282
1553645 2449754 4282
1566675 670566 4282
1566675 2449754 4282
2449754 1553645 4282
2449754 1566675 4282
663248 1554408 1710
663248 1565912 1710
1554408 663248 1710
1554408 2457072 1710
1565912 663248 1710
1565912 2457072 1710
2457072 1554408 1710
2457072 1565912 1710
1340630 1560150 16807
1340630 1560170 16807
1560150 1340630 16807
1560150 1779690 16807
1560170 1340630 16807
1560170 1779690 16807
1779690 1560150 16807
1779690 1560170 16807
690703 1554167 28122
690703 1566153 28122
1554167 690703 28122
1554167 2429617 28122
1566153 690703 28122
1566153 2429617 28122
2429617 1554167 28122
2429617 1566153 28122
724141 732503 4758
724141 2387817 4758
732503 724141 4758
732503 2396179 4758
2387817 724141 4758
2387817 2396179 4758
2396179 732503 4758
2396179 2387817 4758
1553906 1553906 34899
1553906 1566414 34899
1566414 1553906 34899
1566414 1566414 34899
857421 1559889 5999
857421 1560431 5999
1559889 857421 5999
1559889 2262899 5999
1560431 857421 5999
1560431 2262899 5999
2262899 1559889 5999
2262899 1560431 5999
778499 1030423 22453
778499 2089897 22453
1030423 778499 22453
1030423 2341821 22453
2089897 778499 22453
2089897 2341821 22453
2341821 1030423 22453
2341821 2089897 22453
783458 1103332 27780
783458 2016988 27780
1103332 783458 27780
1103332 2336862 27780
2016988 783458 27780
2016988 2336862 27780
2336862 1103332 27780
2336862 2016988 27780
782936 1544992 12544
782936 1575328 12544
1544992 782936 12544
1544992 2337384 12544
1575328 782936 12544
1575328 2337384 12544
2337384 1544992 12544
2337384 1575328 12544
773269 1427924 3215
773269 1692396 3215
1427924 773269 3215
1427924 2347051 3215
1692396 773269 3215
1692396 2347051 3215
2347051 1427924 3215
2347051 1692396 3215
772496 1426599 2250
772496 1693721 2250
1426599 772496 2250
1426599 2347824 2250
1693721 772496 2250
1693721 2347824 2250
2347824 1426599 2250
2347824 1693721 2250
783458 1443865 10178
783458 1676455 10178
1443865 783458 10178
1443865 2336862 10178
1676455 783458 10178
1676455 2336862 10178
2336862 1443865 10178
2336862 1676455 10178
1119795 1553645 3310
1119795 1566675 3310
1553645 1119795 3310
1553645 2000525 3310
1566675 1119795 3310
1566675 2000525 3310
2000525 1553645 3310
2000525 1566675 3310
1494559 1560150 222
1494559 1560170 222
1560150 1494559 222
1560150 1625761 222
1560170 1494559 222
1560170 1625761 222
1625761 1560150 222
1625761 1560170 222
1287055 1560150 1998
1287055 1560170 1998
1560150 1287055 1998
1560150 1833265 1998
1560170 1287055 1998
1560170 1833265 1998
1833265 1560150 1998
1833265 1560170 1998
912562 1560150 587
912562 1560170 587
1560150 912562 587
1560150 2207758 587
1560170 912562 587
1560170 2207758 587
2207758 1560150 587
2207758 1560170 587
764124 1401252 135
764124 1719068 135
1401252 764124 135
1401252 2356196 135
1719068 764124 135
1719068 2356196 135
2356196 1401252 135
2356196 1719068 135
1102027 1422162 10039
1102027 1698158 10039
1422162 1102027 10039
1422162 2018293 10039
1698158 1102027 10039
1698158 2018293 10039
2018293 1422162 10039
2018293 1698158 10039
884073 1560150 1725
884073 1560170 1725
1560150 884073 1725
1560150 2236247 1725
1560170 884073 1725
1560170 2236247 1725
2236247 1560150 1725
2236247 1560170 1725
674220 1134963 3208
674220 1985357 3208
1134963 674220 3208
1134963 2446100 3208
1985357 674220 3208
1985357 2446100 3208
2446100 1134963 3208
2446100 1985357 3208
1119273 1450119 5110
1119273 1670201 5110
1450119 1119273 5110
1450119 2001047 5110
1670201 1119273 5110
1670201 2001047 5110
2001047 1450119 5110
2001047 1670201 5110
1101254 1560150 1962
1101254 1560170 1962
1560150 1101254 1962
1560150 2019066 1962
1560170 1101254 1962
1560170 2019066 1962
2019066 1560150 1962
2019066 1560170 1962
687822 1132082 86084
687822 1988238 86084
1132082 687822 86084
1132082 2432498 86084
1988238 687822 86084
1988238 2432498 86084
2432498 1132082 86084
2432498 1988238 86084
782675 1058400 17375
782675 2061920 17375
1058400 782675 17375
1058400 2337645 17375
2061920 782675 17375
2061920 2337645 17375
2337645 1058400 17375
2337645 2061920 17375
779021 1512839 3317
779021 1607481 3317
1512839 779021 3317
1512839 2341299 3317
1607481 779021 3317
1607481 2341299 3317
2341299 1512839 3317
2341299 1607481 3317
1015265 1554428 11692
1015265 1565892 11692
1554428 1015265 11692
1554428 2105055 11692
1565892 1015265 11692
1565892 2105055 11692
2105055 1554428 11692
2105055 1565892 11692
647568 1143847 5020
647568 1976473 5020
1143847 647568 5020
1143847 2472752 5020
1976473 647568 5020
1976473 2472752 5020
2472752 1143847 5020
2472752 1976473 5020
1132614 1554669 10679
1132614 1565651 10679
1554669 1132614 10679
1554669 1987706 10679
1565651 1132614 10679
1565651 1987706 10679
1987706 1554669 10679
1987706 1565651 10679
1114846 1431046 13834
1114846 1689274 13834
1431046 1114846 13834
1431046 2005474 13834
1689274 1114846 13834
1689274 2005474 13834
2005474 1431046 13834
2005474 1689274 13834
770920 1279998 4207
770920 1840322 4207
1279998 770920 4207
1279998 2349400 4207
1840322 770920 4207
1840322 2349400 4207
2349400 1279998 4207
2349400 1840322 4207
1132092 1439418 6718
1132092 1680902 6718
1439418 1132092 6718
1439418 1988228 6718
1680902 1132092 6718
1680902 1988228 6718
1988228 1439418 6718
1988228 1680902 6718
761775 1457186 5536
761775 1663134 5536
1457186 761775 5536
1457186 2358545 5536
1663134 761775 5536
1663134 2358545 5536
2358545 1457186 5536
2358545 1663134 5536
1133387 1482794 6572
1133387 1637526 6572
1482794 1133387 6572
1482794 1986933 6572
1637526 1133387 6572
1637526 1986933 6572
1986933 1482794 6572
1986933 1637526 6572
782675 1206296 17315
782675 1914024 17315
1206296 782675 17315
1206296 2337645 17315
1914024 782675 17315
1914024 2337645 17315
2337645 1206296 17315
2337645 1914024 17315
1388985 1553886 28609
1388985 1566434 28609
1553886 1388985 28609
1553886 1731335 28609
1566434 1388985 28609
1566434 1731335 28609
1731335 1553886 28609
1731335 1566434 28609
752098 1449075 1710
752098 1671245 1710
1449075 752098 1710
1449075 2368222 1710
1671245 752098 1710
1671245 2368222 1710
2368222 1449075 1710
2368222 1671245 1710
1034860 1553886 10318
1034860 1566434 10318
1553886 1034860 10318
1553886 2085460 10318
1566434 1034860 10318
1566434 2085460 10318
2085460 1553886 10318
2085460 1566434 10318
1070677 1554950 4452
1070677 1565370 4452
1554950 1070677 4452
1554950 2049643 4452
1565370 1070677 4452
1565370 2049643 4452
2049643 1554950 4452
2049643 1565370 4452
776140 1240808 8606
776140 1879512 8606
1240808 776140 8606
1240808 2344180 8606
1879512 776140 8606
1879512 2344180 8606
2344180 1240808 8606
2344180 1879512 8606
1436276 1554408 3576
1436276 1565912 3576
1554408 1436276 3576
1554408 1684044 3576
1565912 1436276 3576
1565912 1684044 3576
1684044 1554408 3576
1684044 1565912 3576
953077 1560150 1007
953077 1560170 1007
1560150 953077 1007
1560150 2167243 1007
1560170 953077 1007
1560170 2167243 1007
2167243 1560150 1007
2167243 1560170 1007
529456 782675 51521
529456 2337645 51521
782675 529456 51521
782675 2590864 51521
2337645 529456 51521
2337645 2590864 51521
2590864 782675 51521
2590864 2337645 51521
775889 1249953 13318
775889 1870367 13318
1249953 775889 13318
1249953 2344431 13318
1870367 775889 13318
1870367 2344431 13318
2344431 1249953 13318
2344431 1870367 13318
764907 1267711 1684
764907 1852609 1684
1267711 764907 1684
1267711 2355413 1684
1852609 764907 1684
1852609 2355413 1684
2355413 1267711 1684
2355413 1852609 1684
749498 1204479 7477
749498 1915841 7477
1204479 749498 7477
1204479 2370822 7477
1915841 749498 7477
1915841 2370822 7477
2370822 1204479 7477
2370822 1915841 7477
1168682 1557540 10716
1168682 1562780 10716
1557540 1168682 10716
1557540 1951638 10716
1562780 1168682 10716
1562780 1951638 10716
1951638 1557540 10716
1951638 1562780 10716
766473 1555994 14050
766473 1564326 14050
1555994 766473 14050
1555994 2353847 14050
1564326 766473 14050
1564326 2353847 14050
2353847 1555994 14050
2353847 1564326 14050
766222 1555994 14058
766222 1564326 14058
1555994 766222 14058
1555994 2354098 14058
1564326 766222 14058
1564326 2354098 14058
2354098 1555994 14058
2354098 1564326 14058
729120 783197 77394
729120 2337123 77394
783197 729120 77394
783197 2391200 77394
2337123 729120 77394
2337123 2391200 77394
2391200 783197 77394
2391200 2337123 77394
621177 1560150 12759
621177 1560170 12759
1560150 621177 12759
1560150 2499143 12759
1560170 621177 12759
1560170 2499143 12759
2499143 1560150 12759
2499143 1560170 12759
776140 1319730 915
776140 1800590 915
1319730 776140 915
1319730 2344180 915
1800590 776140 915
1800590 2344180 915
2344180 1319730 915
2344180 1800590 915
764124 771452 15989
764124 2348868 15989
771452 764124 15989
771452 2356196 15989
2348868 764124 15989
2348868 2356196 15989
2356196 771452 15989
2356196 2348868 15989
635823 1560150 4125
635823 1560170 4125
1560150 635823 4125
1560150 2484497 4125
1560170 635823 4125
1560170 2484497 4125
2484497 1560150 4125
2484497 1560170 4125
503587 1169194 24869
503587 1951126 24869
1169194 503587 24869
1169194 2616733 24869
1951126 503587 24869
1951126 2616733 24869
2616733 1169194 24869
2616733 1951126 24869
529446 1555452 9577
529446 1564868 9577
1555452 529446 9577
1555452 2590874 9577
1564868 529446 9577
1564868 2590874 9577
2590874 1555452 9577
2590874 1564868 9577
750532 754196 26488
750532 2366124 26488
754196 750532 26488
754196 2369788 26488
2366124 750532 26488
2366124 2369788 26488
2369788 754196 26488
2369788 2366124 26488
399840 1559628 5464
399840 1560692 5464
1559628 399840 5464
1559628 2720480 5464
1560692 399840 5464
1560692 2720480 5464
2720480 1559628 5464
2720480 1560692 5464
650720 1556496 32492
650720 1563824 32492
1556496 650720 32492
1556496 2469600 32492
1563824 650720 32492
1563824 2469600 32492
2469600 1556496 32492
2469600 1563824 32492
639216 783458 2714
639216 2336862 2714
783458 639216 2714
783458 2481104 2714
2336862 639216 2714
2336862 2481104 2714
2481104 783458 2714
2481104 2336862 2714
486080 1556757 7114
486080 1563563 7114
1556757 486080 7114
1556757 2634240 7114
1563563 486080 7114
1563563 2634240 7114
2634240 1556757 7114
2634240 1563563 7114
473271 1560150 7991
473271 1560170 7991
1560150 473271 7991
1560150 2647049 7991
1560170 473271 7991
1560170 2647049 7991
2647049 1560150 7991
2647049 1560170 7991
744268 751576 4951
744268 2368744 4951
751576 744268 4951
751576 2376052 4951
2368744 744268 4951
2368744 2376052 4951
2376052 751576 4951
2376052 2368744 4951
706644 722314 337
706644 2398006 337
722314 706644 337
722314 2413676 337
2398006 706644 337
2398006 2413676 337
2413676 722314 337
2413676 2398006 337
781370 1434700 7760
781370 1685620 7760
1434700 781370 7760
1434700 2338950 7760
1685620 781370 7760
1685620 2338950 7760
2338950 1434700 7760
2338950 1685620 7760
1287587 1554408 8925
1287587 1565912 8925
1554408 1287587 8925
1554408 1832733 8925
1565912 1287587 8925
1565912 1832733 8925
1832733 1554408 8925
1832733 1565912 8925
850886 1555713 265
850886 1564607 265
1555713 850886 265
1555713 2269434 265
1564607 850886 265
1564607 2269434 265
2269434 1555713 265
2269434 1564607 265
768310 1406231 2793
768310 1714089 2793
1406231 768310 2793
1406231 2352010 2793
1714089 768310 2793
1714089 2352010 2793
2352010 1406231 2793
2352010 1714089 2793
908647 1560150 1256
908647 1560170 1256
1560150 908647 1256
1560150 2211673 1256
1560170 908647 1256
1560170 2211673 1256
2211673 1560150 1256
2211673 1560170 1256
1116402 1554147 2515
1116402 1566173 2515
1554147 1116402 2515
1554147 2003918 2515
1566173 1116402 2515
1566173 2003918 2515
2003918 1554147 2515
2003918 1566173 2515
881463 1560150 3123
881463 1560170 3123
1560150 881463 3123
1560150 2238857 3123
1560170 881463 3123
1560170 2238857 3123
2238857 1560150 3123
2238857 1560170 3123
1123730 1456403 7860
1123730 1663917 7860
1456403 1123730 7860
1456403 1996590 7860
1663917 1123730 7860
1663917 1996590 7860
1996590 1456403 7860
1996590 1663917 7860
778760 1519374 18663
778760 1600946 18663
1519374 778760 18663
1519374 2341560 18663
1600946 778760 18663
1600946 2341560 18663
2341560 1519374 18663
2341560 1600946 18663
725185 1120849 1188
725185 1999471 1188
1120849 725185 1188
1120849 2395135 1188
1999471 725185 1188
1999471 2395135 1188
2395135 1120849 1188
2395135 1999471 1188
468553 778499 4700
468553 2341821 4700
778499 468553 4700
778499 2651767 4700
2341821 468553 4700
2341821 2651767 4700
2651767 778499 4700
2651767 2341821 4700
782675 1453532 12761
782675 1666788 12761
1453532 782675 12761
1453532 2337645 12761
1666788 782675 12761
1666788 2337645 12761
2337645 1453532 12761
2337645 1666788 12761
673959 1136007 13201
673959 1984313 13201
1136007 673959 13201
1136007 2446361 13201
1984313 673959 13201
1984313 2446361 13201
2446361 1136007 13201
2446361 1984313 13201
666400 780326 58714
666400 2339994 58714
780326 666400 58714
780326 2453920 58714
2339994 666400 58714
2339994 2453920 58714
2453920 780326 58714
2453920 2339994 58714
1061010 1553886 4900
1061010 1566434 4900
1553886 1061010 4900
1553886 2059310 4900
1566434 1061010 4900
1566434 2059310 4900
2059310 1553886 4900
2059310 1566434 4900
1253075 1554147 19041
1253075 1566173 19041
1554147 1253075 19041
1554147 1867245 19041
1566173 1253075 19041
1566173 1867245 19041
1867245 1554147 19041
1867245 1566173 19041
1310836 1560150 3432
1310836 1560170 3432
1560150 1310836 3432
1560150 1809484 3432
1560170 1310836 3432
1560170 1809484 3432
1809484 1560150 3432
1809484 1560170 3432
771964 1233741 12514
771964 1886579 12514
1233741 771964 12514
1233741 2348356 12514
1886579 771964 12514
1886579 2348356 12514
2348356 1233741 12514
2348356 1886579 12514
1473900 1553645 7403
1473900 1566675 7403
1553645 1473900 7403
1553645 1646420 7403
1566675 1473900 7403
1566675 1646420 7403
1646420 1553645 7403
1646420 1566675 7403
1489600 1554408 3599
1489600 1565912 3599
1554408 1489600 3599
1554408 1630720 3599
1565912 1489600 3599
1565912 1630720 3599
1630720 1554408 3599
1630720 1565912 3599
1076690 1554147 4888
1076690 1566173 4888
1554147 1076690 4888
1554147 2043630 4888
1566173 1076690 4888
1566173 2043630 4888
2043630 1554147 4888
2043630 1566173 4888
1083225 1560150 3618
1083225 1560170 3618
1560150 1083225 3618
1560150 2037095 3618
1560170 1083225 3618
1560170 2037095 3618
2037095 1560150 3618
2037095 1560170 3618
781370 1195856 6180
781370 1924464 6180
1195856 781370 6180
1195856 2338950 6180
1924464 781370 6180
1924464 2338950 6180
2338950 1195856 6180
2338950 1924464 6180
1039829 1553886 9143
1039829 1566434 9143
1553886 1039829 9143
1553886 2080491 9143
1566434 1039829 9143
1566434 2080491 9143
2080491 1553886 9143
2080491 1566434 9143
1131048 1466080 2424
1131048 1654240 2424
1466080 1131048 2424
1466080 1989272 2424
1654240 1131048 2424
1654240 1989272 2424
1989272 1466080 2424
1989272 1654240 2424
1392900 1560150 1231
1392900 1560170 1231
1560150 1392900 1231
1560150 1727420 1231
1560170 1392900 1231
1560170 1727420 1231
1727420 1560150 1231
1727420 1560170 1231
1395520 1559628 2547
1395520 1560692 2547
1559628 1395520 2547
1559628 1724800 2547
1560692 1395520 2547
1560692 1724800 2547
1724800 1559628 2547
1724800 1560692 2547
682080 1132604 86516
682080 1987716 86516
1132604 682080 86516
1132604 2438240 86516
1987716 682080 86516
1987716 2438240 86516
2438240 1132604 86516
2438240 1987716 86516
1437320 1555994 3828
1437320 1564326 3828
1555994 1437320 3828
1555994 1683000 3828
1564326 1437320 3828
1564326 1683000 3828
1683000 1555994 3828
1683000 1564326 3828
1371468 1553886 46900
1371468 1566434 46900
1553886 1371468 46900
1553886 1748852 46900
1566434 1371468 46900
1566434 1748852 46900
1748852 1553886 46900
1748852 1566434 46900
777977 1256227 5852
777977 1864093 5852
1256227 777977 5852
1256227 2342343 5852
1864093 777977 5852
1864093 2342343 5852
2342343 1256227 5852
2342343 1864093 5852
775879 1243418 432
775879 1876902 432
1243418 775879 432
1243418 2344441 432
1876902 775879 432
1876902 2344441 432
2344441 1243418 432
2344441 1876902 432
1422162 1553886 11425
1422162 1566434 11425
1553886 1422162 11425
1553886 1698158 11425
1566434 1422162 11425
1566434 1698158 11425
1698158 1553886 11425
1698158 1566434 11425
779804 1301962 6998
779804 1818358 6998
1301962 779804 6998
1301962 2340516 6998
1818358 779804 6998
1818358 2340516 6998
2340516 1301962 6998
2340516 1818358 6998
1105420 1423467 10231
1105420 1696853 10231
1423467 1105420 10231
1423467 2014900 10231
1696853 1105420 10231
1696853 2014900 10231
2014900 1423467 10231
2014900 1696853 10231
755501 1205774 10140
755501 1914546 10140
1205774 755501 10140
1205774 2364819 10140
1914546 755501 10140
1914546 2364819 10140
2364819 1205774 10140
2364819 1914546 10140
1143837 1442028 8087
1143837 1678292 8087
1442028 1143837 8087
1442028 1976483 8087
1678292 1143837 8087
1678292 1976483 8087
1976483 1442028 8087
1976483 1678292 8087
779282 1210221 9464
779282 1910099 9464
1210221 779282 9464
1210221 2341038 9464
1910099 779282 9464
1910099 2341038 9464
2341038 1210221 9464
2341038 1910099 9464
757328 1454054 3810
757328 1666266 3810
1454054 757328 3810
1454054 2362992 3810
1666266 757328 3810
1666266 2362992 3810
2362992 1454054 3810
2362992 1666266 3810
1457698 1553886 7035
1457698 1566434 7035
1553886 1457698 7035
1553886 1662622 7035
1566434 1457698 7035
1566434 1662622 7035
1662622 1553886 7035
1662622 1566434 7035
775618 1296461 4404
775618 1823859 4404
1296461 775618 4404
1296461 2344702 4404
1823859 775618 4404
1823859 2344702 4404
2344702 1296461 4404
2344702 1823859 4404
956470 1559628 2072
956470 1560692 2072
1559628 956470 2072
1559628 2163850 2072
1560692 956470 2072
1560692 2163850 2072
2163850 1559628 2072
2163850 1560692 2072
782675 1336454 21569
782675 1783866 21569
1336454 782675 21569
1336454 2337645 21569
1783866 782675 21569
1783866 2337645 21569
2337645 1336454 21569
2337645 1783866 21569
509319 783197 33544
509319 2337123 33544
783197 509319 33544
783197 2611001 33544
2337123 509319 33544
2337123 2611001 33544
2611001 783197 33544
2611001 2337123 33544
783197 1329387 18113
783197 1790933 18113
1329387 783197 18113
1329387 2337123 18113
1790933 783197 18113
1790933 2337123 18113
2337123 1329387 18113
2337123 1790933 18113
783197 1370163 20391
783197 1750157 20391
1370163 783197 20391
1370163 2337123 20391
1750157 783197 20391
1750157 2337123 20391
2337123 1370163 20391
2337123 1750157 20391
458896 1553645 9455
458896 1566675 9455
1553645 458896 9455
1553645 2661424 9455
1566675 458896 9455
1566675 2661424 9455
2661424 1553645 9455
2661424 1566675 9455
573615 1554669 4163
573615 1565651 4163
1554669 573615 4163
1554669 2546705 4163
1565651 573615 4163
1565651 2546705 4163
2546705 1554669 4163
2546705 1565651 4163
625092 1555713 10860
625092 1564607 10860
1555713 625092 10860
1555713 2495228 10860
1564607 625092 10860
1564607 2495228 10860
2495228 1555713 10860
2495228 1564607 10860
601572 1558062 13408
601572 1562258 13408
1558062 601572 13408
1558062 2518748 13408
1562258 601572 13408
1562258 2518748 13408
2518748 1558062 13408
2518748 1562258 13408
734069 1554147 16632
734069 1566173 16632
1554147 734069 16632
1554147 2386251 16632
1566173 734069 16632
1566173 2386251 16632
2386251 1554147 16632
2386251 1566173 16632
1326004 1555713 1722
1326004 1564607 1722
1555713 1326004 1722
1555713 1794316 1722
1564607 1326004 1722
1564607 1794316 1722
1794316 1555713 1722
1794316 1564607 1722
760460 775367 8447
760460 2344953 8447
775367 760460 8447
775367 2359860 8447
2344953 760460 8447
2344953 2359860 8447
2359860 775367 8447
2359860 2344953 8447
486341 1560150 7585
486341 1560170 7585
1560150 486341 7585
1560150 2633979 7585
1560170 486341 7585
1560170 2633979 7585
2633979 1560150 7585
2633979 1560170 7585
667695 1559106 17111
667695 1561214 17111
1559106 667695 17111
1559106 2452625 17111
1561214 667695 17111
1561214 2452625 17111
2452625 1559106 17111
2452625 1561214 17111
714735 714745 4595
714735 2405575 4595
714745 714735 4595
714745 2405585 4595
2405575 714735 4595
2405575 2405585 4595
2405585 714745 4595
2405585 2405575 4595
712637 1553645 61060
712637 1566675 61060
1553645 712637 61060
1553645 2407683 61060
1566675 712637 61060
1566675 2407683 61060
2407683 1553645 61060
2407683 1566675 61060
697750 1560150 12168
697750 1560170 12168
1560150 697750 12168
1560150 2422570 12168
1560170 697750 12168
1560170 2422570 12168
2422570 1560150 12168
2422570 1560170 12168
region corner 1 1
lambda -20000000
k 0
