199 50
784000
10000000
11168
1457476 1555384 4092
1457476 1564936 4092
1555384 1457476 4092
1555384 1662844 4092
1564936 1457476 4092
1564936 1662844 4092
1662844 1555384 4092
1662844 1564936 4092
1092908 1560160 648
1560160 1092908 648
1560160 2027412 648
2027412 1560160 648
771324 779284 35853
771324 2341036 35853
779284 771324 35853
779284 2348996 35853
2341036 771324 35853
2341036 2348996 35853
2348996 779284 35853
2348996 2341036 35853
782468 1021666 41252
782468 2098654 41252
1021666 782468 41252
1021666 2337852 41252
2098654 782468 41252
2098654 2337852 41252
2337852 1021666 41252
2337852 2098654 41252
778090 782468 35680
778090 2337852 35680
782468 778090 35680
782468 2342230 35680
2337852 778090 35680
2337852 2342230 35680
2342230 782468 35680
2342230 2337852 35680
1082958 1558170 742
1082958 1562150 742
1558170 1082958 742
1558170 2037362 742
1562150 1082958 742
1562150 2037362 742
2037362 1558170 742
2037362 1562150 742
778090 779284 70322
778090 2341036 70322
779284 778090 70322
779284 2342230 70322
2341036 778090 70322
2341036 2342230 70322
2342230 779284 70322
2342230 2341036 70322
764656 1364140 3952
764656 1756180 3952
1364140 764656 3952
1364140 2355664 3952
1756180 764656 3952
1756180 2355664 3952
2355664 1364140 3952
2355664 1756180 3952
783207 995680 70829
783207 2124640 70829
995680 783207 70829
995680 2337113 70829
2124640 783207 70829
2124640 2337113 70829
2337113 995680 70829
2337113 2124640 70829
674240 783207 100092
674240 2337113 100092
783207 674240 100092
783207 2446080 100092
2337113 674240 100092
2337113 2446080 100092
2446080 783207 100092
2446080 2337113 100092
783468 1446204 15569
783468 1674116 15569
1446204 783468 15569
1446204 2336852 15569
1674116 783468 15569
1674116 2336852 15569
2336852 1446204 15569
2336852 1674116 15569
783468 1430002 23858
783468 1690318 23858
1430002 783468 23858
1430002 2336852 23858
1690318 783468 23858
1690318 2336852 23858
2336852 1430002 23858
2336852 1690318 23858
340774 1560150 1117
340774 1560170 1117
1560150 340774 1117
1560150 2779546 1117
1560170 340774 1117
1560170 2779546 1117
2779546 1560150 1117
2779546 1560170 1117
666400 1559367 24021
666400 1560953 24021
1559367 666400 24021
1559367 2453920 24021
1560953 666400 24021
1560953 2453920 24021
2453920 1559367 24021
2453920 1560953 24021
782936 1097319 20586
782936 2023001 20586
1097319 782936 20586
1097319 2337384 20586
2023001 782936 20586
2023001 2337384 20586
2337384 1097319 20586
2337384 2023001 20586
752901 782936 38325
752901 2337384 38325
782936 752901 38325
782936 2367419 38325
2337384 752901 38325
2337384 2367419 38325
2367419 782936 38325
2367419 2337384 38325
772757 779543 73744
772757 2340777 73744
779543 772757 73744
779543 2347563 73744
2340777 772757 73744
2340777 2347563 73744
2347563 779543 73744
2347563 2340777 73744
1429480 1560150 5405
1429480 1560170 5405
1560150 1429480 5405
1560150 1690840 5405
1560170 1429480 5405
1560170 1690840 5405
1690840 1560150 5405
1690840 1560170 5405
704024 1560150 30859
704024 1560170 30859
1560150 704024 30859
1560150 2416296 30859
1560170 704024 30859
1560170 2416296 30859
2416296 1560150 30859
2416296 1560170 30859
752359 1439147 4866
752359 1681173 4866
1439147 752359 4866
1439147 2367961 4866
1681173 752359 4866
1681173 2367961 4866
2367961 1439147 4866
2367961 1681173 4866
621438 1560150 1998
621438 1560170 1998
1560150 621438 1998
1560150 2498882 1998
1560170 621438 1998
1560170 2498882 1998
2498882 1560150 1998
2498882 1560170 1998
1139400 1555442 13086
1139400 1564878 13086
1555442 1139400 13086
1555442 1980920 13086
1564878 1139400 13086
1564878 1980920 13086
1980920 1555442 13086
1980920 1564878 13086
735123 781892 1662
735123 2338428 1662
781892 735123 1662
781892 2385197 1662
2338428 735123 1662
2338428 2385197 1662
2385197 781892 1662
2385197 2338428 1662
941061 1556757 7080
941061 1563563 7080
1556757 941061 7080
1556757 2179259 7080
1563563 941061 7080
1563563 2179259 7080
2179259 1556757 7080
2179259 1563563 7080
722836 1117446 26601
722836 2002874 26601
1117446 722836 26601
1117446 2397484 26601
2002874 722836 26601
2002874 2397484 26601
2397484 1117446 26601
2397484 2002874 26601
774835 1553886 34990
774835 1566434 34990
1553886 774835 34990
1553886 2345485 34990
1566434 774835 34990
1566434 2345485 34990
2345485 1553886 34990
2345485 1566434 34990
783468 1410929 4439
783468 1709391 4439
1410929 783468 4439
1410929 2336852 4439
1709391 783468 4439
1709391 2336852 4439
2336852 1410929 4439
2336852 1709391 4439
1309280 1558845 11227
1309280 1561475 11227
1558845 1309280 11227
1558845 1811040 11227
1561475 1309280 11227
1561475 1811040 11227
1811040 1558845 11227
1811040 1561475 11227
783197 1285760 8291
783197 1834560 8291
1285760 783197 8291
1285760 2337123 8291
1834560 783197 8291
1834560 2337123 8291
2337123 1285760 8291
2337123 1834560 8291
779021 1253868 13314
779021 1866452 13314
1253868 779021 13314
1253868 2341299 13314
1866452 779021 13314
1866452 2341299 13314
2341299 1253868 13314
2341299 1866452 13314
783207 1098895 15861
783207 2021425 15861
1098895 783207 15861
1098895 2337113 15861
2021425 783207 15861
2021425 2337113 15861
2337113 1098895 15861
2337113 2021425 15861
783458 1121120 13194
783458 1999200 13194
1121120 783458 13194
1121120 2336862 13194
1999200 783458 13194
1999200 2336862 13194
2336862 1121120 13194
2336862 1999200 13194
773018 773540 20922
773018 2346780 20922
773540 773018 20922
773540 2347302 20922
2346780 773018 20922
2346780 2347302 20922
2347302 773540 20922
2347302 2346780 20922
1154558 1559889 8452
1154558 1560431 8452
1559889 1154558 8452
1559889 1965762 8452
1560431 1154558 8452
1560431 1965762 8452
1965762 1559889 8452
1965762 1560431 8452
782936 1122947 20207
782936 1997373 20207
1122947 782936 20207
1122947 2337384 20207
1997373 782936 20207
1997373 2337384 20207
2337384 1122947 20207
2337384 1997373 20207
925893 1555211 2880
925893 1565109 2880
1555211 925893 2880
1555211 2194427 2880
1565109 925893 2880
1565109 2194427 2880
2194427 1555211 2880
2194427 1565109 2880
1212841 1558062 3262
1212841 1562258 3262
1558062 1212841 3262
1558062 1907479 3262
1562258 1212841 3262
1562258 1907479 3262
1907479 1558062 3262
1907479 1562258 3262
1262240 1558323 14596
1262240 1561997 14596
1558323 1262240 14596
1558323 1858080 14596
1561997 1262240 14596
1561997 1858080 14596
1858080 1558323 14596
1858080 1561997 14596
1058651 1560150 5792
1058651 1560170 5792
1560150 1058651 5792
1560150 2061669 5792
1560170 1058651 5792
1560170 2061669 5792
2061669 1560150 5792
2061669 1560170 5792
1173109 1455620 2276
1173109 1664700 2276
1455620 1173109 2276
1455620 1947211 2276
1664700 1173109 2276
1664700 1947211 2276
1947211 1455620 2276
1947211 1664700 2276
1553103 1560140 91
1553103 1560180 91
1560140 1553103 91
1560140 1567217 91
1560180 1553103 91
1560180 1567217 91
1567217 1560140 91
1567217 1560180 91
686768 1558062 31490
686768 1562258 31490
1558062 686768 31490
1558062 2433552 31490
1562258 686768 31490
1562258 2433552 31490
2433552 1558062 31490
2433552 1562258 31490
782153 1243418 20159
782153 1876902 20159
1243418 782153 20159
1243418 2338167 20159
1876902 782153 20159
1876902 2338167 20159
2338167 1243418 20159
2338167 1876902 20159
783197 1401262 10284
783197 1719058 10284
1401262 783197 10284
1401262 2337123 10284
1719058 783197 10284
1719058 2337123 10284
2337123 1401262 10284
2337123 1719058 10284
781631 1247855 2031
781631 1872465 2031
1247855 781631 2031
1247855 2338689 2031
1872465 781631 2031
1872465 2338689 2031
2338689 1247855 2031
2338689 1872465 2031
1364160 1555211 48947
1364160 1565109 48947
1555211 1364160 48947
1555211 1756160 48947
1565109 1364160 48947
1565109 1756160 48947
1756160 1555211 48947
1756160 1565109 48947
779804 1330692 4368
779804 1789628 4368
1330692 779804 4368
1330692 2340516 4368
1789628 779804 4368
1789628 2340516 4368
2340516 1330692 4368
2340516 1789628 4368
782936 1405960 5337
782936 1714360 5337
1405960 782936 5337
1405960 2337384 5337
1714360 782936 5337
1714360 2337384 5337
2337384 1405960 5337
2337384 1714360 5337
857943 1559367 4446
857943 1560953 4446
1559367 857943 4446
1559367 2262377 4446
1560953 857943 4446
1560953 2262377 4446
2262377 1559367 4446
2262377 1560953 4446
1246540 1559889 9563
1246540 1560431 9563
1559889 1246540 9563
1559889 1873780 9563
1560431 1246540 9563
1560431 1873780 9563
1873780 1559889 9563
1873780 1560431 9563
782414 1370936 7595
782414 1749384 7595
1370936 782414 7595
1370936 2337906 7595
1749384 782414 7595
1749384 2337906 7595
2337906 1370936 7595
2337906 1749384 7595
748966 1558082 25156
748966 1562238 25156
1558082 748966 25156
1558082 2371354 25156
1562238 748966 25156
1562238 2371354 25156
2371354 1558082 25156
2371354 1562238 25156
767788 1100461 6599
767788 2019859 6599
1100461 767788 6599
1100461 2352532 6599
2019859 767788 6599
2019859 2352532 6599
2352532 1100461 6599
2352532 2019859 6599
1167618 1454305 9304
1167618 1666015 9304
1454305 1167618 9304
1454305 1952702 9304
1666015 1167618 9304
1666015 1952702 9304
1952702 1454305 9304
1952702 1666015 9304
774845 774845 12990
774845 2345475 12990
2345475 774845 12990
2345475 2345475 12990
772757 1529834 942
772757 1590486 942
1529834 772757 942
1529834 2347563 942
1590486 772757 942
1590486 2347563 942
2347563 1529834 942
2347563 1590486 942
1008730 1560150 4491
1008730 1560170 4491
1560150 1008730 4491
1560150 2111590 4491
1560170 1008730 4491
1560170 2111590 4491
2111590 1560150 4491
2111590 1560170 4491
762819 1340108 726
762819 1780212 726
1340108 762819 726
1340108 2357501 726
1780212 762819 726
1780212 2357501 726
2357501 1340108 726
2357501 1780212 726
1295166 1560150 4277
1295166 1560170 4277
1560150 1295166 4277
1560150 1825154 4277
1560170 1295166 4277
1560170 1825154 4277
1825154 1560150 4277
1825154 1560170 4277
783458 1027020 68771
783458 2093300 68771
1027020 783458 68771
1027020 2336862 68771
2093300 783458 68771
2093300 2336862 68771
2336862 1027020 68771
2336862 2093300 68771
907081 1555191 5100
907081 1565129 5100
1555191 907081 5100
1555191 2213239 5100
1565129 907081 5100
1565129 2213239 5100
2213239 1555191 5100
2213239 1565129 5100
648873 1557801 1134
648873 1562519 1134
1557801 648873 1134
1557801 2471447 1134
1562519 648873 1134
1562519 2471447 1134
2471447 1557801 1134
2471447 1562519 1134
1506324 1555191 2102
1506324 1565129 2102
1555191 1506324 2102
1555191 1613996 2102
1565129 1506324 2102
1565129 1613996 2102
1613996 1555191 2102
1613996 1565129 2102
775889 1520689 2009
775889 1599631 2009
1520689 775889 2009
1520689 2344431 2009
1599631 775889 2009
1599631 2344431 2009
2344431 1520689 2009
2344431 1599631 2009
1294905 1553906 1682
1294905 1566414 1682
1553906 1294905 1682
1553906 1825415 1682
1566414 1294905 1682
1566414 1825415 1682
1825415 1553906 1682
1825415 1566414 1682
1019190 1560150 2533
1019190 1560170 2533
1560150 1019190 2533
1560150 2101130 2533
1560170 1019190 2533
1560170 2101130 2533
2101130 1560150 2533
2101130 1560170 2533
979719 1556757 13227
979719 1563563 13227
1556757 979719 13227
1556757 2140601 13227
1563563 979719 13227
1563563 2140601 13227
2140601 1556757 13227
2140601 1563563 13227
782414 1152209 30066
782414 1968111 30066
1152209 782414 30066
1152209 2337906 30066
1968111 782414 30066
1968111 2337906 30066
2337906 1152209 30066
2337906 1968111 30066
1411461 1557018 6447
1411461 1563302 6447
1557018 1411461 6447
1557018 1708859 6447
1563302 1411461 6447
1563302 1708859 6447
1708859 1557018 6447
1708859 1563302 6447
1386626 1555191 18171
1386626 1565129 18171
1555191 1386626 18171
1555191 1733694 18171
1565129 1386626 18171
1565129 1733694 18171
1733694 1555191 18171
1733694 1565129 18171
781370 1485414 3582
781370 1634906 3582
1485414 781370 3582
1485414 2338950 3582
1634906 781370 3582
1634906 2338950 3582
2338950 1485414 3582
2338950 1634906 3582
752901 1449346 4389
752901 1670974 4389
1449346 752901 4389
1449346 2367419 4389
1670974 752901 4389
1670974 2367419 4389
2367419 1449346 4389
2367419 1670974 4389
778760 855072 4532
778760 2265248 4532
855072 778760 4532
855072 2341560 4532
2265248 778760 4532
2265248 2341560 4532
2341560 855072 4532
2341560 2265248 4532
1105440 1558574 1304
1105440 1561746 1304
1558574 1105440 1304
1558574 2014880 1304
1561746 1105440 1304
1561746 2014880 1304
2014880 1558574 1304
2014880 1561746 1304
958558 1560150 6059
958558 1560170 6059
1560150 958558 6059
1560150 2161762 6059
1560170 958558 6059
1560170 2161762 6059
2161762 1560150 6059
2161762 1560170 6059
1536108 1559618 4418
1536108 1560702 4418
1559618 1536108 4418
1559618 1584212 4418
1560702 1536108 4418
1560702 1584212 4418
1584212 1559618 4418
1584212 1560702 4418
867610 1560150 3465
867610 1560170 3465
1560150 867610 3465
1560150 2252710 3465
1560170 867610 3465
1560170 2252710 3465
2252710 1560150 3465
2252710 1560170 3465
1526692 1558865 1019
1526692 1561455 1019
1558865 1526692 1019
1558865 1593628 1019
1561455 1526692 1019
1561455 1593628 1019
1593628 1558865 1019
1593628 1561455 1019
782424 1134431 5517
782424 1985889 5517
1134431 782424 5517
1134431 2337896 5517
1985889 782424 5517
1985889 2337896 5517
2337896 1134431 5517
2337896 1985889 5517
565524 1554137 13220
565524 1566183 13220
1554137 565524 13220
1554137 2554796 13220
1566183 565524 13220
1566183 2554796 13220
2554796 1554137 13220
2554796 1566183 13220
1471812 1560140 2120
1471812 1560180 2120
1560140 1471812 2120
1560140 1648508 2120
1560180 1471812 2120
1560180 1648508 2120
1648508 1560140 2120
1648508 1560180 2120
782936 783197 9256
782936 2337123 9256
783197 782936 9256
783197 2337384 9256
2337123 782936 9256
2337123 2337384 9256
2337384 783197 9256
2337384 2337123 9256
781641 913867 6256
781641 2206453 6256
913867 781641 6256
913867 2338679 6256
2206453 781641 6256
2206453 2338679 6256
2338679 913867 6256
2338679 2206453 6256
783468 947064 62959
783468 2173256 62959
947064 783468 62959
947064 2336852 62959
2173256 783468 62959
2173256 2336852 62959
2336852 947064 62959
2336852 2173256 62959
758372 1559618 1189
758372 1560702 1189
1559618 758372 1189
1559618 2361948 1189
1560702 758372 1189
1560702 2361948 1189
2361948 1559618 1189
2361948 1560702 1189
1216234 1560150 2710
1216234 1560170 2710
1560150 1216234 2710
1560150 1904086 2710
1560170 1216234 2710
1560170 1904086 2710
1904086 1560150 2710
1904086 1560170 2710
700892 1554398 2029
700892 1565922 2029
1554398 700892 2029
1554398 2419428 2029
1565922 700892 2029
1565922 2419428 2029
2419428 1554398 2029
2419428 1565922 2029
1130004 1560150 3018
1130004 1560170 3018
1560150 1130004 3018
1560150 1990316 3018
1560170 1130004 3018
1560170 1990316 3018
1990316 1560150 3018
1990316 1560170 3018
1125547 1555181 3184
1125547 1565139 3184
1555181 1125547 3184
1555181 1994773 3184
1565139 1125547 3184
1565139 1994773 3184
1994773 1555181 3184
1994773 1565139 3184
1075636 1560150 3847
1075636 1560170 3847
1560150 1075636 3847
1560150 2044684 3847
1560170 1075636 3847
1560170 2044684 3847
2044684 1560150 3847
2044684 1560170 3847
697760 1253607 1345
697760 1866713 1345
1253607 697760 1345
1253607 2422560 1345
1866713 697760 1345
1866713 2422560 1345
2422560 1253607 1345
2422560 1866713 1345
769354 1272419 1500
769354 1847901 1500
1272419 769354 1500
1272419 2350966 1500
1847901 769354 1500
1847901 2350966 1500
2350966 1272419 1500
2350966 1847901 1500
1560150 1560150 3721
1560150 1560170 3721
1560170 1560150 3721
1560170 1560170 3721
778509 1043503 16659
778509 2076817 16659
1043503 778509 16659
1043503 2341811 16659
2076817 778509 16659
2076817 2341811 16659
2341811 1043503 16659
2341811 2076817 16659
782163 1132865 4257
782163 1987455 4257
1132865 782163 4257
1132865 2338157 4257
1987455 782163 4257
1987455 2338157 4257
2338157 1132865 4257
2338157 1987455 4257
1205262 1560150 325
1205262 1560170 325
1560150 1205262 325
1560150 1915058 325
1560170 1205262 325
1560170 1915058 325
1915058 1560150 325
1915058 1560170 325
752891 1105159 7927
752891 2015161 7927
1105159 752891 7927
1105159 2367429 7927
2015161 752891 7927
2015161 2367429 7927
2367429 1105159 7927
2367429 2015161 7927
1021027 1555964 25299
1021027 1564356 25299
1555964 1021027 25299
1555964 2099293 25299
1564356 1021027 25299
1564356 2099293 25299
2099293 1555964 25299
2099293 1564356 25299
778770 816655 12874
778770 2303665 12874
816655 778770 12874
816655 2341550 12874
2303665 778770 12874
2303665 2341550 12874
2341550 816655 12874
2341550 2303665 12874
761263 781641 14663
761263 2338679 14663
781641 761263 14663
781641 2359057 14663
2338679 761263 14663
2338679 2359057 14663
2359057 781641 14663
2359057 2338679 14663
775096 1527997 9018
775096 1592323 9018
1527997 775096 9018
1527997 2345224 9018
1592323 775096 9018
1592323 2345224 9018
2345224 1527997 9018
2345224 1592323 9018
1211787 1554167 3668
1211787 1566153 3668
1554167 1211787 3668
1554167 1908533 3668
1566153 1211787 3668
1566153 1908533 3668
1908533 1554167 3668
1908533 1566153 3668
730415 780336 8409
730415 2339984 8409
780336 730415 8409
780336 2389905 8409
2339984 730415 8409
2339984 2389905 8409
2389905 780336 8409
2389905 2339984 8409
742963 782163 59753
742963 2338157 59753
782163 742963 59753
782163 2377357 59753
2338157 742963 59753
2338157 2377357 59753
2377357 782163 59753
2377357 2338157 59753
1069362 1559889 8157
1069362 1560431 8157
1559889 1069362 8157
1559889 2050958 8157
1560431 1069362 8157
1560431 2050958 8157
2050958 1559889 8157
2050958 1560431 8157
665607 1136790 3606
665607 1983530 3606
1136790 665607 3606
1136790 2454713 3606
1983530 665607 3606
1983530 2454713 3606
2454713 1136790 3606
2454713 1983530 3606
781892 876504 13239
781892 2243816 13239
876504 781892 13239
876504 2338428 13239
2243816 781892 13239
2243816 2338428 13239
2338428 876504 13239
2338428 2243816 13239
1180949 1560150 4025
1180949 1560170 4025
1560150 1180949 4025
1560150 1939371 4025
1560170 1180949 4025
1560170 1939371 4025
1939371 1560150 4025
1939371 1560170 4025
782424 1436025 11739
782424 1684295 11739
1436025 782424 11739
1436025 2337896 11739
1684295 782424 11739
1684295 2337896 11739
2337896 1436025 11739
2337896 1684295 11739
781902 1423728 18330
781902 1696592 18330
1423728 781902 18330
1423728 2338418 18330
1696592 781902 18330
1696592 2338418 18330
2338418 1423728 18330
2338418 1696592 18330
777465 1338803 3099
777465 1781517 3099
1338803 777465 3099
1338803 2342855 3099
1781517 777465 3099
1781517 2342855 3099
2342855 1338803 3099
2342855 1781517 3099
724412 1285760 773
724412 1834560 773
1285760 724412 773
1285760 2395908 773
1834560 724412 773
1834560 2395908 773
2395908 1285760 773
2395908 1834560 773
731469 1293600 2020
731469 1826720 2020
1293600 731469 2020
1293600 2388851 2020
1826720 731469 2020
1826720 2388851 2020
2388851 1293600 2020
2388851 1826720 2020
1254129 1554930 6235
1254129 1565390 6235
1554930 1254129 6235
1554930 1866191 6235
1565390 1254129 6235
1565390 1866191 6235
1866191 1554930 6235
1866191 1565390 6235
783468 1404133 11769
783468 1716187 11769
1404133 783468 11769
1404133 2336852 11769
1716187 783468 11769
1716187 2336852 11769
2336852 1404133 11769
2336852 1716187 11769
782685 1367292 14359
782685 1753028 14359
1367292 782685 14359
1367292 2337635 14359
1753028 782685 14359
1753028 2337635 14359
2337635 1367292 14359
2337635 1753028 14359
783468 1456925 36747
783468 1663395 36747
1456925 783468 36747
1456925 2336852 36747
1663395 783468 36747
1663395 2336852 36747
2336852 1456925 36747
2336852 1663395 36747
779553 1191148 2987
779553 1929172 2987
1191148 779553 2987
1191148 2340767 2987
1929172 779553 2987
1929172 2340767 2987
2340767 1191148 2987
2340767 1929172 2987
736960 1559628 161
736960 1560692 161
1559628 736960 161
1559628 2383360 161
1560692 736960 161
1560692 2383360 161
2383360 1559628 161
2383360 1560692 161
782946 1350307 15216
782946 1770013 15216
1350307 782946 15216
1350307 2337374 15216
1770013 782946 15216
1770013 2337374 15216
2337374 1350307 15216
2337374 1770013 15216
1317120 1557791 741
1317120 1562529 741
1557791 1317120 741
1557791 1803200 741
1562529 1317120 741
1562529 1803200 741
1803200 1557791 741
1803200 1562529 741
782424 1265101 16767
782424 1855219 16767
1265101 782424 16767
1265101 2337896 16767
1855219 782424 16767
1855219 2337896 16767
2337896 1265101 16767
2337896 1855219 16767
776160 1258305 5347
776160 1862015 5347
1258305 776160 5347
1258305 2344160 5347
1862015 776160 5347
1862015 2344160 5347
2344160 1258305 5347
2344160 1862015 5347
776160 1243930 4985
776160 1876390 4985
1243930 776160 4985
1243930 2344160 4985
1876390 776160 4985
1876390 2344160 4985
2344160 1243930 4985
2344160 1876390 4985
782163 1227999 20496
782163 1892321 20496
1227999 782163 20496
1227999 2338157 20496
1892321 782163 20496
1892321 2338157 20496
2338157 1227999 20496
2338157 1892321 20496
764917 782936 51811
764917 2337384 51811
782936 764917 51811
782936 2355403 51811
2337384 764917 51811
2337384 2355403 51811
2355403 782936 51811
2355403 2337384 51811
875972 1560150 155
875972 1560170 155
1560150 875972 155
1560150 2244348 155
1560170 875972 155
1560170 2244348 155
2244348 1560150 155
2244348 1560170 155
782685 1408309 4455
782685 1712011 4455
1408309 782685 4455
1408309 2337635 4455
1712011 782685 4455
1712011 2337635 4455
2337635 1408309 4455
2337635 1712011 4455
881473 1560150 490
881473 1560170 490
1560150 881473 490
1560150 2238847 490
1560170 881473 490
1560170 2238847 490
2238847 1560150 490
2238847 1560170 490
783458 933472 11451
783458 2186848 11451
933472 783458 11451
933472 2336862 11451
2186848 783458 11451
2186848 2336862 11451
2336862 933472 11451
2336862 2186848 11451
862912 1560150 4023
862912 1560170 4023
1560150 862912 4023
1560150 2257408 4023
1560170 862912 4023
1560170 2257408 4023
2257408 1560150 4023
2257408 1560170 4023
1458240 1560140 1709
1458240 1560180 1709
1560140 1458240 1709
1560140 1662080 1709
1560180 1458240 1709
1560180 1662080 1709
1662080 1560140 1709
1662080 1560180 1709
781370 868132 11843
781370 2252188 11843
868132 781370 11843
868132 2338950 11843
2252188 781370 11843
2252188 2338950 11843
2338950 868132 11843
2338950 2252188 11843
1425033 1559648 2514
1425033 1560672 2514
1559648 1425033 2514
1559648 1695287 2514
1560672 1425033 2514
1560672 1695287 2514
1695287 1559648 2514
1695287 1560672 2514
782946 964320 56908
782946 2156000 56908
964320 782946 56908
964320 2337374 56908
2156000 782946 56908
2156000 2337374 56908
2337374 964320 56908
2337374 2156000 56908
783468 1319730 6326
783468 1800590 6326
1319730 783468 6326
1319730 2336852 6326
1800590 783468 6326
1800590 2336852 6326
2336852 1319730 6326
2336852 1800590 6326
762558 1466080 1787
762558 1654240 1787
1466080 762558 1787
1466080 2357762 1787
1654240 762558 1787
1654240 2357762 1787
2357762 1466080 1787
2357762 1654240 1787
1557791 1558052 12610
1557791 1562268 12610
1558052 1557791 12610
1558052 1562529 12610
1562268 1557791 12610
1562268 1562529 12610
1562529 1558052 12610
1562529 1562268 12610
1433144 1553876 3787
1433144 1566444 3787
1553876 1433144 3787
1553876 1687176 3787
1566444 1433144 3787
1566444 1687176 3787
1687176 1553876 3787
1687176 1566444 3787
781380 1131560 4150
781380 1988760 4150
1131560 781380 4150
1131560 2338940 4150
1988760 781380 4150
1988760 2338940 4150
2338940 1131560 4150
2338940 1988760 4150
782675 852974 10084
782675 2267346 10084
852974 782675 10084
852974 2337645 10084
2267346 782675 10084
2267346 2337645 10084
2337645 852974 10084
2337645 2267346 10084
897926 1191138 701
897926 1929182 701
1191138 897926 701
1191138 2222394 701
1929182 897926 701
1929182 2222394 701
2222394 1191138 701
2222394 1929182 701
782685 1324960 13253
782685 1795360 13253
1324960 782685 13253
1324960 2337635 13253
1795360 782685 13253
1795360 2337635 13253
2337635 1324960 13253
2337635 1795360 13253
1225911 1559106 4114
1225911 1561214 4114
1559106 1225911 4114
1559106 1894409 4114
1561214 1225911 4114
1561214 1894409 4114
1894409 1559106 4114
1894409 1561214 4114
1403079 1558574 6892
1403079 1561746 6892
1558574 1403079 6892
1558574 1717241 6892
1561746 1403079 6892
1561746 1717241 6892
1717241 1558574 6892
1717241 1561746 6892
783207 1370936 4288
783207 1749384 4288
1370936 783207 4288
1370936 2337113 4288
1749384 783207 4288
1749384 2337113 4288
2337113 1370936 4288
2337113 1749384 4288
572320 780858 14035
572320 2339462 14035
780858 572320 14035
780858 2548000 14035
2339462 572320 14035
2339462 2548000 14035
2548000 780858 14035
2548000 2339462 14035
783207 1144640 15209
783207 1975680 15209
1144640 783207 15209
1144640 2337113 15209
1975680 783207 15209
1975680 2337113 15209
2337113 1144640 15209
2337113 1975680 15209
1274768 1559096 11550
1274768 1561224 11550
1559096 1274768 11550
1559096 1845552 11550
1561224 1274768 11550
1561224 1845552 11550
1845552 1559096 11550
1845552 1561224 11550
782946 1276073 27412
782946 1844247 27412
1276073 782946 27412
1276073 2337374 27412
1844247 782946 27412
1844247 2337374 27412
2337374 1276073 27412
2337374 1844247 27412
782685 1178349 13528
782685 1941971 13528
1178349 782685 13528
1178349 2337635 13528
1941971 782685 13528
1941971 2337635 13528
2337635 1178349 13528
2337635 1941971 13528
783468 1254400 8180
783468 1865920 8180
1254400 783468 8180
1254400 2336852 8180
1865920 783468 8180
1865920 2336852 8180
2336852 1254400 8180
2336852 1865920 8180
873623 1560150 4882
873623 1560170 4882
1560150 873623 4882
1560150 2246697 4882
1560170 873623 4882
1560170 2246697 4882
2246697 1560150 4882
2246697 1560170 4882
1453261 1560150 1829
1453261 1560170 1829
1560150 1453261 1829
1560150 1667059 1829
1560170 1453261 1829
1560170 1667059 1829
1667059 1560150 1829
1667059 1560170 1829
854811 1560150 4240
854811 1560170 4240
1560150 854811 4240
1560150 2265509 4240
1560170 854811 4240
1560170 2265509 4240
2265509 1560150 4240
2265509 1560170 4240
1466331 1560150 3953
1466331 1560170 3953
1560150 1466331 3953
1560150 1653989 3953
1560170 1466331 3953
1560170 1653989 3953
1653989 1560150 3953
1653989 1560170 3953
1436276 1560150 318
1436276 1560170 318
1560150 1436276 318
1560150 1684044 318
1560170 1436276 318
1560170 1684044 318
1684044 1560150 318
1684044 1560170 318
1092360 1403079 3157
1092360 1717241 3157
1403079 1092360 3157
1403079 2027960 3157
1717241 1092360 3157
1717241 2027960 3157
2027960 1403079 3157
2027960 1717241 3157
978153 1560150 15258
978153 1560170 15258
1560150 978153 15258
1560150 2142167 15258
1560170 978153 15258
1560170 2142167 15258
2142167 1560150 15258
2142167 1560170 15258
1193768 1446204 6139
1193768 1674116 6139
1446204 1193768 6139
1446204 1926552 6139
1674116 1193768 6139
1674116 1926552 6139
1926552 1446204 6139
1926552 1674116 6139
712637 1120839 803
712637 1999481 803
1120839 712637 803
1120839 2407683 803
1999481 712637 803
1999481 2407683 803
2407683 1120839 803
2407683 1999481 803
1035663 1560150 616
1035663 1560170 616
1560150 1035663 616
1560150 2084657 616
1560170 1035663 616
1560170 2084657 616
2084657 1560150 616
2084657 1560170 616
735906 1392900 1956
735906 1727420 1956
1392900 735906 1956
1392900 2384414 1956
1727420 735906 1956
1727420 2384414 1956
2384414 1392900 1956
2384414 1727420 1956
928252 1560140 3036
928252 1560180 3036
1560140 928252 3036
1560140 2192068 3036
1560180 928252 3036
1560180 2192068 3036
2192068 1560140 3036
2192068 1560180 3036
779282 1105420 4642
779282 2014900 4642
1105420 779282 4642
1105420 2341038 4642
2014900 779282 4642
2014900 2341038 4642
2341038 1105420 4642
2341038 2014900 4642
776150 1514947 4443
776150 1605373 4443
1514947 776150 4443
1514947 2344170 4443
1605373 776150 4443
1605373 2344170 4443
2344170 1514947 4443
2344170 1605373 4443
919880 1220681 3325
919880 1899639 3325
1220681 919880 3325
1220681 2200440 3325
1899639 919880 3325
1899639 2200440 3325
2200440 1220681 3325
2200440 1899639 3325
782936 1356300 9289
782936 1764020 9289
1356300 782936 9289
1356300 2337384 9289
1764020 782936 9289
1764020 2337384 9289
2337384 1356300 9289
2337384 1764020 9289
513254 1555994 66063
513254 1564326 66063
1555994 513254 66063
1555994 2607066 66063
1564326 513254 66063
1564326 2607066 66063
2607066 1555994 66063
2607066 1564326 66063
781902 1049245 57853
781902 2071075 57853
1049245 781902 57853
1049245 2338418 57853
2071075 781902 57853
2071075 2338418 57853
2338418 1049245 57853
2338418 2071075 57853
606551 1558584 1521
606551 1561736 1521
1558584 606551 1521
1558584 2513769 1521
1561736 606551 1521
1561736 2513769 1521
2513769 1558584 1521
2513769 1561736 1521
782675 1142010 16583
782675 1978310 16583
1142010 782675 16583
1142010 2337645 16583
1978310 782675 16583
1978310 2337645 16583
2337645 1142010 16583
2337645 1978310 16583
746617 781370 12569
746617 2338950 12569
781370 746617 12569
781370 2373703 12569
2338950 746617 12569
2338950 2373703 12569
2373703 781370 12569
2373703 2338950 12569
782424 1328343 4824
782424 1791977 4824
1328343 782424 4824
1328343 2337896 4824
1791977 782424 4824
1791977 2337896 4824
2337896 1328343 4824
2337896 1791977 4824
779804 1159527 6444
779804 1960793 6444
1159527 779804 6444
1159527 2340516 6444
1960793 779804 6444
1960793 2340516 6444
2340516 1159527 6444
2340516 1960793 6444
894011 1560150 1688
894011 1560170 1688
1560150 894011 1688
1560150 2226309 1688
1560170 894011 1688
1560170 2226309 1688
2226309 1560150 1688
2226309 1560170 1688
781380 820580 5605
781380 2299740 5605
820580 781380 5605
820580 2338940 5605
2299740 781380 5605
2299740 2338940 5605
2338940 820580 5605
2338940 2299740 5605
757599 1367292 2095
757599 1753028 2095
1367292 757599 2095
1367292 2362721 2095
1753028 757599 2095
1753028 2362721 2095
2362721 1367292 2095
2362721 1753028 2095
877799 1559648 2599
877799 1560672 2599
1559648 877799 2599
1559648 2242521 2599
1560672 877799 2599
1560672 2242521 2599
2242521 1559648 2599
2242521 1560672 2599
1133658 1559126 13835
1133658 1561194 13835
1559126 1133658 13835
1559126 1986662 13835
1561194 1133658 13835
1561194 1986662 13835
1986662 1559126 13835
1986662 1561194 13835
772486 1096275 9411
772486 2024045 9411
1096275 772486 9411
1096275 2347834 9411
2024045 772486 9411
2024045 2347834 9411
2347834 1096275 9411
2347834 2024045 9411
781902 1359974 18327
781902 1760346 18327
1359974 781902 18327
1359974 2338418 18327
1760346 781902 18327
1760346 2338418 18327
2338418 1359974 18327
2338418 1760346 18327
773279 1269809 544
773279 1850511 544
1269809 773279 544
1269809 2347041 544
1850511 773279 544
1850511 2347041 544
2347041 1269809 544
2347041 1850511 544
670576 1130777 4130
670576 1989543 4130
1130777 670576 4130
1130777 2449744 4130
1989543 670576 4130
1989543 2449744 4130
2449744 1130777 4130
2449744 1989543 4130
782675 1364160 6106
782675 1756160 6106
1364160 782675 6106
1364160 2337645 6106
1756160 782675 6106
1756160 2337645 6106
2337645 1364160 6106
2337645 1756160 6106
708732 1123459 18763
708732 1996861 18763
1123459 708732 18763
1123459 2411588 18763
1996861 708732 18763
1996861 2411588 18763
2411588 1123459 18763
2411588 1996861 18763
1093143 1408309 6057
1093143 1712011 6057
1408309 1093143 6057
1408309 2027177 6057
1712011 1093143 6057
1712011 2027177 6057
2027177 1408309 6057
2027177 1712011 6057
583543 783207 150083
583543 2337113 150083
783207 583543 150083
783207 2536777 150083
2337113 583543 150083
2337113 2536777 150083
2536777 783207 150083
2536777 2337113 150083
779292 1260393 11057
779292 1859927 11057
1260393 779292 11057
1260393 2341028 11057
1859927 779292 11057
1859927 2341028 11057
2341028 1260393 11057
2341028 1859927 11057
712386 1556235 19817
712386 1564085 19817
1556235 712386 19817
1556235 2407934 19817
1564085 712386 19817
1564085 2407934 19817
2407934 1556235 19817
2407934 1564085 19817
1276073 1554930 7641
1276073 1565390 7641
1554930 1276073 7641
1554930 1844247 7641
1565390 1276073 7641
1565390 1844247 7641
1844247 1554930 7641
1844247 1565390 7641
695913 1127906 2105
695913 1992414 2105
1127906 695913 2105
1127906 2424407 2105
1992414 695913 2105
1992414 2424407 2105
2424407 1127906 2105
2424407 1992414 2105
777204 1215190 4130
777204 1905130 4130
1215190 777204 4130
1215190 2343116 4130
1905130 777204 4130
1905130 2343116 4130
2343116 1215190 4130
2343116 1905130 4130
1174946 1560150 9348
1174946 1560170 9348
1560150 1174946 9348
1560150 1945374 9348
1560170 1174946 9348
1560170 1945374 9348
1945374 1560150 9348
1945374 1560170 9348
775889 809337 3833
775889 2310983 3833
809337 775889 3833
809337 2344431 3833
2310983 775889 3833
2310983 2344431 3833
2344431 809337 3833
2344431 2310983 3833
1151677 1471561 635
1151677 1648759 635
1471561 1151677 635
1471561 1968643 635
1648759 1151677 635
1648759 1968643 635
1968643 1471561 635
1968643 1648759 635
1125547 1560150 2723
1125547 1560170 2723
1560150 1125547 2723
1560150 1994773 2723
1560170 1125547 2723
1560170 1994773 2723
1994773 1560150 2723
1994773 1560170 2723
770659 1336966 2917
770659 1783354 2917
1336966 770659 2917
1336966 2349661 2917
1783354 770659 2917
1783354 2349661 2917
2349661 1336966 2917
2349661 1783354 2917
1238710 1558062 6005
1238710 1562258 6005
1558062 1238710 6005
1558062 1881610 6005
1562258 1238710 6005
1562258 1881610 6005
1881610 1558062 6005
1881610 1562258 6005
774062 1343772 5013
774062 1776548 5013
1343772 774062 5013
1343772 2346258 5013
1776548 774062 5013
1776548 2346258 5013
2346258 1343772 5013
2346258 1776548 5013
702458 1554408 26517
702458 1565912 26517
1554408 702458 26517
1554408 2417862 26517
1565912 702458 26517
1565912 2417862 26517
2417862 1554408 26517
2417862 1565912 26517
1163442 1465277 3029
1163442 1655043 3029
1465277 1163442 3029
1465277 1956878 3029
1655043 1163442 3029
1655043 1956878 3029
1956878 1465277 3029
1956878 1655043 3029
728066 1280008 1523
728066 1840312 1523
1280008 728066 1523
1280008 2392254 1523
1840312 728066 1523
1840312 2392254 1523
2392254 1280008 1523
2392254 1840312 1523
742953 1410136 648
742953 1710184 648
1410136 742953 648
1410136 2377367 648
1710184 742953 648
1710184 2377367 648
2377367 1410136 648
2377367 1710184 648
1152480 1443594 3324
1152480 1676726 3324
1443594 1152480 3324
1443594 1967840 3324
1676726 1152480 3324
1676726 1967840 3324
1967840 1443594 3324
1967840 1676726 3324
1074602 1557038 13004
1074602 1563282 13004
1557038 1074602 13004
1557038 2045718 13004
1563282 1074602 13004
1563282 2045718 13004
2045718 1557038 13004
2045718 1563282 13004
732503 1215200 3560
732503 1905120 3560
1215200 732503 3560
1215200 2387817 3560
1905120 732503 3560
1905120 2387817 3560
2387817 1215200 3560
2387817 1905120 3560
763341 1241069 94
763341 1879251 94
1241069 763341 94
1241069 2356979 94
1879251 763341 94
1879251 2356979 94
2356979 1241069 94
2356979 1879251 94
1176000 1441757 1308
1176000 1678563 1308
1441757 1176000 1308
1441757 1944320 1308
1678563 1176000 1308
1678563 1944320 1308
1944320 1441757 1308
1944320 1678563 1308
1153263 1440191 4678
1153263 1680129 4678
1440191 1153263 4678
1440191 1967057 4678
1680129 1153263 4678
1680129 1967057 4678
1967057 1440191 4678
1967057 1680129 4678
1445421 1560150 3873
1445421 1560170 3873
1560150 1445421 3873
1560150 1674899 3873
1560170 1445421 3873
1560170 1674899 3873
1674899 1560150 3873
1674899 1560170 3873
1186972 1557018 5233
1186972 1563302 5233
1557018 1186972 5233
1557018 1933348 5233
1563302 1186972 5233
1563302 1933348 5233
1933348 1557018 5233
1933348 1563302 5233
783468 1421911 17303
783468 1698409 17303
1421911 783468 17303
1421911 2336852 17303
1698409 783468 17303
1698409 2336852 17303
2336852 1421911 17303
2336852 1698409 17303
729120 783458 26246
729120 2336862 26246
783458 729120 26246
783458 2391200 26246
2336862 729120 26246
2336862 2391200 26246
2391200 783458 26246
2391200 2336862 26246
782675 1105440 5349
782675 2014880 5349
1105440 782675 5349
1105440 2337645 5349
2014880 782675 5349
2014880 2337645 5349
2337645 1105440 5349
2337645 2014880 5349
944454 1554930 464
944454 1565390 464
1554930 944454 464
1554930 2175866 464
1565390 944454 464
1565390 2175866 464
2175866 1554930 464
2175866 1565390 464
1094448 1555191 4416
1094448 1565129 4416
1555191 1094448 4416
1555191 2025872 4416
1565129 1094448 4416
1565129 2025872 4416
2025872 1555191 4416
2025872 1565129 4416
783468 1066752 54499
783468 2053568 54499
1066752 783468 54499
1066752 2336852 54499
2053568 783468 54499
2053568 2336852 54499
2336852 1066752 54499
2336852 2053568 54499
771442 851157 9801
771442 2269163 9801
851157 771442 9801
851157 2348878 9801
2269163 771442 9801
2269163 2348878 9801
2348878 851157 9801
2348878 2269163 9801
782946 1005086 58815
782946 2115234 58815
1005086 782946 58815
1005086 2337374 58815
2115234 782946 58815
2115234 2337374 58815
2337374 1005086 58815
2337374 2115234 58815
783207 1316066 8401
783207 1804254 8401
1316066 783207 8401
1316066 2337113 8401
1804254 783207 8401
1804254 2337113 8401
2337113 1316066 8401
2337113 1804254 8401
782685 1018668 56650
782685 2101652 56650
1018668 782685 56650
1018668 2337635 56650
2101652 782685 56650
2101652 2337635 56650
2337635 1018668 56650
2337635 2101652 56650
1486980 1560150 2916
1486980 1560170 2916
1560150 1486980 2916
1560150 1633340 2916
1560170 1486980 2916
1560170 1633340 2916
1633340 1560150 2916
1633340 1560170 2916
756284 1473117 2480
756284 1647203 2480
1473117 756284 2480
1473117 2364036 2480
1647203 756284 2480
1647203 2364036 2480
2364036 1473117 2480
2364036 1647203 2480
995680 1554408 4402
995680 1565912 4402
1554408 995680 4402
1554408 2124640 4402
1565912 995680 4402
1565912 2124640 4402
2124640 1554408 4402
2124640 1565912 4402
741648 1416149 5154
741648 1704171 5154
1416149 741648 5154
1416149 2378672 5154
1704171 741648 5154
1704171 2378672 5154
2378672 1416149 5154
2378672 1704171 5154
782414 1238700 9290
782414 1881620 9290
1238700 782414 9290
1238700 2337906 9290
1881620 782414 9290
1881620 2337906 9290
2337906 1238700 9290
2337906 1881620 9290
887737 1560150 1584
887737 1560170 1584
1560150 887737 1584
1560150 2232583 1584
1560170 887737 1584
1560170 2232583 1584
2232583 1560150 1584
2232583 1560170 1584
1449607 1560150 2151
1449607 1560170 2151
1560150 1449607 2151
1560150 1670713 2151
1560170 1449607 2151
1560170 1670713 2151
1670713 1560150 2151
1670713 1560170 2151
774323 1529051 17318
774323 1591269 17318
1529051 774323 17318
1529051 2345997 17318
1591269 774323 17318
1591269 2345997 17318
2345997 1529051 17318
2345997 1591269 17318
775367 1497701 1226
775367 1622619 1226
1497701 775367 1226
1497701 2344953 1226
1622619 775367 1226
1622619 2344953 1226
2344953 1497701 1226
2344953 1622619 1226
742702 1483316 10408
742702 1637004 10408
1483316 742702 10408
1483316 2377618 10408
1637004 742702 10408
1637004 2377618 10408
2377618 1483316 10408
2377618 1637004 10408
1045591 1560150 11513
1045591 1560170 11513
1560150 1045591 11513
1560150 2074729 11513
1560170 1045591 11513
1560170 2074729 11513
2074729 1560150 11513
2074729 1560170 11513
952294 1560150 3050
952294 1560170 3050
1560150 952294 3050
1560150 2168026 3050
1560170 952294 3050
1560170 2168026 3050
2168026 1560150 3050
2168026 1560170 3050
615947 1554659 3470
615947 1565661 3470
1554659 615947 3470
1554659 2504373 3470
1565661 615947 3470
1565661 2504373 3470
2504373 1554659 3470
2504373 1565661 3470
721280 782675 39954
721280 2337645 39954
782675 721280 39954
782675 2399040 39954
2337645 721280 39954
2337645 2399040 39954
2399040 782675 39954
2399040 2337645 39954
1489600 1559367 1144
1489600 1560953 1144
1559367 1489600 1144
1559367 1630720 1144
1560953 1489600 1144
1560953 1630720 1144
1630720 1559367 1144
1630720 1560953 1144
683385 1395249 4539
683385 1725071 4539
1395249 683385 4539
1395249 2436935 4539
1725071 683385 4539
1725071 2436935 4539
2436935 1395249 4539
2436935 1725071 4539
739038 1109094 6135
739038 2011226 6135
1109094 739038 6135
1109094 2381282 6135
2011226 739038 6135
2011226 2381282 6135
2381282 1109094 6135
2381282 2011226 6135
1162930 1449858 6241
1162930 1670462 6241
1449858 1162930 6241
1449858 1957390 6241
1670462 1162930 6241
1670462 1957390 6241
1957390 1449858 6241
1957390 1670462 6241
658279 782946 47470
658279 2337374 47470
782946 658279 47470
782946 2462041 47470
2337374 658279 47470
2337374 2462041 47470
2462041 782946 47470
2462041 2337374 47470
486080 782946 49280
486080 2337374 49280
782946 486080 49280
782946 2634240 49280
2337374 486080 49280
2337374 2634240 49280
2634240 782946 49280
2634240 2337374 49280
627722 782946 240118
627722 2337374 240118
782946 627722 240118
782946 2492598 240118
2337374 627722 240118
2337374 2492598 240118
2492598 782946 240118
2492598 2337374 240118
1203435 1440974 2470
1203435 1679346 2470
1440974 1203435 2470
1440974 1916885 2470
1679346 1203435 2470
1679346 1916885 2470
1916885 1440974 2470
1916885 1679346 2470
1545263 1557560 2682
1545263 1562760 2682
1557560 1545263 2682
1557560 1575057 2682
1562760 1545263 2682
1562760 1575057 2682
1575057 1557560 2682
1575057 1562760 2682
902634 1559889 1168
902634 1560431 1168
1559889 902634 1168
1559889 2217686 1168
1560431 902634 1168
1560431 2217686 1168
2217686 1559889 1168
2217686 1560431 1168
1051333 1385582 1315
1051333 1734738 1315
1385582 1051333 1315
1385582 2068987 1315
1734738 1051333 1315
1734738 2068987 1315
2068987 1385582 1315
2068987 1734738 1315
684429 782163 121610
684429 2338157 121610
782163 684429 121610
782163 2435891 121610
2338157 684429 121610
2338157 2435891 121610
2435891 782163 121610
2435891 2338157 121610
1476269 1560140 2182
1476269 1560180 2182
1560140 1476269 2182
1560140 1644051 2182
1560180 1476269 2182
1560180 1644051 2182
1644051 1560140 2182
1644051 1560180 2182
1144891 1475737 3206
1144891 1644583 3206
1475737 1144891 3206
1475737 1975429 3206
1644583 1144891 3206
1644583 1975429 3206
1975429 1475737 3206
1975429 1644583 3206
777465 1024671 17551
777465 2095649 17551
1024671 777465 17551
1024671 2342855 17551
2095649 777465 17551
2095649 2342855 17551
2342855 1024671 17551
2342855 2095649 17551
1085042 1395500 8125
1085042 1724820 8125
1395500 1085042 8125
1395500 2035278 8125
1724820 1085042 8125
1724820 2035278 8125
2035278 1395500 8125
2035278 1724820 8125
1151677 1457437 1547
1151677 1662883 1547
1457437 1151677 1547
1457437 1968643 1547
1662883 1151677 1547
1662883 1968643 1547
1968643 1457437 1547
1968643 1662883 1547
775889 1315022 12453
775889 1805298 12453
1315022 775889 12453
1315022 2344431 12453
1805298 775889 12453
1805298 2344431 12453
2344431 1315022 12453
2344431 1805298 12453
387031 1557540 569
387031 1562780 569
1557540 387031 569
1557540 2733289 569
1562780 387031 569
1562780 2733289 569
2733289 1557540 569
2733289 1562780 569
392000 1557018 2336
392000 1563302 2336
1557018 392000 2336
1557018 2728320 2336
1563302 392000 2336
1563302 2728320 2336
2728320 1557018 2336
2728320 1563302 2336
1005608 1556235 13859
1005608 1564085 13859
1556235 1005608 13859
1556235 2114712 13859
1564085 1005608 13859
1564085 2114712 13859
2114712 1556235 13859
2114712 1564085 13859
996714 1560150 2755
996714 1560170 2755
1560150 996714 2755
1560150 2123606 2755
1560170 996714 2755
1560170 2123606 2755
2123606 1560150 2755
2123606 1560170 2755
360640 1559628 12049
360640 1560692 12049
1559628 360640 12049
1559628 2759680 12049
1560692 360640 12049
1560692 2759680 12049
2759680 1559628 12049
2759680 1560692 12049
1048452 1553645 830
1048452 1566675 830
1553645 1048452 830
1553645 2071868 830
1566675 1048452 830
1566675 2071868 830
2071868 1553645 830
2071868 1566675 830
782685 1185918 11719
782685 1934402 11719
1185918 782685 11719
1185918 2337635 11719
1934402 782685 11719
1934402 2337635 11719
2337635 1185918 11719
2337635 1934402 11719
768571 1357093 6352
768571 1763227 6352
1357093 768571 6352
1357093 2351749 6352
1763227 768571 6352
1763227 2351749 6352
2351749 1357093 6352
2351749 1763227 6352
763863 1438886 4979
763863 1681434 4979
1438886 763863 4979
1438886 2356457 4979
1681434 763863 4979
1681434 2356457 4979
2356457 1438886 4979
2356457 1681434 4979
754457 1417725 1713
754457 1702595 1713
1417725 754457 1713
1417725 2365863 1713
1702595 754457 1713
1702595 2365863 1713
2365863 1417725 1713
2365863 1702595 1713
1340640 1555974 87648
1340640 1564346 87648
1555974 1340640 87648
1555974 1779680 87648
1564346 1340640 87648
1564346 1779680 87648
1779680 1555974 87648
1779680 1564346 87648
699848 1378525 4754
699848 1741795 4754
1378525 699848 4754
1378525 2420472 4754
1741795 699848 4754
1741795 2420472 4754
2420472 1378525 4754
2420472 1741795 4754
762170 1554190 24072
762170 1566130 24072
1554190 762170 24072
1554190 2358150 24072
1566130 762170 24072
1566130 2358150 24072
2358150 1554190 24072
2358150 1566130 24072
737892 778090 20654
737892 2342230 20654
778090 737892 20654
778090 2382428 20654
2342230 737892 20654
2342230 2382428 20654
2382428 778090 20654
2382428 2342230 20654
782866 1196388 21263
782866 1923932 21263
1196388 782866 21263
1196388 2337454 21263
1923932 782866 21263
1923932 2337454 21263
2337454 1196388 21263
2337454 1923932 21263
384160 1560140 774
384160 1560180 774
1560140 384160 774
1560140 2736160 774
1560180 384160 774
1560180 2736160 774
2736160 1560140 774
2736160 1560180 774
666400 783468 133593
666400 2336852 133593
783468 666400 133593
783468 2453920 133593
2336852 666400 133593
2336852 2453920 133593
2453920 783468 133593
2453920 2336852 133593
548800 779553 4899
548800 2340767 4899
779553 548800 4899
779553 2571520 4899
2340767 548800 4899
2340767 2571520 4899
2571520 779553 4899
2571520 2340767 4899
1285760 1560150 6793
1285760 1560170 6793
1560150 1285760 6793
1560150 1834560 6793
1560170 1285760 6793
1560170 1834560 6793
1834560 1560150 6793
1834560 1560170 6793
782946 987840 63285
782946 2132480 63285
987840 782946 63285
987840 2337374 63285
2132480 782946 63285
2132480 2337374 63285
2337374 987840 63285
2337374 2132480 63285
783468 1419030 23199
783468 1701290 23199
1419030 783468 23199
1419030 2336852 23199
1701290 783468 23199
1701290 2336852 23199
2336852 1419030 23199
2336852 1701290 23199
742963 780858 33752
742963 2339462 33752
780858 742963 33752
780858 2377357 33752
2339462 742963 33752
2339462 2377357 33752
2377357 780858 33752
2377357 2339462 33752
678416 1127906 1723
678416 1992414 1723
1127906 678416 1723
1127906 2441904 1723
1992414 678416 1723
1992414 2441904 1723
2441904 1127906 1723
2441904 1992414 1723
1167889 1441506 7557
1167889 1678814 7557
1441506 1167889 7557
1441506 1952431 7557
1678814 1167889 7557
1678814 1952431 7557
1952431 1441506 7557
1952431 1678814 7557
780848 1048462 1000
780848 2071858 1000
1048462 780848 1000
1048462 2339472 1000
2071858 780848 1000
2071858 2339472 1000
2339472 1048462 1000
2339472 2071858 1000
631898 1554669 753
631898 1565651 753
1554669 631898 753
1554669 2488422 753
1565651 631898 753
1565651 2488422 753
2488422 1554669 753
2488422 1565651 753
950718 1261959 2601
950718 1858361 2601
1261959 950718 2601
1261959 2169602 2601
1858361 950718 2601
1858361 2169602 2601
2169602 1261959 2601
2169602 1858361 2601
1167879 1560140 3009
1167879 1560180 3009
1560140 1167879 3009
1560140 1952441 3009
1560180 1167879 3009
1560180 1952441 3009
1952441 1560140 3009
1952441 1560180 3009
1204218 1560150 834
1204218 1560170 834
1560150 1204218 834
1560150 1916102 834
1560170 1204218 834
1560170 1916102 834
1916102 1560150 834
1916102 1560170 834
781370 1230880 10400
781370 1889440 10400
1230880 781370 10400
1230880 2338950 10400
1889440 781370 10400
1889440 2338950 10400
2338950 1230880 10400
2338950 1889440 10400
1290980 1560150 6751
1290980 1560170 6751
1560150 1290980 6751
1560150 1829340 6751
1560170 1290980 6751
1560170 1829340 6751
1829340 1560150 6751
1829340 1560170 6751
1034870 1560150 13437
1034870 1560170 13437
1560150 1034870 13437
1560150 2085450 13437
1560170 1034870 13437
1560170 2085450 13437
2085450 1560150 13437
2085450 1560170 13437
1281564 1560150 12095
1281564 1560170 12095
1560150 1281564 12095
1560150 1838756 12095
1560170 1281564 12095
1560170 1838756 12095
1838756 1560150 12095
1838756 1560170 12095
757328 1555713 22500
757328 1564607 22500
1555713 757328 22500
1555713 2362992 22500
1564607 757328 22500
1564607 2362992 22500
2362992 1555713 22500
2362992 1564607 22500
773279 783458 18171
773279 2336862 18171
783458 773279 18171
783458 2347041 18171
2336862 773279 18171
2336862 2347041 18171
2347041 783458 18171
2347041 2336862 18171
782685 1107257 12491
782685 2013063 12491
1107257 782685 12491
1107257 2337635 12491
2013063 782685 12491
2013063 2337635 12491
2337635 1107257 12491
2337635 2013063 12491
1050560 1558584 475
1050560 1561736 475
1558584 1050560 475
1558584 2069760 475
1561736 1050560 475
1561736 2069760 475
2069760 1558584 475
2069760 1561736 475
1146467 1442560 393
1146467 1677760 393
1442560 1146467 393
1442560 1973853 393
1677760 1146467 393
1677760 1973853 393
1973853 1442560 393
1973853 1677760 393
782675 1232446 4961
782675 1887874 4961
1232446 782675 4961
1232446 2337645 4961
1887874 782675 4961
1887874 2337645 4961
2337645 1232446 4961
2337645 1887874 4961
1424260 1554669 2151
1424260 1565651 2151
1554669 1424260 2151
1554669 1696060 2151
1565651 1424260 2151
1565651 1696060 2151
1696060 1554669 2151
1696060 1565651 2151
783197 1182254 11423
783197 1938066 11423
1182254 783197 11423
1182254 2337123 11423
1938066 783197 11423
1938066 2337123 11423
2337123 1182254 11423
2337123 1938066 11423
1440713 1555452 1261
1440713 1564868 1261
1555452 1440713 1261
1555452 1679607 1261
1564868 1440713 1261
1564868 1679607 1261
1679607 1555452 1261
1679607 1564868 1261
783458 1236622 12597
783458 1883698 12597
1236622 783458 12597
1236622 2336862 12597
1883698 783458 12597
1883698 2336862 12597
2336862 1236622 12597
2336862 1883698 12597
722836 781892 20314
722836 2338428 20314
781892 722836 20314
781892 2397484 20314
2338428 722836 20314
2338428 2397484 20314
2397484 781892 20314
2397484 2338428 20314
1183830 1560150 8695
1183830 1560170 8695
1560150 1183830 8695
1560150 1936490 8695
1560170 1183830 8695
1560170 1936490 8695
1936490 1560150 8695
1936490 1560170 8695
780848 780848 147530
780848 2339472 147530
2339472 780848 147530
2339472 2339472 147530
783458 1412495 5336
783458 1707825 5336
1412495 783458 5336
1412495 2336862 5336
1707825 783458 5336
1707825 2336862 5336
2336862 1412495 5336
2336862 1707825 5336
692530 782414 14934
692530 2337906 14934
782414 692530 14934
782414 2427790 14934
2337906 692530 14934
2337906 2427790 14934
2427790 782414 14934
2427790 2337906 14934
1267982 1560150 4803
1267982 1560170 4803
1560150 1267982 4803
1560150 1852338 4803
1560170 1267982 4803
1560170 1852338 4803
1852338 1560150 4803
1852338 1560170 4803
972140 1555713 12361
972140 1564607 12361
1555713 972140 12361
1555713 2148180 12361
1564607 972140 12361
1564607 2148180 12361
2148180 1555713 12361
2148180 1564607 12361
1448553 1560150 1369
1448553 1560170 1369
1560150 1448553 1369
1560150 1671767 1369
1560170 1448553 1369
1560170 1671767 1369
1671767 1560150 1369
1671767 1560170 1369
783458 1354734 12947
783458 1765586 12947
1354734 783458 12947
1354734 2336862 12947
1765586 783458 12947
1765586 2336862 12947
2336862 1354734 12947
2336862 1765586 12947
1195324 1557279 1017
1195324 1563041 1017
1557279 1195324 1017
1557279 1924996 1017
1563041 1195324 1017
1563041 1924996 1017
1924996 1557279 1017
1924996 1563041 1017
752359 1558323 30631
752359 1561997 30631
1558323 752359 30631
1558323 2367961 30631
1561997 752359 30631
1561997 2367961 30631
2367961 1558323 30631
2367961 1561997 30631
609944 1553645 3628
609944 1566675 3628
1553645 609944 3628
1553645 2510376 3628
1566675 609944 3628
1566675 2510376 3628
2510376 1553645 3628
2510376 1566675 3628
771703 1253336 8421
771703 1866984 8421
1253336 771703 8421
1253336 2348617 8421
1866984 771703 8421
1866984 2348617 8421
2348617 1253336 8421
2348617 1866984 8421
1138105 1442550 5614
1138105 1677770 5614
1442550 1138105 5614
1442550 1982215 5614
1677770 1138105 5614
1677770 1982215 5614
1982215 1442550 5614
1982215 1677770 5614
1246540 1412234 19005
1246540 1708086 19005
1412234 1246540 19005
1412234 1873780 19005
1708086 1246540 19005
1708086 1873780 19005
1873780 1412234 19005
1873780 1708086 19005
1193758 1560150 3536
1193758 1560170 3536
1560150 1193758 3536
1560150 1926562 3536
1560170 1193758 3536
1560170 1926562 3536
1926562 1560150 3536
1926562 1560170 3536
765429 1329658 2311
765429 1790662 2311
1329658 765429 2311
1329658 2354891 2311
1790662 765429 2311
1790662 2354891 2311
2354891 1329658 2311
2354891 1790662 2311
1183559 1450380 4493
1183559 1669940 4493
1450380 1183559 4493
1450380 1936761 4493
1669940 1183559 4493
1669940 1936761 4493
1936761 1450380 4493
1936761 1669940 4493
782685 1076419 22611
782685 2043901 22611
1076419 782685 22611
1076419 2337635 22611
2043901 782685 22611
2043901 2337635 22611
2337635 1076419 22611
2337635 2043901 22611
783197 1341162 8972
783197 1779158 8972
1341162 783197 8972
1341162 2337123 8972
1779158 783197 8972
1779158 2337123 8972
2337123 1341162 8972
2337123 1779158 8972
1230880 1553906 5283
1230880 1566414 5283
1553906 1230880 5283
1553906 1889440 5283
1566414 1230880 5283
1566414 1889440 5283
1889440 1553906 5283
1889440 1566414 5283
712898 1373566 3501
712898 1746754 3501
1373566 712898 3501
1373566 2407422 3501
1746754 712898 3501
1746754 2407422 3501
2407422 1373566 3501
2407422 1746754 3501
774845 1518079 4881
774845 1602241 4881
1518079 774845 4881
1518079 2345475 4881
1602241 774845 4881
1602241 2345475 4881
2345475 1518079 4881
2345475 1602241 4881
776672 870240 6362
776672 2250080 6362
870240 776672 6362
870240 2343648 6362
2250080 776672 6362
2250080 2343648 6362
2343648 870240 6362
2343648 2250080 6362
1147511 1439940 3969
1147511 1680380 3969
1439940 1147511 3969
1439940 1972809 3969
1680380 1147511 3969
1680380 1972809 3969
1972809 1439940 3969
1972809 1680380 3969
776150 1535064 508
776150 1585256 508
1535064 776150 508
1535064 2344170 508
1585256 776150 508
1585256 2344170 508
2344170 1535064 508
2344170 1585256 508
778238 1364933 1121
778238 1755387 1121
1364933 778238 1121
1364933 2342082 1121
1755387 778238 1121
1755387 2342082 1121
2342082 1364933 1121
2342082 1755387 1121
912050 1209187 3851
912050 1911133 3851
1209187 912050 3851
1209187 2208270 3851
1911133 912050 3851
1911133 2208270 3851
2208270 1209187 3851
2208270 1911133 3851
1157429 1560150 2387
1157429 1560170 2387
1560150 1157429 2387
1560150 1962891 2387
1560170 1157429 2387
1560170 1962891 2387
1962891 1560150 2387
1962891 1560170 2387
775367 781370 72815
775367 2338950 72815
781370 775367 72815
781370 2344953 72815
2338950 775367 72815
2338950 2344953 72815
2344953 781370 72815
2344953 2338950 72815
779282 883029 12491
779282 2237291 12491
883029 779282 12491
883029 2341038 12491
2237291 779282 12491
2237291 2341038 12491
2341038 883029 12491
2341038 2237291 12491
747932 1439157 8619
747932 1681163 8619
1439157 747932 8619
1439157 2372388 8619
1681163 747932 8619
1681163 2372388 8619
2372388 1439157 8619
2372388 1681163 8619
780326 1481740 2974
780326 1638580 2974
1481740 780326 2974
1481740 2339994 2974
1638580 780326 2974
1638580 2339994 2974
2339994 1481740 2974
2339994 1638580 2974
781370 1111443 12262
781370 2008877 12262
1111443 781370 12262
1111443 2338950 12262
2008877 781370 12262
2008877 2338950 12262
2338950 1111443 12262
2338950 2008877 12262
929286 1232968 1201
929286 1887352 1201
1232968 929286 1201
1232968 2191034 1201
1887352 929286 1201
1887352 2191034 1201
2191034 1232968 1201
2191034 1887352 1201
774845 1538196 11068
774845 1582124 11068
1538196 774845 11068
1538196 2345475 11068
1582124 774845 11068
1582124 2345475 11068
2345475 1538196 11068
2345475 1582124 11068
1171553 1555181 7551
1171553 1565139 7551
1555181 1171553 7551
1555181 1948767 7551
1565139 1171553 7551
1565139 1948767 7551
1948767 1555181 7551
1948767 1565139 7551
779543 1278964 475
779543 1841356 475
1278964 779543 475
1278964 2340777 475
1841356 779543 475
1841356 2340777 475
2340777 1278964 475
2340777 1841356 475
781380 1003520 10544
781380 2116800 10544
1003520 781380 10544
1003520 2338940 10544
2116800 781380 10544
2116800 2338940 10544
2338940 1003520 10544
2338940 2116800 10544
1465016 1556516 754
1465016 1563804 754
1556516 1465016 754
1556516 1655304 754
1563804 1465016 754
1563804 1655304 754
1655304 1556516 754
1655304 1563804 754
1087662 1557018 3457
1087662 1563302 3457
1557018 1087662 3457
1557018 2032658 3457
1563302 1087662 3457
1563302 2032658 3457
2032658 1557018 3457
2032658 1563302 3457
773530 807249 2529
773530 2313071 2529
807249 773530 2529
807249 2346790 2529
2313071 773530 2529
2313071 2346790 2529
2346790 807249 2529
2346790 2313071 2529
1544731 1558584 4062
1544731 1561736 4062
1558584 1544731 4062
1558584 1575589 4062
1561736 1544731 4062
1561736 1575589 4062
1575589 1558584 4062
1575589 1561736 4062
838077 1560150 3849
838077 1560170 3849
1560150 838077 3849
1560150 2282243 3849
1560170 838077 3849
1560170 2282243 3849
2282243 1560150 3849
2282243 1560170 3849
846188 1560150 2308
846188 1560170 2308
1560150 846188 2308
1560150 2274132 2308
1560170 846188 2308
1560170 2274132 2308
2274132 1560150 2308
2274132 1560170 2308
1127113 1486719 3337
1127113 1633601 3337
1486719 1127113 3337
1486719 1993207 3337
1633601 1127113 3337
1633601 1993207 3337
1993207 1486719 3337
1993207 1633601 3337
780336 898197 11508
780336 2222123 11508
898197 780336 11508
898197 2339984 11508
2222123 780336 11508
2222123 2339984 11508
2339984 898197 11508
2339984 2222123 11508
781380 1118751 26003
781380 2001569 26003
1118751 781380 26003
1118751 2338940 26003
2001569 781380 26003
2001569 2338940 26003
2338940 1118751 26003
2338940 2001569 26003
781380 893740 16466
781380 2226580 16466
893740 781380 16466
893740 2338940 16466
2226580 781380 16466
2226580 2338940 16466
2338940 893740 16466
2338940 2226580 16466
900285 1554659 1000
900285 1565661 1000
1554659 900285 1000
1554659 2220035 1000
1565661 900285 1000
1565661 2220035 1000
2220035 1554659 1000
2220035 1565661 1000
499923 1558323 13301
499923 1561997 13301
1558323 499923 13301
1558323 2620397 13301
1561997 499923 13301
1561997 2620397 13301
2620397 1558323 13301
2620397 1561997 13301
892445 1181742 2974
892445 1938578 2974
1181742 892445 2974
1181742 2227875 2974
1938578 892445 2974
1938578 2227875 2974
2227875 1181742 2974
2227875 1938578 2974
1481740 1560150 3384
1481740 1560170 3384
1560150 1481740 3384
1560150 1638580 3384
1560170 1481740 3384
1560170 1638580 3384
1638580 1560150 3384
1638580 1560170 3384
556640 1553886 25475
556640 1566434 25475
1553886 556640 25475
1553886 2563680 25475
1566434 556640 25475
1566434 2563680 25475
2563680 1553886 25475
2563680 1566434 25475
954382 1559889 4726
954382 1560431 4726
1559889 954382 4726
1559889 2165938 4726
1560431 954382 4726
1560431 2165938 4726
2165938 1559889 4726
2165938 1560431 4726
781892 831291 5517
781892 2289029 5517
831291 781892 5517
831291 2338428 5517
2289029 781892 5517
2289029 2338428 5517
2338428 831291 5517
2338428 2289029 5517
832857 1559367 808
832857 1560953 808
1559367 832857 808
1559367 2287463 808
1560953 832857 808
1560953 2287463 808
2287463 1559367 808
2287463 1560953 808
777204 1527475 3792
777204 1592845 3792
1527475 777204 3792
1527475 2343116 3792
1592845 777204 3792
1592845 2343116 3792
2343116 1527475 3792
2343116 1592845 3792
775618 835738 4150
775618 2284582 4150
835738 775618 4150
835738 2344702 4150
2284582 775618 4150
2284582 2344702 4150
2344702 835738 4150
2344702 2284582 4150
783468 1473639 33569
783468 1646681 33569
1473639 783468 33569
1473639 2336852 33569
1646681 783468 33569
1646681 2336852 33569
2336852 1473639 33569
2336852 1646681 33569
1506585 1553886 11627
1506585 1566434 11627
1553886 1506585 11627
1553886 1613735 11627
1566434 1506585 11627
1566434 1613735 11627
1613735 1553886 11627
1613735 1566434 11627
1460328 1555442 2379
1460328 1564878 2379
1555442 1460328 2379
1555442 1659992 2379
1564878 1460328 2379
1564878 1659992 2379
1659992 1555442 2379
1659992 1564878 2379
697760 1126852 235
697760 1993468 235
1126852 697760 235
1126852 2422560 235
1993468 697760 235
1993468 2422560 235
2422560 1126852 235
2422560 1993468 235
765690 1458240 809
765690 1662080 809
1458240 765690 809
1458240 2354630 809
1662080 765690 809
1662080 2354630 809
2354630 1458240 809
2354630 1662080 809
781380 1310836 6191
781380 1809484 6191
1310836 781380 6191
1310836 2338940 6191
1809484 781380 6191
1809484 2338940 6191
2338940 1310836 6191
2338940 1809484 6191
779031 1340640 2917
779031 1779680 2917
1340640 779031 2917
1340640 2341289 2917
1779680 779031 2917
1779680 2341289 2917
2341289 1340640 2917
2341289 1779680 2917
987047 1560150 456
987047 1560170 456
1560150 987047 456
1560150 2133273 456
1560170 987047 456
1560170 2133273 456
2133273 1560150 456
2133273 1560170 456
733557 1223301 57
733557 1897019 57
1223301 733557 57
1223301 2386763 57
1897019 733557 57
1897019 2386763 57
2386763 1223301 57
2386763 1897019 57
776160 1296471 8223
776160 1823849 8223
1296471 776160 8223
1296471 2344160 8223
1823849 776160 8223
1823849 2344160 8223
2344160 1296471 8223
2344160 1823849 8223
778509 1383745 9687
778509 1736575 9687
1383745 778509 9687
1383745 2341811 9687
1736575 778509 9687
1736575 2341811 9687
2341811 1383745 9687
2341811 1736575 9687
782163 1253336 9130
782163 1866984 9130
1253336 782163 9130
1253336 2338157 9130
1866984 782163 9130
1866984 2338157 9130
2338157 1253336 9130
2338157 1866984 9130
914389 1217549 2273
914389 1902771 2273
1217549 914389 2273
1217549 2205931 2273
1902771 914389 2273
1902771 2205931 2273
2205931 1217549 2273
2205931 1902771 2273
777987 1400469 2919
777987 1719851 2919
1400469 777987 2919
1400469 2342333 2919
1719851 777987 2919
1719851 2342333 2919
2342333 1400469 2919
2342333 1719851 2919
747671 1497430 4257
747671 1622890 4257
1497430 747671 4257
1497430 2372649 4257
1622890 747671 4257
1622890 2372649 4257
2372649 1497430 4257
2372649 1622890 4257
1457447 1560150 1516
1457447 1560170 1516
1560150 1457447 1516
1560150 1662873 1516
1560170 1457447 1516
1560170 1662873 1516
1662873 1560150 1516
1662873 1560170 1516
781892 1081900 34263
781892 2038420 34263
1081900 781892 34263
1081900 2338428 34263
2038420 781892 34263
2038420 2338428 34263
2338428 1081900 34263
2338428 2038420 34263
1191680 1559889 4486
1191680 1560431 4486
1559889 1191680 4486
1559889 1928640 4486
1560431 1191680 4486
1560431 1928640 4486
1928640 1559889 4486
1928640 1560431 4486
649144 1556496 2302
649144 1563824 2302
1556496 649144 2302
1556496 2471176 2302
1563824 649144 2302
1563824 2471176 2302
2471176 1556496 2302
2471176 1563824 2302
771181 1530888 4643
771181 1589432 4643
1530888 771181 4643
1530888 2349139 4643
1589432 771181 4643
1589432 2349139 4643
2349139 1530888 4643
2349139 1589432 4643
415520 1555713 6663
415520 1564607 6663
1555713 415520 6663
1555713 2704800 6663
1564607 415520 6663
1564607 2704800 6663
2704800 1555713 6663
2704800 1564607 6663
1410136 1560150 4811
1410136 1560170 4811
1560150 1410136 4811
1560150 1710184 4811
1560170 1410136 4811
1560170 1710184 4811
1710184 1560150 4811
1710184 1560170 4811
760731 908125 6990
760731 2212195 6990
908125 760731 6990
908125 2359589 6990
2212195 760731 6990
2212195 2359589 6990
2359589 908125 6990
2359589 2212195 6990
1143576 1556777 4751
1143576 1563543 4751
1556777 1143576 4751
1556777 1976744 4751
1563543 1143576 4751
1563543 1976744 4751
1976744 1556777 4751
1976744 1563543 4751
711342 1427141 712
711342 1693179 712
1427141 711342 712
1427141 2408978 712
1693179 711342 712
1693179 2408978 712
2408978 1427141 712
2408978 1693179 712
666119 1293580 3102
666119 1826740 3102
1293580 666119 3102
1293580 2454201 3102
1826740 666119 3102
1826740 2454201 3102
2454201 1293580 3102
2454201 1826740 3102
1252563 1560150 5824
1252563 1560170 5824
1560150 1252563 5824
1560150 1867757 5824
1560170 1252563 5824
1560170 1867757 5824
1867757 1560150 5824
1867757 1560170 5824
711342 1121110 7689
711342 1999210 7689
1121110 711342 7689
1121110 2408978 7689
1999210 711342 7689
1999210 2408978 7689
2408978 1121110 7689
2408978 1999210 7689
782424 1231392 1596
782424 1888928 1596
1231392 782424 1596
1231392 2337896 1596
1888928 782424 1596
1888928 2337896 1596
2337896 1231392 1596
2337896 1888928 1596
1167106 1554659 8392
1167106 1565661 8392
1554659 1167106 8392
1554659 1953214 8392
1565661 1167106 8392
1565661 1953214 8392
1953214 1554659 8392
1953214 1565661 8392
770669 1517296 3412
770669 1603024 3412
1517296 770669 3412
1517296 2349651 3412
1603024 770669 3412
1603024 2349651 3412
2349651 1517296 3412
2349651 1603024 3412
666400 1554669 17721
666400 1565651 17721
1554669 666400 17721
1554669 2453920 17721
1565651 666400 17721
1565651 2453920 17721
2453920 1554669 17721
2453920 1565651 17721
783207 1432883 5029
783207 1687437 5029
1432883 783207 5029
1432883 2337113 5029
1687437 783207 5029
1687437 2337113 5029
2337113 1432883 5029
2337113 1687437 5029
781370 1073538 2040
781370 2046782 2040
1073538 781370 2040
1073538 2338950 2040
2046782 781370 2040
2046782 2338950 2040
2338950 1073538 2040
2338950 2046782 2040
1202642 1558845 5766
1202642 1561475 5766
1558845 1202642 5766
1558845 1917678 5766
1561475 1202642 5766
1561475 1917678 5766
1917678 1558845 5766
1917678 1561475 5766
1240537 1560150 2884
1240537 1560170 2884
1560150 1240537 2884
1560150 1879783 2884
1560170 1240537 2884
1560170 1879783 2884
1879783 1560150 2884
1879783 1560170 2884
999856 1560150 5431
999856 1560170 5431
1560150 999856 5431
1560150 2120464 5431
1560170 999856 5431
1560170 2120464 5431
2120464 1560150 5431
2120464 1560170 5431
1142803 1442560 3281
1142803 1677760 3281
1442560 1142803 3281
1442560 1977517 3281
1677760 1142803 3281
1677760 1977517 3281
1977517 1442560 3281
1977517 1677760 3281
925903 1233490 7703
925903 1886830 7703
1233490 925903 7703
1233490 2194417 7703
1886830 925903 7703
1886830 2194417 7703
2194417 1233490 7703
2194417 1886830 7703
776672 1223301 7480
776672 1897019 7480
1223301 776672 7480
1223301 2343648 7480
1897019 776672 7480
1897019 2343648 7480
2343648 1223301 7480
2343648 1897019 7480
1304562 1554167 2179
1304562 1566153 2179
1554167 1304562 2179
1554167 1815758 2179
1566153 1304562 2179
1566153 1815758 2179
1815758 1554167 2179
1815758 1566153 2179
757328 1336715 6243
757328 1783605 6243
1336715 757328 6243
1336715 2362992 6243
1783605 757328 6243
1783605 2362992 6243
2362992 1336715 6243
2362992 1783605 6243
1169987 1559096 10102
1169987 1561224 10102
1559096 1169987 10102
1559096 1950333 10102
1561224 1169987 10102
1561224 1950333 10102
1950333 1559096 10102
1950333 1561224 10102
891130 1555191 2522
891130 1565129 2522
1555191 891130 2522
1555191 2229190 2522
1565129 891130 2522
1565129 2229190 2522
2229190 1555191 2522
2229190 1565129 2522
737211 1491156 2121
737211 1629164 2121
1491156 737211 2121
1491156 2383109 2121
1629164 737211 2121
1629164 2383109 2121
2383109 1491156 2121
2383109 1629164 2121
1122154 1560150 2689
1122154 1560170 2689
1560150 1122154 2689
1560150 1998166 2689
1560170 1122154 2689
1560170 1998166 2689
1998166 1560150 2689
1998166 1560170 2689
759687 885649 1883
759687 2234671 1883
885649 759687 1883
885649 2360633 1883
2234671 759687 1883
2234671 2360633 1883
2360633 885649 1883
2360633 2234671 1883
774574 875450 8873
774574 2244870 8873
875450 774574 8873
875450 2345746 8873
2244870 774574 8873
2244870 2345746 8873
2345746 875450 8873
2345746 2244870 8873
1038534 1336183 1686
1038534 1784137 1686
1336183 1038534 1686
1336183 2081786 1686
1784137 1038534 1686
1784137 2081786 1686
2081786 1336183 1686
2081786 1784137 1686
760470 1324950 495
760470 1795370 495
1324950 760470 495
1324950 2359850 495
1795370 760470 495
1795370 2359850 495
2359850 1324950 495
2359850 1795370 495
944976 1559648 2486
944976 1560672 2486
1559648 944976 2486
1559648 2175344 2486
1560672 944976 2486
1560672 2175344 2486
2175344 1559648 2486
2175344 1560672 2486
762046 1260142 6555
762046 1860178 6555
1260142 762046 6555
1260142 2358274 6555
1860178 762046 6555
1860178 2358274 6555
2358274 1260142 6555
2358274 1860178 6555
748444 1299071 960
748444 1821249 960
1299071 748444 960
1299071 2371876 960
1821249 748444 960
1821249 2371876 960
2371876 1299071 960
2371876 1821249 960
712386 1228521 296
712386 1891799 296
1228521 712386 296
1228521 2407934 296
1891799 712386 296
1891799 2407934 296
2407934 1228521 296
2407934 1891799 296
780326 1101505 241
780326 2018815 241
1101505 780326 241
1101505 2339994 241
2018815 780326 241
2018815 2339994 241
2339994 1101505 241
2339994 2018815 241
776421 1492722 2336
776421 1627598 2336
1492722 776421 2336
1492722 2343899 2336
1627598 776421 2336
1627598 2343899 2336
2343899 1492722 2336
2343899 1627598 2336
780075 1393934 8212
780075 1726386 8212
1393934 780075 8212
1393934 2340245 8212
1726386 780075 8212
1726386 2340245 8212
2340245 1393934 8212
2340245 1726386 8212
1202391 1556516 10289
1202391 1563804 10289
1556516 1202391 10289
1556516 1917929 10289
1563804 1202391 10289
1563804 1917929 10289
1917929 1556516 10289
1917929 1563804 10289
1438364 1555713 2510
1438364 1564607 2510
1555713 1438364 2510
1555713 1681956 2510
1564607 1438364 2510
1564607 1681956 2510
1681956 1555713 2510
1681956 1564607 2510
728849 1116141 22999
728849 2004179 22999
1116141 728849 22999
1116141 2391471 22999
2004179 728849 22999
2004179 2391471 22999
2391471 1116141 22999
2391471 2004179 22999
697760 783458 72305
697760 2336862 72305
783458 697760 72305
783458 2422560 72305
2336862 697760 72305
2336862 2422560 72305
2422560 783458 72305
2422560 2336862 72305
782163 1280269 15021
782163 1840051 15021
1280269 782163 15021
1280269 2338157 15021
1840051 782163 15021
1840051 2338157 15021
2338157 1280269 15021
2338157 1840051 15021
1425816 1554930 2180
1425816 1565390 2180
1554930 1425816 2180
1554930 1694504 2180
1565390 1425816 2180
1565390 1694504 2180
1694504 1554930 2180
1694504 1565390 2180
755511 1289926 3491
755511 1830394 3491
1289926 755511 3491
1289926 2364809 3491
1830394 755511 3491
1830394 2364809 3491
2364809 1289926 3491
2364809 1830394 3491
588000 782163 17319
588000 2338157 17319
782163 588000 17319
782163 2532320 17319
2338157 588000 17319
2338157 2532320 17319
2532320 782163 17319
2532320 2338157 17319
1046103 1553886 22265
1046103 1566434 22265
1553886 1046103 22265
1553886 2074217 22265
1566434 1046103 22265
1566434 2074217 22265
2074217 1553886 22265
2074217 1566434 22265
781380 1285760 5287
781380 1834560 5287
1285760 781380 5287
1285760 2338940 5287
1834560 781380 5287
1834560 2338940 5287
2338940 1285760 5287
2338940 1834560 5287
595840 783468 44714
595840 2336852 44714
783468 595840 44714
783468 2524480 44714
2336852 595840 44714
2336852 2524480 44714
2524480 783468 44714
2524480 2336852 44714
1299603 1560150 9561
1299603 1560170 9561
1560150 1299603 9561
1560150 1820717 9561
1560170 1299603 9561
1560170 1820717 9561
1820717 1560150 9561
1820717 1560170 9561
780587 1489851 6123
780587 1630469 6123
1489851 780587 6123
1489851 2339733 6123
1630469 780587 6123
1630469 2339733 6123
2339733 1489851 6123
2339733 1630469 6123
1475215 1559106 4531
1475215 1561214 4531
1559106 1475215 4531
1559106 1645105 4531
1561214 1475215 4531
1561214 1645105 4531
1645105 1559106 4531
1645105 1561214 4531
508024 1560140 24056
508024 1560180 24056
1560140 508024 24056
1560140 2612296 24056
1560180 508024 24056
1560180 2612296 24056
2612296 1560140 24056
2612296 1560180 24056
1527736 1554147 713
1527736 1566173 713
1554147 1527736 713
1554147 1592584 713
1566173 1527736 713
1566173 1592584 713
1592584 1554147 713
1592584 1566173 713
927208 1554408 514
927208 1565912 514
1554408 927208 514
1554408 2193112 514
1565912 927208 514
1565912 2193112 514
2193112 1554408 514
2193112 1565912 514
870752 1560150 3170
870752 1560170 3170
1560150 870752 3170
1560150 2249568 3170
1560170 870752 3170
1560170 2249568 3170
2249568 1560150 3170
2249568 1560170 3170
775879 1524092 1168
775879 1596228 1168
1524092 775879 1168
1524092 2344441 1168
1596228 775879 1168
1596228 2344441 1168
2344441 1524092 1168
2344441 1596228 1168
943661 1556757 9337
943661 1563563 9337
1556757 943661 9337
1556757 2176659 9337
1563563 943661 9337
1563563 2176659 9337
2176659 1556757 9337
2176659 1563563 9337
746356 1559126 4167
746356 1561194 4167
1559126 746356 4167
1559126 2373964 4167
1561194 746356 4167
1561194 2373964 4167
2373964 1559126 4167
2373964 1561194 4167
694086 1400740 758
694086 1719580 758
1400740 694086 758
1400740 2426234 758
1719580 694086 758
1719580 2426234 758
2426234 1400740 758
2426234 1719580 758
777716 1374600 7617
777716 1745720 7617
1374600 777716 7617
1374600 2342604 7617
1745720 777716 7617
1745720 2342604 7617
2342604 1374600 7617
2342604 1745720 7617
762036 1104637 4501
762036 2015683 4501
1104637 762036 4501
1104637 2358284 4501
2015683 762036 4501
2015683 2358284 4501
2358284 1104637 4501
2358284 2015683 4501
1426880 1554408 1196
1426880 1565912 1196
1554408 1426880 1196
1554408 1693440 1196
1565912 1426880 1196
1565912 1693440 1196
1693440 1554408 1196
1693440 1565912 1196
1410919 1554147 8059
1410919 1566173 8059
1554147 1410919 8059
1554147 1709401 8059
1566173 1410919 8059
1566173 1709401 8059
1709401 1554147 8059
1709401 1566173 8059
742170 1393422 2589
742170 1726898 2589
1393422 742170 2589
1393422 2378150 2589
1726898 742170 2589
1726898 2378150 2589
2378150 1393422 2589
2378150 1726898 2589
642860 1143586 3774
642860 1976734 3774
1143586 642860 3774
1143586 2477460 3774
1976734 642860 3774
1976734 2477460 3774
2477460 1143586 3774
2477460 1976734 3774
774323 1199520 7456
774323 1920800 7456
1199520 774323 7456
1199520 2345997 7456
1920800 774323 7456
1920800 2345997 7456
2345997 1199520 7456
2345997 1920800 7456
1172587 1441496 3483
1172587 1678824 3483
1441496 1172587 3483
1441496 1947733 3483
1678824 1172587 3483
1678824 1947733 3483
1947733 1441496 3483
1947733 1678824 3483
783468 1128157 24524
783468 1992163 24524
1128157 783468 24524
1128157 2336852 24524
1992163 783468 24524
1992163 2336852 24524
2336852 1128157 24524
2336852 1992163 24524
783468 932167 3826
783468 2188153 3826
932167 783468 3826
932167 2336852 3826
2188153 783468 3826
2188153 2336852 3826
2336852 932167 3826
2336852 2188153 3826
1541850 1560150 659
1541850 1560170 659
1560150 1541850 659
1560150 1578470 659
1560170 1541850 659
1560170 1578470 659
1578470 1560150 659
1578470 1560170 659
1136800 1480957 3308
1136800 1639363 3308
1480957 1136800 3308
1480957 1983520 3308
1639363 1136800 3308
1639363 1983520 3308
1983520 1480957 3308
1983520 1639363 3308
1442018 1557038 4558
1442018 1563282 4558
1557038 1442018 4558
1557038 1678302 4558
1563282 1442018 4558
1563282 1678302 4558
1678302 1557038 4558
1678302 1563282 4558
384150 1556486 2227
384150 1563834 2227
1556486 384150 2227
1556486 2736170 2227
1563834 384150 2227
1563834 2736170 2227
2736170 1556486 2227
2736170 1563834 2227
757067 1419813 2755
757067 1700507 2755
1419813 757067 2755
1419813 2363253 2755
1700507 757067 2755
1700507 2363253 2755
2363253 1419813 2755
2363253 1700507 2755
777716 808554 8696
777716 2311766 8696
808554 777716 8696
808554 2342604 8696
2311766 777716 8696
2311766 2342604 8696
2342604 808554 8696
2342604 2311766 8696
1021800 1328865 187
1021800 1791455 187
1328865 1021800 187
1328865 2098520 187
1791455 1021800 187
1791455 2098520 187
2098520 1328865 187
2098520 1791455 187
750803 1451966 4817
750803 1668354 4817
1451966 750803 4817
1451966 2369517 4817
1668354 750803 4817
1668354 2369517 4817
2369517 1451966 4817
2369517 1668354 4817
751054 883290 3466
751054 2237030 3466
883290 751054 3466
883290 2369266 3466
2237030 751054 3466
2237030 2369266 3466
2369266 883290 3466
2369266 2237030 3466
524738 1553876 18124
524738 1566444 18124
1553876 524738 18124
1553876 2595582 18124
1566444 524738 18124
1566444 2595582 18124
2595582 1553876 18124
2595582 1566444 18124
780597 1283130 636
780597 1837190 636
1283130 780597 636
1283130 2339723 636
1837190 780597 636
1837190 2339723 636
2339723 1283130 636
2339723 1837190 636
783207 1346643 17142
783207 1773677 17142
1346643 783207 17142
1346643 2337113 17142
1773677 783207 17142
1773677 2337113 17142
2337113 1346643 17142
2337113 1773677 17142
431200 1559879 9979
431200 1560441 9979
1559879 431200 9979
1559879 2689120 9979
1560441 431200 9979
1560441 2689120 9979
2689120 1559879 9979
2689120 1560441 9979
739048 1289143 5446
739048 1831177 5446
1289143 739048 5446
1289143 2381272 5446
1831177 739048 5446
1831177 2381272 5446
2381272 1289143 5446
2381272 1831177 5446
783197 1553876 28151
783197 1566444 28151
1553876 783197 28151
1553876 2337123 28151
1566444 783197 28151
1566444 2337123 28151
2337123 1553876 28151
2337123 1566444 28151
1531671 1554408 211
1531671 1565912 211
1554408 1531671 211
1554408 1588649 211
1565912 1531671 211
1565912 1588649 211
1588649 1554408 211
1588649 1565912 211
782675 832335 2711
782675 2287985 2711
832335 782675 2711
832335 2337645 2711
2287985 782675 2711
2287985 2337645 2711
2337645 832335 2711
2337645 2287985 2711
783458 1094980 26623
783458 2025340 26623
1094980 783458 26623
1094980 2336862 26623
2025340 783458 26623
2025340 2336862 26623
2336862 1094980 26623
2336862 2025340 26623
654625 1560150 6275
654625 1560170 6275
1560150 654625 6275
1560150 2465695 6275
1560170 654625 6275
1560170 2465695 6275
2465695 1560150 6275
2465695 1560170 6275
1450380 1559628 486
1450380 1560692 486
1559628 1450380 486
1559628 1669940 486
1560692 1450380 486
1560692 1669940 486
1669940 1559628 486
1669940 1560692 486
912562 1213092 2480
912562 1907228 2480
1213092 912562 2480
1213092 2207758 2480
1907228 912562 2480
1907228 2207758 2480
2207758 1213092 2480
2207758 1907228 2480
660126 1557801 23613
660126 1562519 23613
1557801 660126 23613
1557801 2460194 23613
1562519 660126 23613
1562519 2460194 23613
2460194 1557801 23613
2460194 1562519 23613
533120 783468 205911
533120 2336852 205911
783468 533120 205911
783468 2587200 205911
2336852 533120 205911
2336852 2587200 205911
2587200 783468 205911
2587200 2336852 205911
770659 857943 10574
770659 2262377 10574
857943 770659 10574
857943 2349661 10574
2262377 770659 10574
2262377 2349661 10574
2349661 857943 10574
2349661 2262377 10574
1093665 1560150 1560
1093665 1560170 1560
1560150 1093665 1560
1560150 2026655 1560
1560170 1093665 1560
1560170 2026655 1560
2026655 1560150 1560
2026655 1560170 1560
1100210 1553886 621
1100210 1566434 621
1553886 1100210 621
1553886 2020110 621
1566434 1100210 621
1566434 2020110 621
2020110 1553886 621
2020110 1566434 621
454720 783207 82274
454720 2337113 82274
783207 454720 82274
783207 2665600 82274
2337113 454720 82274
2337113 2665600 82274
2665600 783207 82274
2665600 2337113 82274
975543 1559648 3678
975543 1560672 3678
1559648 975543 3678
1559648 2144777 3678
1560672 975543 3678
1560672 2144777 3678
2144777 1559648 3678
2144777 1560672 3678
770920 831020 1547
770920 2289300 1547
831020 770920 1547
831020 2349400 1547
2289300 770920 1547
2289300 2349400 1547
2349400 831020 1547
2349400 2289300 1547
1432612 1560150 3258
1432612 1560170 3258
1560150 1432612 3258
1560150 1687708 3258
1560170 1432612 3258
1560170 1687708 3258
1687708 1560150 3258
1687708 1560170 3258
782936 1315283 12436
782936 1805037 12436
1315283 782936 12436
1315283 2337384 12436
1805037 782936 12436
1805037 2337384 12436
2337384 1315283 12436
2337384 1805037 12436
1017353 1560150 2470
1017353 1560170 2470
1560150 1017353 2470
1560150 2102967 2470
1560170 1017353 2470
1560170 2102967 2470
2102967 1560150 2470
2102967 1560170 2470
675535 1134170 15896
675535 1986150 15896
1134170 675535 15896
1134170 2444785 15896
1986150 675535 15896
1986150 2444785 15896
2444785 1134170 15896
2444785 1986150 15896
768310 846971 3026
768310 2273349 3026
846971 768310 3026
846971 2352010 3026
2273349 768310 3026
2273349 2352010 3026
2352010 846971 3026
2352010 2273349 3026
1033043 1356832 5112
1033043 1763488 5112
1356832 1033043 5112
1356832 2087277 5112
1763488 1033043 5112
1763488 2087277 5112
2087277 1356832 5112
2087277 1763488 5112
777977 1240547 3495
777977 1879773 3495
1240547 777977 3495
1240547 2342343 3495
1879773 777977 3495
1879773 2342343 3495
2342343 1240547 3495
2342343 1879773 3495
1207360 1403360 507
1207360 1716960 507
1403360 1207360 507
1403360 1912960 507
1716960 1207360 507
1716960 1912960 507
1912960 1403360 507
1912960 1716960 507
603680 783468 186623
603680 2336852 186623
783468 603680 186623
783468 2516640 186623
2336852 603680 186623
2336852 2516640 186623
2516640 783468 186623
2516640 2336852 186623
650700 782163 52633
650700 2338157 52633
782163 650700 52633
782163 2469620 52633
2338157 650700 52633
2338157 2469620 52633
2469620 782163 52633
2469620 2338157 52633
1545263 1557530 639
1545263 1562790 639
1557530 1545263 639
1557530 1575057 639
1562790 1545263 639
1562790 1575057 639
1575057 1557530 639
1575057 1562790 639
772496 1405970 6140
772496 1714350 6140
1405970 772496 6140
1405970 2347824 6140
1714350 772496 6140
1714350 2347824 6140
2347824 1405970 6140
2347824 1714350 6140
344960 1558062 719
344960 1562258 719
1558062 344960 719
1558062 2775360 719
1562258 344960 719
1562258 2775360 719
2775360 1558062 719
2775360 1562258 719
344689 1558574 1704
344689 1561746 1704
1558574 344689 1704
1558574 2775631 1704
1561746 344689 1704
1561746 2775631 1704
2775631 1558574 1704
2775631 1561746 1704
1111955 1560140 3948
1111955 1560180 3948
1560140 1111955 3948
1560140 2008365 3948
1560180 1111955 3948
1560180 2008365 3948
2008365 1560140 3948
2008365 1560180 3948
871545 1560150 471
871545 1560170 471
1560150 871545 471
1560150 2248775 471
1560170 871545 471
1560170 2248775 471
2248775 1560150 471
2248775 1560170 471
782936 1338803 10003
782936 1781517 10003
1338803 782936 10003
1338803 2337384 10003
1781517 782936 10003
1781517 2337384 10003
2337384 1338803 10003
2337384 1781517 10003
763351 907864 2617
763351 2212456 2617
907864 763351 2617
907864 2356969 2617
2212456 763351 2617
2212456 2356969 2617
2356969 907864 2617
2356969 2212456 2617
478240 1559367 3546
478240 1560953 3546
1559367 478240 3546
1559367 2642080 3546
1560953 478240 3546
1560953 2642080 3546
2642080 1559367 3546
2642080 1560953 3546
737994 1216756 315
737994 1903564 315
1216756 737994 315
1216756 2382326 315
1903564 737994 315
1903564 2382326 315
2382326 1216756 315
2382326 1903564 315
762036 1294634 3217
762036 1825686 3217
1294634 762036 3217
1294634 2358284 3217
1825686 762036 3217
1825686 2358284 3217
2358284 1294634 3217
2358284 1825686 3217
486080 1558323 15323
486080 1561997 15323
1558323 486080 15323
1558323 2634240 15323
1561997 486080 15323
1561997 2634240 15323
2634240 1558323 15323
2634240 1561997 15323
741397 1312151 6915
741397 1808169 6915
1312151 741397 6915
1312151 2378923 6915
1808169 741397 6915
1808169 2378923 6915
2378923 1312151 6915
2378923 1808169 6915
783468 827105 10232
783468 2293215 10232
827105 783468 10232
827105 2336852 10232
2293215 783468 10232
2293215 2336852 10232
2336852 827105 10232
2336852 2293215 10232
783468 823180 8637
783468 2297140 8637
823180 783468 8637
823180 2336852 8637
2297140 783468 8637
2297140 2336852 8637
2336852 823180 8637
2336852 2297140 8637
1545775 1555964 299
1545775 1564356 299
1555964 1545775 299
1555964 1574545 299
1564356 1545775 299
1564356 1574545 299
1574545 1555964 299
1574545 1564356 299
1530105 1560150 4476
1530105 1560170 4476
1560150 1530105 4476
1560150 1590215 4476
1560170 1530105 4476
1560170 1590215 4476
1590215 1560150 4476
1590215 1560170 4476
898458 1560150 2601
898458 1560170 2601
1560150 898458 2601
1560150 2221862 2601
1560170 898458 2601
1560170 2221862 2601
2221862 1560150 2601
2221862 1560170 2601
1527736 1559889 4571
1527736 1560431 4571
1559889 1527736 4571
1559889 1592584 4571
1560431 1527736 4571
1560431 1592584 4571
1592584 1559889 4571
1592584 1560431 4571
991745 1305606 1566
991745 1814714 1566
1305606 991745 1566
1305606 2128575 1566
1814714 991745 1566
1814714 2128575 1566
2128575 1305606 1566
2128575 1814714 1566
1229304 1560150 4042
1229304 1560170 4042
1560150 1229304 4042
1560150 1891016 4042
1560170 1229304 4042
1560170 1891016 4042
1891016 1560150 4042
1891016 1560170 4042
752891 1483316 1051
752891 1637004 1051
1483316 752891 1051
1483316 2367429 1051
1637004 752891 1051
1637004 2367429 1051
2367429 1483316 1051
2367429 1637004 1051
611520 1558574 31856
611520 1561746 31856
1558574 611520 31856
1558574 2508800 31856
1561746 611520 31856
1561746 2508800 31856
2508800 1558574 31856
2508800 1561746 31856
964842 1275300 7375
964842 1845020 7375
1275300 964842 7375
1275300 2155478 7375
1845020 964842 7375
1845020 2155478 7375
2155478 1275300 7375
2155478 1845020 7375
987298 1297505 510
987298 1822815 510
1297505 987298 510
1297505 2133022 510
1822815 987298 510
1822815 2133022 510
2133022 1297505 510
2133022 1822815 510
782153 846981 4005
782153 2273339 4005
846981 782153 4005
846981 2338167 4005
2273339 782153 4005
2273339 2338167 4005
2338167 846981 4005
2338167 2273339 4005
1194290 1555974 4282
1194290 1564346 4282
1555974 1194290 4282
1555974 1926030 4282
1564346 1194290 4282
1564346 1926030 4282
1926030 1555974 4282
1926030 1564346 4282
1168140 1465538 688
1168140 1654782 688
1465538 1168140 688
1465538 1952180 688
1654782 1168140 688
1654782 1952180 688
1952180 1465538 688
1952180 1654782 688
783468 1175729 13478
783468 1944591 13478
1175729 783468 13478
1175729 2336852 13478
1944591 783468 13478
1944591 2336852 13478
2336852 1175729 13478
2336852 1944591 13478
1253868 1560150 1420
1253868 1560170 1420
1560150 1253868 1420
1560150 1866452 1420
1560170 1253868 1420
1560170 1866452 1420
1866452 1560150 1420
1866452 1560170 1420
778238 1272158 95
778238 1848162 95
1272158 778238 95
1272158 2342082 95
1848162 778238 95
1848162 2342082 95
2342082 1272158 95
2342082 1848162 95
773008 903688 251
773008 2216632 251
903688 773008 251
903688 2347312 251
2216632 773008 251
2216632 2347312 251
2347312 903688 251
2347312 2216632 251
691737 1248638 1802
691737 1871682 1802
1248638 691737 1802
1248638 2428583 1802
1871682 691737 1802
1871682 2428583 1802
2428583 1248638 1802
2428583 1871682 1802
976858 1557018 8862
976858 1563302 8862
1557018 976858 8862
1557018 2143462 8862
1563302 976858 8862
1563302 2143462 8862
2143462 1557018 8862
2143462 1563302 8862
700099 1560150 1924
700099 1560170 1924
1560150 700099 1924
1560150 2420221 1924
1560170 700099 1924
1560170 2420221 1924
2420221 1560150 1924
2420221 1560170 1924
915704 1559889 363
915704 1560431 363
1559889 915704 363
1559889 2204616 363
1560431 915704 363
1560431 2204616 363
2204616 1559889 363
2204616 1560431 363
1096014 1560150 1440
1096014 1560170 1440
1560150 1096014 1440
1560150 2024306 1440
1560170 1096014 1440
1560170 2024306 1440
2024306 1560150 1440
2024306 1560170 1440
734340 1405709 149
734340 1714611 149
1405709 734340 149
1405709 2385980 149
1714611 734340 149
1714611 2385980 149
2385980 1405709 149
2385980 1714611 149
1047669 1557018 14213
1047669 1563302 14213
1557018 1047669 14213
1557018 2072651 14213
1563302 1047669 14213
1563302 2072651 14213
2072651 1557018 14213
2072651 1563302 14213
766483 783197 1134
766483 2337123 1134
783197 766483 1134
783197 2353837 1134
2337123 766483 1134
2337123 2353837 1134
2353837 783197 1134
2353837 2337123 1134
768320 783458 701
768320 2336862 701
783458 768320 701
783458 2352000 701
2336862 768320 701
2336862 2352000 701
2352000 783458 701
2352000 2336862 701
1536630 1558584 2775
1536630 1561736 2775
1558584 1536630 2775
1558584 1583690 2775
1561736 1536630 2775
1561736 1583690 2775
1583690 1558584 2775
1583690 1561736 2775
768320 841219 2336
768320 2279101 2336
841219 768320 2336
841219 2352000 2336
2279101 768320 2336
2279101 2352000 2336
2352000 841219 2336
2352000 2279101 2336
1053682 1381135 705
1053682 1739185 705
1381135 1053682 705
1381135 2066638 705
1739185 1053682 705
1739185 2066638 705
2066638 1381135 705
2066638 1739185 705
1185928 1560150 9708
1185928 1560170 9708
1560150 1185928 9708
1560150 1934392 9708
1560170 1185928 9708
1560170 1934392 9708
1934392 1560150 9708
1934392 1560170 9708
775096 1518330 6997
775096 1601990 6997
1518330 775096 6997
1518330 2345224 6997
1601990 775096 6997
1601990 2345224 6997
2345224 1518330 6997
2345224 1601990 6997
774313 1521482 1821
774313 1598838 1821
1521482 774313 1821
1521482 2346007 1821
1598838 774313 1821
1598838 2346007 1821
2346007 1521482 1821
2346007 1598838 1821
886954 1169726 1353
886954 1950594 1353
1169726 886954 1353
1169726 2233366 1353
1950594 886954 1353
1950594 2233366 1353
2233366 1169726 1353
2233366 1950594 1353
776933 854811 6162
776933 2265509 6162
854811 776933 6162
854811 2343387 6162
2265509 776933 6162
2265509 2343387 6162
2343387 854811 6162
2343387 2265509 6162
1142010 1478096 6260
1142010 1642224 6260
1478096 1142010 6260
1478096 1978310 6260
1642224 1142010 6260
1642224 1978310 6260
1978310 1478096 6260
1978310 1642224 6260
766483 1499257 635
766483 1621063 635
1499257 766483 635
1499257 2353837 635
1621063 766483 635
1621063 2353837 635
2353837 1499257 635
2353837 1621063 635
757338 1484882 771
757338 1635438 771
1484882 757338 771
1484882 2362982 771
1635438 757338 771
1635438 2362982 771
2362982 1484882 771
2362982 1635438 771
1192724 1554408 1313
1192724 1565912 1313
1554408 1192724 1313
1554408 1927596 1313
1565912 1192724 1313
1565912 1927596 1313
1927596 1554408 1313
1927596 1565912 1313
780326 1369109 5647
780326 1751211 5647
1369109 780326 5647
1369109 2339994 5647
1751211 780326 5647
1751211 2339994 5647
2339994 1369109 5647
2339994 1751211 5647
766473 1371207 1337
766473 1749113 1337
1371207 766473 1337
1371207 2353847 1337
1749113 766473 1337
1749113 2353847 1337
2353847 1371207 1337
2353847 1749113 1337
1119795 1554167 3465
1119795 1566153 3465
1554167 1119795 3465
1554167 2000525 3465
1566153 1119795 3465
1566153 2000525 3465
2000525 1554167 3465
2000525 1566153 3465
757338 1463189 1344
757338 1657131 1344
1463189 757338 1344
1463189 2362982 1344
1657131 757338 1344
1657131 2362982 1344
2362982 1463189 1344
2362982 1657131 1344
972150 1560150 5647
972150 1560170 5647
1560150 972150 5647
1560150 2148170 5647
1560170 972150 5647
1560170 2148170 5647
2148170 1560150 5647
2148170 1560170 5647
1140715 1458240 2668
1140715 1662080 2668
1458240 1140715 2668
1458240 1979605 2668
1662080 1140715 2668
1662080 1979605 2668
1979605 1458240 2668
1979605 1662080 2668
777455 892696 2728
777455 2227624 2728
892696 777455 2728
892696 2342865 2728
2227624 777455 2728
2227624 2342865 2728
2342865 892696 2728
2342865 2227624 2728
1090011 1560140 6489
1090011 1560180 6489
1560140 1090011 6489
1560140 2030309 6489
1560180 1090011 6489
1560180 2030309 6489
2030309 1560140 6489
2030309 1560180 6489
1021288 1560150 7022
1021288 1560170 7022
1560150 1021288 7022
1560150 2099032 7022
1560170 1021288 7022
1560170 2099032 7022
2099032 1560150 7022
2099032 1560170 7022
562894 783458 243870
562894 2336862 243870
783458 562894 243870
783458 2557426 243870
2336862 562894 243870
2336862 2557426 243870
2557426 783458 243870
2557426 2336862 243870
717606 1265362 3
717606 1854958 3
1265362 717606 3
1265362 2402714 3
1854958 717606 3
1854958 2402714 3
2402714 1265362 3
2402714 1854958 3
1133387 1445421 1435
1133387 1674899 1435
1445421 1133387 1435
1445421 1986933 1435
1674899 1133387 1435
1674899 1986933 1435
1986933 1445421 1435
1986933 1674899 1435
666400 1559889 9245
666400 1560431 9245
1559889 666400 9245
1559889 2453920 9245
1560431 666400 9245
1560431 2453920 9245
2453920 1559889 9245
2453920 1560431 9245
368480 1556486 1
368480 1563834 1
1556486 368480 1
1556486 2751840 1
1563834 368480 1
1563834 2751840 1
2751840 1556486 1
2751840 1563834 1
367426 1556486 1620
367426 1563834 1620
1556486 367426 1620
1556486 2752894 1620
1563834 367426 1620
1563834 2752894 1620
2752894 1556486 1620
2752894 1563834 1620
1044025 1558343 6678
1044025 1561977 6678
1558343 1044025 6678
1558343 2076295 6678
1561977 1044025 6678
1561977 2076295 6678
2076295 1558343 6678
2076295 1561977 6678
781370 1197934 4143
781370 1922386 4143
1197934 781370 4143
1197934 2338950 4143
1922386 781370 4143
1922386 2338950 4143
2338950 1197934 4143
2338950 1922386 4143
769876 1189833 2294
769876 1930487 2294
1189833 769876 2294
1189833 2350444 2294
1930487 769876 2294
1930487 2350444 2294
2350444 1189833 2294
2350444 1930487 2294
986003 1554920 4589
986003 1565400 4589
1554920 986003 4589
1554920 2134317 4589
1565400 986003 4589
1565400 2134317 4589
2134317 1554920 4589
2134317 1565400 4589
763341 1296983 1201
763341 1823337 1201
1296983 763341 1201
1296983 2356979 1201
1823337 763341 1201
1823337 2356979 1201
2356979 1296983 1201
2356979 1823337 1201
783458 783458 65075
783458 2336862 65075
2336862 783458 65075
2336862 2336862 65075
769876 1553645 27256
769876 1566675 27256
1553645 769876 27256
1553645 2350444 27256
1566675 769876 27256
1566675 2350444 27256
2350444 1553645 27256
2350444 1566675 27256
783197 1295688 11621
783197 1824632 11621
1295688 783197 11621
1295688 2337123 11621
1824632 783197 11621
1824632 2337123 11621
2337123 1295688 11621
2337123 1824632 11621
783458 1165008 9339
783458 1955312 9339
1165008 783458 9339
1165008 2336862 9339
1955312 783458 9339
1955312 2336862 9339
2336862 1165008 9339
2336862 1955312 9339
776672 802812 3262
776672 2317508 3262
802812 776672 3262
802812 2343648 3262
2317508 776672 3262
2317508 2343648 3262
2343648 802812 3262
2343648 2317508 3262
774574 1167357 8365
774574 1952963 8365
1167357 774574 8365
1167357 2345746 8365
1952963 774574 8365
1952963 2345746 8365
2345746 1167357 8365
2345746 1952963 8365
1178861 1558865 9056
1178861 1561455 9056
1558865 1178861 9056
1558865 1941459 9056
1561455 1178861 9056
1561455 1941459 9056
1941459 1558865 9056
1941459 1561455 9056
783458 1291231 19056
783458 1829089 19056
1291231 783458 19056
1291231 2336862 19056
1829089 783458 19056
1829089 2336862 19056
2336862 1291231 19056
2336862 1829089 19056
1175980 1556486 6395
1175980 1563834 6395
1556486 1175980 6395
1556486 1944340 6395
1563834 1175980 6395
1563834 1944340 6395
1944340 1556486 6395
1944340 1563834 6395
593220 1553645 29859
593220 1566675 29859
1553645 593220 29859
1553645 2527100 29859
1566675 593220 29859
1566675 2527100 29859
2527100 1553645 29859
2527100 1566675 29859
616469 1553886 18223
616469 1566434 18223
1553886 616469 18223
1553886 2503851 18223
1566434 616469 18223
1566434 2503851 18223
2503851 1553886 18223
2503851 1566434 18223
752640 1475215 3377
752640 1645105 3377
1475215 752640 3377
1475215 2367680 3377
1645105 752640 3377
1645105 2367680 3377
2367680 1475215 3377
2367680 1645105 3377
879897 1560150 1870
879897 1560170 1870
1560150 879897 1870
1560150 2240423 1870
1560170 879897 1870
1560170 2240423 1870
2240423 1560150 1870
2240423 1560170 1870
782936 1440452 23121
782936 1679868 23121
1440452 782936 23121
1440452 2337384 23121
1679868 782936 23121
1679868 2337384 23121
2337384 1440452 23121
2337384 1679868 23121
776140 1301430 9143
776140 1818890 9143
1301430 776140 9143
1301430 2344180 9143
1818890 776140 9143
1818890 2344180 9143
2344180 1301430 9143
2344180 1818890 9143
782153 1388985 13177
782153 1731335 13177
1388985 782153 13177
1388985 2338167 13177
1731335 782153 13177
1731335 2338167 13177
2338167 1388985 13177
2338167 1731335 13177
1474703 1560140 569
1474703 1560180 569
1560140 1474703 569
1560140 1645617 569
1560180 1474703 569
1560180 1645617 569
1645617 1560140 569
1645617 1560180 569
745051 1395771 2819
745051 1724549 2819
1395771 745051 2819
1395771 2375269 2819
1724549 745051 2819
1724549 2375269 2819
2375269 1395771 2819
2375269 1724549 2819
782675 1099949 4668
782675 2020371 4668
1099949 782675 4668
1099949 2337645 4668
2020371 782675 4668
2020371 2337645 4668
2337645 1099949 4668
2337645 2020371 4668
783458 1444126 38777
783458 1676194 38777
1444126 783458 38777
1444126 2336862 38777
1676194 783458 38777
1676194 2336862 38777
2336862 1444126 38777
2336862 1676194 38777
782936 1259088 10825
782936 1861232 10825
1259088 782936 10825
1259088 2337384 10825
1861232 782936 10825
1861232 2337384 10825
2337384 1259088 10825
2337384 1861232 10825
781892 1010557 76522
781892 2109763 76522
1010557 781892 76522
1010557 2338428 76522
2109763 781892 76522
2109763 2338428 76522
2338428 1010557 76522
2338428 2109763 76522
780065 1089479 4313
780065 2030841 4313
1089479 780065 4313
1089479 2340255 4313
2030841 780065 4313
2030841 2340255 4313
2340255 1089479 4313
2340255 2030841 4313
570212 1554147 49058
570212 1566173 49058
1554147 570212 49058
1554147 2550108 49058
1566173 570212 49058
1566173 2550108 49058
2550108 1554147 49058
2550108 1566173 49058
776140 1290709 4052
776140 1829611 4052
1290709 776140 4052
1290709 2344180 4052
1829611 776140 4052
1829611 2344180 4052
2344180 1290709 4052
2344180 1829611 4052
1493766 1557018 4333
1493766 1563302 4333
1557018 1493766 4333
1557018 1626554 4333
1563302 1493766 4333
1563302 1626554 4333
1626554 1557018 4333
1626554 1563302 4333
932950 1560150 219
932950 1560170 219
1560150 932950 219
1560150 2187370 219
1560170 932950 219
1560170 2187370 219
2187370 1560150 219
2187370 1560170 219
1088957 1556747 7872
1088957 1563573 7872
1556747 1088957 7872
1556747 2031363 7872
1563573 1088957 7872
1563573 2031363 7872
2031363 1556747 7872
2031363 1563573 7872
1082703 1399435 9500
1082703 1720885 9500
1399435 1082703 9500
1399435 2037617 9500
1720885 1082703 9500
1720885 2037617 9500
2037617 1399435 9500
2037617 1720885 9500
1441757 1560150 686
1441757 1560170 686
1560150 1441757 686
1560150 1678563 686
1560170 1441757 686
1560170 1678563 686
1678563 1560150 686
1678563 1560170 686
949674 1560150 1869
949674 1560170 1869
1560150 949674 1869
1560150 2170646 1869
1560170 949674 1869
1560170 2170646 1869
2170646 1560150 1869
2170646 1560170 1869
741136 1429219 6539
741136 1691101 6539
1429219 741136 6539
1429219 2379184 6539
1691101 741136 6539
1691101 2379184 6539
2379184 1429219 6539
2379184 1691101 6539
1042188 1358920 1013
1042188 1761400 1013
1358920 1042188 1013
1358920 2078132 1013
1761400 1042188 1013
1761400 2078132 1013
2078132 1358920 1013
2078132 1761400 1013
781631 1202391 16445
781631 1917929 16445
1202391 781631 16445
1202391 2338689 16445
1917929 781631 16445
1917929 2338689 16445
2338689 1202391 16445
2338689 1917929 16445
846981 1560150 16860
846981 1560170 16860
1560150 846981 16860
1560150 2273339 16860
1560170 846981 16860
1560170 2273339 16860
2273339 1560150 16860
2273339 1560170 16860
702187 1340891 2727
702187 1779429 2727
1340891 702187 2727
1340891 2418133 2727
1779429 702187 2727
1779429 2418133 2727
2418133 1340891 2727
2418133 1779429 2727
729120 1416932 10544
729120 1703388 10544
1416932 729120 10544
1416932 2391200 10544
1703388 729120 10544
1703388 2391200 10544
2391200 1416932 10544
2391200 1703388 10544
735123 1435764 113
735123 1684556 113
1435764 735123 113
1435764 2385197 113
1684556 735123 113
1684556 2385197 113
2385197 1435764 113
2385197 1684556 113
711603 1123459 6070
711603 1996861 6070
1123459 711603 6070
1123459 2408717 6070
1996861 711603 6070
1996861 2408717 6070
2408717 1123459 6070
2408717 1996861 6070
776140 1240808 1802
776140 1879512 1802
1240808 776140 1802
1240808 2344180 1802
1879512 776140 1802
1879512 2344180 1802
2344180 1240808 1802
2344180 1879512 1802
756806 1258305 6982
756806 1862015 6982
1258305 756806 6982
1258305 2363514 6982
1862015 756806 6982
1862015 2363514 6982
2363514 1258305 6982
2363514 1862015 6982
1145935 1444116 3235
1145935 1676204 3235
1444116 1145935 3235
1444116 1974385 3235
1676204 1145935 3235
1676204 1974385 3235
1974385 1444116 3235
1974385 1676204 3235
705319 1384799 4120
705319 1735521 4120
1384799 705319 4120
1384799 2415001 4120
1735521 705319 4120
1735521 2415001 4120
2415001 1384799 4120
2415001 1735521 4120
650720 1332268 1846
650720 1788052 1846
1332268 650720 1846
1332268 2469600 1846
1788052 650720 1846
1788052 2469600 1846
2469600 1332268 1846
2469600 1788052 1846
649405 1332800 5381
649405 1787520 5381
1332800 649405 5381
1332800 2470915 5381
1787520 649405 5381
1787520 2470915 5381
2470915 1332800 5381
2470915 1787520 5381
1165008 1560150 5176
1165008 1560170 5176
1560150 1165008 5176
1560150 1955312 5176
1560170 1165008 5176
1560170 1955312 5176
1955312 1560150 5176
1955312 1560170 5176
708732 780587 14857
708732 2339733 14857
780587 708732 14857
780587 2411588 14857
2339733 708732 14857
2339733 2411588 14857
2411588 780587 14857
2411588 2339733 14857
775628 782414 39473
775628 2337906 39473
782414 775628 39473
782414 2344692 39473
2337906 775628 39473
2337906 2344692 39473
2344692 782414 39473
2344692 2337906 39473
782936 1330692 1046
782936 1789628 1046
1330692 782936 1046
1330692 2337384 1046
1789628 782936 1046
1789628 2337384 1046
2337384 1330692 1046
2337384 1789628 1046
703231 782936 100775
703231 2337384 100775
782936 703231 100775
782936 2417089 100775
2337384 703231 100775
2337384 2417089 100775
2417089 782936 100775
2417089 2337384 100775
1176512 1560150 6090
1176512 1560170 6090
1560150 1176512 6090
1560150 1943808 6090
1560170 1176512 6090
1560170 1943808 6090
1943808 1560150 6090
1943808 1560170 6090
783458 1089760 37358
783458 2030560 37358
1089760 783458 37358
1089760 2336862 37358
2030560 783458 37358
2030560 2336862 37358
2336862 1089760 37358
2336862 2030560 37358
1515991 1559909 3806
1515991 1560411 3806
1559909 1515991 3806
1559909 1604329 3806
1560411 1515991 3806
1560411 1604329 3806
1604329 1559909 3806
1604329 1560411 3806
741387 1493776 304
741387 1626544 304
1493776 741387 304
1493776 2378933 304
1626544 741387 304
1626544 2378933 304
2378933 1493776 304
2378933 1626544 304
782675 974499 51461
782675 2145821 51461
974499 782675 51461
974499 2337645 51461
2145821 782675 51461
2145821 2337645 51461
2337645 974499 51461
2337645 2145821 51461
1511795 1555452 2579
1511795 1564868 2579
1555452 1511795 2579
1555452 1608525 2579
1564868 1511795 2579
1564868 1608525 2579
1608525 1555452 2579
1608525 1564868 2579
608890 1555974 29805
608890 1564346 29805
1555974 608890 29805
1555974 2511430 29805
1564346 608890 29805
1564346 2511430 29805
2511430 1555974 29805
2511430 1564346 29805
450524 1560150 933
450524 1560170 933
1560150 450524 933
1560150 2669796 933
1560170 450524 933
1560170 2669796 933
2669796 1560150 933
2669796 1560170 933
631898 1557018 7281
631898 1563302 7281
1557018 631898 7281
1557018 2488422 7281
1563302 631898 7281
1563302 2488422 7281
2488422 1557018 7281
2488422 1563302 7281
924056 1560150 3253
924056 1560170 3253
1560150 924056 3253
1560150 2196264 3253
1560170 924056 3253
1560170 2196264 3253
2196264 1560150 3253
2196264 1560170 3253
783458 1301420 26142
783458 1818900 26142
1301420 783458 26142
1301420 2336862 26142
1818900 783458 26142
1818900 2336862 26142
2336862 1301420 26142
2336862 1818900 26142
783458 925632 17390
783458 2194688 17390
925632 783458 17390
925632 2336862 17390
2194688 783458 17390
2194688 2336862 17390
2336862 925632 17390
2336862 2194688 17390
783197 1321286 17406
783197 1799034 17406
1321286 783197 17406
1321286 2337123 17406
1799034 783197 17406
1799034 2337123 17406
2337123 1321286 17406
2337123 1799034 17406
733296 783458 70726
733296 2336862 70726
783458 733296 70726
783458 2387024 70726
2336862 733296 70726
2336862 2387024 70726
2387024 783458 70726
2387024 2336862 70726
593481 1553645 2915
593481 1566675 2915
1553645 593481 2915
1553645 2526839 2915
1566675 593481 2915
1566675 2526839 2915
2526839 1553645 2915
2526839 1566675 2915
771442 1528007 9972
771442 1592313 9972
1528007 771442 9972
1528007 2348878 9972
1592313 771442 9972
1592313 2348878 9972
2348878 1528007 9972
2348878 1592313 9972
732513 1356320 777
732513 1764000 777
1356320 732513 777
1356320 2387807 777
1764000 732513 777
1764000 2387807 777
2387807 1356320 777
2387807 1764000 777
783458 1448563 18637
783458 1671757 18637
1448563 783458 18637
1448563 2336862 18637
1671757 783458 18637
1671757 2336862 18637
2336862 1448563 18637
2336862 1671757 18637
1024159 1560150 1311
1024159 1560170 1311
1560150 1024159 1311
1560150 2096161 1311
1560170 1024159 1311
1560170 2096161 1311
2096161 1560150 1311
2096161 1560170 1311
939485 1242886 2047
939485 1877434 2047
1242886 939485 2047
1242886 2180835 2047
1877434 939485 2047
1877434 2180835 2047
2180835 1242886 2047
2180835 1877434 2047
1081127 1403360 2437
1081127 1716960 2437
1403360 1081127 2437
1403360 2039193 2437
1716960 1081127 2437
1716960 2039193 2437
2039193 1403360 2437
2039193 1716960 2437
724402 1361540 2388
724402 1758780 2388
1361540 724402 2388
1361540 2395918 2388
1758780 724402 2388
1758780 2395918 2388
2395918 1361540 2388
2395918 1758780 2388
1255444 1405699 11354
1255444 1714621 11354
1405699 1255444 11354
1405699 1864876 11354
1714621 1255444 11354
1714621 1864876 11354
1864876 1405699 11354
1864876 1714621 11354
770659 849330 1395
770659 2270990 1395
849330 770659 1395
849330 2349661 1395
2270990 770659 1395
2270990 2349661 1395
2349661 849330 1395
2349661 2270990 1395
655669 1556235 4145
655669 1564085 4145
1556235 655669 4145
1556235 2464651 4145
1564085 655669 4145
1564085 2464651 4145
2464651 1556235 4145
2464651 1564085 4145
747661 1479662 4136
747661 1640658 4136
1479662 747661 4136
1479662 2372659 4136
1640658 747661 4136
1640658 2372659 4136
2372659 1479662 4136
2372659 1640658 4136
1103332 1554147 2880
1103332 1566173 2880
1554147 1103332 2880
1554147 2016988 2880
1566173 1103332 2880
1566173 2016988 2880
2016988 1554147 2880
2016988 1566173 2880
741648 1479923 3166
741648 1640397 3166
1479923 741648 3166
1479923 2378672 3166
1640397 741648 3166
1640397 2378672 3166
2378672 1479923 3166
2378672 1640397 3166
459418 1556235 263
459418 1564085 263
1556235 459418 263
1556235 2660902 263
1564085 459418 263
1564085 2660902 263
2660902 1556235 263
2660902 1564085 263
1058400 1553906 11992
1058400 1566414 11992
1553906 1058400 11992
1553906 2061920 11992
1566414 1058400 11992
1566414 2061920 11992
2061920 1553906 11992
2061920 1566414 11992
770398 855343 4736
770398 2264977 4736
855343 770398 4736
855343 2349922 4736
2264977 770398 4736
2264977 2349922 4736
2349922 855343 4736
2349922 2264977 4736
751315 1108040 18672
751315 2012280 18672
1108040 751315 18672
1108040 2369005 18672
2012280 751315 18672
2012280 2369005 18672
2369005 1108040 18672
2369005 2012280 18672
1210743 1439930 2020
1210743 1680390 2020
1439930 1210743 2020
1439930 1909577 2020
1680390 1210743 2020
1680390 1909577 2020
1909577 1439930 2020
1909577 1680390 2020
980000 1554930 6324
980000 1565390 6324
1554930 980000 6324
1554930 2140320 6324
1565390 980000 6324
1565390 2140320 6324
2140320 1554930 6324
2140320 1565390 6324
979729 1555452 5313
979729 1564868 5313
1555452 979729 5313
1555452 2140591 5313
1564868 979729 5313
1564868 2140591 5313
2140591 1555452 5313
2140591 1564868 5313
1287065 1560150 165
1287065 1560170 165
1560150 1287065 165
1560150 1833255 165
1560170 1287065 165
1560170 1833255 165
1833255 1560150 165
1833255 1560170 165
1484892 1555191 4699
1484892 1565129 4699
1555191 1484892 4699
1555191 1635428 4699
1565129 1484892 4699
1565129 1635428 4699
1635428 1555191 4699
1635428 1565129 4699
773269 1340640 2041
773269 1779680 2041
1340640 773269 2041
1340640 2347051 2041
1779680 773269 2041
1779680 2347051 2041
2347051 1340640 2041
2347051 1779680 2041
742441 1461894 6609
742441 1658426 6609
1461894 742441 6609
1461894 2377879 6609
1658426 742441 6609
1658426 2377879 6609
2377879 1461894 6609
2377879 1658426 6609
963256 1269799 2806
963256 1850521 2806
1269799 963256 2806
1269799 2157064 2806
1850521 963256 2806
1850521 2157064 2806
2157064 1269799 2806
2157064 1850521 2806
1384267 1560150 3936
1384267 1560170 3936
1560150 1384267 3936
1560150 1736053 3936
1560170 1384267 3936
1560170 1736053 3936
1736053 1560150 3936
1736053 1560170 3936
712386 1221464 1062
712386 1898856 1062
1221464 712386 1062
1221464 2407934 1062
1898856 712386 1062
1898856 2407934 1062
2407934 1221464 1062
2407934 1898856 1062
775357 1450912 182
775357 1669408 182
1450912 775357 182
1450912 2344963 182
1669408 775357 182
1669408 2344963 182
2344963 1450912 182
2344963 1669408 182
774052 1327038 4814
774052 1793282 4814
1327038 774052 4814
1327038 2346268 4814
1793282 774052 4814
1793282 2346268 4814
2346268 1327038 4814
2346268 1793282 4814
692269 1127113 18489
692269 1993207 18489
1127113 692269 18489
1127113 2428051 18489
1993207 692269 18489
1993207 2428051 18489
2428051 1127113 18489
2428051 1993207 18489
758904 1479140 1885
758904 1641180 1885
1479140 758904 1885
1479140 2361416 1885
1641180 758904 1885
1641180 2361416 1885
2361416 1479140 1885
2361416 1641180 1885
760480 1255173 2573
760480 1865147 2573
1255173 760480 2573
1255173 2359840 2573
1865147 760480 2573
1865147 2359840 2573
2359840 1255173 2573
2359840 1865147 2573
1191680 1398391 7157
1191680 1721929 7157
1398391 1191680 7157
1398391 1928640 7157
1721929 1191680 7157
1721929 1928640 7157
1928640 1398391 7157
1928640 1721929 7157
711593 1117185 2807
711593 2003135 2807
1117185 711593 2807
1117185 2408727 2807
2003135 711593 2807
2003135 2408727 2807
2408727 1117185 2807
2408727 2003135 2807
764907 1102820 1543
764907 2017500 1543
1102820 764907 1543
1102820 2355413 1543
2017500 764907 1543
2017500 2355413 1543
2355413 1102820 1543
2355413 2017500 1543
772747 1262240 13848
772747 1858080 13848
1262240 772747 13848
1262240 2347573 13848
1858080 772747 13848
1858080 2347573 13848
2347573 1262240 13848
2347573 1858080 13848
653581 1138878 7767
653581 1981442 7767
1138878 653581 7767
1138878 2466739 7767
1981442 653581 7767
1981442 2466739 7767
2466739 1138878 7767
2466739 1981442 7767
782936 1219627 9796
782936 1900693 9796
1219627 782936 9796
1219627 2337384 9796
1900693 782936 9796
1900693 2337384 9796
2337384 1219627 9796
2337384 1900693 9796
650720 1136519 741
650720 1983801 741
1136519 650720 741
1136519 2469600 741
1983801 650720 741
1983801 2469600 741
2469600 1136519 741
2469600 1983801 741
780848 1371980 3667
780848 1748340 3667
1371980 780848 3667
1371980 2339472 3667
1748340 780848 3667
1748340 2339472 3667
2339472 1371980 3667
2339472 1748340 3667
1139139 1558845 5846
1139139 1561475 5846
1558845 1139139 5846
1558845 1981181 5846
1561475 1139139 5846
1561475 1981181 5846
1981181 1558845 5846
1981181 1561475 5846
729893 1402828 397
729893 1717492 397
1402828 729893 397
1402828 2390427 397
1717492 729893 397
1717492 2390427 397
2390427 1402828 397
2390427 1717492 397
752640 1298810 1850
752640 1821510 1850
1298810 752640 1850
1298810 2367680 1850
1821510 752640 1850
1821510 2367680 1850
2367680 1298810 1850
2367680 1821510 1850
666912 1361018 4062
666912 1759302 4062
1361018 666912 4062
1361018 2453408 4062
1759302 666912 4062
1759302 2453408 4062
2453408 1361018 4062
2453408 1759302 4062
1434700 1553645 6391
1434700 1566675 6391
1553645 1434700 6391
1553645 1685620 6391
1566675 1434700 6391
1566675 1685620 6391
1685620 1553645 6391
1685620 1566675 6391
652547 1366499 4062
652547 1753821 4062
1366499 652547 4062
1366499 2467773 4062
1753821 652547 4062
1753821 2467773 4062
2467773 1366499 4062
2467773 1753821 4062
764124 1272419 230
764124 1847901 230
1272419 764124 230
1272419 2356196 230
1847901 764124 230
1847901 2356196 230
2356196 1272419 230
2356196 1847901 230
1147511 1447258 1662
1147511 1673062 1662
1447258 1147511 1662
1447258 1972809 1662
1673062 1147511 1662
1673062 1972809 1662
1972809 1447258 1662
1972809 1673062 1662
1159266 1560150 10618
1159266 1560170 10618
1560150 1159266 10618
1560150 1961054 10618
1560170 1159266 10618
1560170 1961054 10618
1961054 1560150 10618
1961054 1560170 10618
773279 777977 26417
773279 2342343 26417
777977 773279 26417
777977 2347041 26417
2342343 773279 26417
2342343 2347041 26417
2347041 777977 26417
2347041 2342343 26417
1150633 1553886 12444
1150633 1566434 12444
1553886 1150633 12444
1553886 1969687 12444
1566434 1150633 12444
1566434 1969687 12444
1969687 1553886 12444
1969687 1566434 12444
780326 906820 2799
780326 2213500 2799
906820 780326 2799
906820 2339994 2799
2213500 780326 2799
2213500 2339994 2799
2339994 906820 2799
2339994 2213500 2799
746095 1553645 28696
746095 1566675 28696
1553645 746095 28696
1553645 2374225 28696
1566675 746095 28696
1566675 2374225 28696
2374225 1553645 28696
2374225 1566675 28696
729120 1553886 18291
729120 1566434 18291
1553886 729120 18291
1553886 2391200 18291
1566434 729120 18291
1566434 2391200 18291
2391200 1553886 18291
2391200 1566434 18291
575974 1553886 26049
575974 1566434 26049
1553886 575974 26049
1553886 2544346 26049
1566434 575974 26049
1566434 2544346 26049
2544346 1553886 26049
2544346 1566434 26049
695130 1553645 6044
695130 1566675 6044
1553645 695130 6044
1553645 2425190 6044
1566675 695130 6044
1566675 2425190 6044
2425190 1553645 6044
2425190 1566675 6044
917260 1213353 505
917260 1906967 505
1213353 917260 505
1213353 2203060 505
1906967 917260 505
1906967 2203060 505
2203060 1213353 505
2203060 1906967 505
919629 1216766 2281
919629 1903554 2281
1216766 919629 2281
1216766 2200691 2281
1903554 919629 2281
1903554 2200691 2281
2200691 1216766 2281
2200691 1903554 2281
860824 1560150 634
860824 1560170 634
1560150 860824 634
1560150 2259496 634
1560170 860824 634
1560170 2259496 634
2259496 1560150 634
2259496 1560170 634
782936 1396564 3438
782936 1723756 3438
1396564 782936 3438
1396564 2337384 3438
1723756 782936 3438
1723756 2337384 3438
2337384 1396564 3438
2337384 1723756 3438
731469 1492210 1025
731469 1628110 1025
1492210 731469 1025
1492210 2388851 1025
1628110 731469 1025
1628110 2388851 1025
2388851 1492210 1025
2388851 1628110 1025
1189321 1559889 2160
1189321 1560431 2160
1559889 1189321 2160
1559889 1930999 2160
1560431 1189321 2160
1560431 1930999 2160
1930999 1559889 2160
1930999 1560431 2160
829725 1560150 1867
829725 1560170 1867
1560150 829725 1867
1560150 2290595 1867
1560170 829725 1867
1560170 2290595 1867
2290595 1560150 1867
2290595 1560170 1867
777716 1485926 2876
777716 1634394 2876
1485926 777716 2876
1485926 2342604 2876
1634394 777716 2876
1634394 2342604 2876
2342604 1485926 2876
2342604 1634394 2876
783458 1310324 10501
783458 1809996 10501
1310324 783458 10501
1310324 2336862 10501
1809996 783458 10501
1809996 2336862 10501
2336862 1310324 10501
2336862 1809996 10501
781370 1394195 7570
781370 1726125 7570
1394195 781370 7570
1394195 2338950 7570
1726125 781370 7570
1726125 2338950 7570
2338950 1394195 7570
2338950 1726125 7570
1194812 1554147 1501
1194812 1566173 1501
1554147 1194812 1501
1554147 1925508 1501
1566173 1194812 1501
1566173 1925508 1501
1925508 1554147 1501
1925508 1566173 1501
757599 1443333 1167
757599 1676987 1167
1443333 757599 1167
1443333 2362721 1167
1676987 757599 1167
1676987 2362721 1167
2362721 1443333 1167
2362721 1676987 1167
782153 1335661 18559
782153 1784659 18559
1335661 782153 18559
1335661 2338167 18559
1784659 782153 18559
1784659 2338167 18559
2338167 1335661 18559
2338167 1784659 18559
1457437 1554408 3139
1457437 1565912 3139
1554408 1457437 3139
1554408 1662883 3139
1565912 1457437 3139
1565912 1662883 3139
1662883 1554408 3139
1662883 1565912 3139
695401 1343511 263
695401 1776809 263
1343511 695401 263
1343511 2424919 263
1776809 695401 263
1776809 2424919 263
2424919 1343511 263
2424919 1776809 263
1067796 1560150 4252
1067796 1560170 4252
1560150 1067796 4252
1560150 2052524 4252
1560170 1067796 4252
1560170 2052524 4252
2052524 1560150 4252
2052524 1560170 4252
783458 1331475 7494
783458 1788845 7494
1331475 783458 7494
1331475 2336862 7494
1788845 783458 7494
1788845 2336862 7494
2336862 1331475 7494
2336862 1788845 7494
1438364 1560150 1331
1438364 1560170 1331
1560150 1438364 1331
1560150 1681956 1331
1560170 1438364 1331
1560170 1681956 1331
1681956 1560150 1331
1681956 1560170 1331
531534 1553886 49137
531534 1566434 49137
1553886 531534 49137
1553886 2588786 49137
1566434 531534 49137
1566434 2588786 49137
2588786 1553886 49137
2588786 1566434 49137
643141 1555713 8696
643141 1564607 8696
1555713 643141 8696
1555713 2477179 8696
1564607 643141 8696
1564607 2477179 8696
2477179 1555713 8696
2477179 1564607 8696
768581 1351602 255
768581 1768718 255
1351602 768581 255
1351602 2351739 255
1768718 768581 255
1768718 2351739 255
2351739 1351602 255
2351739 1768718 255
1514415 1560150 512
1514415 1560170 512
1560150 1514415 512
1560150 1605905 512
1560170 1514415 512
1560170 1605905 512
1605905 1560150 512
1605905 1560170 512
1123730 1553645 5856
1123730 1566675 5856
1553645 1123730 5856
1553645 1996590 5856
1566675 1123730 5856
1566675 1996590 5856
1996590 1553645 5856
1996590 1566675 5856
1500572 1556255 4911
1500572 1564065 4911
1556255 1500572 4911
1556255 1619748 4911
1564065 1500572 4911
1564065 1619748 4911
1619748 1556255 4911
1619748 1564065 4911
1120578 1553886 18883
1120578 1566434 18883
1553886 1120578 18883
1553886 1999742 18883
1566434 1120578 18883
1566434 1999742 18883
1999742 1553886 18883
1999742 1566434 18883
514820 1555211 2603
514820 1565109 2603
1555211 514820 2603
1555211 2605500 2603
1565109 514820 2603
1565109 2605500 2603
2605500 1555211 2603
2605500 1565109 2603
783197 1268494 16117
783197 1851826 16117
1268494 783197 16117
1268494 2337123 16117
1851826 783197 16117
1851826 2337123 16117
2337123 1268494 16117
2337123 1851826 16117
1094197 1553645 5058
1094197 1566675 5058
1553645 1094197 5058
1553645 2026123 5058
1566675 1094197 5058
1566675 2026123 5058
2026123 1553645 5058
2026123 1566675 5058
776140 1536620 4191
776140 1583700 4191
1536620 776140 4191
1536620 2344180 4191
1583700 776140 4191
1583700 2344180 4191
2344180 1536620 4191
2344180 1583700 4191
930330 1553645 2660
930330 1566675 2660
1553645 930330 2660
1553645 2189990 2660
1566675 930330 2660
1566675 2189990 2660
2189990 1553645 2660
2189990 1566675 2660
1101776 1558845 4577
1101776 1561475 4577
1558845 1101776 4577
1558845 2018544 4577
1561475 1101776 4577
1561475 2018544 4577
2018544 1558845 4577
2018544 1561475 4577
764646 1459274 1620
764646 1661046 1620
1459274 764646 1620
1459274 2355674 1620
1661046 764646 1620
1661046 2355674 1620
2355674 1459274 1620
2355674 1661046 1620
716562 1407014 10324
716562 1713306 10324
1407014 716562 10324
1407014 2403758 10324
1713306 716562 10324
1713306 2403758 10324
2403758 1407014 10324
2403758 1713306 10324
1423467 1553886 8017
1423467 1566434 8017
1553886 1423467 8017
1553886 1696853 8017
1566434 1423467 8017
1566434 1696853 8017
1696853 1553886 8017
1696853 1566434 8017
1256227 1560150 6212
1256227 1560170 6212
1560150 1256227 6212
1560150 1864093 6212
1560170 1256227 6212
1560170 1864093 6212
1864093 1560150 6212
1864093 1560170 6212
1229826 1560150 674
1229826 1560170 674
1560150 1229826 674
1560150 1890494 674
1560170 1229826 674
1560170 1890494 674
1890494 1560150 674
1890494 1560170 674
776933 1221454 7093
776933 1898866 7093
1221454 776933 7093
1221454 2343387 7093
1898866 776933 7093
1898866 2343387 7093
2343387 1221454 7093
2343387 1898866 7093
1280781 1556516 4296
1280781 1563804 4296
1556516 1280781 4296
1556516 1839539 4296
1563804 1280781 4296
1563804 1839539 4296
1839539 1556516 4296
1839539 1563804 4296
783197 1371980 3374
783197 1748340 3374
1371980 783197 3374
1371980 2337123 3374
1748340 783197 3374
1748340 2337123 3374
2337123 1371980 3374
2337123 1748340 3374
779543 1235307 16658
779543 1885013 16658
1235307 779543 16658
1235307 2340777 16658
1885013 779543 16658
1885013 2340777 16658
2340777 1235307 16658
2340777 1885013 16658
966398 1559889 12118
966398 1560431 12118
1559889 966398 12118
1559889 2153922 12118
1560431 966398 12118
1560431 2153922 12118
2153922 1559889 12118
2153922 1560431 12118
1411451 1560150 162
1411451 1560170 162
1560150 1411451 162
1560150 1708869 162
1560170 1411451 162
1560170 1708869 162
1708869 1560150 162
1708869 1560170 162
674762 1559628 16718
674762 1560692 16718
1559628 674762 16718
1559628 2445558 16718
1560692 674762 16718
1560692 2445558 16718
2445558 1559628 16718
2445558 1560692 16718
773791 1318686 5319
773791 1801634 5319
1318686 773791 5319
1318686 2346529 5319
1801634 773791 5319
1801634 2346529 5319
2346529 1318686 5319
2346529 1801634 5319
983393 1555713 5005
983393 1564607 5005
1555713 983393 5005
1555713 2136927 5005
1564607 983393 5005
1564607 2136927 5005
2136927 1555713 5005
2136927 1564607 5005
743224 1398130 4562
743224 1722190 4562
1398130 743224 4562
1398130 2377096 4562
1722190 743224 4562
1722190 2377096 4562
2377096 1398130 4562
2377096 1722190 4562
1274768 1553645 7268
1274768 1566675 7268
1553645 1274768 7268
1553645 1845552 7268
1566675 1274768 7268
1566675 1845552 7268
1845552 1553645 7268
1845552 1566675 7268
742953 1112487 1310
742953 2007833 1310
1112487 742953 1310
1112487 2377367 1310
2007833 742953 1310
2007833 2377367 1310
2377367 1112487 1310
2377367 2007833 1310
770659 1178871 8447
770659 1941449 8447
1178871 770659 8447
1178871 2349661 8447
1941449 770659 8447
1941449 2349661 8447
2349661 1178871 8447
2349661 1941449 8447
783197 1198978 10239
783197 1921342 10239
1198978 783197 10239
1198978 2337123 10239
1921342 783197 10239
1921342 2337123 10239
2337123 1198978 10239
2337123 1921342 10239
964300 1557540 1075
964300 1562780 1075
1557540 964300 1075
1557540 2156020 1075
1562780 964300 1075
1562780 2156020 1075
2156020 1557540 1075
2156020 1562780 1075
1156385 1445431 2236
1156385 1674889 2236
1445431 1156385 2236
1445431 1963935 2236
1674889 1156385 2236
1674889 1963935 2236
1963935 1445431 2236
1963935 1674889 2236
1160581 1454827 5546
1160581 1665493 5546
1454827 1160581 5546
1454827 1959739 5546
1665493 1160581 5546
1665493 1959739 5546
1959739 1454827 5546
1959739 1665493 5546
1188267 1442540 6924
1188267 1677780 6924
1442540 1188267 6924
1442540 1932053 6924
1677780 1188267 6924
1677780 1932053 6924
1932053 1442540 6924
1932053 1677780 6924
1372000 1556496 16725
1372000 1563824 16725
1556496 1372000 16725
1556496 1748320 16725
1563824 1372000 16725
1563824 1748320 16725
1748320 1556496 16725
1748320 1563824 16725
776140 1553886 14527
776140 1566434 14527
1553886 776140 14527
1553886 2344180 14527
1566434 776140 14527
1566434 2344180 14527
2344180 1553886 14527
2344180 1566434 14527
770669 783197 67991
770669 2337123 67991
783197 770669 67991
783197 2349651 67991
2337123 770669 67991
2337123 2349651 67991
2349651 783197 67991
2349651 2337123 67991
1155612 1554147 5560
1155612 1566173 5560
1554147 1155612 5560
1554147 1964708 5560
1566173 1155612 5560
1566173 1964708 5560
1964708 1554147 5560
1964708 1566173 5560
886432 1560150 5485
886432 1560170 5485
1560150 886432 5485
1560150 2233888 5485
1560170 886432 5485
1560170 2233888 5485
2233888 1560150 5485
2233888 1560170 5485
778499 1379840 10168
778499 1740480 10168
1379840 778499 10168
1379840 2341821 10168
1740480 778499 10168
1740480 2341821 10168
2341821 1379840 10168
2341821 1740480 10168
912823 1555994 38
912823 1564326 38
1555994 912823 38
1555994 2207497 38
1564326 912823 38
1564326 2207497 38
2207497 1555994 38
2207497 1564326 38
782936 1333312 3266
782936 1787008 3266
1333312 782936 3266
1333312 2337384 3266
1787008 782936 3266
1787008 2337384 3266
2337384 1333312 3266
2337384 1787008 3266
388858 1560150 1845
388858 1560170 1845
1560150 388858 1845
1560150 2731462 1845
1560170 388858 1845
1560170 2731462 1845
2731462 1560150 1845
2731462 1560170 1845
782936 1398652 12750
782936 1721668 12750
1398652 782936 12750
1398652 2337384 12750
1721668 782936 12750
1721668 2337384 12750
2337384 1398652 12750
2337384 1721668 12750
775106 1490634 1999
775106 1629686 1999
1490634 775106 1999
1490634 2345214 1999
1629686 775106 1999
1629686 2345214 1999
2345214 1490634 1999
2345214 1629686 1999
783197 1062315 43981
783197 2058005 43981
1062315 783197 43981
1062315 2337123 43981
2058005 783197 43981
2058005 2337123 43981
2337123 1062315 43981
2337123 2058005 43981
1537935 1555994 4671
1537935 1564326 4671
1555994 1537935 4671
1555994 1582385 4671
1564326 1537935 4671
1564326 1582385 4671
1582385 1555994 4671
1582385 1564326 4671
884856 1168160 4970
884856 1952160 4970
1168160 884856 4970
1168160 2235464 4970
1952160 884856 4970
1952160 2235464 4970
2235464 1168160 4970
2235464 1952160 4970
869186 1558604 2737
869186 1561716 2737
1558604 869186 2737
1558604 2251134 2737
1561716 869186 2737
1561716 2251134 2737
2251134 1558604 2737
2251134 1561716 2737
708993 1560150 35674
708993 1560170 35674
1560150 708993 35674
1560150 2411327 35674
1560170 708993 35674
1560170 2411327 35674
2411327 1560150 35674
2411327 1560170 35674
772486 1371980 3093
772486 1748340 3093
1371980 772486 3093
1371980 2347834 3093
1748340 772486 3093
1748340 2347834 3093
2347834 1371980 3093
2347834 1748340 3093
783197 1341945 10014
783197 1778375 10014
1341945 783197 10014
1341945 2337123 10014
1778375 783197 10014
1778375 2337123 10014
2337123 1341945 10014
2337123 1778375 10014
392000 1559889 5810
392000 1560431 5810
1559889 392000 5810
1559889 2728320 5810
1560431 392000 5810
1560431 2728320 5810
2728320 1559889 5810
2728320 1560431 5810
1514947 1554408 5129
1514947 1565912 5129
1554408 1514947 5129
1554408 1605373 5129
1565912 1514947 5129
1565912 1605373 5129
1605373 1554408 5129
1605373 1565912 5129
1442540 1554669 1971
1442540 1565651 1971
1554669 1442540 1971
1554669 1677780 1971
1565651 1442540 1971
1565651 1677780 1971
1677780 1554669 1971
1677780 1565651 1971
1467907 1555733 2095
1467907 1564587 2095
1555733 1467907 2095
1555733 1652413 2095
1564587 1467907 2095
1564587 1652413 2095
1652413 1555733 2095
1652413 1564587 2095
781370 1125025 7030
781370 1995295 7030
1125025 781370 7030
1125025 2338950 7030
1995295 781370 7030
1995295 2338950 7030
2338950 1125025 7030
2338950 1995295 7030
767517 1389497 4364
767517 1730823 4364
1389497 767517 4364
1389497 2352803 4364
1730823 767517 4364
1730823 2352803 4364
2352803 1389497 4364
2352803 1730823 4364
774323 1535837 7860
774323 1584483 7860
1535837 774323 7860
1535837 2345997 7860
1584483 774323 7860
1584483 2345997 7860
2345997 1535837 7860
2345997 1584483 7860
771964 1455098 2557
771964 1665222 2557
1455098 771964 2557
1455098 2348356 2557
1665222 771964 2557
1665222 2348356 2557
2348356 1455098 2557
2348356 1665222 2557
774835 909420 4668
774835 2210900 4668
909420 774835 4668
909420 2345485 4668
2210900 774835 4668
2210900 2345485 4668
2345485 909420 4668
2345485 2210900 4668
586153 1557540 5556
586153 1562780 5556
1557540 586153 5556
1557540 2534167 5556
1562780 586153 5556
1562780 2534167 5556
2534167 1557540 5556
2534167 1562780 5556
1271114 1560150 6030
1271114 1560170 6030
1560150 1271114 6030
1560150 1849206 6030
1560170 1271114 6030
1560170 1849206 6030
1849206 1560150 6030
1849206 1560170 6030
654635 1272951 946
654635 1847369 946
1272951 654635 946
1272951 2465685 946
1847369 654635 946
1847369 2465685 946
2465685 1272951 946
2465685 1847369 946
529707 1556496 23334
529707 1563824 23334
1556496 529707 23334
1556496 2590613 23334
1563824 529707 23334
1563824 2590613 23334
2590613 1556496 23334
2590613 1563824 23334
1027291 1558062 12174
1027291 1562258 12174
1558062 1027291 12174
1558062 2093029 12174
1562258 1027291 12174
1562258 2093029 12174
2093029 1558062 12174
2093029 1562258 12174
672393 1332780 5274
672393 1787540 5274
1332780 672393 5274
1332780 2447927 5274
1787540 672393 5274
1787540 2447927 5274
2447927 1332780 5274
2447927 1787540 5274
671349 1333322 7983
671349 1786998 7983
1333322 671349 7983
1333322 2448971 7983
1786998 671349 7983
1786998 2448971 7983
2448971 1333322 7983
2448971 1786998 7983
1222247 1560150 1099
1222247 1560170 1099
1560150 1222247 1099
1560150 1898073 1099
1560170 1222247 1099
1560170 1898073 1099
1898073 1560150 1099
1898073 1560170 1099
781370 1410407 10346
781370 1709913 10346
1410407 781370 10346
1410407 2338950 10346
1709913 781370 10346
1709913 2338950 10346
2338950 1410407 10346
2338950 1709913 10346
713440 1559889 3133
713440 1560431 3133
1559889 713440 3133
1559889 2406880 3133
1560431 713440 3133
1560431 2406880 3133
2406880 1559889 3133
2406880 1560431 3133
338937 1560150 1869
338937 1560170 1869
1560150 338937 1869
1560150 2781383 1869
1560170 338937 1869
1560170 2781383 1869
2781383 1560150 1869
2781383 1560170 1869
991494 1560150 5074
991494 1560170 5074
1560150 991494 5074
1560150 2128826 5074
1560170 991494 5074
1560170 2128826 5074
2128826 1560150 5074
2128826 1560170 5074
693574 1558845 84164
693574 1561475 84164
1558845 693574 84164
1558845 2426746 84164
1561475 693574 84164
1561475 2426746 84164
2426746 1558845 84164
2426746 1561475 84164
687551 1554167 28828
687551 1566153 28828
1554167 687551 28828
1554167 2432769 28828
1566153 687551 28828
1566153 2432769 28828
2432769 1554167 28828
2432769 1566153 28828
571256 1553906 2579
571256 1566414 2579
1553906 571256 2579
1553906 2549064 2579
1566414 571256 2579
1566414 2549064 2579
2549064 1553906 2579
2549064 1566414 2579
1133387 1483838 4117
1133387 1636482 4117
1483838 1133387 4117
1483838 1986933 4117
1636482 1133387 4117
1636482 1986933 4117
1986933 1483838 4117
1986933 1636482 4117
780326 1241330 4840
780326 1878990 4840
1241330 780326 4840
1241330 2339994 4840
1878990 780326 4840
1878990 2339994 4840
2339994 1241330 4840
2339994 1878990 4840
782936 1262220 19184
782936 1858100 19184
1262220 782936 19184
1262220 2337384 19184
1858100 782936 19184
1858100 2337384 19184
2337384 1262220 19184
2337384 1858100 19184
775618 1426880 3064
775618 1693440 3064
1426880 775618 3064
1426880 2344702 3064
1693440 775618 3064
1693440 2344702 3064
2344702 1426880 3064
2344702 1693440 3064
745322 1351341 2599
745322 1768979 2599
1351341 745322 2599
1351341 2374998 2599
1768979 745322 2599
1768979 2374998 2599
2374998 1351341 2599
2374998 1768979 2599
782414 1222498 18095
782414 1897822 18095
1222498 782414 18095
1222498 2337906 18095
1897822 782414 18095
1897822 2337906 18095
2337906 1222498 18095
2337906 1897822 18095
826593 1559628 1510
826593 1560692 1510
1559628 826593 1510
1559628 2293727 1510
1560692 826593 1510
1560692 2293727 1510
2293727 1559628 1510
2293727 1560692 1510
1245235 1416149 8608
1245235 1704171 8608
1416149 1245235 8608
1416149 1875085 8608
1704171 1245235 8608
1704171 1875085 8608
1875085 1416149 8608
1875085 1704171 8608
678677 1340640 4490
678677 1779680 4490
1340640 678677 4490
1340640 2441643 4490
1779680 678677 4490
1779680 2441643 4490
2441643 1340640 4490
2441643 1779680 4490
752640 1440201 6305
752640 1680119 6305
1440201 752640 6305
1440201 2367680 6305
1680119 752640 6305
1680119 2367680 6305
2367680 1440201 6305
2367680 1680119 6305
962995 1560150 6696
962995 1560170 6696
1560150 962995 6696
1560150 2157325 6696
1560170 962995 6696
1560170 2157325 6696
2157325 1560150 6696
2157325 1560170 6696
702709 1127113 11508
702709 1993207 11508
1127113 702709 11508
1127113 2417611 11508
1993207 702709 11508
1993207 2417611 11508
2417611 1127113 11508
2417611 1993207 11508
1107789 1553645 1273
1107789 1566675 1273
1553645 1107789 1273
1553645 2012531 1273
1566675 1107789 1273
1566675 2012531 1273
2012531 1553645 1273
2012531 1566675 1273
751325 1487502 6808
751325 1632818 6808
1487502 751325 6808
1487502 2368995 6808
1632818 751325 6808
1632818 2368995 6808
2368995 1487502 6808
2368995 1632818 6808
771442 1281564 8656
771442 1838756 8656
1281564 771442 8656
1281564 2348878 8656
1838756 771442 8656
1838756 2348878 8656
2348878 1281564 8656
2348878 1838756 8656
756806 1434178 6801
756806 1686142 6801
1434178 756806 6801
1434178 2363514 6801
1686142 756806 6801
1686142 2363514 6801
2363514 1434178 6801
2363514 1686142 6801
1185657 1450912 6412
1185657 1669408 6412
1450912 1185657 6412
1450912 1934663 6412
1669408 1185657 6412
1669408 1934663 6412
1934663 1450912 6412
1934663 1669408 6412
783458 1166845 10597
783458 1953475 10597
1166845 783458 10597
1166845 2336862 10597
1953475 783458 10597
1953475 2336862 10597
2336862 1166845 10597
2336862 1953475 10597
771703 1323645 3912
771703 1796675 3912
1323645 771703 3912
1323645 2348617 3912
1796675 771703 3912
1796675 2348617 3912
2348617 1323645 3912
2348617 1796675 3912
1083215 1559106 824
1083215 1561214 824
1559106 1083215 824
1559106 2037105 824
1561214 1083215 824
1561214 2037105 824
2037105 1559106 824
2037105 1561214 824
1081900 1559628 7548
1081900 1560692 7548
1559628 1081900 7548
1559628 2038420 7548
1560692 1081900 7548
1560692 2038420 7548
2038420 1559628 7548
2038420 1560692 7548
780848 1211265 2102
780848 1909055 2102
1211265 780848 2102
1211265 2339472 2102
1909055 780848 2102
1909055 2339472 2102
2339472 1211265 2102
2339472 1909055 2102
783458 1553645 17872
783458 1566675 17872
1553645 783458 17872
1553645 2336862 17872
1566675 783458 17872
1566675 2336862 17872
2336862 1553645 17872
2336862 1566675 17872
770398 1560150 91
770398 1560170 91
1560150 770398 91
1560150 2349922 91
1560170 770398 91
1560170 2349922 91
2349922 1560150 91
2349922 1560170 91
1167096 1560150 2390
1167096 1560170 2390
1560150 1167096 2390
1560150 1953224 2390
1560170 1167096 2390
1560170 1953224 2390
1953224 1560150 2390
1953224 1560170 2390
780065 1111172 9850
780065 2009148 9850
1111172 780065 9850
1111172 2340255 9850
2009148 780065 9850
2009148 2340255 9850
2340255 1111172 9850
2340255 2009148 9850
706895 782153 52294
706895 2338167 52294
782153 706895 52294
782153 2413425 52294
2338167 706895 52294
2338167 2413425 52294
2413425 782153 52294
2413425 2338167 52294
630071 1553886 12450
630071 1566434 12450
1553886 630071 12450
1553886 2490249 12450
1566434 630071 12450
1566434 2490249 12450
2490249 1553886 12450
2490249 1566434 12450
777977 809598 1821
777977 2310722 1821
809598 777977 1821
809598 2342343 1821
2310722 777977 1821
2310722 2342343 1821
2342343 809598 1821
2342343 2310722 1821
410541 1560150 7313
410541 1560170 7313
1560150 410541 7313
1560150 2709779 7313
1560170 410541 7313
1560170 2709779 7313
2709779 1560150 7313
2709779 1560170 7313
770669 777977 13901
770669 2342343 13901
777977 770669 13901
777977 2349651 13901
2342343 770669 13901
2342343 2349651 13901
2349651 777977 13901
2349651 2342343 13901
912572 1553906 925
912572 1566414 925
1553906 912572 925
1553906 2207748 925
1566414 912572 925
1566414 2207748 925
2207748 1553906 925
2207748 1566414 925
783197 1381928 19353
783197 1738392 19353
1381928 783197 19353
1381928 2337123 19353
1738392 783197 19353
1738392 2337123 19353
2337123 1381928 19353
2337123 1738392 19353
782936 1309280 17361
782936 1811040 17361
1309280 782936 17361
1309280 2337384 17361
1811040 782936 17361
1811040 2337384 17361
2337384 1309280 17361
2337384 1811040 17361
773018 1511805 12527
773018 1608515 12527
1511805 773018 12527
1511805 2347302 12527
1608515 773018 12527
1608515 2347302 12527
2347302 1511805 12527
2347302 1608515 12527
378920 1559648 1344
378920 1560672 1344
1559648 378920 1344
1559648 2741400 1344
1560672 378920 1344
1560672 2741400 1344
2741400 1559648 1344
2741400 1560672 1344
782414 1299593 7352
782414 1820727 7352
1299593 782414 7352
1299593 2337906 7352
1820727 782414 7352
1820727 2337906 7352
2337906 1299593 7352
2337906 1820727 7352
777455 1411722 5774
777455 1708598 5774
1411722 777455 5774
1411722 2342865 5774
1708598 777455 5774
1708598 2342865 5774
2342865 1411722 5774
2342865 1708598 5774
776933 1410929 415
776933 1709391 415
1410929 776933 415
1410929 2343387 415
1709391 776933 415
1709391 2343387 415
2343387 1410929 415
2343387 1709391 415
933472 1240015 4125
933472 1880305 4125
1240015 933472 4125
1240015 2186848 4125
1880305 933472 4125
1880305 2186848 4125
2186848 1240015 4125
2186848 1880305 4125
450524 1556496 9484
450524 1563824 9484
1556496 450524 9484
1556496 2669796 9484
1563824 450524 9484
1563824 2669796 9484
2669796 1556496 9484
2669796 1563824 9484
775106 1524614 305
775106 1595706 305
1524614 775106 305
1524614 2345214 305
1595706 775106 305
1595706 2345214 305
2345214 1524614 305
2345214 1595706 305
756545 1553645 16725
756545 1566675 16725
1553645 756545 16725
1553645 2363775 16725
1566675 756545 16725
1566675 2363775 16725
2363775 1553645 16725
2363775 1566675 16725
1518079 1556235 3604
1518079 1564085 3604
1556235 1518079 3604
1556235 1602241 3604
1564085 1518079 3604
1564085 1602241 3604
1602241 1556235 3604
1602241 1564085 3604
1534271 1555452 1426
1534271 1564868 1426
1555452 1534271 1426
1555452 1586049 1426
1564868 1534271 1426
1564868 1586049 1426
1586049 1555452 1426
1586049 1564868 1426
1212048 1556235 6850
1212048 1564085 6850
1556235 1212048 6850
1556235 1908272 6850
1564085 1212048 6850
1564085 1908272 6850
1908272 1556235 6850
1908272 1564085 6850
780065 1356320 1886
780065 1764000 1886
1356320 780065 1886
1356320 2340255 1886
1764000 780065 1886
1764000 2340255 1886
2340255 1356320 1886
2340255 1764000 1886
779804 1355527 3783
779804 1764793 3783
1355527 779804 3783
1355527 2340516 3783
1764793 779804 3783
1764793 2340516 3783
2340516 1355527 3783
2340516 1764793 3783
948891 1251519 10104
948891 1868801 10104
1251519 948891 10104
1251519 2171429 10104
1868801 948891 10104
1868801 2171429 10104
2171429 1251519 10104
2171429 1868801 10104
733286 1293058 16
733286 1827262 16
1293058 733286 16
1293058 2387034 16
1827262 733286 16
1827262 2387034 16
2387034 1293058 16
2387034 1827262 16
846700 1555713 2317
846700 1564607 2317
1555713 846700 2317
1555713 2273620 2317
1564607 846700 2317
1564607 2273620 2317
2273620 1555713 2317
2273620 1564607 2317
1192453 1560150 3820
1192453 1560170 3820
1560150 1192453 3820
1560150 1927867 3820
1560170 1192453 3820
1560170 1927867 3820
1927867 1560150 3820
1927867 1560170 3820
1419030 1554408 19694
1419030 1565912 19694
1554408 1419030 19694
1554408 1701290 19694
1565912 1419030 19694
1565912 1701290 19694
1701290 1554408 19694
1701290 1565912 19694
768300 1398120 913
768300 1722200 913
1398120 768300 913
1398120 2352020 913
1722200 768300 913
1722200 2352020 913
2352020 1398120 913
2352020 1722200 913
1502911 1553645 3484
1502911 1566675 3484
1553645 1502911 3484
1553645 1617409 3484
1566675 1502911 3484
1566675 1617409 3484
1617409 1553645 3484
1617409 1566675 3484
1255444 1408570 3238
1255444 1711750 3238
1408570 1255444 3238
1408570 1864876 3238
1711750 1255444 3238
1711750 1864876 3238
1864876 1408570 3238
1864876 1711750 3238
776150 940529 11411
776150 2179791 11411
940529 776150 11411
940529 2344170 11411
2179791 776150 11411
2179791 2344170 11411
2344170 940529 11411
2344170 2179791 11411
730425 1282347 1187
730425 1837973 1187
1282347 730425 1187
1282347 2389895 1187
1837973 730425 1187
1837973 2389895 1187
2389895 1282347 1187
2389895 1837973 1187
1242625 1554669 4079
1242625 1565651 4079
1554669 1242625 4079
1554669 1877695 4079
1565651 1242625 4079
1565651 1877695 4079
1877695 1554669 4079
1877695 1565651 4079
767788 1271124 2410
767788 1849196 2410
1271124 767788 2410
1271124 2352532 2410
1849196 767788 2410
1849196 2352532 2410
2352532 1271124 2410
2352532 1849196 2410
744800 1446465 635
744800 1673855 635
1446465 744800 635
1446465 2375520 635
1673855 744800 635
1673855 2375520 635
2375520 1446465 635
2375520 1673855 635
1482533 1560150 3289
1482533 1560170 3289
1560150 1482533 3289
1560150 1637787 3289
1560170 1482533 3289
1560170 1637787 3289
1637787 1560150 3289
1637787 1560170 3289
1143064 1448041 8338
1143064 1672279 8338
1448041 1143064 8338
1448041 1977256 8338
1672279 1143064 8338
1672279 1977256 8338
1977256 1448041 8338
1977256 1672279 8338
994877 1560150 3297
994877 1560170 3297
1560150 994877 3297
1560150 2125443 3297
1560170 994877 3297
1560170 2125443 3297
2125443 1560150 3297
2125443 1560170 3297
1395500 1553645 17924
1395500 1566675 17924
1553645 1395500 17924
1553645 1724820 17924
1566675 1395500 17924
1566675 1724820 17924
1724820 1553645 17924
1724820 1566675 17924
1244974 1405187 7667
1244974 1715133 7667
1405187 1244974 7667
1405187 1875346 7667
1715133 1244974 7667
1715133 1875346 7667
1875346 1405187 7667
1875346 1715133 7667
1175719 1457447 4114
1175719 1662873 4114
1457447 1175719 4114
1457447 1944601 4114
1662873 1175719 4114
1662873 1944601 4114
1944601 1457447 4114
1944601 1662873 4114
782936 1253085 6152
782936 1867235 6152
1253085 782936 6152
1253085 2337384 6152
1867235 782936 6152
1867235 2337384 6152
2337384 1253085 6152
2337384 1867235 6152
783458 1262491 770
783458 1857829 770
1262491 783458 770
1262491 2336862 770
1857829 783458 770
1857829 2336862 770
2336862 1262491 770
2336862 1857829 770
768300 937387 342
768300 2182933 342
937387 768300 342
937387 2352020 342
2182933 768300 342
2182933 2352020 342
2352020 937387 342
2352020 2182933 342
1042971 1560150 6164
1042971 1560170 6164
1560150 1042971 6164
1560150 2077349 6164
1560170 1042971 6164
1560170 2077349 6164
2077349 1560150 6164
2077349 1560170 6164
1069372 1555713 12702
1069372 1564607 12702
1555713 1069372 12702
1555713 2050948 12702
1564607 1069372 12702
1564607 2050948 12702
2050948 1555713 12702
2050948 1564607 12702
1065698 1553645 8517
1065698 1566675 8517
1553645 1065698 8517
1553645 2054622 8517
1566675 1065698 8517
1566675 2054622 8517
2054622 1553645 8517
2054622 1566675 8517
783458 1238700 9756
783458 1881620 9756
1238700 783458 9756
1238700 2336862 9756
1881620 783458 9756
1881620 2336862 9756
2336862 1238700 9756
2336862 1881620 9756
560555 1560150 11012
560555 1560170 11012
1560150 560555 11012
1560150 2559765 11012
1560170 560555 11012
1560170 2559765 11012
2559765 1560150 11012
2559765 1560170 11012
1217549 1555452 1663
1217549 1564868 1663
1555452 1217549 1663
1555452 1902771 1663
1564868 1217549 1663
1564868 1902771 1663
1902771 1555452 1663
1902771 1564868 1663
1207360 1389507 4661
1207360 1730813 4661
1389507 1207360 4661
1389507 1912960 4661
1730813 1207360 4661
1730813 1912960 4661
1912960 1389507 4661
1912960 1730813 4661
1309280 1553886 4664
1309280 1566434 4664
1553886 1309280 4664
1553886 1811040 4664
1566434 1309280 4664
1566434 1811040 4664
1811040 1553886 4664
1811040 1566434 4664
703763 1338020 3767
703763 1782300 3767
1338020 703763 3767
1338020 2416557 3767
1782300 703763 3767
1782300 2416557 3767
2416557 1338020 3767
2416557 1782300 3767
728056 1214919 6089
728056 1905401 6089
1214919 728056 6089
1214919 2392264 6089
1905401 728056 6089
1905401 2392264 6089
2392264 1214919 6089
2392264 1905401 6089
669793 1320774 2868
669793 1799546 2868
1320774 669793 2868
1320774 2450527 2868
1799546 669793 2868
1799546 2450527 2868
2450527 1320774 2868
2450527 1799546 2868
983644 1553886 8548
983644 1566434 8548
1553886 983644 8548
1553886 2136676 8548
1566434 983644 8548
1566434 2136676 8548
2136676 1553886 8548
2136676 1566434 8548
708983 1217800 3134
708983 1902520 3134
1217800 708983 3134
1217800 2411337 3134
1902520 708983 3134
1902520 2411337 3134
2411337 1217800 3134
2411337 1902520 3134
1200293 1442279 9615
1200293 1678041 9615
1442279 1200293 9615
1442279 1920027 9615
1678041 1200293 9615
1678041 1920027 9615
1920027 1442279 9615
1920027 1678041 9615
1319469 1558082 4413
1319469 1562238 4413
1558082 1319469 4413
1558082 1800851 4413
1562238 1319469 4413
1562238 1800851 4413
1800851 1558082 4413
1800851 1562238 4413
664814 1136790 2313
664814 1983530 2313
1136790 664814 2313
1136790 2455506 2313
1983530 664814 2313
1983530 2455506 2313
2455506 1136790 2313
2455506 1983530 2313
770669 783458 77550
770669 2336862 77550
783458 770669 77550
783458 2349651 77550
2336862 770669 77550
2336862 2349651 77550
2349651 783458 77550
2349651 2336862 77550
782153 1073799 29849
782153 2046521 29849
1073799 782153 29849
1073799 2338167 29849
2046521 782153 29849
2046521 2338167 29849
2338167 1073799 29849
2338167 2046521 29849
611520 1555713 7656
611520 1564607 7656
1555713 611520 7656
1555713 2508800 7656
1564607 611520 7656
1564607 2508800 7656
2508800 1555713 7656
2508800 1564607 7656
738526 1496647 3366
738526 1623673 3366
1496647 738526 3366
1496647 2381794 3366
1623673 738526 3366
1623673 2381794 3366
2381794 1496647 3366
2381794 1623673 3366
712898 782414 46378
712898 2337906 46378
782414 712898 46378
782414 2407422 46378
2337906 712898 46378
2337906 2407422 46378
2407422 782414 46378
2407422 2337906 46378
741387 783458 10786
741387 2336862 10786
783458 741387 10786
783458 2378933 10786
2336862 741387 10786
2336862 2378933 10786
2378933 783458 10786
2378933 2336862 10786
783197 1462938 30971
783197 1657382 30971
1462938 783197 30971
1462938 2337123 30971
1657382 783197 30971
1657382 2337123 30971
2337123 1462938 30971
2337123 1657382 30971
735374 1496647 206
735374 1623673 206
1496647 735374 206
1496647 2384946 206
1623673 735374 206
1623673 2384946 206
2384946 1496647 206
2384946 1623673 206
1128428 1553645 9592
1128428 1566675 9592
1553645 1128428 9592
1553645 1991892 9592
1566675 1128428 9592
1566675 1991892 9592
1991892 1553645 9592
1991892 1566675 9592
892184 1195324 3393
892184 1924996 3393
1195324 892184 3393
1195324 2228136 3393
1924996 892184 3393
1924996 2228136 3393
2228136 1195324 3393
2228136 1924996 3393
771442 1376688 871
771442 1743632 871
1376688 771442 871
1376688 2348878 871
1743632 771442 871
1743632 2348878 871
2348878 1376688 871
2348878 1743632 871
775367 799409 6444
775367 2320911 6444
799409 775367 6444
799409 2344953 6444
2320911 775367 6444
2320911 2344953 6444
2344953 799409 6444
2344953 2320911 6444
745844 1500562 932
745844 1619758 932
1500562 745844 932
1500562 2374476 932
1619758 745844 932
1619758 2374476 932
2374476 1500562 932
2374476 1619758 932
783197 1157168 7786
783197 1963152 7786
1157168 783197 7786
1157168 2337123 7786
1963152 783197 7786
1963152 2337123 7786
2337123 1157168 7786
2337123 1963152 7786
1468951 1559889 3265
1468951 1560431 3265
1559889 1468951 3265
1559889 1651369 3265
1560431 1468951 3265
1560431 1651369 3265
1651369 1559889 3265
1651369 1560431 3265
478240 1553886 9070
478240 1566434 9070
1553886 478240 9070
1553886 2642080 9070
1566434 478240 9070
1566434 2642080 9070
2642080 1553886 9070
2642080 1566434 9070
543048 1554930 16406
543048 1565390 16406
1554930 543048 16406
1554930 2577272 16406
1565390 543048 16406
1565390 2577272 16406
2577272 1554930 16406
2577272 1565390 16406
627461 1556777 3509
627461 1563543 3509
1556777 627461 3509
1556777 2492859 3509
1563543 627461 3509
1563543 2492859 3509
2492859 1556777 3509
2492859 1563543 3509
1042188 1333573 1714
1042188 1786747 1714
1333573 1042188 1714
1333573 2078132 1714
1786747 1042188 1714
1786747 2078132 1714
2078132 1333573 1714
2078132 1786747 1714
931384 1233490 2312
931384 1886830 2312
1233490 931384 2312
1233490 2188936 2312
1886830 931384 2312
1886830 2188936 2312
2188936 1233490 2312
2188936 1886830 2312
867088 1558082 131
867088 1562238 131
1558082 867088 131
1558082 2253232 131
1562238 867088 131
1562238 2253232 131
2253232 1558082 131
2253232 1562238 131
529707 1553645 8278
529707 1566675 8278
1553645 529707 8278
1553645 2590613 8278
1566675 529707 8278
1566675 2590613 8278
2590613 1553645 8278
2590613 1566675 8278
648622 1554689 3837
648622 1565631 3837
1554689 648622 3837
1554689 2471698 3837
1565631 648622 3837
1565631 2471698 3837
2471698 1554689 3837
2471698 1565631 3837
701665 1558343 27478
701665 1561977 27478
1558343 701665 27478
1558343 2418655 27478
1561977 701665 27478
1561977 2418655 27478
2418655 1558343 27478
2418655 1561977 27478
1510490 1560150 566
1510490 1560170 566
1560150 1510490 566
1560150 1609830 566
1560170 1510490 566
1560170 1609830 566
1609830 1560150 566
1609830 1560170 566
1520950 1555974 6680
1520950 1564346 6680
1555974 1520950 6680
1555974 1599370 6680
1564346 1520950 6680
1564346 1599370 6680
1599370 1555974 6680
1599370 1564346 6680
782936 1415376 10801
782936 1704944 10801
1415376 782936 10801
1415376 2337384 10801
1704944 782936 10801
1704944 2337384 10801
2337384 1415376 10801
2337384 1704944 10801
719704 1556496 80784
719704 1563824 80784
1556496 719704 80784
1556496 2400616 80784
1563824 719704 80784
1563824 2400616 80784
2400616 1556496 80784
2400616 1563824 80784
936614 1556757 3540
936614 1563563 3540
1556757 936614 3540
1556757 2183706 3540
1563563 936614 3540
1563563 2183706 3540
2183706 1556757 3540
2183706 1563563 3540
446348 1560150 21839
446348 1560170 21839
1560150 446348 21839
1560150 2673972 21839
1560170 446348 21839
1560170 2673972 21839
2673972 1560150 21839
2673972 1560170 21839
775628 1541860 905
775628 1578460 905
1541860 775628 905
1541860 2344692 905
1578460 775628 905
1578460 2344692 905
2344692 1541860 905
2344692 1578460 905
1110921 1557801 3321
1110921 1562519 3321
1557801 1110921 3321
1557801 2009399 3321
1562519 1110921 3321
1562519 2009399 3321
2009399 1557801 3321
2009399 1562519 3321
1435754 1559889 851
1435754 1560431 851
1559889 1435754 851
1559889 1684566 851
1560431 1435754 851
1560431 1684566 851
1684566 1559889 851
1684566 1560431 851
1145674 1472866 3559
1145674 1647454 3559
1472866 1145674 3559
1472866 1974646 3559
1647454 1145674 3559
1647454 1974646 3559
1974646 1472866 3559
1974646 1647454 3559
682080 1555994 19725
682080 1564326 19725
1555994 682080 19725
1555994 2438240 19725
1564326 682080 19725
1564326 2438240 19725
2438240 1555994 19725
2438240 1564326 19725
941322 1553645 1148
941322 1566675 1148
1553645 941322 1148
1553645 2178998 1148
1566675 941322 1148
1566675 2178998 1148
2178998 1553645 1148
2178998 1566675 1148
1018397 1560150 8566
1018397 1560170 8566
1560150 1018397 8566
1560150 2101923 8566
1560170 1018397 8566
1560170 2101923 8566
2101923 1560150 8566
2101923 1560170 8566
760470 1438896 2713
760470 1681424 2713
1438896 760470 2713
1438896 2359850 2713
1681424 760470 2713
1681424 2359850 2713
2359850 1438896 2713
2359850 1681424 2713
1153524 1469985 2237
1153524 1650335 2237
1469985 1153524 2237
1469985 1966796 2237
1650335 1153524 2237
1650335 1966796 2237
1966796 1469985 2237
1966796 1650335 2237
556640 1554669 51589
556640 1565651 51589
1554669 556640 51589
1554669 2563680 51589
1565651 556640 51589
1565651 2563680 51589
2563680 1554669 51589
2563680 1565651 51589
736960 1559889 40662
736960 1560431 40662
1559889 736960 40662
1559889 2383360 40662
1560431 736960 40662
1560431 2383360 40662
2383360 1559889 40662
2383360 1560431 40662
1006903 1560150 686
1006903 1560170 686
1560150 1006903 686
1560150 2113417 686
1560170 1006903 686
1560170 2113417 686
2113417 1560150 686
2113417 1560170 686
1307955 1560150 9735
1307955 1560170 9735
1560150 1307955 9735
1560150 1812365 9735
1560170 1307955 9735
1560170 1812365 9735
1812365 1560150 9735
1812365 1560170 9735
1392890 1553645 6658
1392890 1566675 6658
1553645 1392890 6658
1553645 1727430 6658
1566675 1392890 6658
1566675 1727430 6658
1727430 1553645 6658
1727430 1566675 6658
696184 1389246 376
696184 1731074 376
1389246 696184 376
1389246 2424136 376
1731074 696184 376
1731074 2424136 376
2424136 1389246 376
2424136 1731074 376
691737 1128167 5137
691737 1992153 5137
1128167 691737 5137
1128167 2428583 5137
1992153 691737 5137
1992153 2428583 5137
2428583 1128167 5137
2428583 1992153 5137
743475 1111182 22931
743475 2009138 22931
1111182 743475 22931
1111182 2376845 22931
2009138 743475 22931
2009138 2376845 22931
2376845 1111182 22931
2376845 2009138 22931
780326 1270853 6070
780326 1849467 6070
1270853 780326 6070
1270853 2339994 6070
1849467 780326 6070
1849467 2339994 6070
2339994 1270853 6070
2339994 1849467 6070
782153 1247865 17619
782153 1872455 17619
1247865 782153 17619
1247865 2338167 17619
1872455 782153 17619
1872455 2338167 17619
2338167 1247865 17619
2338167 1872455 17619
719433 1120588 17294
719433 1999732 17294
1120588 719433 17294
1120588 2400887 17294
1999732 719433 17294
1999732 2400887 17294
2400887 1120588 17294
2400887 1999732 17294
996975 1555974 6991
996975 1564346 6991
1555974 996975 6991
1555974 2123345 6991
1564346 996975 6991
1564346 2123345 6991
2123345 1555974 6991
2123345 1564346 6991
1249682 1411190 13845
1249682 1709130 13845
1411190 1249682 13845
1411190 1870638 13845
1709130 1249682 13845
1709130 1870638 13845
1870638 1411190 13845
1870638 1709130 13845
783458 1214658 35859
783458 1905662 35859
1214658 783458 35859
1214658 2336862 35859
1905662 783458 35859
1905662 2336862 35859
2336862 1214658 35859
2336862 1905662 35859
957253 1559909 2601
957253 1560411 2601
1559909 957253 2601
1559909 2163067 2601
1560411 957253 2601
1560411 2163067 2601
2163067 1559909 2601
2163067 1560411 2601
682080 1396303 3300
682080 1724017 3300
1396303 682080 3300
1396303 2438240 3300
1724017 682080 3300
1724017 2438240 3300
2438240 1396303 3300
2438240 1724017 3300
972160 1553645 5335
972160 1566675 5335
1553645 972160 5335
1553645 2148160 5335
1566675 972160 5335
1566675 2148160 5335
2148160 1553645 5335
2148160 1566675 5335
1201337 1445943 3059
1201337 1674377 3059
1445943 1201337 3059
1445943 1918983 3059
1674377 1201337 3059
1674377 1918983 3059
1918983 1445943 3059
1918983 1674377 3059
772486 1321035 9107
772486 1799285 9107
1321035 772486 9107
1321035 2347834 9107
1799285 772486 9107
1799285 2347834 9107
2347834 1321035 9107
2347834 1799285 9107
1071189 1553645 2741
1071189 1566675 2741
1553645 1071189 2741
1553645 2049131 2741
1566675 1071189 2741
1566675 2049131 2741
2049131 1553645 2741
2049131 1566675 2741
1198195 1442540 4361
1198195 1677780 4361
1442540 1198195 4361
1442540 1922125 4361
1677780 1198195 4361
1677780 1922125 4361
1922125 1442540 4361
1922125 1677780 4361
713691 1331746 4591
713691 1788574 4591
1331746 713691 4591
1331746 2406629 4591
1788574 713691 4591
1788574 2406629 4591
2406629 1331746 4591
2406629 1788574 4591
669783 1133136 4288
669783 1987184 4288
1133136 669783 4288
1133136 2450537 4288
1987184 669783 4288
1987184 2450537 4288
2450537 1133136 4288
2450537 1987184 4288
1179905 1450390 11696
1179905 1669930 11696
1450390 1179905 11696
1450390 1940415 11696
1669930 1179905 11696
1669930 1940415 11696
1940415 1450390 11696
1940415 1669930 11696
763863 1553645 17453
763863 1566675 17453
1553645 763863 17453
1553645 2356457 17453
1566675 763863 17453
1566675 2356457 17453
2356457 1553645 17453
2356457 1566675 17453
1159527 1553645 5644
1159527 1566675 5644
1553645 1159527 5644
1553645 1960793 5644
1566675 1159527 5644
1566675 1960793 5644
1960793 1553645 5644
1960793 1566675 5644
772496 783197 12720
772496 2337123 12720
783197 772496 12720
783197 2347824 12720
2337123 772496 12720
2337123 2347824 12720
2347824 783197 12720
2347824 2337123 12720
736960 782936 43353
736960 2337384 43353
782936 736960 43353
782936 2383360 43353
2337384 736960 43353
2337384 2383360 43353
2383360 782936 43353
2383360 2337384 43353
740875 1499257 342
740875 1621063 342
1499257 740875 342
1499257 2379445 342
1621063 740875 342
1621063 2379445 342
2379445 1499257 342
2379445 1621063 342
783458 1081900 32237
783458 2038420 32237
1081900 783458 32237
1081900 2336862 32237
2038420 783458 32237
2038420 2336862 32237
2336862 1081900 32237
2336862 2038420 32237
769093 1540284 477
769093 1580036 477
1540284 769093 477
1540284 2351227 477
1580036 769093 477
1580036 2351227 477
2351227 1540284 477
2351227 1580036 477
783458 1397086 2726
783458 1723234 2726
1397086 783458 2726
1397086 2336862 2726
1723234 783458 2726
1723234 2336862 2726
2336862 1397086 2726
2336862 1723234 2726
918836 1557018 2169
918836 1563302 2169
1557018 918836 2169
1557018 2201484 2169
1563302 918836 2169
1563302 2201484 2169
2201484 1557018 2169
2201484 1563302 2169
783458 1324679 9682
783458 1795641 9682
1324679 783458 9682
1324679 2336862 9682
1795641 783458 9682
1795641 2336862 9682
2336862 1324679 9682
2336862 1795641 9682
783458 1034087 54595
783458 2086233 54595
1034087 783458 54595
1034087 2336862 54595
2086233 783458 54595
2086233 2336862 54595
2336862 1034087 54595
2336862 2086233 54595
903939 1200825 2917
903939 1919495 2917
1200825 903939 2917
1200825 2216381 2917
1919495 903939 2917
1919495 2216381 2917
2216381 1200825 2917
2216381 1919495 2917
778238 809337 6632
778238 2310983 6632
809337 778238 6632
809337 2342082 6632
2310983 778238 6632
2310983 2342082 6632
2342082 809337 6632
2342082 2310983 6632
721270 1554689 56619
721270 1565631 56619
1554689 721270 56619
1554689 2399050 56619
1565631 721270 56619
1565631 2399050 56619
2399050 1554689 56619
2399050 1565631 56619
776140 1399425 1637
776140 1720895 1637
1399425 776140 1637
1399425 2344180 1637
1720895 776140 1637
1720895 2344180 1637
2344180 1399425 1637
2344180 1720895 1637
783197 1414854 14367
783197 1705466 14367
1414854 783197 14367
1414854 2337123 14367
1705466 783197 14367
1705466 2337123 14367
2337123 1414854 14367
2337123 1705466 14367
881985 1560150 4537
881985 1560170 4537
1560150 881985 4537
1560150 2238335 4537
1560170 881985 4537
1560170 2238335 4537
2238335 1560150 4537
2238335 1560170 4537
751325 1440723 6335
751325 1679597 6335
1440723 751325 6335
1440723 2368995 6335
1679597 751325 6335
1679597 2368995 6335
2368995 1440723 6335
2368995 1679597 6335
863173 1557279 1239
863173 1563041 1239
1557279 863173 1239
1557279 2257147 1239
1563041 863173 1239
1563041 2257147 1239
2257147 1557279 1239
2257147 1563041 1239
1202903 1555974 2325
1202903 1564346 2325
1555974 1202903 2325
1555974 1917417 2325
1564346 1202903 2325
1564346 1917417 2325
1917417 1555974 2325
1917417 1564346 2325
1125818 1553645 4733
1125818 1566675 4733
1553645 1125818 4733
1553645 1994502 4733
1566675 1125818 4733
1566675 1994502 4733
1994502 1553645 4733
1994502 1566675 4733
783197 1104115 14552
783197 2016205 14552
1104115 783197 14552
1104115 2337123 14552
2016205 783197 14552
2016205 2337123 14552
2337123 1104115 14552
2337123 2016205 14552
729120 1554147 21703
729120 1566173 21703
1554147 729120 21703
1554147 2391200 21703
1566173 729120 21703
1566173 2391200 21703
2391200 1554147 21703
2391200 1566173 21703
1520940 1559889 3581
1520940 1560431 3581
1559889 1520940 3581
1559889 1599380 3581
1560431 1520940 3581
1560431 1599380 3581
1599380 1559889 3581
1599380 1560431 3581
439040 1557299 7544
439040 1563021 7544
1557299 439040 7544
1557299 2681280 7544
1563021 439040 7544
1563021 2681280 7544
2681280 1557299 7544
2681280 1563021 7544
1440713 1559106 2491
1440713 1561214 2491
1559106 1440713 2491
1559106 1679607 2491
1561214 1440713 2491
1561214 1679607 2491
1679607 1559106 2491
1679607 1561214 2491
783197 1271646 3227
783197 1848674 3227
1271646 783197 3227
1271646 2337123 3227
1848674 783197 3227
1848674 2337123 3227
2337123 1271646 3227
2337123 1848674 3227
1302213 1560150 1150
1302213 1560170 1150
1560150 1302213 1150
1560150 1818107 1150
1560170 1302213 1150
1560170 1818107 1150
1818107 1560150 1150
1818107 1560170 1150
774052 1152209 5560
774052 1968111 5560
1152209 774052 5560
1152209 2346268 5560
1968111 774052 5560
1968111 2346268 5560
2346268 1152209 5560
2346268 1968111 5560
783458 1269277 4998
783458 1851043 4998
1269277 783458 4998
1269277 2336862 4998
1851043 783458 4998
1851043 2336862 4998
2336862 1269277 4998
2336862 1851043 4998
1493244 1560150 1914
1493244 1560170 1914
1560150 1493244 1914
1560150 1627076 1914
1560170 1493244 1914
1560170 1627076 1914
1627076 1560150 1914
1627076 1560170 1914
1273995 1560150 1356
1273995 1560170 1356
1560150 1273995 1356
1560150 1846325 1356
1560170 1273995 1356
1560170 1846325 1356
1846325 1560150 1356
1846325 1560170 1356
1238178 1559889 758
1238178 1560431 758
1559889 1238178 758
1559889 1882142 758
1560431 1238178 758
1560431 1882142 758
1882142 1559889 758
1882142 1560431 758
1218332 1559628 3550
1218332 1560692 3550
1559628 1218332 3550
1559628 1901988 3550
1560692 1218332 3550
1560692 1901988 3550
1901988 1559628 3550
1901988 1560692 3550
688605 1130777 5820
688605 1989543 5820
1130777 688605 5820
1130777 2431715 5820
1989543 688605 5820
1989543 2431715 5820
2431715 1130777 5820
2431715 1989543 5820
1499528 1553645 389
1499528 1566675 389
1553645 1499528 389
1553645 1620792 389
1566675 1499528 389
1566675 1620792 389
1620792 1553645 389
1620792 1566675 389
783458 1223040 9592
783458 1897280 9592
1223040 783458 9592
1223040 2336862 9592
1897280 783458 9592
1897280 2336862 9592
2336862 1223040 9592
2336862 1897280 9592
783197 1223020 3115
783197 1897300 3115
1223020 783197 3115
1223020 2337123 3115
1897300 783197 3115
1897300 2337123 3115
2337123 1223020 3115
2337123 1897300 3115
1474693 1556235 5154
1474693 1564085 5154
1556235 1474693 5154
1556235 1645627 5154
1564085 1474693 5154
1564085 1645627 5154
1645627 1556235 5154
1645627 1564085 5154
1259098 1405699 5336
1259098 1714621 5336
1405699 1259098 5336
1405699 1861222 5336
1714621 1259098 5336
1714621 1861222 5336
1861222 1405699 5336
1861222 1714621 5336
755250 1408570 5032
755250 1711750 5032
1408570 755250 5032
1408570 2365070 5032
1711750 755250 5032
1711750 2365070 5032
2365070 1408570 5032
2365070 1711750 5032
1102037 1560150 5879
1102037 1560170 5879
1560150 1102037 5879
1560150 2018283 5879
1560170 1102037 5879
1560170 2018283 5879
2018283 1560150 5879
2018283 1560170 5879
726229 1416942 2381
726229 1703378 2381
1416942 726229 2381
1416942 2394091 2381
1703378 726229 2381
1703378 2394091 2381
2394091 1416942 2381
2394091 1703378 2381
1006903 1558082 3299
1006903 1562238 3299
1558082 1006903 3299
1558082 2113417 3299
1562238 1006903 3299
1562238 2113417 3299
2113417 1558082 3299
2113417 1562238 3299
1374078 1559889 893
1374078 1560431 893
1559889 1374078 893
1559889 1746242 893
1560431 1374078 893
1560431 1746242 893
1746242 1559889 893
1746242 1560431 893
479806 1559367 7774
479806 1560953 7774
1559367 479806 7774
1559367 2640514 7774
1560953 479806 7774
1560953 2640514 7774
2640514 1559367 7774
2640514 1560953 7774
776140 1230880 8617
776140 1889440 8617
1230880 776140 8617
1230880 2344180 8617
1889440 776140 8617
1889440 2344180 8617
2344180 1230880 8617
2344180 1889440 8617
757850 1461884 4380
757850 1658436 4380
1461884 757850 4380
1461884 2362470 4380
1658436 757850 4380
1658436 2362470 4380
2362470 1461884 4380
2362470 1658436 4380
714213 1376437 1729
714213 1743883 1729
1376437 714213 1729
1376437 2406107 1729
1743883 714213 1729
1743883 2406107 1729
2406107 1376437 1729
2406107 1743883 1729
1154829 1448553 2781
1154829 1671767 2781
1448553 1154829 2781
1448553 1965491 2781
1671767 1154829 2781
1671767 1965491 2781
1965491 1448553 2781
1965491 1671767 2781
782936 1253346 6797
782936 1866974 6797
1253346 782936 6797
1253346 2337384 6797
1866974 782936 6797
1866974 2337384 6797
2337384 1253346 6797
2337384 1866974 6797
1394717 1556235 2356
1394717 1564085 2356
1556235 1394717 2356
1556235 1725603 2356
1564085 1394717 2356
1564085 1725603 2356
1725603 1556235 2356
1725603 1564085 2356
704275 1125025 6931
704275 1995295 6931
1125025 704275 6931
1125025 2416045 6931
1995295 704275 6931
1995295 2416045 6931
2416045 1125025 6931
2416045 1995295 6931
993311 1560150 3144
993311 1560170 3144
1560150 993311 3144
1560150 2127009 3144
1560170 993311 3144
1560170 2127009 3144
2127009 1560150 3144
2127009 1560170 3144
1150111 1442540 719
1150111 1677780 719
1442540 1150111 719
1442540 1970209 719
1677780 1150111 719
1677780 1970209 719
1970209 1442540 719
1970209 1677780 719
508275 1553886 9437
508275 1566434 9437
1553886 508275 9437
1553886 2612045 9437
1566434 508275 9437
1566434 2612045 9437
2612045 1553886 9437
2612045 1566434 9437
733557 1275822 140
733557 1844498 140
1275822 733557 140
1275822 2386763 140
1844498 733557 140
1844498 2386763 140
2386763 1275822 140
2386763 1844498 140
762036 1295156 4059
762036 1825164 4059
1295156 762036 4059
1295156 2358284 4059
1825164 762036 4059
1825164 2358284 4059
2358284 1295156 4059
2358284 1825164 4059
768832 1330702 4899
768832 1789618 4899
1330702 768832 4899
1330702 2351488 4899
1789618 768832 4899
1789618 2351488 4899
2351488 1330702 4899
2351488 1789618 4899
1174946 1460579 8212
1174946 1659741 8212
1460579 1174946 8212
1460579 1945374 8212
1659741 1174946 8212
1659741 1945374 8212
1945374 1460579 8212
1945374 1659741 8212
735374 1277920 3393
735374 1842400 3393
1277920 735374 3393
1277920 2384946 3393
1842400 735374 3393
1842400 2384946 3393
2384946 1277920 3393
2384946 1842400 3393
729120 1116663 2313
729120 2003657 2313
1116663 729120 2313
1116663 2391200 2313
2003657 729120 2313
2003657 2391200 2313
2391200 1116663 2313
2391200 2003657 2313
986515 1559106 1131
986515 1561214 1131
1559106 986515 1131
1559106 2133805 1131
1561214 986515 1131
1561214 2133805 1131
2133805 1559106 1131
2133805 1561214 1131
729632 1393161 5153
729632 1727159 5153
1393161 729632 5153
1393161 2390688 5153
1727159 729632 5153
1727159 2390688 5153
2390688 1393161 5153
2390688 1727159 5153
754457 1287577 464
754457 1832743 464
1287577 754457 464
1287577 2365863 464
1832743 754457 464
1832743 2365863 464
2365863 1287577 464
2365863 1832743 464
650720 1356320 7463
650720 1764000 7463
1356320 650720 7463
1356320 2469600 7463
1764000 650720 7463
1764000 2469600 7463
2469600 1356320 7463
2469600 1764000 7463
783197 1349002 3100
783197 1771318 3100
1349002 783197 3100
1349002 2337123 3100
1771318 783197 3100
1771318 2337123 3100
2337123 1349002 3100
2337123 1771318 3100
646002 1346894 541
646002 1773426 541
1346894 646002 541
1346894 2474318 541
1773426 646002 541
1773426 2474318 541
2474318 1346894 541
2474318 1773426 541
674220 1129743 3132
674220 1990577 3132
1129743 674220 3132
1129743 2446100 3132
1990577 674220 3132
1990577 2446100 3132
2446100 1129743 3132
2446100 1990577 3132
1199781 1396293 10506
1199781 1724027 10506
1396293 1199781 10506
1396293 1920539 10506
1724027 1199781 10506
1724027 1920539 10506
1920539 1396293 10506
1920539 1724027 10506
769103 1184623 3531
769103 1935697 3531
1184623 769103 3531
1184623 2351217 3531
1935697 769103 3531
1935697 2351217 3531
2351217 1184623 3531
2351217 1935697 3531
1048984 1553645 7731
1048984 1566675 7731
1553645 1048984 7731
1553645 2071336 7731
1566675 1048984 7731
1566675 2071336 7731
2071336 1553645 7731
2071336 1566675 7731
1208926 1403360 602
1208926 1716960 602
1403360 1208926 602
1403360 1911394 602
1716960 1208926 602
1716960 1911394 602
1911394 1403360 602
1911394 1716960 602
1148545 1560150 1291
1148545 1560170 1291
1560150 1148545 1291
1560150 1971775 1291
1560170 1148545 1291
1560170 1971775 1291
1971775 1560150 1291
1971775 1560170 1291
776140 1553645 11719
776140 1566675 11719
1553645 776140 11719
1553645 2344180 11719
1566675 776140 11719
1566675 2344180 11719
2344180 1553645 11719
2344180 1566675 11719
775889 805944 5585
775889 2314376 5585
805944 775889 5585
805944 2344431 5585
2314376 775889 5585
2314376 2344431 5585
2344431 805944 5585
2344431 2314376 5585
783458 1058400 53874
783458 2061920 53874
1058400 783458 53874
1058400 2336862 53874
2061920 783458 53874
2061920 2336862 53874
2336862 1058400 53874
2336862 2061920 53874
783197 1299071 10919
783197 1821249 10919
1299071 783197 10919
1299071 2337123 10919
1821249 783197 10919
1821249 2337123 10919
2337123 1299071 10919
2337123 1821249 10919
782936 1111694 18204
782936 2008626 18204
1111694 782936 18204
1111694 2337384 18204
2008626 782936 18204
2008626 2337384 18204
2337384 1111694 18204
2337384 2008626 18204
607073 1553886 52267
607073 1566434 52267
1553886 607073 52267
1553886 2513247 52267
1566434 607073 52267
1566434 2513247 52267
2513247 1553886 52267
2513247 1566434 52267
779021 1388975 9165
779021 1731345 9165
1388975 779021 9165
1388975 2341299 9165
1731345 779021 9165
1731345 2341299 9165
2341299 1388975 9165
2341299 1731345 9165
1160320 1554930 10559
1160320 1565390 10559
1554930 1160320 10559
1554930 1960000 10559
1565390 1160320 10559
1565390 1960000 10559
1960000 1554930 10559
1960000 1565390 10559
624309 1559648 1082
624309 1560672 1082
1559648 624309 1082
1559648 2496011 1082
1560672 624309 1082
1560672 2496011 1082
2496011 1559648 1082
2496011 1560672 1082
776672 842263 10995
776672 2278057 10995
842263 776672 10995
842263 2343648 10995
2278057 776672 10995
2278057 2343648 10995
2343648 842263 10995
2343648 2278057 10995
782936 1395520 7030
782936 1724800 7030
1395520 782936 7030
1395520 2337384 7030
1724800 782936 7030
1724800 2337384 7030
2337384 1395520 7030
2337384 1724800 7030
775889 783197 27542
775889 2337123 27542
783197 775889 27542
783197 2344431 27542
2337123 775889 27542
2337123 2344431 27542
2344431 783197 27542
2344431 2337123 27542
743997 779804 47595
743997 2340516 47595
779804 743997 47595
779804 2376323 47595
2340516 743997 47595
2340516 2376323 47595
2376323 779804 47595
2376323 2340516 47595
768039 840958 9363
768039 2279362 9363
840958 768039 9363
840958 2352281 9363
2279362 768039 9363
2279362 2352281 9363
2352281 840958 9363
2352281 2279362 9363
902644 1554147 5129
902644 1566173 5129
1554147 902644 5129
1554147 2217676 5129
1566173 902644 5129
1566173 2217676 5129
2217676 1554147 5129
2217676 1566173 5129
783197 1038785 53920
783197 2081535 53920
1038785 783197 53920
1038785 2337123 53920
2081535 783197 53920
2081535 2337123 53920
2337123 1038785 53920
2337123 2081535 53920
637901 1560150 1792
637901 1560170 1792
1560150 637901 1792
1560150 2482419 1792
1560170 637901 1792
1560170 2482419 1792
2482419 1560150 1792
2482419 1560170 1792
1517025 1553645 8075
1517025 1566675 8075
1553645 1517025 8075
1553645 1603295 8075
1566675 1517025 8075
1566675 1603295 8075
1603295 1553645 8075
1603295 1566675 8075
1540294 1556777 4985
1540294 1563543 4985
1556777 1540294 4985
1556777 1580026 4985
1563543 1540294 4985
1563543 1580026 4985
1580026 1556777 4985
1580026 1563543 4985
739309 1478096 6123
739309 1642224 6123
1478096 739309 6123
1478096 2381011 6123
1642224 739309 6123
1642224 2381011 6123
2381011 1478096 6123
2381011 1642224 6123
713440 1553886 1128
713440 1566434 1128
1553886 713440 1128
1553886 2406880 1128
1566434 713440 1128
1566434 2406880 1128
2406880 1553886 1128
2406880 1566434 1128
710298 1553886 13553
710298 1566434 13553
1553886 710298 13553
1553886 2410022 13553
1566434 710298 13553
1566434 2410022 13553
2410022 1553886 13553
2410022 1566434 13553
744258 1485675 9071
744258 1634645 9071
1485675 744258 9071
1485675 2376062 9071
1634645 744258 9071
1634645 2376062 9071
2376062 1485675 9071
2376062 1634645 9071
783197 1131048 11221
783197 1989272 11221
1131048 783197 11221
1131048 2337123 11221
1989272 783197 11221
1989272 2337123 11221
2337123 1131048 11221
2337123 1989272 11221
849320 1116402 2336
849320 2003918 2336
1116402 849320 2336
1116402 2271000 2336
2003918 849320 2336
2003918 2271000 2336
2271000 1116402 2336
2271000 2003918 2336
781892 1101244 6533
781892 2019076 6533
1101244 781892 6533
1101244 2338428 6533
2019076 781892 6533
2019076 2338428 6533
2338428 1101244 6533
2338428 2019076 6533
1055519 1383755 2800
1055519 1736565 2800
1383755 1055519 2800
1383755 2064801 2800
1736565 1055519 2800
1736565 2064801 2800
2064801 1383755 2800
2064801 1736565 2800
778760 1496125 8646
778760 1624195 8646
1496125 778760 8646
1496125 2341560 8646
1624195 778760 8646
1624195 2341560 8646
2341560 1496125 8646
2341560 1624195 8646
1151155 1474171 12021
1151155 1646149 12021
1474171 1151155 12021
1474171 1969165 12021
1646149 1151155 12021
1646149 1969165 12021
1969165 1474171 12021
1969165 1646149 12021
1468429 1553645 2621
1468429 1566675 2621
1553645 1468429 2621
1553645 1651891 2621
1566675 1468429 2621
1566675 1651891 2621
1651891 1553645 2621
1651891 1566675 2621
422567 1560150 9365
422567 1560170 9365
1560150 422567 9365
1560150 2697753 9365
1560170 422567 9365
1560170 2697753 9365
2697753 1560150 9365
2697753 1560170 9365
437986 1560150 8954
437986 1560170 8954
1560150 437986 8954
1560150 2682334 8954
1560170 437986 8954
1560170 2682334 8954
2682334 1560150 8954
2682334 1560170 8954
1134431 1553645 10239
1134431 1566675 10239
1553645 1134431 10239
1553645 1985889 10239
1566675 1134431 10239
1566675 1985889 10239
1985889 1553645 10239
1985889 1566675 10239
931906 1235317 4838
931906 1885003 4838
1235317 931906 4838
1235317 2188414 4838
1885003 931906 4838
1885003 2188414 4838
2188414 1235317 4838
2188414 1885003 4838
1192985 1557540 7365
1192985 1562780 7365
1557540 1192985 7365
1557540 1927335 7365
1562780 1192985 7365
1562780 1927335 7365
1927335 1557540 7365
1927335 1562780 7365
1061261 1560150 6763
1061261 1560170 6763
1560150 1061261 6763
1560150 2059059 6763
1560170 1061261 6763
1560170 2059059 6763
2059059 1560150 6763
2059059 1560170 6763
451839 1559909 10856
451839 1560411 10856
1559909 451839 10856
1559909 2668481 10856
1560411 451839 10856
1560411 2668481 10856
2668481 1559909 10856
2668481 1560411 10856
783458 1283130 13284
783458 1837190 13284
1283130 783458 13284
1283130 2336862 13284
1837190 783458 13284
1837190 2336862 13284
2336862 1283130 13284
2336862 1837190 13284
1283391 1553886 5833
1283391 1566434 5833
1553886 1283391 5833
1553886 1836929 5833
1566434 1283391 5833
1566434 1836929 5833
1836929 1553886 5833
1836929 1566434 5833
1509707 1554930 2480
1509707 1565390 2480
1554930 1509707 2480
1554930 1610613 2480
1565390 1509707 2480
1565390 1610613 2480
1610613 1554930 2480
1610613 1565390 2480
1411180 1553645 23577
1411180 1566675 23577
1553645 1411180 23577
1553645 1709140 23577
1566675 1411180 23577
1566675 1709140 23577
1709140 1553645 23577
1709140 1566675 23577
754467 1347416 1896
754467 1772904 1896
1347416 754467 1896
1347416 2365853 1896
1772904 754467 1896
1772904 2365853 1896
2365853 1347416 1896
2365853 1772904 1896
1423216 1560150 6276
1423216 1560170 6276
1560150 1423216 6276
1560150 1697104 6276
1560170 1423216 6276
1560170 1697104 6276
1697104 1560150 6276
1697104 1560170 6276
1082954 1560150 450
1082954 1560170 450
1560150 1082954 450
1560150 2037366 450
1560170 1082954 450
1560170 2037366 450
2037366 1560150 450
2037366 1560170 450
759426 1450400 3829
759426 1669920 3829
1450400 759426 3829
1450400 2360894 3829
1669920 759426 3829
1669920 2360894 3829
2360894 1450400 3829
2360894 1669920 3829
414456 1559387 4159
414456 1560933 4159
1559387 414456 4159
1559387 2705864 4159
1560933 414456 4159
1560933 2705864 4159
2705864 1559387 4159
2705864 1560933 4159
1097861 1553645 2821
1097861 1566675 2821
1553645 1097861 2821
1553645 2022459 2821
1566675 1097861 2821
1566675 2022459 2821
2022459 1553645 2821
2022459 1566675 2821
1428446 1553886 2918
1428446 1566434 2918
1553886 1428446 2918
1553886 1691874 2918
1566434 1428446 2918
1566434 1691874 2918
1691874 1553886 2918
1691874 1566434 2918
1002727 1560150 8969
1002727 1560170 8969
1560150 1002727 8969
1560150 2117593 8969
1560170 1002727 8969
1560170 2117593 8969
2117593 1560150 8969
2117593 1560170 8969
938441 1554669 3528
938441 1565651 3528
1554669 938441 3528
1554669 2181879 3528
1565651 938441 3528
1565651 2181879 3528
2181879 1554669 3528
2181879 1565651 3528
1152480 1473117 677
1152480 1647203 677
1473117 1152480 677
1473117 1967840 677
1647203 1152480 677
1647203 1967840 677
1967840 1473117 677
1967840 1647203 677
775618 1293580 6511
775618 1826740 6511
1293580 775618 6511
1293580 2344702 6511
1826740 775618 6511
1826740 2344702 6511
2344702 1293580 6511
2344702 1826740 6511
768039 1409875 1894
768039 1710445 1894
1409875 768039 1894
1409875 2352281 1894
1710445 768039 1894
1710445 2352281 1894
2352281 1409875 1894
2352281 1710445 1894
1495593 1553886 5848
1495593 1566434 5848
1553886 1495593 5848
1553886 1624727 5848
1566434 1495593 5848
1566434 1624727 5848
1624727 1553886 5848
1624727 1566434 5848
659333 1139922 2620
659333 1980398 2620
1139922 659333 2620
1139922 2460987 2620
1980398 659333 2620
1980398 2460987 2620
2460987 1139922 2620
2460987 1980398 2620
1055770 1556496 7541
1055770 1563824 7541
1556496 1055770 7541
1556496 2064550 7541
1563824 1055770 7541
1563824 2064550 7541
2064550 1556496 7541
2064550 1563824 7541
689920 1406743 491
689920 1713577 491
1406743 689920 491
1406743 2430400 491
1713577 689920 491
1713577 2430400 491
2430400 1406743 491
2430400 1713577 491
771191 1265623 2775
771191 1854697 2775
1265623 771191 2775
1265623 2349129 2775
1854697 771191 2775
1854697 2349129 2775
2349129 1265623 2775
2349129 1854697 2775
726761 1199520 913
726761 1920800 913
1199520 726761 913
1199520 2393559 913
1920800 726761 913
1920800 2393559 913
2393559 1199520 913
2393559 1920800 913
756284 1434971 5132
756284 1685349 5132
1434971 756284 5132
1434971 2364036 5132
1685349 756284 5132
1685349 2364036 5132
2364036 1434971 5132
2364036 1685349 5132
949945 1560150 4007
949945 1560170 4007
1560150 949945 4007
1560150 2170375 4007
1560170 949945 4007
1560170 2170375 4007
2170375 1560150 4007
2170375 1560170 4007
780587 1246560 5792
780587 1873760 5792
1246560 780587 5792
1246560 2339733 5792
1873760 780587 5792
1873760 2339733 5792
2339733 1246560 5792
2339733 1873760 5792
981556 1560150 1850
981556 1560170 1850
1560150 981556 1850
1560150 2138764 1850
1560170 981556 1850
1560170 2138764 1850
2138764 1560150 1850
2138764 1560170 1850
773018 1346121 3897
773018 1774199 3897
1346121 773018 3897
1346121 2347302 3897
1774199 773018 3897
1774199 2347302 3897
2347302 1346121 3897
2347302 1774199 3897
738004 1199520 308
738004 1920800 308
1199520 738004 308
1199520 2382316 308
1920800 738004 308
1920800 2382316 308
2382316 1199520 308
2382316 1920800 308
693835 1239503 2193
693835 1880817 2193
1239503 693835 2193
1239503 2426485 2193
1880817 693835 2193
1880817 2426485 2193
2426485 1239503 2193
2426485 1880817 2193
1234524 1558845 4456
1234524 1561475 4456
1558845 1234524 4456
1558845 1885796 4456
1561475 1234524 4456
1561475 1885796 4456
1885796 1558845 4456
1885796 1561475 4456
746095 1435754 448
746095 1684566 448
1435754 746095 448
1435754 2374225 448
1684566 746095 448
1684566 2374225 448
2374225 1435754 448
2374225 1684566 448
1323645 1560150 36786
1323645 1560170 36786
1560150 1323645 36786
1560150 1796675 36786
1560170 1323645 36786
1560170 1796675 36786
1796675 1560150 36786
1796675 1560170 36786
760209 1242625 632
760209 1877695 632
1242625 760209 632
1242625 2360111 632
1877695 760209 632
1877695 2360111 632
2360111 1242625 632
2360111 1877695 632
746888 1285760 2822
746888 1834560 2822
1285760 746888 2822
1285760 2373432 2822
1834560 746888 2822
1834560 2373432 2822
2373432 1285760 2822
2373432 1834560 2822
684951 1131821 29135
684951 1988499 29135
1131821 684951 29135
1131821 2435369 29135
1988499 684951 29135
1988499 2435369 29135
2435369 1131821 29135
2435369 1988499 29135
1245767 1407536 8662
1245767 1712784 8662
1407536 1245767 8662
1407536 1874553 8662
1712784 1245767 8662
1712784 1874553 8662
1874553 1407536 8662
1874553 1712784 8662
1192192 1390802 826
1192192 1729518 826
1390802 1192192 826
1390802 1928128 826
1729518 1192192 826
1729518 1928128 826
1928128 1390802 826
1928128 1729518 826
783458 1201086 8044
783458 1919234 8044
1201086 783458 8044
1201086 2336862 8044
1919234 783458 8044
1919234 2336862 8044
2336862 1201086 8044
2336862 1919234 8044
1174946 1454576 12479
1174946 1665744 12479
1454576 1174946 12479
1454576 1945374 12479
1665744 1174946 12479
1665744 1945374 12479
1945374 1454576 12479
1945374 1665744 12479
1212841 1393683 5005
1212841 1726637 5005
1393683 1212841 5005
1393683 1907479 5005
1726637 1212841 5005
1726637 1907479 5005
1907479 1393683 5005
1907479 1726637 5005
1551778 1560150 303
1551778 1560170 303
1560150 1551778 303
1560150 1568542 303
1560170 1551778 303
1560170 1568542 303
1568542 1560150 303
1568542 1560170 303
782153 1042700 57842
782153 2077620 57842
1042700 782153 57842
1042700 2338167 57842
2077620 782153 57842
2077620 2338167 57842
2338167 1042700 57842
2338167 2077620 57842
754979 780065 16480
754979 2340255 16480
780065 754979 16480
780065 2365341 16480
2340255 754979 16480
2340255 2365341 16480
2365341 780065 16480
2365341 2340255 16480
782153 1137834 5389
782153 1982486 5389
1137834 782153 5389
1137834 2338167 5389
1982486 782153 5389
1982486 2338167 5389
2338167 1137834 5389
2338167 1982486 5389
609422 1553886 43457
609422 1566434 43457
1553886 609422 43457
1553886 2510898 43457
1566434 609422 43457
1566434 2510898 43457
2510898 1553886 43457
2510898 1566434 43457
783197 1317120 2024
783197 1803200 2024
1317120 783197 2024
1317120 2337123 2024
1803200 783197 2024
1803200 2337123 2024
2337123 1317120 2024
2337123 1803200 2024
748183 778238 974
748183 2342082 974
778238 748183 974
778238 2372137 974
2342082 748183 974
2342082 2372137 974
2372137 778238 974
2372137 2342082 974
775889 1524875 2151
775889 1595445 2151
1524875 775889 2151
1524875 2344431 2151
1595445 775889 2151
1595445 2344431 2151
2344431 1524875 2151
2344431 1595445 2151
765429 1553906 12716
765429 1566414 12716
1553906 765429 12716
1553906 2354891 12716
1566414 765429 12716
1566414 2354891 12716
2354891 1553906 12716
2354891 1566414 12716
348092 1559889 1038
348092 1560431 1038
1559889 348092 1038
1559889 2772228 1038
1560431 348092 1038
1560431 2772228 1038
2772228 1559889 1038
2772228 1560431 1038
1455088 1554669 1414
1455088 1565651 1414
1554669 1455088 1414
1554669 1665232 1414
1565651 1455088 1414
1565651 1665232 1414
1665232 1554669 1414
1665232 1565651 1414
771974 782936 10856
771974 2337384 10856
782936 771974 10856
782936 2348346 10856
2337384 771974 10856
2337384 2348346 10856
2348346 782936 10856
2348346 2337384 10856
612825 1559648 22737
612825 1560672 22737
1559648 612825 22737
1559648 2507495 22737
1560672 612825 22737
1560672 2507495 22737
2507495 1559648 22737
2507495 1560672 22737
744519 777977 42930
744519 2342343 42930
777977 744519 42930
777977 2375801 42930
2342343 744519 42930
2342343 2375801 42930
2375801 777977 42930
2375801 2342343 42930
401657 1560150 4362
401657 1560170 4362
1560150 401657 4362
1560150 2718663 4362
1560170 401657 4362
1560170 2718663 4362
2718663 1560150 4362
2718663 1560170 4362
1466863 1553886 2125
1466863 1566434 2125
1553886 1466863 2125
1553886 1653457 2125
1566434 1466863 2125
1566434 1653457 2125
1653457 1553886 2125
1653457 1566434 2125
735896 777194 17908
735896 2343126 17908
777194 735896 17908
777194 2384424 17908
2343126 735896 17908
2343126 2384424 17908
2384424 777194 17908
2384424 2343126 17908
901861 1553886 4557
901861 1566434 4557
1553886 901861 4557
1553886 2218459 4557
1566434 901861 4557
1566434 2218459 4557
2218459 1553886 4557
2218459 1566434 4557
867088 1559889 6387
867088 1560431 6387
1559889 867088 6387
1559889 2253232 6387
1560431 867088 6387
1560431 2253232 6387
2253232 1559889 6387
2253232 1560431 6387
1526170 1555713 2132
1526170 1564607 2132
1555713 1526170 2132
1555713 1594150 2132
1564607 1526170 2132
1564607 1594150 2132
1594150 1555713 2132
1594150 1564607 2132
778760 849581 6412
778760 2270739 6412
849581 778760 6412
849581 2341560 6412
2270739 778760 6412
2270739 2341560 6412
2341560 849581 6412
2341560 2270739 6412
745844 1490644 1658
745844 1629676 1658
1490644 745844 1658
1490644 2374476 1658
1629676 745844 1658
1629676 2374476 1658
2374476 1490644 1658
2374476 1629676 1658
1427392 1560150 3311
1427392 1560170 3311
1560150 1427392 3311
1560150 1692928 3311
1560170 1427392 3311
1560170 1692928 3311
1692928 1560150 3311
1692928 1560170 3311
1268755 1554428 2696
1268755 1565892 2696
1554428 1268755 2696
1554428 1851565 2696
1565892 1268755 2696
1565892 1851565 2696
1851565 1554428 2696
1851565 1565892 2696
712386 1554167 5605
712386 1566153 5605
1554167 712386 5605
1554167 2407934 5605
1566153 712386 5605
1566153 2407934 5605
2407934 1554167 5605
2407934 1566153 5605
1446726 1555191 1746
1446726 1565129 1746
1555191 1446726 1746
1555191 1673594 1746
1565129 1446726 1746
1565129 1673594 1746
1673594 1555191 1746
1673594 1565129 1746
705851 1323384 3597
705851 1796936 3597
1323384 705851 3597
1323384 2414469 3597
1796936 705851 3597
1796936 2414469 3597
2414469 1323384 3597
2414469 1796936 3597
760731 1372000 103
760731 1748320 103
1372000 760731 103
1372000 2359589 103
1748320 760731 103
1748320 2359589 103
2359589 1372000 103
2359589 1748320 103
757850 1553645 18232
757850 1566675 18232
1553645 757850 18232
1553645 2362470 18232
1566675 757850 18232
1566675 2362470 18232
2362470 1553645 18232
2362470 1566675 18232
1194551 1555211 5235
1194551 1565109 5235
1555211 1194551 5235
1555211 1925769 5235
1565109 1194551 5235
1565109 1925769 5235
1925769 1555211 5235
1925769 1565109 5235
491551 1559889 23570
491551 1560431 23570
1559889 491551 23570
1559889 2628769 23570
1560431 491551 23570
1560431 2628769 23570
2628769 1559889 23570
2628769 1560431 23570
1161876 1467375 807
1161876 1652945 807
1467375 1161876 807
1467375 1958444 807
1652945 1161876 807
1652945 1958444 807
1958444 1467375 807
1958444 1652945 807
960646 1560150 3619
960646 1560170 3619
1560150 960646 3619
1560150 2159674 3619
1560170 960646 3619
1560170 2159674 3619
2159674 1560150 3619
2159674 1560170 3619
1136800 1442560 6687
1136800 1677760 6687
1442560 1136800 6687
1442560 1983520 6687
1677760 1136800 6687
1677760 1983520 6687
1983520 1442560 6687
1983520 1677760 6687
1134170 1441496 93
1134170 1678824 93
1441496 1134170 93
1441496 1986150 93
1678824 1134170 93
1678824 1986150 93
1986150 1441496 93
1986150 1678824 93
951240 1260915 6737
951240 1859405 6737
1260915 951240 6737
1260915 2169080 6737
1859405 951240 6737
1859405 2169080 6737
2169080 1260915 6737
2169080 1859405 6737
752098 1553906 15044
752098 1566414 15044
1553906 752098 15044
1553906 2368222 15044
1566414 752098 15044
1566414 2368222 15044
2368222 1553906 15044
2368222 1566414 15044
763080 1342718 5881
763080 1777602 5881
1342718 763080 5881
1342718 2357240 5881
1777602 763080 5881
1777602 2357240 5881
2357240 1342718 5881
2357240 1777602 5881
1155351 1447248 12557
1155351 1673072 12557
1447248 1155351 12557
1447248 1964969 12557
1673072 1155351 12557
1673072 1964969 12557
1964969 1447248 12557
1964969 1673072 12557
497313 1553906 341
497313 1566414 341
1553906 497313 341
1553906 2623007 341
1566414 497313 341
1566414 2623007 341
2623007 1553906 341
2623007 1566414 341
665868 1137834 19293
665868 1982486 19293
1137834 665868 19293
1137834 2454452 19293
1982486 665868 19293
1982486 2454452 19293
2454452 1137834 19293
2454452 1982486 19293
1246560 1553645 3859
1246560 1566675 3859
1553645 1246560 3859
1553645 1873760 3859
1566675 1246560 3859
1566675 1873760 3859
1873760 1553645 3859
1873760 1566675 3859
768310 893228 1516
768310 2227092 1516
893228 768310 1516
893228 2352010 1516
2227092 768310 1516
2227092 2352010 1516
2352010 893228 1516
2352010 2227092 1516
1402296 1554408 10771
1402296 1565912 10771
1554408 1402296 10771
1554408 1718024 10771
1565912 1402296 10771
1565912 1718024 10771
1718024 1554408 10771
1718024 1565912 10771
1386626 1559889 8586
1386626 1560431 8586
1559889 1386626 8586
1559889 1733694 8586
1560431 1386626 8586
1560431 1733694 8586
1733694 1559889 8586
1733694 1560431 8586
781109 985993 1805
781109 2134327 1805
985993 781109 1805
985993 2339211 1805
2134327 781109 1805
2134327 2339211 1805
2339211 985993 1805
2339211 2134327 1805
1110911 1553886 12508
1110911 1566434 12508
1553886 1110911 12508
1553886 2009409 12508
1566434 1110911 12508
1566434 2009409 12508
2009409 1553886 12508
2009409 1566434 12508
733808 1363096 187
733808 1757224 187
1363096 733808 187
1363096 2386512 187
1757224 733808 187
1757224 2386512 187
2386512 1363096 187
2386512 1757224 187
761775 1248377 1854
761775 1871943 1854
1248377 761775 1854
1248377 2358545 1854
1871943 761775 1854
1871943 2358545 1854
2358545 1248377 1854
2358545 1871943 1854
1057858 1560150 294
1057858 1560170 294
1560150 1057858 294
1560150 2062462 294
1560170 1057858 294
1560170 2062462 294
2062462 1560150 294
2062462 1560170 294
1263013 1402567 3013
1263013 1717753 3013
1402567 1263013 3013
1402567 1857307 3013
1717753 1263013 3013
1717753 1857307 3013
1857307 1402567 3013
1857307 1717753 3013
956460 1556496 1641
956460 1563824 1641
1556496 956460 1641
1556496 2163860 1641
1563824 956460 1641
1563824 2163860 1641
2163860 1556496 1641
2163860 1563824 1641
982339 1554408 10114
982339 1565912 10114
1554408 982339 10114
1554408 2137981 10114
1565912 982339 10114
1565912 2137981 10114
2137981 1554408 10114
2137981 1565912 10114
697218 1127906 6118
697218 1992414 6118
1127906 697218 6118
1127906 2423102 6118
1992414 697218 6118
1992414 2423102 6118
2423102 1127906 6118
2423102 1992414 6118
773279 1189060 22660
773279 1931260 22660
1189060 773279 22660
1189060 2347041 22660
1931260 773279 22660
1931260 2347041 22660
2347041 1189060 22660
2347041 1931260 22660
774835 1197422 9190
774835 1922898 9190
1197422 774835 9190
1197422 2345485 9190
1922898 774835 9190
1922898 2345485 9190
2345485 1197422 9190
2345485 1922898 9190
706383 1124503 13799
706383 1995817 13799
1124503 706383 13799
1124503 2413937 13799
1995817 706383 13799
1995817 2413937 13799
2413937 1124503 13799
2413937 1995817 13799
768300 1198717 6468
768300 1921603 6468
1198717 768300 6468
1198717 2352020 6468
1921603 768300 6468
1921603 2352020 6468
2352020 1198717 6468
2352020 1921603 6468
759416 1183308 6095
759416 1937012 6095
1183308 759416 6095
1183308 2360904 6095
1937012 759416 6095
1937012 2360904 6095
2360904 1183308 6095
2360904 1937012 6095
652808 1317120 6953
652808 1803200 6953
1317120 652808 6953
1317120 2467512 6953
1803200 652808 6953
1803200 2467512 6953
2467512 1317120 6953
2467512 1803200 6953
1063620 1560150 3569
1063620 1560170 3569
1560150 1063620 3569
1560150 2056700 3569
1560170 1063620 3569
1560170 2056700 3569
2056700 1560150 3569
2056700 1560170 3569
780587 783458 81280
780587 2336862 81280
783458 780587 81280
783458 2339733 81280
2336862 780587 81280
2336862 2339733 81280
2339733 783458 81280
2339733 2336862 81280
783458 1317632 6560
783458 1802688 6560
1317632 783458 6560
1317632 2336862 6560
1802688 783458 6560
1802688 2336862 6560
2336862 1317632 6560
2336862 1802688 6560
1165801 1557279 5517
1165801 1563041 5517
1557279 1165801 5517
1557279 1954519 5517
1563041 1165801 5517
1563041 1954519 5517
1954519 1557279 5517
1954519 1563041 5517
1149067 1560150 8526
1149067 1560170 8526
1560150 1149067 8526
1560150 1971253 8526
1560170 1149067 8526
1560170 1971253 8526
1971253 1560150 8526
1971253 1560170 8526
777716 1396815 8316
777716 1723505 8316
1396815 777716 8316
1396815 2342604 8316
1723505 777716 8316
1723505 2342604 8316
2342604 1396815 8316
2342604 1723505 8316
775879 1393944 205
775879 1726376 205
1393944 775879 205
1393944 2344441 205
1726376 775879 205
1726376 2344441 205
2344441 1393944 205
2344441 1726376 205
647839 1556235 25079
647839 1564085 25079
1556235 647839 25079
1556235 2472481 25079
1564085 647839 25079
1564085 2472481 25079
2472481 1556235 25079
2472481 1564085 25079
620133 1553906 12216
620133 1566414 12216
1553906 620133 12216
1553906 2500187 12216
1566414 620133 12216
1566414 2500187 12216
2500187 1553906 12216
2500187 1566414 12216
783458 1137051 4843
783458 1983269 4843
1137051 783458 4843
1137051 2336862 4843
1983269 783458 4843
1983269 2336862 4843
2336862 1137051 4843
2336862 1983269 4843
778238 1157178 6780
778238 1963142 6780
1157178 778238 6780
1157178 2342082 6780
1963142 778238 6780
1963142 2342082 6780
2342082 1157178 6780
2342082 1963142 6780
1524614 1560150 260
1524614 1560170 260
1560150 1524614 260
1560150 1595706 260
1560170 1524614 260
1560170 1595706 260
1595706 1560150 260
1595706 1560170 260
636335 1559648 1507
636335 1560672 1507
1559648 636335 1507
1559648 2483985 1507
1560672 636335 1507
1560672 2483985 1507
2483985 1559648 1507
2483985 1560672 1507
783458 854540 3393
783458 2265780 3393
854540 783458 3393
854540 2336862 3393
2265780 783458 3393
2265780 2336862 3393
2336862 854540 3393
2336862 2265780 3393
742170 783458 44005
742170 2336862 44005
783458 742170 44005
783458 2378150 44005
2336862 742170 44005
2336862 2378150 44005
2378150 783458 44005
2378150 2336862 44005
736960 1494288 4008
736960 1626032 4008
1494288 736960 4008
1494288 2383360 4008
1626032 736960 4008
1626032 2383360 4008
2383360 1494288 4008
2383360 1626032 4008
768842 1538728 2456
768842 1581592 2456
1538728 768842 2456
1538728 2351478 2456
1581592 768842 2456
1581592 2351478 2456
2351478 1538728 2456
2351478 1581592 2456
1547602 1557299 851
1547602 1563021 851
1557299 1547602 851
1557299 1572718 851
1563021 1547602 851
1563021 1572718 851
1572718 1557299 851
1572718 1563021 851
372656 1560150 2845
372656 1560170 2845
1560150 372656 2845
1560150 2747664 2845
1560170 372656 2845
1560170 2747664 2845
2747664 1560150 2845
2747664 1560170 2845
783458 1293851 10739
783458 1826469 10739
1293851 783458 10739
1293851 2336862 10739
1826469 783458 10739
1826469 2336862 10739
2336862 1293851 10739
2336862 1826469 10739
775357 837555 4471
775357 2282765 4471
837555 775357 4471
837555 2344963 4471
2282765 775357 4471
2282765 2344963 4471
2344963 837555 4471
2344963 2282765 4471
762819 1560150 2250
762819 1560170 2250
1560150 762819 2250
1560150 2357501 2250
1560170 762819 2250
1560170 2357501 2250
2357501 1560150 2250
2357501 1560170 2250
776150 807249 14675
776150 2313071 14675
807249 776150 14675
807249 2344170 14675
2313071 776150 14675
2313071 2344170 14675
2344170 807249 14675
2344170 2313071 14675
1467897 1560150 1435
1467897 1560170 1435
1560150 1467897 1435
1560150 1652423 1435
1560170 1467897 1435
1560170 1652423 1435
1652423 1560150 1435
1652423 1560170 1435
1204740 1555974 12328
1204740 1564346 12328
1555974 1204740 12328
1555974 1915580 12328
1564346 1204740 12328
1564346 1915580 12328
1915580 1555974 12328
1915580 1564346 12328
913867 1555191 2480
913867 1565129 2480
1555191 913867 2480
1555191 2206453 2480
1565129 913867 2480
1565129 2206453 2480
2206453 1555191 2480
2206453 1565129 2480
1262762 1555191 5751
1262762 1565129 5751
1555191 1262762 5751
1555191 1857558 5751
1565129 1262762 5751
1565129 1857558 5751
1857558 1555191 5751
1857558 1565129 5751
715518 1553906 23069
715518 1566414 23069
1553906 715518 23069
1553906 2404802 23069
1566414 715518 23069
1566414 2404802 23069
2404802 1553906 23069
2404802 1566414 23069
1029118 1341684 1410
1029118 1778636 1410
1341684 1029118 1410
1341684 2091202 1410
1778636 1029118 1410
1778636 2091202 1410
2091202 1341684 1410
2091202 1778636 1410
1052377 1375383 1820
1052377 1744937 1820
1375383 1052377 1820
1375383 2067943 1820
1744937 1052377 1820
1744937 2067943 1820
2067943 1375383 1820
2067943 1744937 1820
1219898 1555713 3978
1219898 1564607 3978
1555713 1219898 3978
1555713 1900422 3978
1564607 1219898 3978
1564607 1900422 3978
1900422 1555713 3978
1900422 1564607 3978
768300 1383484 8175
768300 1736836 8175
1383484 768300 8175
1383484 2352020 8175
1736836 768300 8175
1736836 2352020 8175
2352020 1383484 8175
2352020 1736836 8175
1133387 1448553 8141
1133387 1671767 8141
1448553 1133387 8141
1448553 1986933 8141
1671767 1133387 8141
1671767 1986933 8141
1986933 1448553 8141
1986933 1671767 8141
782675 1326265 5389
782675 1794055 5389
1326265 782675 5389
1326265 2337645 5389
1794055 782675 5389
1794055 2337645 5389
2337645 1326265 5389
2337645 1794055 5389
934526 1555191 2133
934526 1565129 2133
1555191 934526 2133
1555191 2185794 2133
1565129 934526 2133
1565129 2185794 2133
2185794 1555191 2133
2185794 1565129 2133
767778 1337498 5504
767778 1782822 5504
1337498 767778 5504
1337498 2352542 5504
1782822 767778 5504
1782822 2352542 5504
2352542 1337498 5504
2352542 1782822 5504
955426 1560150 1301
955426 1560170 1301
1560150 955426 1301
1560150 2164894 1301
1560170 955426 1301
1560170 2164894 1301
2164894 1560150 1301
2164894 1560170 1301
744780 1557801 40970
744780 1562519 40970
1557801 744780 40970
1557801 2375540 40970
1562519 744780 40970
1562519 2375540 40970
2375540 1557801 40970
2375540 1562519 40970
780848 1282869 12636
780848 1837451 12636
1282869 780848 12636
1282869 2339472 12636
1837451 780848 12636
1837451 2339472 12636
2339472 1282869 12636
2339472 1837451 12636
783458 1363618 14316
783458 1756702 14316
1363618 783458 14316
1363618 2336862 14316
1756702 783458 14316
1756702 2336862 14316
2336862 1363618 14316
2336862 1756702 14316
1223562 1558865 962
1223562 1561455 962
1558865 1223562 962
1558865 1896758 962
1561455 1223562 962
1561455 1896758 962
1896758 1558865 962
1896758 1561455 962
734079 1114836 9695
734079 2005484 9695
1114836 734079 9695
1114836 2386241 9695
2005484 734079 9695
2005484 2386241 9695
2386241 1114836 9695
2386241 2005484 9695
1050028 1560150 1747
1050028 1560170 1747
1560150 1050028 1747
1560150 2070292 1747
1560170 1050028 1747
1560170 2070292 1747
2070292 1560150 1747
2070292 1560170 1747
760460 1481218 3679
760460 1639102 3679
1481218 760460 3679
1481218 2359860 3679
1639102 760460 3679
1639102 2359860 3679
2359860 1481218 3679
2359860 1639102 3679
778760 1352124 5393
778760 1768196 5393
1352124 778760 5393
1352124 2341560 5393
1768196 778760 5393
1768196 2341560 5393
2341560 1352124 5393
2341560 1768196 5393
1015265 1554950 18688
1015265 1565370 18688
1554950 1015265 18688
1554950 2105055 18688
1565370 1015265 18688
1565370 2105055 18688
2105055 1554950 18688
2105055 1565370 18688
701414 1238981 139
701414 1881339 139
1238981 701414 139
1238981 2418906 139
1881339 701414 139
1881339 2418906 139
2418906 1238981 139
2418906 1881339 139
780848 1246560 8447
780848 1873760 8447
1246560 780848 8447
1246560 2339472 8447
1873760 780848 8447
1873760 2339472 8447
2339472 1246560 8447
2339472 1873760 8447
741648 1400218 335
741648 1720102 335
1400218 741648 335
1400218 2378672 335
1720102 741648 335
1720102 2378672 335
2378672 1400218 335
2378672 1720102 335
1234273 1556496 4092
1234273 1563824 4092
1556496 1234273 4092
1556496 1886047 4092
1563824 1234273 4092
1563824 1886047 4092
1886047 1556496 4092
1886047 1563824 4092
1104898 1553645 460
1104898 1566675 460
1553645 1104898 460
1553645 2015422 460
1566675 1104898 460
1566675 2015422 460
2015422 1553645 460
2015422 1566675 460
948891 1249692 5261
948891 1870628 5261
1249692 948891 5261
1249692 2171429 5261
1870628 948891 5261
1870628 2171429 5261
2171429 1249692 5261
2171429 1870628 5261
756023 1338010 157
756023 1782310 157
1338010 756023 157
1338010 2364297 157
1782310 756023 157
1782310 2364297 157
2364297 1338010 157
2364297 1782310 157
1277388 1560150 2691
1277388 1560170 2691
1560150 1277388 2691
1560150 1842932 2691
1560170 1277388 2691
1560170 1842932 2691
1842932 1560150 2691
1842932 1560170 2691
783197 1193246 11366
783197 1927074 11366
1193246 783197 11366
1193246 2337123 11366
1927074 783197 11366
1927074 2337123 11366
2337123 1193246 11366
2337123 1927074 11366
738787 1361791 589
738787 1758529 589
1361791 738787 589
1361791 2381533 589
1758529 738787 589
1758529 2381533 589
2381533 1361791 589
2381533 1758529 589
776411 1208394 4472
776411 1911926 4472
1208394 776411 4472
1208394 2343909 4472
1911926 776411 4472
1911926 2343909 4472
2343909 1208394 4472
2343909 1911926 4472
1164225 1448031 4933
1164225 1672289 4933
1448031 1164225 4933
1448031 1956095 4933
1672289 1164225 4933
1672289 1956095 4933
1956095 1448031 4933
1956095 1672289 4933
762036 1261447 3791
762036 1858873 3791
1261447 762036 3791
1261447 2358284 3791
1858873 762036 3791
1858873 2358284 3791
2358284 1261447 3791
2358284 1858873 3791
696184 1402828 123
696184 1717492 123
1402828 696184 123
1402828 2424136 123
1717492 696184 123
1717492 2424136 123
2424136 1402828 123
2424136 1717492 123
1151938 1554669 7578
1151938 1565651 7578
1554669 1151938 7578
1554669 1968382 7578
1565651 1151938 7578
1565651 1968382 7578
1968382 1554669 7578
1968382 1565651 7578
782153 1129743 4671
782153 1990577 4671
1129743 782153 4671
1129743 2338167 4671
1990577 782153 4671
1990577 2338167 4671
2338167 1129743 4671
2338167 1990577 4671
782936 1402818 5039
782936 1717502 5039
1402818 782936 5039
1402818 2337384 5039
1717502 782936 5039
1717502 2337384 5039
2337384 1402818 5039
2337384 1717502 5039
778238 1395500 621
778238 1724820 621
1395500 778238 621
1395500 2342082 621
1724820 778238 621
1724820 2342082 621
2342082 1395500 621
2342082 1724820 621
909430 1560150 930
909430 1560170 930
1560150 909430 930
1560150 2210890 930
1560170 909430 930
1560170 2210890 930
2210890 1560150 930
2210890 1560170 930
780326 1386877 2040
780326 1733443 2040
1386877 780326 2040
1386877 2339994 2040
1733443 780326 2040
1733443 2339994 2040
2339994 1386877 2040
2339994 1733443 2040
770930 780848 105443
770930 2339472 105443
780848 770930 105443
780848 2349390 105443
2339472 770930 105443
2339472 2349390 105443
2349390 780848 105443
2349390 2339472 105443
761263 1355778 904
761263 1764542 904
1355778 761263 904
1355778 2359057 904
1764542 761263 904
1764542 2359057 904
2359057 1355778 904
2359057 1764542 904
737994 780848 2915
737994 2339472 2915
780848 737994 2915
780848 2382326 2915
2339472 737994 2915
2339472 2382326 2915
2382326 780848 2915
2382326 2339472 2915
775879 1151948 93
775879 1968372 93
1151948 775879 93
1151948 2344441 93
1968372 775879 93
1968372 2344441 93
2344441 1151948 93
2344441 1968372 93
782936 1101244 7784
782936 2019076 7784
1101244 782936 7784
1101244 2337384 7784
2019076 782936 7784
2019076 2337384 7784
2337384 1101244 7784
2337384 2019076 7784
623004 1553886 3095
623004 1566434 3095
1553886 623004 3095
1553886 2497316 3095
1566434 623004 3095
1566434 2497316 3095
2497316 1553886 3095
2497316 1566434 3095
783458 1434700 19675
783458 1685620 19675
1434700 783458 19675
1434700 2336862 19675
1685620 783458 19675
1685620 2336862 19675
2336862 1434700 19675
2336862 1685620 19675
783197 1333844 6287
783197 1786476 6287
1333844 783197 6287
1333844 2337123 6287
1786476 783197 6287
1786476 2337123 6287
2337123 1333844 6287
2337123 1786476 6287
774062 1525397 8963
774062 1594923 8963
1525397 774062 8963
1525397 2346258 8963
1594923 774062 8963
1594923 2346258 8963
2346258 1525397 8963
2346258 1594923 8963
776672 1542382 4718
776672 1577938 4718
1542382 776672 4718
1542382 2343648 4718
1577938 776672 4718
1577938 2343648 4718
2343648 1542382 4718
2343648 1577938 4718
772225 1536108 704
772225 1584212 704
1536108 772225 704
1536108 2348095 704
1584212 772225 704
1584212 2348095 704
2348095 1536108 704
2348095 1584212 704
860563 1559889 3102
860563 1560431 3102
1559889 860563 3102
1559889 2259757 3102
1560431 860563 3102
1560431 2259757 3102
2259757 1559889 3102
2259757 1560431 3102
759687 1553645 8586
759687 1566675 8586
1553645 759687 8586
1553645 2360633 8586
1566675 759687 8586
1566675 2360633 8586
2360633 1553645 8586
2360633 1566675 8586
1018919 1330963 879
1018919 1789357 879
1330963 1018919 879
1330963 2101401 879
1789357 1018919 879
1789357 2101401 879
2101401 1330963 879
2101401 1789357 879
783458 1298027 2807
783458 1822293 2807
1298027 783458 2807
1298027 2336862 2807
1822293 783458 2807
1822293 2336862 2807
2336862 1298027 2807
2336862 1822293 2807
718911 1284435 187
718911 1835885 187
1284435 718911 187
1284435 2401409 187
1835885 718911 187
1835885 2401409 187
2401409 1284435 187
2401409 1835885 187
1024420 1323113 1201
1024420 1797207 1201
1323113 1024420 1201
1323113 2095900 1201
1797207 1024420 1201
1797207 2095900 1201
2095900 1323113 1201
2095900 1797207 1201
627200 1553645 44679
627200 1566675 44679
1553645 627200 44679
1553645 2493120 44679
1566675 627200 44679
1566675 2493120 44679
2493120 1553645 44679
2493120 1566675 44679
655147 1558323 9117
655147 1561997 9117
1558323 655147 9117
1558323 2465173 9117
1561997 655147 9117
1561997 2465173 9117
2465173 1558323 9117
2465173 1561997 9117
1450390 1555452 2349
1450390 1564868 2349
1555452 1450390 2349
1555452 1669930 2349
1564868 1450390 2349
1564868 1669930 2349
1669930 1555452 2349
1669930 1564868 2349
439040 1554669 4621
439040 1565651 4621
1554669 439040 4621
1554669 2681280 4621
1565651 439040 4621
1565651 2681280 4621
2681280 1554669 4621
2681280 1565651 4621
775889 801507 11303
775889 2318813 11303
801507 775889 11303
801507 2344431 11303
2318813 775889 11303
2318813 2344431 11303
2344431 801507 11303
2344431 2318813 11303
780587 819265 10978
780587 2301055 10978
819265 780587 10978
819265 2339733 10978
2301055 780587 10978
2301055 2339733 10978
2339733 819265 10978
2339733 2301055 10978
705600 1555452 12216
705600 1564868 12216
1555452 705600 12216
1555452 2414720 12216
1564868 705600 12216
1564868 2414720 12216
2414720 1555452 12216
2414720 1564868 12216
462028 1560150 5063
462028 1560170 5063
1560150 462028 5063
1560150 2658292 5063
1560170 462028 5063
1560170 2658292 5063
2658292 1560150 5063
2658292 1560170 5063
777716 848798 2317
777716 2271522 2317
848798 777716 2317
848798 2342604 2317
2271522 777716 2317
2271522 2342604 2317
2342604 848798 2317
2342604 2271522 2317
1029901 1560150 4558
1029901 1560170 4558
1560150 1029901 4558
1560150 2090419 4558
1560170 1029901 4558
1560170 2090419 4558
2090419 1560150 4558
2090419 1560170 4558
1135214 1553886 1110
1135214 1566434 1110
1553886 1135214 1110
1553886 1985106 1110
1566434 1135214 1110
1566434 1985106 1110
1985106 1553886 1110
1985106 1566434 1110
532317 1553645 9070
532317 1566675 9070
1553645 532317 9070
1553645 2588003 9070
1566675 532317 9070
1566675 2588003 9070
2588003 1553645 9070
2588003 1566675 9070
1524604 1558845 1966
1524604 1561475 1966
1558845 1524604 1966
1558845 1595716 1966
1561475 1524604 1966
1561475 1595716 1966
1595716 1558845 1966
1595716 1561475 1966
934777 1246550 2383
934777 1873770 2383
1246550 934777 2383
1246550 2185543 2383
1873770 934777 2383
1873770 2185543 2383
2185543 1246550 2383
2185543 1873770 2383
752640 1446465 2874
752640 1673855 2874
1446465 752640 2874
1446465 2367680 2874
1673855 752640 2874
1673855 2367680 2874
2367680 1446465 2874
2367680 1673855 2874
782936 1272429 12224
782936 1847891 12224
1272429 782936 12224
1272429 2337384 12224
1847891 782936 12224
1847891 2337384 12224
2337384 1272429 12224
2337384 1847891 12224
753152 1455620 1805
753152 1664700 1805
1455620 753152 1805
1455620 2367168 1805
1664700 753152 1805
1664700 2367168 1805
2367168 1455620 1805
2367168 1664700 1805
1035131 1333573 3249
1035131 1786747 3249
1333573 1035131 3249
1333573 2085189 3249
1786747 1035131 3249
1786747 2085189 3249
2085189 1333573 3249
2085189 1786747 3249
1080595 1555211 7332
1080595 1565109 7332
1555211 1080595 7332
1555211 2039725 7332
1565109 1080595 7332
1565109 2039725 7332
2039725 1555211 7332
2039725 1565109 7332
1107528 1560150 1202
1107528 1560170 1202
1560150 1107528 1202
1560150 2012792 1202
1560170 1107528 1202
1560170 2012792 1202
2012792 1560150 1202
2012792 1560170 1202
1293590 1558584 9828
1293590 1561736 9828
1558584 1293590 9828
1558584 1826730 9828
1561736 1293590 9828
1561736 1826730 9828
1826730 1558584 9828
1826730 1561736 9828
502533 1554689 5881
502533 1565631 5881
1554689 502533 5881
1554689 2617787 5881
1565631 502533 5881
1565631 2617787 5881
2617787 1554689 5881
2617787 1565631 5881
993321 1299593 808
993321 1820727 808
1299593 993321 808
1299593 2126999 808
1820727 993321 808
1820727 2126999 808
2126999 1299593 808
2126999 1820727 808
1434710 1560150 441
1434710 1560170 441
1560150 1434710 441
1560150 1685610 441
1560170 1434710 441
1560170 1685610 441
1685610 1560150 441
1685610 1560170 441
942105 1249953 14714
942105 1870367 14714
1249953 942105 14714
1249953 2178215 14714
1870367 942105 14714
1870367 2178215 14714
2178215 1249953 14714
2178215 1870367 14714
741909 1557299 16185
741909 1563021 16185
1557299 741909 16185
1557299 2378411 16185
1563021 741909 16185
1563021 2378411 16185
2378411 1557299 16185
2378411 1563021 16185
781892 1256739 8739
781892 1863581 8739
1256739 781892 8739
1256739 2338428 8739
1863581 781892 8739
1863581 2338428 8739
2338428 1256739 8739
2338428 1863581 8739
775096 1416420 6807
775096 1703900 6807
1416420 775096 6807
1416420 2345224 6807
1703900 775096 6807
1703900 2345224 6807
2345224 1416420 6807
2345224 1703900 6807
711603 1113280 3391
711603 2007040 3391
1113280 711603 3391
1113280 2408717 3391
2007040 711603 3391
2007040 2408717 3391
2408717 1113280 3391
2408717 2007040 3391
1150643 1446997 4078
1150643 1673323 4078
1446997 1150643 4078
1446997 1969677 4078
1673323 1150643 4078
1673323 1969677 4078
1969677 1446997 4078
1969677 1673323 4078
1389246 1560150 5253
1389246 1560170 5253
1560150 1389246 5253
1560150 1731074 5253
1560170 1389246 5253
1560170 1731074 5253
1731074 1560150 5253
1731074 1560170 5253
1223040 1557540 7970
1223040 1562780 7970
1557540 1223040 7970
1557540 1897280 7970
1562780 1223040 7970
1562780 1897280 7970
1897280 1557540 7970
1897280 1562780 7970
655679 1289414 5112
655679 1830906 5112
1289414 655679 5112
1289414 2464641 5112
1830906 655679 5112
1830906 2464641 5112
2464641 1289414 5112
2464641 1830906 5112
1175207 1461623 10687
1175207 1658697 10687
1461623 1175207 10687
1461623 1945113 10687
1658697 1175207 10687
1658697 1945113 10687
1945113 1461623 10687
1945113 1658697 10687
756284 1471561 4334
756284 1648759 4334
1471561 756284 4334
1471561 2364036 4334
1648759 756284 4334
1648759 2364036 4334
2364036 1471561 4334
2364036 1648759 4334
1143847 1453271 6336
1143847 1667049 6336
1453271 1143847 6336
1453271 1976473 6336
1667049 1143847 6336
1667049 1976473 6336
1976473 1453271 6336
1976473 1667049 6336
693574 1409353 763
693574 1710967 763
1409353 693574 763
1409353 2426746 763
1710967 693574 763
1710967 2426746 763
2426746 1409353 763
2426746 1710967 763
738255 1113270 8959
738255 2007050 8959
1113270 738255 8959
1113270 2382065 8959
2007050 738255 8959
2007050 2382065 8959
2382065 1113270 8959
2382065 2007050 8959
770930 1347948 6506
770930 1772372 6506
1347948 770930 6506
1347948 2349390 6506
1772372 770930 6506
1772372 2349390 6506
2349390 1347948 6506
2349390 1772372 6506
940800 1557540 4901
940800 1562780 4901
1557540 940800 4901
1557540 2179520 4901
1562780 940800 4901
1562780 2179520 4901
2179520 1557540 4901
2179520 1562780 4901
664553 1356039 16657
664553 1764281 16657
1356039 664553 16657
1356039 2455767 16657
1764281 664553 16657
1764281 2455767 16657
2455767 1356039 16657
2455767 1764281 16657
1197161 1447770 11155
1197161 1672550 11155
1447770 1197161 11155
1447770 1923159 11155
1672550 1197161 11155
1672550 1923159 11155
1923159 1447770 11155
1923159 1672550 11155
751576 1288370 998
751576 1831950 998
1288370 751576 998
1288370 2368744 998
1831950 751576 998
1831950 2368744 998
2368744 1288370 998
2368744 1831950 998
767256 1180959 3274
767256 1939361 3274
1180959 767256 3274
1180959 2353064 3274
1939361 767256 3274
1939361 2353064 3274
2353064 1180959 3274
2353064 1939361 3274
1371197 1553645 53102
1371197 1566675 53102
1553645 1371197 53102
1553645 1749123 53102
1566675 1371197 53102
1566675 1749123 53102
1749123 1553645 53102
1749123 1566675 53102
650188 1335149 1231
650188 1785171 1231
1335149 650188 1231
1335149 2470132 1231
1785171 650188 1231
1785171 2470132 1231
2470132 1335149 1231
2470132 1785171 1231
1168933 1446214 10741
1168933 1674106 10741
1446214 1168933 10741
1446214 1951387 10741
1674106 1168933 10741
1674106 1951387 10741
1951387 1446214 10741
1951387 1674106 10741
767266 970845 1227
767266 2149475 1227
970845 767266 1227
970845 2353054 1227
2149475 767266 1227
2149475 2353054 1227
2353054 970845 1227
2353054 2149475 1227
780065 1070145 29346
780065 2050175 29346
1070145 780065 29346
1070145 2340255 29346
2050175 780065 29346
2050175 2340255 29346
2340255 1070145 29346
2340255 2050175 29346
783458 1156134 5477
783458 1964186 5477
1156134 783458 5477
1156134 2336862 5477
1964186 783458 5477
1964186 2336862 5477
2336862 1156134 5477
2336862 1964186 5477
783458 1151938 8050
783458 1968382 8050
1151938 783458 8050
1151938 2336862 8050
1968382 783458 8050
1968382 2336862 8050
2336862 1151938 8050
2336862 1968382 8050
874667 1560150 3992
874667 1560170 3992
1560150 874667 3992
1560150 2245653 3992
1560170 874667 3992
1560170 2245653 3992
2245653 1560150 3992
2245653 1560170 3992
783458 1297515 1572
783458 1822805 1572
1297515 783458 1572
1297515 2336862 1572
1822805 783458 1572
1822805 2336862 1572
2336862 1297515 1572
2336862 1822805 1572
613086 1553645 13370
613086 1566675 13370
1553645 613086 13370
1553645 2507234 13370
1566675 613086 13370
1566675 2507234 13370
2507234 1553645 13370
2507234 1566675 13370
731208 779021 1168
731208 2341299 1168
779021 731208 1168
779021 2389112 1168
2341299 731208 1168
2341299 2389112 1168
2389112 779021 1168
2389112 2341299 1168
775367 775367 90218
775367 2344953 90218
2344953 775367 90218
2344953 2344953 90218
919880 1225379 7218
919880 1894941 7218
1225379 919880 7218
1225379 2200440 7218
1894941 919880 7218
1894941 2200440 7218
2200440 1225379 7218
2200440 1894941 7218
775879 1399174 2940
775879 1721146 2940
1399174 775879 2940
1399174 2344441 2940
1721146 775879 2940
1721146 2344441 2940
2344441 1399174 2940
2344441 1721146 2940
863695 1560150 1920
863695 1560170 1920
1560150 863695 1920
1560150 2256625 1920
1560170 863695 1920
1560170 2256625 1920
2256625 1560150 1920
2256625 1560170 1920
922239 1560150 466
922239 1560170 466
1560150 922239 466
1560150 2198081 466
1560170 922239 466
1560170 2198081 466
2198081 1560150 466
2198081 1560170 466
775106 804117 5477
775106 2316203 5477
804117 775106 5477
804117 2345214 5477
2316203 775106 5477
2316203 2345214 5477
2345214 804117 5477
2345214 2316203 5477
1547863 1558323 4986
1547863 1561997 4986
1558323 1547863 4986
1558323 1572457 4986
1561997 1547863 4986
1561997 1572457 4986
1572457 1558323 4986
1572457 1561997 4986
779543 1379298 10175
779543 1741022 10175
1379298 779543 10175
1379298 2340777 10175
1741022 779543 10175
1741022 2340777 10175
2340777 1379298 10175
2340777 1741022 10175
771191 1512588 4114
771191 1607732 4114
1512588 771191 4114
1512588 2349129 4114
1607732 771191 4114
1607732 2349129 4114
2349129 1512588 4114
2349129 1607732 4114
1212570 1558865 3949
1212570 1561455 3949
1558865 1212570 3949
1558865 1907750 3949
1561455 1212570 3949
1561455 1907750 3949
1907750 1558865 3949
1907750 1561455 3949
640511 1555191 5261
640511 1565129 5261
1555191 640511 5261
1555191 2479809 5261
1565129 640511 5261
1565129 2479809 5261
2479809 1555191 5261
2479809 1565129 5261
774584 1541338 18302
774584 1578982 18302
1541338 774584 18302
1541338 2345736 18302
1578982 774584 18302
1578982 2345736 18302
2345736 1541338 18302
2345736 1578982 18302
783197 840185 4671
783197 2280135 4671
840185 783197 4671
840185 2337123 4671
2280135 783197 4671
2280135 2337123 4671
2337123 840185 4671
2337123 2280135 4671
744258 1490373 3014
744258 1629947 3014
1490373 744258 3014
1490373 2376062 3014
1629947 744258 3014
1629947 2376062 3014
2376062 1490373 3014
2376062 1629947 3014
782675 1426870 13115
782675 1693450 13115
1426870 782675 13115
1426870 2337645 13115
1693450 782675 13115
1693450 2337645 13115
2337645 1426870 13115
2337645 1693450 13115
533100 1553645 17024
533100 1566675 17024
1553645 533100 17024
1553645 2587220 17024
1566675 533100 17024
1566675 2587220 17024
2587220 1553645 17024
2587220 1566675 17024
1513632 1560150 1857
1513632 1560170 1857
1560150 1513632 1857
1560150 1606688 1857
1560170 1513632 1857
1560170 1606688 1857
1606688 1560150 1857
1606688 1560170 1857
894533 1557018 4062
894533 1563302 4062
1557018 894533 4062
1557018 2225787 4062
1563302 894533 4062
1563302 2225787 4062
2225787 1557018 4062
2225787 1563302 4062
1017614 1340098 1345
1017614 1780222 1345
1340098 1017614 1345
1340098 2102706 1345
1780222 1017614 1345
1780222 2102706 1345
2102706 1340098 1345
2102706 1780222 1345
412639 1560150 9341
412639 1560170 9341
1560150 412639 9341
1560150 2707681 9341
1560170 412639 9341
1560170 2707681 9341
2707681 1560150 9341
2707681 1560170 9341
783458 1326004 5325
783458 1794316 5325
1326004 783458 5325
1326004 2336862 5325
1794316 783458 5325
1794316 2336862 5325
2336862 1326004 5325
2336862 1794316 5325
504882 1554689 9518
504882 1565631 9518
1554689 504882 9518
1554689 2615438 9518
1565631 504882 9518
1565631 2615438 9518
2615438 1554689 9518
2615438 1565631 9518
624048 779804 13284
624048 2340516 13284
779804 624048 13284
779804 2496272 13284
2340516 624048 13284
2340516 2496272 13284
2496272 779804 13284
2496272 2340516 13284
1489861 1553645 6107
1489861 1566675 6107
1553645 1489861 6107
1553645 1630459 6107
1566675 1489861 6107
1566675 1630459 6107
1630459 1553645 6107
1630459 1566675 6107
701926 1337749 2410
701926 1782571 2410
1337749 701926 2410
1337749 2418394 2410
1782571 701926 2410
1782571 2418394 2410
2418394 1337749 2410
2418394 1782571 2410
1091065 1553645 11751
1091065 1566675 11751
1553645 1091065 11751
1553645 2029255 11751
1566675 1091065 11751
1566675 2029255 11751
2029255 1553645 11751
2029255 1566675 11751
1230880 1559889 466
1230880 1560431 466
1559889 1230880 466
1559889 1889440 466
1560431 1230880 466
1560431 1889440 466
1889440 1559889 466
1889440 1560431 466
1230348 1560150 1592
1230348 1560170 1592
1560150 1230348 1592
1560150 1889972 1592
1560170 1230348 1592
1560170 1889972 1592
1889972 1560150 1592
1889972 1560170 1592
1435503 1560150 1207
1435503 1560170 1207
1560150 1435503 1207
1560150 1684817 1207
1560170 1435503 1207
1560170 1684817 1207
1684817 1560150 1207
1684817 1560170 1207
781109 1104376 1516
781109 2015944 1516
1104376 781109 1516
1104376 2339211 1516
2015944 781109 1516
2015944 2339211 1516
2339211 1104376 1516
2339211 2015944 1516
1007435 1556235 7480
1007435 1564085 7480
1556235 1007435 7480
1556235 2112885 7480
1564085 1007435 7480
1564085 2112885 7480
2112885 1556235 7480
2112885 1564085 7480
774313 1424250 5222
774313 1696070 5222
1424250 774313 5222
1424250 2346007 5222
1696070 774313 5222
1696070 2346007 5222
2346007 1424250 5222
2346007 1696070 5222
761253 1443072 3429
761253 1677248 3429
1443072 761253 3429
1443072 2359067 3429
1677248 761253 3429
1677248 2359067 3429
2359067 1443072 3429
2359067 1677248 3429
1113260 1553645 13488
1113260 1566675 13488
1553645 1113260 13488
1553645 2007060 13488
1566675 1113260 13488
1566675 2007060 13488
2007060 1553645 13488
2007060 1566675 13488
1150633 1473639 15
1150633 1646681 15
1473639 1150633 15
1473639 1969687 15
1646681 1150633 15
1646681 1969687 15
1969687 1473639 15
1969687 1646681 15
753152 1435232 5349
753152 1685088 5349
1435232 753152 5349
1435232 2367168 5349
1685088 753152 5349
1685088 2367168 5349
2367168 1435232 5349
2367168 1685088 5349
752640 1459013 8986
752640 1661307 8986
1459013 752640 8986
1459013 2367680 8986
1661307 752640 8986
1661307 2367680 8986
2367680 1459013 8986
2367680 1661307 8986
1053170 1555713 1877
1053170 1564607 1877
1555713 1053170 1877
1555713 2067150 1877
1564607 1053170 1877
1564607 2067150 1877
2067150 1555713 1877
2067150 1564607 1877
766212 1255183 966
766212 1865137 966
1255183 766212 966
1255183 2354108 966
1865137 766212 966
1865137 2354108 966
2354108 1255183 966
2354108 1865137 966
988352 1554930 91
988352 1565390 91
1554930 988352 91
1554930 2131968 91
1565390 988352 91
1565390 2131968 91
2131968 1554930 91
2131968 1565390 91
783458 1244462 2501
783458 1875858 2501
1244462 783458 2501
1244462 2336862 2501
1875858 783458 2501
1875858 2336862 2501
2336862 1244462 2501
2336862 1875858 2501
748966 1425565 5114
748966 1694755 5114
1425565 748966 5114
1425565 2371354 5114
1694755 748966 5114
1694755 2371354 5114
2371354 1425565 5114
2371354 1694755 5114
1079551 1556496 3724
1079551 1563824 3724
1556496 1079551 3724
1556496 2040769 3724
1563824 1079551 3724
1563824 2040769 3724
2040769 1556496 3724
2040769 1563824 3724
747139 1442540 8254
747139 1677780 8254
1442540 747139 8254
1442540 2373181 8254
1677780 747139 8254
1677780 2373181 8254
2373181 1442540 8254
2373181 1677780 8254
951501 1560150 2601
951501 1560170 2601
1560150 951501 2601
1560150 2168819 2601
1560170 951501 2601
1560170 2168819 2601
2168819 1560150 2601
2168819 1560170 2601
1265101 1401001 5234
1265101 1719319 5234
1401001 1265101 5234
1401001 1855219 5234
1719319 1265101 5234
1719319 1855219 5234
1855219 1401001 5234
1855219 1719319 5234
1246279 1405709 8507
1246279 1714611 8507
1405709 1246279 8507
1405709 1874041 8507
1714611 1246279 8507
1714611 1874041 8507
1874041 1405709 8507
1874041 1714611 8507
782936 1188799 18736
782936 1931521 18736
1188799 782936 18736
1188799 2337384 18736
1931521 782936 18736
1931521 2337384 18736
2337384 1188799 18736
2337384 1931521 18736
1182776 1453793 4908
1182776 1666527 4908
1453793 1182776 4908
1453793 1937544 4908
1666527 1182776 4908
1666527 1937544 4908
1937544 1453793 4908
1937544 1666527 4908
1296732 1560150 4958
1296732 1560170 4958
1560150 1296732 4958
1560150 1823588 4958
1560170 1296732 4958
1560170 1823588 4958
1823588 1560150 4958
1823588 1560170 4958
1188538 1451956 13407
1188538 1668364 13407
1451956 1188538 13407
1451956 1931782 13407
1668364 1188538 13407
1668364 1931782 13407
1931782 1451956 13407
1931782 1668364 13407
1235056 1421379 1269
1235056 1698941 1269
1421379 1235056 1269
1421379 1885264 1269
1698941 1235056 1269
1698941 1885264 1269
1885264 1421379 1269
1885264 1698941 1269
716823 1219627 2300
716823 1900693 2300
1219627 716823 2300
1219627 2403497 2300
1900693 716823 2300
1900693 2403497 2300
2403497 1219627 2300
2403497 1900693 2300
648090 1324960 6137
648090 1795360 6137
1324960 648090 6137
1324960 2472230 6137
1795360 648090 6137
1795360 2472230 6137
2472230 1324960 6137
2472230 1795360 6137
995148 1302213 3920
995148 1818107 3920
1302213 995148 3920
1302213 2125172 3920
1818107 995148 3920
1818107 2125172 3920
2125172 1302213 3920
2125172 1818107 3920
647046 1345338 4374
647046 1774982 4374
1345338 647046 4374
1345338 2473274 4374
1774982 647046 4374
1774982 2473274 4374
2473274 1345338 4374
2473274 1774982 4374
1362845 1560150 3026
1362845 1560170 3026
1560150 1362845 3026
1560150 1757475 3026
1560170 1362845 3026
1560170 1757475 3026
1757475 1560150 3026
1757475 1560170 3026
777977 1553645 21235
777977 1566675 21235
1553645 777977 21235
1553645 2342343 21235
1566675 777977 21235
1566675 2342343 21235
2342343 1553645 21235
2342343 1566675 21235
782153 1140966 8637
782153 1979354 8637
1140966 782153 8637
1140966 2338167 8637
1979354 782153 8637
1979354 2338167 8637
2338167 1140966 8637
2338167 1979354 8637
367938 1558604 4114
367938 1561716 4114
1558604 367938 4114
1558604 2752382 4114
1561716 367938 4114
1561716 2752382 4114
2752382 1558604 4114
2752382 1561716 4114
510905 783458 105603
510905 2336862 105603
783458 510905 105603
783458 2609415 105603
2336862 510905 105603
2336862 2609415 105603
2609415 783458 105603
2609415 2336862 105603
783458 921717 21896
783458 2198603 21896
921717 783458 21896
921717 2336862 21896
2198603 783458 21896
2198603 2336862 21896
2336862 921717 21896
2336862 2198603 21896
781631 842795 4167
781631 2277525 4167
842795 781631 4167
842795 2338689 4167
2277525 781631 4167
2277525 2338689 4167
2338689 842795 4167
2338689 2277525 4167
612564 1558584 9454
612564 1561736 9454
1558584 612564 9454
1558584 2507756 9454
1561736 612564 9454
1561736 2507756 9454
2507756 1558584 9454
2507756 1561736 9454
1550212 1559106 2350
1550212 1561214 2350
1559106 1550212 2350
1559106 1570108 2350
1561214 1550212 2350
1561214 1570108 2350
1570108 1559106 2350
1570108 1561214 2350
879124 1558062 1596
879124 1562258 1596
1558062 879124 1596
1558062 2241196 1596
1562258 879124 1596
1562258 2241196 1596
2241196 1558062 1596
2241196 1562258 1596
783458 1387680 15976
783458 1732640 15976
1387680 783458 15976
1387680 2336862 15976
1732640 783458 15976
1732640 2336862 15976
2336862 1387680 15976
2336862 1732640 15976
917802 1221986 932
917802 1898334 932
1221986 917802 932
1221986 2202518 932
1898334 917802 932
1898334 2202518 932
2202518 1221986 932
2202518 1898334 932
771191 781631 43260
771191 2338689 43260
781631 771191 43260
781631 2349129 43260
2338689 771191 43260
2338689 2349129 43260
2349129 781631 43260
2349129 2338689 43260
852984 1556235 1759
852984 1564085 1759
1556235 852984 1759
1556235 2267336 1759
1564085 852984 1759
1564085 2267336 1759
2267336 1556235 1759
2267336 1564085 1759
1543677 1557801 5233
1543677 1562519 5233
1557801 1543677 5233
1557801 1576643 5233
1562519 1543677 5233
1562519 1576643 5233
1576643 1557801 5233
1576643 1562519 5233
767778 1553645 21858
767778 1566675 21858
1553645 767778 21858
1553645 2352542 21858
1566675 767778 21858
1566675 2352542 21858
2352542 1553645 21858
2352542 1566675 21858
783458 1402306 5299
783458 1718014 5299
1402306 783458 5299
1402306 2336862 5299
1718014 783458 5299
1718014 2336862 5299
2336862 1402306 5299
2336862 1718014 5299
636074 1555713 5472
636074 1564607 5472
1555713 636074 5472
1555713 2484246 5472
1564607 636074 5472
1564607 2484246 5472
2484246 1555713 5472
2484246 1564607 5472
854560 1556255 3597
854560 1564065 3597
1556255 854560 3597
1556255 2265760 3597
1564065 854560 3597
1564065 2265760 3597
2265760 1556255 3597
2265760 1564065 3597
1459545 1560150 1441
1459545 1560170 1441
1560150 1459545 1441
1560150 1660775 1441
1560170 1459545 1441
1560170 1660775 1441
1660775 1560150 1441
1660775 1560170 1441
783458 1311629 7563
783458 1808691 7563
1311629 783458 7563
1311629 2336862 7563
1808691 783458 7563
1808691 2336862 7563
2336862 1311629 7563
2336862 1808691 7563
738516 780848 17634
738516 2339472 17634
780848 738516 17634
780848 2381804 17634
2339472 738516 17634
2339472 2381804 17634
2381804 780848 17634
2381804 2339472 17634
461496 1554147 8867
461496 1566173 8867
1554147 461496 8867
1554147 2658824 8867
1566173 461496 8867
1566173 2658824 8867
2658824 1554147 8867
2658824 1566173 8867
763863 1496125 5989
763863 1624195 5989
1496125 763863 5989
1496125 2356457 5989
1624195 763863 5989
1624195 2356457 5989
2356457 1496125 5989
2356457 1624195 5989
1457698 1558323 4201
1457698 1561997 4201
1558323 1457698 4201
1558323 1662622 4201
1561997 1457698 4201
1561997 1662622 4201
1662622 1558323 4201
1662622 1561997 4201
1026498 1324679 904
1026498 1795641 904
1324679 1026498 904
1324679 2093822 904
1795641 1026498 904
1795641 2093822 904
2093822 1324679 904
2093822 1795641 904
1533488 1558323 4522
1533488 1561997 4522
1558323 1533488 4522
1558323 1586832 4522
1561997 1533488 4522
1561997 1586832 4522
1586832 1558323 4522
1586832 1561997 4522
759938 1553645 11283
759938 1566675 11283
1553645 759938 11283
1553645 2360382 11283
1566675 759938 11283
1566675 2360382 11283
2360382 1553645 11283
2360382 1566675 11283
782936 1287838 8771
782936 1832482 8771
1287838 782936 8771
1287838 2337384 8771
1832482 782936 8771
1832482 2337384 8771
2337384 1287838 8771
2337384 1832482 8771
1527736 1555472 5828
1527736 1564848 5828
1555472 1527736 5828
1555472 1592584 5828
1564848 1527736 5828
1564848 1592584 5828
1592584 1555472 5828
1592584 1564848 5828
670054 1560150 10389
670054 1560170 10389
1560150 670054 10389
1560150 2450266 10389
1560170 670054 10389
1560170 2450266 10389
2450266 1560150 10389
2450266 1560170 10389
777977 1096546 12789
777977 2023774 12789
1096546 777977 12789
1096546 2342343 12789
2023774 777977 12789
2023774 2342343 12789
2342343 1096546 12789
2342343 2023774 12789
938180 1244201 5204
938180 1876119 5204
1244201 938180 5204
1244201 2182140 5204
1876119 938180 5204
1876119 2182140 5204
2182140 1244201 5204
2182140 1876119 5204
782936 1376949 7700
782936 1743371 7700
1376949 782936 7700
1376949 2337384 7700
1743371 782936 7700
1743371 2337384 7700
2337384 1376949 7700
2337384 1743371 7700
772225 1099166 11752
772225 2021154 11752
1099166 772225 11752
1099166 2348095 11752
2021154 772225 11752
2021154 2348095 11752
2348095 1099166 11752
2348095 2021154 11752
773791 837294 6750
773791 2283026 6750
837294 773791 6750
837294 2346529 6750
2283026 773791 6750
2283026 2346529 6750
2346529 837294 6750
2346529 2283026 6750
1495071 1554167 1883
1495071 1566153 1883
1554167 1495071 1883
1554167 1625249 1883
1566153 1495071 1883
1566153 1625249 1883
1625249 1554167 1883
1625249 1566153 1883
756545 1472344 3331
756545 1647976 3331
1472344 756545 3331
1472344 2363775 3331
1647976 756545 3331
1647976 2363775 3331
2363775 1472344 3331
2363775 1647976 3331
751315 1553645 13715
751315 1566675 13715
1553645 751315 13715
1553645 2369005 13715
1566675 751315 13715
1566675 2369005 13715
2369005 1553645 13715
2369005 1566675 13715
1287326 1560150 4504
1287326 1560170 4504
1560150 1287326 4504
1560150 1832994 4504
1560170 1287326 4504
1560170 1832994 4504
1832994 1560150 4504
1832994 1560170 4504
487636 1554408 10506
487636 1565912 10506
1554408 487636 10506
1554408 2632684 10506
1565912 487636 10506
1565912 2632684 10506
2632684 1554408 10506
2632684 1565912 10506
780587 1339054 2230
780587 1781266 2230
1339054 780587 2230
1339054 2339733 2230
1781266 780587 2230
1781266 2339733 2230
2339733 1339054 2230
2339733 1781266 2230
517159 1553906 47378
517159 1566414 47378
1553906 517159 47378
1553906 2603161 47378
1566414 517159 47378
1566414 2603161 47378
2603161 1553906 47378
2603161 1566414 47378
947847 1256478 6096
947847 1863842 6096
1256478 947847 6096
1256478 2172473 6096
1863842 947847 6096
1863842 2172473 6096
2172473 1256478 6096
2172473 1863842 6096
1040622 1553886 11722
1040622 1566434 11722
1553886 1040622 11722
1553886 2079698 11722
1566434 1040622 11722
1566434 2079698 11722
2079698 1553886 11722
2079698 1566434 11722
772747 1416681 5938
772747 1703639 5938
1416681 772747 5938
1416681 2347573 5938
1703639 772747 5938
1703639 2347573 5938
2347573 1416681 5938
2347573 1703639 5938
1254400 1553645 6444
1254400 1566675 6444
1553645 1254400 6444
1553645 1865920 6444
1566675 1254400 6444
1566675 1865920 6444
1865920 1553645 6444
1865920 1566675 6444
933211 1559889 2480
933211 1560431 2480
1559889 933211 2480
1559889 2187109 2480
1560431 933211 2480
1560431 2187109 2480
2187109 1559889 2480
2187109 1560431 2480
783458 1208926 42909
783458 1911394 42909
1208926 783458 42909
1208926 2336862 42909
1911394 783458 42909
1911394 2336862 42909
2336862 1208926 42909
2336862 1911394 42909
1011089 1559648 9487
1011089 1560672 9487
1559648 1011089 9487
1559648 2109231 9487
1560672 1011089 9487
1560672 2109231 9487
2109231 1559648 9487
2109231 1560672 9487
774052 1295939 932
774052 1824381 932
1295939 774052 932
1295939 2346268 932
1824381 774052 932
1824381 2346268 932
2346268 1295939 932
2346268 1824381 932
1101254 1554147 10310
1101254 1566173 10310
1554147 1101254 10310
1554147 2019066 10310
1566173 1101254 10310
1566173 2019066 10310
2019066 1554147 10310
2019066 1566173 10310
948630 1559889 3137
948630 1560431 3137
1559889 948630 3137
1559889 2171690 3137
1560431 948630 3137
1560431 2171690 3137
2171690 1559889 3137
2171690 1560431 3137
1044025 1556235 6713
1044025 1564085 6713
1556235 1044025 6713
1556235 2076295 6713
1564085 1044025 6713
1564085 2076295 6713
2076295 1556235 6713
2076295 1564085 6713
321420 1558323 562
321420 1561997 562
1558323 321420 562
1558323 2798900 562
1561997 321420 562
1561997 2798900 562
2798900 1558323 562
2798900 1561997 562
410812 1557801 11771
410812 1562519 11771
1557801 410812 11771
1557801 2709508 11771
1562519 410812 11771
1562519 2709508 11771
2709508 1557801 11771
2709508 1562519 11771
778238 995399 20140
778238 2124921 20140
995399 778238 20140
995399 2342082 20140
2124921 778238 20140
2124921 2342082 20140
2342082 995399 20140
2342082 2124921 20140
772486 1273473 8376
772486 1846847 8376
1273473 772486 8376
1273473 2347834 8376
1846847 772486 8376
1846847 2347834 8376
2347834 1273473 8376
2347834 1846847 8376
964571 1560150 1903
964571 1560170 1903
1560150 964571 1903
1560150 2155749 1903
1560170 964571 1903
1560170 2155749 1903
2155749 1560150 1903
2155749 1560170 1903
974509 1553886 8298
974509 1566434 8298
1553886 974509 8298
1553886 2145811 8298
1566434 974509 8298
1566434 2145811 8298
2145811 1553886 8298
2145811 1566434 8298
773801 1226684 1304
773801 1893636 1304
1226684 773801 1304
1226684 2346519 1304
1893636 773801 1304
1893636 2346519 1304
2346519 1226684 1304
2346519 1893636 1304
655157 1337498 4867
655157 1782822 4867
1337498 655157 4867
1337498 2465163 4867
1782822 655157 4867
1782822 2465163 4867
2465163 1337498 4867
2465163 1782822 4867
1302745 1560150 9897
1302745 1560170 9897
1560150 1302745 9897
1560150 1817575 9897
1560170 1302745 9897
1560170 1817575 9897
1817575 1560150 9897
1817575 1560170 9897
732513 1553645 11303
732513 1566675 11303
1553645 732513 11303
1553645 2387807 11303
1566675 732513 11303
1566675 2387807 11303
2387807 1553645 11303
2387807 1566675 11303
715789 1410397 2020
715789 1709923 2020
1410397 715789 2020
1410397 2404531 2020
1709923 715789 2020
1709923 2404531 2020
2404531 1410397 2020
2404531 1709923 2020
656201 1286533 2854
656201 1833787 2854
1286533 656201 2854
1286533 2464119 2854
1833787 656201 2854
1833787 2464119 2854
2464119 1286533 2854
2464119 1833787 2854
661682 1139139 5923
661682 1981181 5923
1139139 661682 5923
1139139 2458638 5923
1981181 661682 5923
1981181 2458638 5923
2458638 1139139 5923
2458638 1981181 5923
728327 1269016 41
728327 1851304 41
1269016 728327 41
1269016 2391993 41
1851304 728327 41
1851304 2391993 41
2391993 1269016 41
2391993 1851304 41
734852 1196900 3478
734852 1923420 3478
1196900 734852 3478
1196900 2385468 3478
1923420 734852 3478
1923420 2385468 3478
2385468 1196900 3478
2385468 1923420 3478
1162930 1450380 1568
1162930 1669940 1568
1450380 1162930 1568
1450380 1957390 1568
1669940 1162930 1568
1669940 1957390 1568
1957390 1450380 1568
1957390 1669940 1568
662736 1361018 14881
662736 1759302 14881
1361018 662736 14881
1361018 2457584 14881
1759302 662736 14881
1759302 2457584 14881
2457584 1361018 14881
2457584 1759302 14881
region corner 1 1
lambda -2475135
k 2
